alpha,K,layers,hidden_channels,out_channels,norm,dropout,margin,lpl_weight,ratio,seed,aggregation,pos_weight,accuracy,f1,recall,precision
0.984353358740762,20,1,128,64,graphnorm,0.2174539915632209,0.4567332746507442,0.7284651989729579,0.17401610157716668,1,sum,1,0.9179440937781785,0.8089573128061581,0.8245363766048502,0.7939560439560439
0.984353358740762,20,1,128,64,graphnorm,0.2174539915632209,0.4567332746507442,0.7284651989729579,0.17401610157716668,2,sum,1,0.9323715058611362,0.8432055749128919,0.8630527817403709,0.8242506811989101
0.984353358740762,20,1,128,64,graphnorm,0.2174539915632209,0.4567332746507442,0.7284651989729579,0.17401610157716668,3,sum,1,0.931770363691013,0.8395759717314487,0.8473609129814551,0.8319327731092437
0.984353358740762,20,1,128,64,graphnorm,0.2174539915632209,0.4567332746507442,0.7284651989729579,0.17401610157716668,4,sum,1,0.9287646528403968,0.8332160450387052,0.8445078459343794,0.8222222222222222
0.984353358740762,20,1,128,64,graphnorm,0.2174539915632209,0.4567332746507442,0.7284651989729579,0.17401610157716668,5,sum,1,0.9227532311391644,0.8191414496833216,0.8302425106990015,0.8083333333333333
