alpha,K,layers,hidden_channels,out_channels,norm,dropout,margin,lpl_weight,ratio,seed,aggregation,pos_weight,accuracy,f1,recall,precision
0.5,20,1,256,256,,0,0.5,0.9884841242317611,0.20380437854616804,1,mean,1,0.9266606552449654,0.8317241379310345,0.8601997146932953,0.8050734312416555
0.5,20,1,256,256,,0,0.5,0.9884841242317611,0.20380437854616804,2,mean,1,0.9242560865644724,0.8225352112676056,0.833095577746077,0.8122392211404729
0.5,20,1,256,256,,0,0.5,0.9884841242317611,0.20380437854616804,3,mean,1,0.9272617974150886,0.8290960451977402,0.8373751783166904,0.820979020979021
0.5,20,1,256,256,,0,0.5,0.9884841242317611,0.20380437854616804,4,mean,1,0.9236549443943493,0.8193456614509246,0.8216833095577746,0.8170212765957446
0.5,20,1,256,256,,0,0.5,0.9884841242317611,0.20380437854616804,5,mean,1,0.9278629395852119,0.8290598290598291,0.8302425106990015,0.8278805120910384
