alpha,K,layers,hidden_channels,out_channels,norm,dropout,margin,lpl_weight,ratio,seed,aggregation,pos_weight,accuracy,f1,recall,precision
0.4220126585933503,15,2,32,256,,0.2154508141850084,0.3304684209054253,0.6862279151576424,0.04842694747783541,1,sum,1,0.9023143973549744,0.7171453437771975,0.5877318116975749,0.9196428571428571
0.4220126585933503,15,2,32,256,,0.2154508141850084,0.3304684209054253,0.6862279151576424,0.04842694747783541,2,sum,1,0.912834385332131,0.7460595446584939,0.6077032810271041,0.9659863945578231
0.4220126585933503,15,2,32,256,,0.2154508141850084,0.3304684209054253,0.6862279151576424,0.04842694747783541,3,sum,1,0.907424105801022,0.7302977232924693,0.5948644793152639,0.9455782312925171
0.4220126585933503,15,2,32,256,,0.2154508141850084,0.3304684209054253,0.6862279151576424,0.04842694747783541,4,sum,1,0.9095281033964533,0.738488271068636,0.6062767475035663,0.9444444444444444
0.4220126585933503,15,2,32,256,,0.2154508141850084,0.3304684209054253,0.6862279151576424,0.04842694747783541,5,sum,1,0.9053201082055906,0.7277441659464131,0.6005706134094151,0.9232456140350878
