K,layers,hidden_channels,out_channels,norm,lr,treatment,dropout,ratio,seed,aggregation,model_type,batch_size,rate_pairs,reliable_mini_batch,clusters,pos_weight,accuracy,f1,recall,precision,losses
4,1,256,256,,0.0036627573321047686,relabeling,0,0.13289126329946335,654,sum,GINConv,15,7,True,400,0.2573793573701147,0.8860835587616471,0.7398764584763212,0.7689015691868759,0.7129629629629629,"[7.779914140701294, 7.3043616488575935, 6.933543562889099, 6.662945538759232, 6.323247998952866, 5.741260588169098, 5.492210328578949, 4.992130890488625, 4.907317265868187, 4.584660574793816, 4.3125597313046455, 4.220379218459129, 3.882924810051918, 3.6414115503430367, 3.501108355820179, 3.2033259198069572, 3.205237179994583, 2.876478675752878, 2.7075204625725746, 2.5935963839292526, 2.491265531629324, 2.4026926681399345, 2.195801191031933, 2.1075137332081795, 2.0534027256071568, 1.8979843966662884, 1.803327988833189, 1.6933739222586155, 1.6476222798228264, 1.6062993053346872, 1.4995717406272888, 1.4510851334780455, 1.4034761022776365, 1.3239586520940065, 1.2807095143944025, 1.1987087428569794, 1.17490747384727, 1.1044706534594297, 1.0669666957110167, 1.0354409776628017, 1.0168886575847864, 0.957441158592701, 0.909836346283555, 0.8932122010737658, 0.8456609360873699, 0.847109517082572, 0.794555401429534, 0.7834384869784117, 0.7708662068471313, 0.7374111963436007]"
