alpha,K,layers,hidden_channels,out_channels,norm,dropout,margin,lpl_weight,ratio,seed,aggregation,pos_weight,accuracy,f1,recall,precision
0.6019084772948974,18,1,256,128,,0.33242623594038445,0.7637440030098777,0.2943611462751318,0.22566988588611683,1,sum,1,0.90892696122633,0.7870695713281799,0.7988587731811697,0.775623268698061
0.6019084772948974,18,1,256,128,,0.33242623594038445,0.7637440030098777,0.2943611462751318,0.22566988588611683,2,sum,1,0.9065223925458371,0.791134989926125,0.8402282453637661,0.7474619289340102
0.6019084772948974,18,1,256,128,,0.33242623594038445,0.7637440030098777,0.2943611462751318,0.22566988588611683,3,sum,1,0.9062218214607755,0.7824267782426778,0.8002853067047075,0.7653478854024557
0.6019084772948974,18,1,256,128,,0.33242623594038445,0.7637440030098777,0.2943611462751318,0.22566988588611683,4,sum,1,0.9119326720769462,0.8013559322033899,0.8430813124108416,0.7635658914728682
0.6019084772948974,18,1,256,128,,0.33242623594038445,0.7637440030098777,0.2943611462751318,0.22566988588611683,5,sum,1,0.9020138262699129,0.7776261937244202,0.8131241084165478,0.7450980392156863
