alpha,K,layers,hidden_channels,out_channels,norm,dropout,margin,lpl_weight,ratio,seed,aggregation,pos_weight,accuracy,f1,recall,precision
0.5,13,2,256,256,,0,0.5,0.5,0.20453319502133652,1,sum,1,0.9194469492034866,0.8071942446043165,0.8002853067047075,0.8142235123367199
0.5,13,2,256,256,,0,0.5,0.5,0.20453319502133652,2,sum,1,0.9296663660955816,0.8383977900552486,0.8659058487874465,0.8125836680053548
0.5,13,2,256,256,,0,0.5,0.5,0.20453319502133652,3,sum,1,0.9272617974150886,0.8293370944992948,0.8388017118402282,0.8200836820083682
0.5,13,2,256,256,,0,0.5,0.5,0.20453319502133652,4,sum,1,0.9218515178839796,0.8142857142857143,0.8131241084165478,0.8154506437768241
0.5,13,2,256,256,,0,0.5,0.5,0.20453319502133652,5,sum,1,0.9284640817553351,0.8309659090909091,0.8345221112696148,0.8274398868458275
