alpha,K,layers,hidden_channels,out_channels,norm,dropout,margin,lpl_weight,ratio,seed,aggregation,pos_weight,accuracy,f1,recall,precision
0.9857171118741026,17,1,128,256,,0.0013477883038438693,0.8245247159359701,0.3109401699090323,0.17622564864200935,1,sum,1,0.9224526600541028,0.8157142857142857,0.8145506419400856,0.8168812589413448
0.9857171118741026,17,1,128,256,,0.0013477883038438693,0.8245247159359701,0.3109401699090323,0.17622564864200935,2,sum,1,0.9254583709047189,0.8236130867709816,0.8259629101283881,0.8212765957446808
0.9857171118741026,17,1,128,256,,0.0013477883038438693,0.8245247159359701,0.3109401699090323,0.17622564864200935,3,sum,1,0.9245566576495341,0.8203292770221904,0.8174037089871612,0.8232758620689655
0.9857171118741026,17,1,128,256,,0.0013477883038438693,0.8245247159359701,0.3109401699090323,0.17622564864200935,4,sum,1,0.9257589419897806,0.8229390681003584,0.818830242510699,0.8270893371757925
0.9857171118741026,17,1,128,256,,0.0013477883038438693,0.8245247159359701,0.3109401699090323,0.17622564864200935,5,sum,1,0.916741809437932,0.8036853295535081,0.8088445078459344,0.7985915492957747
