alpha,K,layers,hidden_channels,out_channels,norm,dropout,margin,lpl_weight,ratio,seed,aggregation,pos_weight,accuracy,f1,recall,precision
0.5,21,1,256,128,,0.39975940098715657,0.5,0.6320469554313827,0.2518347715206459,1,sum,1,0.9227532311391644,0.8257627118644068,0.8687589158345221,0.7868217054263565
0.5,21,1,256,128,,0.39975940098715657,0.5,0.6320469554313827,0.2518347715206459,2,sum,1,0.9182446648632402,0.8224543080939948,0.8987161198288159,0.7581227436823105
0.5,21,1,256,128,,0.39975940098715657,0.5,0.6320469554313827,0.2518347715206459,3,sum,1,0.9260595130748422,0.836436170212766,0.8972895863052782,0.7833125778331258
0.5,21,1,256,128,,0.39975940098715657,0.5,0.6320469554313827,0.2518347715206459,4,sum,1,0.9305680793507665,0.8427501701837985,0.8830242510699001,0.8059895833333334
0.5,21,1,256,128,,0.39975940098715657,0.5,0.6320469554313827,0.2518347715206459,5,sum,1,0.9221520889690412,0.8260577568838147,0.8773181169757489,0.7804568527918782
