K,layers,hidden_channels,out_channels,norm,lr,treatment,dropout,ratio,seed,aggregation,model_type,batch_size,rate_pairs,clusters,sampling,sampling_k,num_epochs,anomaly_detector,accuracy,f1,recall,precision,losses
7,1,256,256,,0.0032642586621761446,removal,0,0.14413186871983666,654,mean,GCNConv,256,1,50,nearest_neighbors,75,100,nearest_neighbors,0.9353772167117523,0.8422597212032281,0.818830242510699,0.8670694864048338,"[27.692746996879578, 27.023442149162292, 26.027716398239136, 25.861078143119812, 25.328073263168335, 24.609102487564087, 23.856632590293884, 23.40412986278534, 22.55079758167267, 22.24384295940399, 21.060578107833862, 21.159105896949768, 20.575770258903503, 19.935094952583313, 19.263102650642395, 18.824617981910706, 17.998363971710205, 17.920863270759583, 17.081044673919678, 16.646000504493713, 16.223565578460693, 15.701810359954834, 15.49137282371521, 15.019390344619751, 14.633726119995117, 14.070826649665833, 13.88628077507019, 13.355467736721039, 13.050002813339233, 12.582489430904388, 12.34935611486435, 11.95770913362503, 11.59949004650116, 11.466342747211456, 11.073522567749023, 10.90562492609024, 10.488862574100494, 10.249060094356537, 10.11719822883606, 9.7585089802742, 9.474545776844025, 9.088898360729218, 9.05274224281311, 8.762714505195618, 8.597744762897491, 8.361455380916595, 8.255167424678802, 8.005223572254181, 7.789100885391235, 7.575744926929474, 7.456948637962341, 7.24295037984848, 7.105741173028946, 6.966435015201569, 6.806859791278839, 6.581613719463348, 6.4319745898246765, 6.299106419086456, 6.133948057889938, 6.042846292257309, 5.936892062425613, 5.747568905353546, 5.662850558757782, 5.612882196903229, 5.484083890914917, 5.36785426735878, 5.213721364736557, 5.124005973339081, 5.061290204524994, 4.941463202238083, 4.889736115932465, 4.765450656414032, 4.69009193778038, 4.601942926645279, 4.47491979598999, 4.4155658185482025, 4.2730653285980225, 4.21747750043869, 4.152941435575485, 4.080109536647797, 4.0041327476501465, 3.9590363204479218, 3.865785837173462, 3.8223465383052826, 3.718964695930481, 3.6732456386089325, 3.6050228774547577, 3.522416591644287, 3.4882237911224365, 3.42812779545784, 3.3695851266384125, 3.364199236035347, 3.2595180720090866, 3.1951113641262054, 3.1600240617990494, 3.129114806652069, 3.076405420899391, 3.0292075276374817, 2.9632153809070587, 2.907730832695961]"
