K,layers,hidden_channels,out_channels,norm,lr,treatment,dropout,ratio,seed,aggregation,model_type,batch_size,rate_pairs,clusters,sampling,num_epochs,anomaly_detector,accuracy,f1,recall,precision,losses,test_accuracy,test_f1,test_recall,test_precision
14,1,256,64,,0.005,removal,0,0.15296885687829492,654,mean,GATConv,1024,10,50,sage,50,nearest_neighbors,nan,0.0,0.0,0.0,"[9.901114463806152, 9.885927200317383, 10.20097017288208, 9.896715641021729, 10.006200551986694, 9.587877035140991, 10.176815032958984, 9.954877376556396, 9.808486461639404, 9.950283765792847, 9.812657833099365, 9.680172681808472, 9.800296545028687, 9.572410345077515, 9.058440923690796, 9.562261819839478, 9.495455503463745, 9.136911392211914, 9.588948965072632, 9.31232476234436, 8.920578002929688, 9.043004274368286, 8.849369049072266, 8.870333075523376, 9.191271543502808, 8.634216785430908, 9.048205375671387, 8.979501485824585, 8.875598907470703, 9.010039567947388, 8.598778247833252, 8.504077434539795, 8.791980504989624, 8.432741641998291, 8.585958003997803, 8.116267561912537, 8.175355553627014, 8.172401905059814, 8.62403130531311, 8.525477290153503, 8.182723641395569, 8.159076571464539, 7.75505006313324, 7.946484208106995, 7.845559120178223, 7.767076373100281, 7.756949782371521, 7.577667713165283, 7.954544425010681, 7.844992280006409]",0.9267719180382936,0.6963788300835655,0.7122507122507122,0.6811989100817438
