alpha,K,layers,hidden_channels,out_channels,norm,dropout,margin,lpl_weight,ratio,seed,aggregation,pos_weight,accuracy,f1,recall,precision
0.5,20,2,256,128,,0,0.5,0.5,0.08948105383664129,1,mean,1,0.8905921250375713,0.723823975720789,0.6804564907275321,0.773095623987034
0.5,20,2,256,128,,0,0.5,0.5,0.08948105383664129,2,mean,1,0.9002103997595431,0.7481031866464339,0.703281027104137,0.7990275526742301
0.5,20,2,256,128,,0,0.5,0.5,0.08948105383664129,3,mean,1,0.8990081154192967,0.7450682852807283,0.7004279600570613,0.7957860615883307
0.5,20,2,256,128,,0,0.5,0.5,0.08948105383664129,4,mean,1,0.8905921250375713,0.723823975720789,0.6804564907275321,0.773095623987034
0.5,20,2,256,128,,0,0.5,0.5,0.08948105383664129,5,mean,1,0.8917944093778178,0.7268588770864947,0.6833095577746077,0.7763371150729336
