K,layers,hidden_channels,out_channels,norm,lr,treatment,dropout,ratio,seed,aggregation,model_type,batch_size,rate_pairs,reliable_mini_batch,clusters,pos_weight,accuracy,f1,recall,precision,losses
7,3,128,64,,0.006498103354361038,relabeling,0,0.15706116243804463,654,mean,GeniePathLazy,10,9,True,200,0.268439485211395,0.8277727682596934,0.6227781435154707,0.6747503566333809,0.578239608801956,"[5.94493180513382, 5.950304791331291, 5.4839460998773575, 5.1629448384046555, 4.941589802503586, 4.679325312376022, 4.3891443610191345, 4.184212297201157, 3.8415403813123703, 3.5470884069800377, 3.3021716624498367, 3.025436855852604, 2.827987290918827, 2.674125887453556, 2.4700934812426567, 2.2064913138747215, 2.0259555839002132, 1.891968347132206, 1.789856057614088, 1.615436989814043, 1.5253101028501987, 1.4022292979061604, 1.319694735109806, 1.2489713467657566, 1.1390675529837608, 1.0734492242336273, 1.0011540241539478, 0.9480370823293924, 0.9287360981106758, 0.8484454043209553, 0.8002551067620516, 0.7479495741426945, 0.7317941263318062, 0.6864595767110586, 0.6508238706737757, 0.6181108485907316, 0.5977399973198771, 0.566025298088789, 0.5382280796766281, 0.5271861888468266, 0.5104365162551403, 0.4785459702834487, 0.4616498677060008, 0.4419806953519583, 0.4239876717329025, 0.41806586273014545, 0.3970214333385229, 0.39199634175747633, 0.3673158036544919, 0.34843656048178673]"
