alpha,K,layers,hidden_channels,out_channels,norm,dropout,margin,lpl_weight,ratio,seed,aggregation,pos_weight,accuracy,f1,recall,precision
0.2318514316661805,17,2,128,128,graphnorm,0.22558571402628702,0.6590671831356639,0.17702594903919255,0.10041053438605778,1,sum,1,0.9302675082657048,0.8281481481481482,0.797432239657632,0.8613251155624037
0.2318514316661805,17,2,128,128,graphnorm,0.22558571402628702,0.6590671831356639,0.17702594903919255,0.10041053438605778,2,sum,1,0.9302675082657048,0.8281481481481482,0.797432239657632,0.8613251155624037
0.2318514316661805,17,2,128,128,graphnorm,0.22558571402628702,0.6590671831356639,0.17702594903919255,0.10041053438605778,3,sum,1,0.9290652239254583,0.8251851851851851,0.7945791726105563,0.8582434514637904
0.2318514316661805,17,2,128,128,graphnorm,0.22558571402628702,0.6590671831356639,0.17702594903919255,0.10041053438605778,4,sum,1,0.9314697926059513,0.8311111111111111,0.8002853067047075,0.864406779661017
0.2318514316661805,17,2,128,128,graphnorm,0.22558571402628702,0.6590671831356639,0.17702594903919255,0.10041053438605778,5,sum,1,0.9260595130748422,0.8177777777777778,0.7874465049928673,0.8505392912172574
