alpha,K,layers,hidden_channels,out_channels,norm,dropout,margin,lpl_weight,ratio,seed,aggregation,pos_weight,accuracy,f1,recall,precision
0.9126399033908305,18,1,128,256,graphnorm,0.08023807998012131,0.5316058353697707,0.20557801522375085,0.13554200965736507,1,sum,1,0.9305680793507665,0.8332129963898917,0.8231098430813124,0.8435672514619883
0.9126399033908305,18,1,128,256,graphnorm,0.08023807998012131,0.5316058353697707,0.20557801522375085,0.13554200965736507,2,sum,1,0.937180643222122,0.8493150684931506,0.8402282453637661,0.858600583090379
0.9126399033908305,18,1,128,256,graphnorm,0.08023807998012131,0.5316058353697707,0.20557801522375085,0.13554200965736507,3,sum,1,0.9404869251577999,0.8558951965065502,0.8388017118402282,0.8736998514115899
0.9126399033908305,18,1,128,256,graphnorm,0.08023807998012131,0.5316058353697707,0.20557801522375085,0.13554200965736507,4,sum,1,0.9335737902013826,0.8390386016023307,0.8216833095577746,0.8571428571428571
0.9126399033908305,18,1,128,256,graphnorm,0.08023807998012131,0.5316058353697707,0.20557801522375085,0.13554200965736507,5,sum,1,0.9278629395852119,0.8248175182481752,0.8059914407988588,0.8445440956651719
