alpha,K,layers,hidden_channels,out_channels,norm,dropout,margin,lpl_weight,ratio,seed,aggregation,pos_weight,accuracy,f1,recall,precision
0.9182761035631921,18,1,256,128,,0.3347416072310361,0.5054059440630055,0.285749507992912,0.12142664555195212,1,sum,1,0.9374812143071837,0.8450074515648286,0.8088445078459344,0.8845553822152886
0.9182761035631921,18,1,256,128,,0.3347416072310361,0.5054059440630055,0.285749507992912,0.12142664555195212,2,sum,1,0.9404869251577999,0.8539823008849557,0.8259629101283881,0.8839694656488549
0.9182761035631921,18,1,256,128,,0.3347416072310361,0.5054059440630055,0.285749507992912,0.12142664555195212,3,sum,1,0.9413886384129847,0.8554484803558191,0.8231098430813124,0.8904320987654321
0.9182761035631921,18,1,256,128,,0.3347416072310361,0.5054059440630055,0.285749507992912,0.12142664555195212,4,sum,1,0.9440937781785392,0.8605697151424287,0.818830242510699,0.9067930489731437
0.9182761035631921,18,1,256,128,,0.3347416072310361,0.5054059440630055,0.285749507992912,0.12142664555195212,5,sum,1,0.9383829275623685,0.8475836431226765,0.8131241084165478,0.8850931677018633
