K,layers,hidden_channels,out_channels,norm,lr,treatment,dropout,ratio,seed,aggregation,model_type,batch_size,rate_pairs,clusters,sampling,num_epochs,anomaly_detector,accuracy,f1,recall,precision,losses,test_accuracy,test_f1,test_recall,test_precision
16,3,128,128,,0.005,removal,0,0.2981395865226837,654,mean,GATConv,2048,10,50,sage,100,nearest_neighbors,nan,0.0,0.0,0.0,"[2.648497462272644, 2.501407265663147, 2.4211448431015015, 2.3749407529830933, 2.379661798477173, 2.4301722049713135, 2.5089210271835327, 2.4768712520599365, 2.446396827697754, 2.440658450126648, 2.3987866640090942, 2.457300543785095, 2.5236603021621704, 2.436316728591919, 2.4212363958358765, 2.341112732887268, 2.400032877922058, 2.38150691986084, 2.4191231727600098, 2.3621463775634766, 2.3764922618865967, 2.332228899002075, 2.4276561737060547, 2.385504961013794, 2.3122057914733887, 2.3019917011260986, 2.3731563091278076, 2.338915467262268, 2.2932190895080566, 2.311573624610901, 2.3116097450256348, 2.3164833784103394, 2.304740786552429, 2.33587384223938, 2.3384225368499756, 2.246883988380432, 2.294842839241028, 2.3196938037872314, 2.2886598110198975, 2.3381106853485107, 2.2593119144439697, 2.2588865756988525, 2.254722833633423, 2.2679660320281982, 2.241275191307068, 2.133133292198181, 2.2469009160995483, 2.2317867279052734, 2.2590252161026, 2.1935248374938965, 2.2548203468322754, 2.1591817140579224, 2.239389657974243, 2.1964948177337646, 2.1365896463394165, 2.247193694114685, 2.2068917751312256, 2.177761197090149, 2.205105185508728, 2.1191266775131226, 2.1609522104263306, 2.1482123136520386, 2.1262784004211426, 2.131636619567871, 2.165441870689392, 2.083899974822998, 2.1361716985702515, 2.189393639564514, 2.1085305213928223, 2.1117554306983948, 2.0928261280059814, 2.0499314665794373, 2.0420639514923096, 2.1009491086006165, 2.0432329177856445, 2.0558422207832336, 2.035279631614685, 2.1061103343963623, 2.024783134460449, 2.0429506301879883, 1.9853578209877014, 2.0533063411712646, 2.015605926513672, 1.9802259802818298, 1.9813880324363708, 1.9714087843894958, 2.004731059074402, 2.0045878887176514, 1.9817367196083069, 1.9611585140228271, 1.953114092350006, 1.978629469871521, 2.0373847484588623, 1.9580930471420288, 1.9784385561943054, 1.926988661289215, 1.9455431699752808, 1.9034982323646545, 1.9360158443450928, 1.9315215945243835]",0.915686933154182,0.650904033379694,0.6666666666666666,0.6358695652173914
