K,layers,hidden_channels,out_channels,norm,lr,treatment,dropout,ratio,seed,aggregation,model_type,batch_size,rate_pairs,reliable_mini_batch,clusters,pos_weight,accuracy,f1,recall,precision,losses
4,2,256,64,,0.004379940660526763,removal,0,0.12379858028383577,654,mean,GCNConv,10,10,True,200,0.32450793232215386,0.9320709347760745,0.8323442136498517,0.8002853067047075,0.8670788253477589,"[5.6502193957567215, 5.334820508956909, 4.833015449345112, 5.061241462826729, 4.6166741997003555, 4.463872164487839, 4.329603359103203, 4.097777843475342, 3.8655417934060097, 3.6212977916002274, 3.576021693646908, 3.4117996096611023, 3.0748558044433594, 3.103628136217594, 2.7304574102163315, 2.6604377701878548, 2.4944683462381363, 2.355417400598526, 2.241713434457779, 2.2088760435581207, 1.990063963457942, 1.9436299428343773, 1.8339602053165436, 1.7307279258966446, 1.6332546137273312, 1.5366294272243977, 1.4447228536009789, 1.3820313178002834, 1.327547375112772, 1.2557596825063229, 1.2212686203420162, 1.1410727575421333, 1.0604929644614458, 1.0204519368708134, 1.0308442004024982, 0.9969897754490376, 0.967027984559536, 0.8650984782725573, 0.8339480776339769, 0.8295035939663649, 0.7798039857298136, 0.7920150756835938, 0.7223019953817129, 0.698383055627346, 0.6714131329208612, 0.6577985938638449, 0.64655059017241, 0.6061668256297708, 0.586143845692277, 0.5696231788024306]"
