K,layers,hidden_channels,out_channels,norm,lr,treatment,dropout,ratio,seed,aggregation,model_type,batch_size,rate_pairs,clusters,sampling,num_epochs,anomaly_detector,accuracy,f1,recall,precision,losses,test_accuracy,test_f1,test_recall,test_precision
4,1,128,256,,0.004051488574181595,removal,0,0.22938050516918093,654,mean,GCNConv,768,14,400,cluster,100,nearest_neighbors,0.6590909090909091,0.7945205479452054,0.6590909090909091,1.0,"[24.296911120414734, 23.166259109973907, 21.348548602312803, 20.462195500731468, 19.565112631767988, 19.16711238026619, 18.511692494153976, 17.048063665628433, 15.82545405626297, 14.875923097133636, 13.933410882949829, 13.325389921665192, 12.430932641029358, 11.084278479218483, 10.450604230165482, 9.92009161412716, 9.260816529393196, 8.455447435379028, 7.860015779733658, 7.335214585065842, 7.018353164196014, 6.4195073544979095, 6.142202004790306, 5.749128118157387, 5.328383594751358, 5.035430197138339, 4.755776017904282, 4.617253851145506, 4.339782536029816, 4.211656183004379, 3.9017162173986435, 3.7283025085926056, 3.6178076788783073, 3.29985174536705, 3.266399271786213, 3.1561280116438866, 2.8842837139964104, 2.865433931350708, 2.747785959392786, 2.6337467171251774, 2.584509873762727, 2.4474951066076756, 2.322937712073326, 2.250281371176243, 2.1385205760598183, 2.0976968184113503, 1.940150210633874, 1.9309217929840088, 1.8621500618755817, 1.7751924991607666, 1.75759850256145, 1.6806745007634163, 1.6049661915749311, 1.5667746756225824, 1.5788252800703049, 1.4970098361372948, 1.43977165594697, 1.3681706488132477, 1.3731174170970917, 1.3093412723392248, 1.3069190252572298, 1.2417642269283533, 1.2150070741772652, 1.1775162369012833, 1.1564662978053093, 1.1074251011013985, 1.086881322786212, 1.029993936419487, 1.029114704579115, 1.0005786009132862, 0.9788506850600243, 0.9212851319462061, 0.9113705717027187, 0.8882573414593935, 0.8658020328730345, 0.8715643044561148, 0.7925021457485855, 0.8043254185467958, 0.7978016883134842, 0.762031514197588, 0.7497239289805293, 0.7437483863905072, 0.7212478239089251, 0.7071611005812883, 0.6811944553628564, 0.6620243899524212, 0.6424206588417292, 0.6423758519813418, 0.6304998276755214, 0.6226314334198833, 0.5935367029160261, 0.5965052973479033, 0.5705593898892403, 0.5518508832901716, 0.5563870649784803, 0.5478809792548418, 0.521894033998251, 0.5186441447585821, 0.5148567352443933, 0.5027478970587254]",0.9104298166516381,0.7853025936599424,0.7774607703281027,0.7933042212518195
