alpha,K,layers,hidden_channels,out_channels,norm,dropout,margin,lpl_weight,ratio,seed,aggregation,pos_weight,accuracy,f1,recall,precision
0.6823603818930605,23,1,256,64,,0.0786067080749687,0.4792738371928933,0.9451810311268305,0.17851036692893058,1,sum,1,0.9248572287345957,0.8268698060941828,0.8516405135520685,0.8034993270524899
0.6823603818930605,23,1,256,64,,0.0786067080749687,0.4792738371928933,0.9451810311268305,0.17851036692893058,2,sum,1,0.9257589419897806,0.8290657439446367,0.854493580599144,0.8051075268817204
0.6823603818930605,23,1,256,64,,0.0786067080749687,0.4792738371928933,0.9451810311268305,0.17851036692893058,3,sum,1,0.9323715058611362,0.8445058742225293,0.8716119828815977,0.8190348525469169
0.6823603818930605,23,1,256,64,,0.0786067080749687,0.4792738371928933,0.9451810311268305,0.17851036692893058,4,sum,1,0.9272617974150886,0.8310055865921788,0.8487874465049928,0.813953488372093
0.6823603818930605,23,1,256,64,,0.0786067080749687,0.4792738371928933,0.9451810311268305,0.17851036692893058,5,sum,1,0.9269612263300271,0.8316008316008316,0.8559201141226819,0.8086253369272237
