alpha,K,layers,hidden_channels,out_channels,norm,dropout,margin,lpl_weight,ratio,seed,aggregation,pos_weight,accuracy,f1,recall,precision
0.5,15,2,256,128,,0.3046865801377198,0.5,0.13470847502281175,0.14062506385524995,1,sum,1,0.9233543733092876,0.816414686825054,0.8088445078459344,0.8241279069767442
0.5,15,2,256,128,,0.3046865801377198,0.5,0.13470847502281175,0.14062506385524995,2,sum,1,0.9338743612864443,0.8375184638109305,0.8088445078459344,0.8683001531393568
0.5,15,2,256,128,,0.3046865801377198,0.5,0.13470847502281175,0.14062506385524995,3,sum,1,0.9335737902013826,0.8388037928519329,0.8202567760342369,0.8582089552238806
0.5,15,2,256,128,,0.3046865801377198,0.5,0.13470847502281175,0.14062506385524995,4,sum,1,0.9365795010519988,0.8428890543559195,0.8074179743223966,0.881619937694704
0.5,15,2,256,128,,0.3046865801377198,0.5,0.13470847502281175,0.14062506385524995,5,sum,1,0.9353772167117523,0.8415622697126013,0.8145506419400856,0.8704268292682927
