alpha,K,layers,hidden_channels,out_channels,norm,dropout,margin,lpl_weight,ratio,seed,aggregation,pos_weight,accuracy,f1,recall,precision
0.5,24,2,128,256,,0.10816968506809675,0.5,0.40423385904924514,0.21244124730174657,1,sum,1,0.9143372407574392,0.8022206800832755,0.8245363766048502,0.7810810810810811
0.5,24,2,128,256,,0.10816968506809675,0.5,0.40423385904924514,0.21244124730174657,2,sum,1,0.9164412383528705,0.8066759388038943,0.8273894436519258,0.7869742198100407
0.5,24,2,128,256,,0.10816968506809675,0.5,0.40423385904924514,0.21244124730174657,3,sum,1,0.9194469492034866,0.8138888888888889,0.8359486447931527,0.7929634641407307
0.5,24,2,128,256,,0.10816968506809675,0.5,0.40423385904924514,0.21244124730174657,4,sum,1,0.9104298166516381,0.7901408450704225,0.8002853067047075,0.780250347705146
0.5,24,2,128,256,,0.10816968506809675,0.5,0.40423385904924514,0.21244124730174657,5,sum,1,0.9143372407574392,0.7991543340380549,0.8088445078459344,0.7896935933147632
