alpha,K,layers,hidden_channels,out_channels,norm,dropout,margin,lpl_weight,ratio,seed,aggregation,pos_weight,accuracy,f1,recall,precision
0.5,21,1,256,256,,0,0.5,0.9682787384244539,0.2142265987800116,1,mean,1,0.9284640817553351,0.8347222222222223,0.8573466476462197,0.8132611637347767
0.5,21,1,256,256,,0,0.5,0.9682787384244539,0.2142265987800116,2,mean,1,0.9269612263300271,0.8277817150956768,0.833095577746077,0.8225352112676056
0.5,21,1,256,256,,0,0.5,0.9682787384244539,0.2142265987800116,3,mean,1,0.92936579501052,0.8312993539124193,0.8259629101283881,0.8367052023121387
0.5,21,1,256,256,,0,0.5,0.9682787384244539,0.2142265987800116,4,mean,1,0.9272617974150886,0.8278805120910384,0.8302425106990015,0.825531914893617
0.5,21,1,256,256,,0,0.5,0.9682787384244539,0.2142265987800116,5,mean,1,0.9287646528403968,0.8329809725158562,0.8430813124108416,0.8231197771587744
