K,layers,hidden_channels,out_channels,norm,lr,treatment,dropout,ratio,seed,aggregation,model_type,batch_size,rate_pairs,reliable_mini_batch,clusters,accuracy,f1,recall,precision,losses
6,2,256,64,,0.0025588630416443436,relabeling,0,0.09919759926790153,654,sum,SAGEConv,15,3,True,300,0.8951006913134957,0.74090571640683,0.7118402282453637,0.7724458204334366,"[22.197483599185944, 21.623158156871796, 20.04563319683075, 19.638418436050415, 19.384232968091965, 19.60205987095833, 18.88925164937973, 17.827041059732437, 17.68626570701599, 17.56695133447647, 16.68675148487091, 16.218353182077408, 15.984165459871292, 15.787693738937378, 15.327032208442688, 14.867388129234314, 14.138017296791077, 14.103088945150375, 13.621044963598251, 13.693621158599854, 13.026003509759903, 12.23203593492508, 11.856005191802979, 12.510851502418518, 11.6835036277771, 11.558020144701004, 10.813396096229553, 10.321096628904343, 10.48532047867775, 10.085300147533417, 10.03047376871109, 9.635347157716751, 9.378975480794907, 9.042618066072464, 9.176320016384125, 8.379752576351166, 8.154320076107979, 8.237303704023361, 8.301224112510681, 7.8672694861888885, 7.543847873806953, 7.422266587615013, 6.956892356276512, 6.9297686368227005, 6.63003134727478, 6.579029396176338, 6.467467427253723, 6.106335714459419, 5.987660750746727, 6.073345363140106]"
