alpha,K,layers,hidden_channels,out_channels,norm,dropout,margin,lpl_weight,ratio,seed,aggregation,pos_weight,accuracy,f1,recall,precision
0.9595923188362567,18,1,128,256,graphnorm,0.15716988639445045,0.5617993671488672,0.2068474914507593,0.1552187094590403,1,sum,1,0.9260595130748422,0.8274894810659187,0.8416547788873039,0.8137931034482758
0.9595923188362567,18,1,128,256,graphnorm,0.15716988639445045,0.5617993671488672,0.2068474914507593,0.1552187094590403,2,sum,1,0.9323715058611362,0.8421052631578947,0.8559201141226819,0.8287292817679558
0.9595923188362567,18,1,128,256,graphnorm,0.15716988639445045,0.5617993671488672,0.2068474914507593,0.1552187094590403,3,sum,1,0.933273219116321,0.842998585572843,0.8502139800285307,0.8359046283309958
0.9595923188362567,18,1,128,256,graphnorm,0.15716988639445045,0.5617993671488672,0.2068474914507593,0.1552187094590403,4,sum,1,0.9338743612864443,0.8421807747489239,0.8373751783166904,0.847041847041847
0.9595923188362567,18,1,128,256,graphnorm,0.15716988639445045,0.5617993671488672,0.2068474914507593,0.1552187094590403,5,sum,1,0.9269612263300271,0.8275372604684174,0.8316690442225392,0.8234463276836158
