alpha,K,layers,hidden_channels,out_channels,norm,dropout,margin,lpl_weight,ratio,seed,aggregation,pos_weight,accuracy,f1,recall,precision
0.5,22,1,256,256,,0,0.5,0.9667104531021219,0.21376608321451535,1,mean,1,0.9263600841599038,0.8295059151009047,0.8502139800285307,0.8097826086956522
0.5,22,1,256,256,,0,0.5,0.9667104531021219,0.21376608321451535,2,mean,1,0.9257589419897806,0.8251946213729653,0.8316690442225392,0.8188202247191011
0.5,22,1,256,256,,0,0.5,0.9667104531021219,0.21376608321451535,3,mean,1,0.9284640817553351,0.8292682926829268,0.8245363766048502,0.834054834054834
0.5,22,1,256,256,,0,0.5,0.9667104531021219,0.21376608321451535,4,mean,1,0.9251577998196574,0.8257522743177047,0.8416547788873039,0.8104395604395604
0.5,22,1,256,256,,0,0.5,0.9667104531021219,0.21376608321451535,5,mean,1,0.9284640817553351,0.8323943661971831,0.8430813124108416,0.8219749652294854
