K,layers,hidden_channels,out_channels,norm,lr,treatment,dropout,ratio,seed,aggregation,model_type,batch_size,rate_pairs,clusters,sampling,num_epochs,anomaly_detector,accuracy,f1,recall,precision,losses,test_accuracy,test_f1,test_recall,test_precision
7,2,256,64,,0.005,removal,0,0.21342703201647403,654,mean,GATConv,4000,10,50,sage,100,nearest_neighbors,nan,0.0,0.0,0.0,"[1.0003372430801392, 0.9505273699760437, 0.9472846388816833, 0.952170193195343, 0.9457948207855225, 0.9428814649581909, 0.9508458375930786, 0.9382666945457458, 0.9421051144599915, 0.9483665823936462, 0.9428778290748596, 0.9358053207397461, 0.9353836178779602, 0.93620365858078, 0.9313244819641113, 0.9301766753196716, 0.9330871105194092, 0.9276344776153564, 0.9275825619697571, 0.9276338219642639, 0.9261207580566406, 0.9250335097312927, 0.9203163385391235, 0.9248234033584595, 0.9206856489181519, 0.9164837002754211, 0.9195893406867981, 0.9109517335891724, 0.915087103843689, 0.9101952314376831, 0.9109277129173279, 0.909870982170105, 0.910014271736145, 0.9041250348091125, 0.898183286190033, 0.9057171940803528, 0.9013750553131104, 0.9047619104385376, 0.9003034830093384, 0.8920717239379883, 0.9022124409675598, 0.897156298160553, 0.8955460786819458, 0.8862749934196472, 0.8921254873275757, 0.8880929350852966, 0.8857743144035339, 0.883525013923645, 0.8839886784553528, 0.8852652311325073, 0.8818573355674744, 0.8830248117446899, 0.8806702494621277, 0.8778246641159058, 0.8785439133644104, 0.8775008320808411, 0.8739415407180786, 0.8743546009063721, 0.8710720539093018, 0.867789089679718, 0.8621888756752014, 0.8631564974784851, 0.8608894348144531, 0.8610500693321228, 0.8623502850532532, 0.8609534502029419, 0.8617668747901917, 0.8559190630912781, 0.855678379535675, 0.8551204204559326, 0.8524444699287415, 0.8503485918045044, 0.8498769998550415, 0.849053144454956, 0.8485050201416016, 0.8413488864898682, 0.8434758186340332, 0.8424214720726013, 0.8400655388832092, 0.8387335538864136, 0.8366742730140686, 0.8336970210075378, 0.834269642829895, 0.8334785103797913, 0.8329030871391296, 0.829103410243988, 0.8292447328567505, 0.8257170915603638, 0.827791154384613, 0.8208354711532593, 0.8165012001991272, 0.8163901567459106, 0.817669153213501, 0.819295346736908, 0.8127009272575378, 0.8148075938224792, 0.8115719556808472, 0.811198353767395, 0.8091682195663452, 0.8084064722061157]",0.923412831709775,0.6752136752136753,0.6752136752136753,0.6752136752136753
