alpha,K,layers,hidden_channels,out_channels,norm,dropout,margin,lpl_weight,ratio,seed,aggregation,pos_weight,accuracy,f1,recall,precision
0.5,16,1,256,256,,0.06798895882361329,0.5,0.8682299639406251,0.19242436351286968,1,sum,1,0.9248572287345957,0.8177842565597667,0.8002853067047075,0.8360655737704918
0.5,16,1,256,256,,0.06798895882361329,0.5,0.8682299639406251,0.19242436351286968,2,sum,1,0.9290652239254583,0.8335684062059239,0.8430813124108416,0.8242677824267782
0.5,16,1,256,256,,0.06798895882361329,0.5,0.8682299639406251,0.19242436351286968,3,sum,1,0.9308686504358281,0.8364153627311522,0.8388017118402282,0.8340425531914893
0.5,16,1,256,256,,0.06798895882361329,0.5,0.8682299639406251,0.19242436351286968,4,sum,1,0.9290652239254583,0.8316690442225392,0.8316690442225392,0.8316690442225392
0.5,16,1,256,256,,0.06798895882361329,0.5,0.8682299639406251,0.19242436351286968,5,sum,1,0.9272617974150886,0.8253968253968254,0.8159771754636234,0.8350364963503649
