alpha,K,layers,hidden_channels,out_channels,norm,dropout,margin,lpl_weight,ratio,seed,aggregation,pos_weight,accuracy,f1,recall,precision
0.5,21,1,256,256,,0.03578065405310896,0.5,0.5399600550651831,0.20263583746815278,1,sum,1,0.919146378118425,0.8052136133236785,0.7931526390870185,0.8176470588235294
0.5,21,1,256,256,,0.03578065405310896,0.5,0.5399600550651831,0.20263583746815278,2,sum,1,0.9290652239254583,0.835195530726257,0.8530670470756063,0.8180574555403557
0.5,21,1,256,256,,0.03578065405310896,0.5,0.5399600550651831,0.20263583746815278,3,sum,1,0.9272617974150886,0.8276353276353277,0.8288159771754636,0.8264580369843528
0.5,21,1,256,256,,0.03578065405310896,0.5,0.5399600550651831,0.20263583746815278,4,sum,1,0.9290652239254583,0.8319088319088319,0.833095577746077,0.8307254623044097
0.5,21,1,256,256,,0.03578065405310896,0.5,0.5399600550651831,0.20263583746815278,5,sum,1,0.9278629395852119,0.8268398268398268,0.8174037089871612,0.8364963503649635
