alpha,K,layers,hidden_channels,out_channels,norm,dropout,margin,lpl_weight,ratio,seed,aggregation,pos_weight,accuracy,f1,recall,precision
0.5,21,1,256,256,,0,0.5,0.9200795703102652,0.21570031379745722,1,mean,1,0.9287646528403968,0.8357588357588358,0.8601997146932953,0.8126684636118598
0.5,21,1,256,256,,0,0.5,0.9200795703102652,0.21570031379745722,2,mean,1,0.9278629395852119,0.8295454545454546,0.833095577746077,0.826025459688826
0.5,21,1,256,256,,0,0.5,0.9200795703102652,0.21570031379745722,3,mean,1,0.9290652239254583,0.829971181556196,0.8216833095577746,0.8384279475982532
0.5,21,1,256,256,,0,0.5,0.9200795703102652,0.21570031379745722,4,mean,1,0.9245566576495341,0.8226148409893993,0.8302425106990015,0.8151260504201681
0.5,21,1,256,256,,0,0.5,0.9200795703102652,0.21570031379745722,5,mean,1,0.9260595130748422,0.826025459688826,0.833095577746077,0.8190743338008415
