K,layers,hidden_channels,out_channels,norm,lr,treatment,dropout,ratio,seed,aggregation,model_type,batch_size,rate_pairs,clusters,sampling,sampling_k,num_epochs,anomaly_detector,accuracy,f1,recall,precision,losses
3,1,128,256,,0.00014371312241563163,removal,0,0.16591112674869815,654,mean,GCNConv,1024,10,100,neighbor,25,150,nearest_neighbors,0.9203486624586715,0.7854251012145749,0.6918687589158345,0.9082397003745318,"[3.336934268474579, 3.122249126434326, 2.9607589840888977, 2.8719300627708435, 2.741458535194397, 2.602838397026062, 2.631985306739807, 2.6037617921829224, 2.5875414609909058, 2.5521357655525208, 2.5083287358283997, 2.510825276374817, 2.522165894508362, 2.589432418346405, 2.5760507583618164, 2.507596015930176, 2.473585784435272, 2.593887150287628, 2.544871151447296, 2.4226656556129456, 2.509940207004547, 2.4550997614860535, 2.507291793823242, 2.5072919130325317, 2.704891860485077, 2.540342688560486, 2.5328131318092346, 2.4933921098709106, 2.4672913551330566, 2.6330626010894775, 2.5179865956306458, 2.515440821647644, 2.5394293069839478, 2.5221922397613525, 2.475680887699127, 2.4004181027412415, 2.407279312610626, 2.52570116519928, 2.3644647002220154, 2.5369476675987244, 2.4924891591072083, 2.4866755604743958, 2.5516619086265564, 2.472829520702362, 2.523881673812866, 2.4723784923553467, 2.360264241695404, 2.482659935951233, 2.468846023082733, 2.504434287548065, 2.568848669528961, 2.5297614336013794, 2.4637120962142944, 2.409090995788574, 2.469782531261444, 2.510122537612915, 2.481319546699524, 2.4349990487098694, 2.5428309440612793, 2.4476060271263123, 2.4732407331466675, 2.5791640281677246, 2.433805227279663, 2.523340165615082, 2.4388673901557922, 2.4845858216285706, 2.5029919147491455]"
