alpha,K,layers,hidden_channels,out_channels,norm,dropout,margin,lpl_weight,ratio,seed,aggregation,pos_weight,accuracy,f1,recall,precision
0.9320143305261999,17,1,256,128,,0.4158107374552582,0.7062635899248411,0.4944452334324235,0.12738510598194,1,sum,1,0.9200480913736099,0.7921875,0.7232524964336662,0.8756476683937824
0.9320143305261999,17,1,256,128,,0.4158107374552582,0.7062635899248411,0.4944452334324235,0.12738510598194,2,sum,1,0.9200480913736099,0.7941176470588235,0.7318116975748931,0.868020304568528
0.9320143305261999,17,1,256,128,,0.4158107374552582,0.7062635899248411,0.4944452334324235,0.12738510598194,3,sum,1,0.9206492335437331,0.79375,0.724679029957204,0.8773747841105354
0.9320143305261999,17,1,256,128,,0.4158107374552582,0.7062635899248411,0.4944452334324235,0.12738510598194,4,sum,1,0.9215509467989179,0.7972027972027972,0.7318116975748931,0.8754266211604096
0.9320143305261999,17,1,256,128,,0.4158107374552582,0.7062635899248411,0.4944452334324235,0.12738510598194,5,sum,1,0.9125338142470695,0.7714061272584446,0.7004279600570613,0.8583916083916084
