K,layers,hidden_channels,out_channels,norm,lr,treatment,dropout,ratio,seed,aggregation,model_type,batch_size,rate_pairs,clusters,sampling,num_epochs,anomaly_detector,accuracy,f1,recall,precision,losses,test_accuracy,test_f1,test_recall,test_precision
17,2,128,128,,0.005,removal,0,0.19757284716936874,654,mean,GCNConv,2048,10,50,sage,50,nearest_neighbors,nan,0.0,0.0,0.0,"[4.245497226715088, 4.161520004272461, 4.235299348831177, 4.295858383178711, 4.09345555305481, 4.091659903526306, 4.228513836860657, 4.093448758125305, 4.039384365081787, 4.0099029541015625, 4.129327416419983, 4.277833580970764, 4.124194622039795, 4.07722270488739, 3.9974334239959717, 4.176723003387451, 4.085742354393005, 4.057358384132385, 3.9564626216888428, 3.9744523763656616, 3.87578809261322, 4.128355383872986, 4.106871128082275, 3.920898675918579, 3.7916582822799683, 4.003995418548584, 4.051208257675171, 3.9758403301239014, 4.152345776557922, 3.8839019536972046, 4.092769026756287, 3.8642771244049072, 3.921247720718384, 3.8316590785980225, 3.885424494743347, 3.861798048019409, 3.8243253231048584, 3.702733635902405, 3.78234601020813, 3.7978886365890503, 3.683537244796753, 3.6354448795318604, 3.7664496898651123, 3.723039388656616, 3.6972512006759644, 3.7050501108169556, 3.7153682708740234, 3.7221856117248535, 3.6852192878723145, 3.7200567722320557]",0.9166946590527376,0.6298507462686567,0.6011396011396012,0.6614420062695925
