alpha,K,layers,hidden_channels,out_channels,norm,dropout,margin,lpl_weight,ratio,seed,aggregation,pos_weight,accuracy,f1,recall,precision
0.5,13,2,256,256,,0,0.5,0.5,0.2454168734336756,1,sum,1,0.915238954012624,0.8047091412742382,0.8288159771754636,0.7819650067294751
0.5,13,2,256,256,,0,0.5,0.5,0.2454168734336756,2,sum,1,0.9230538022242261,0.8267929634641408,0.8716119828815977,0.7863577863577863
0.5,13,2,256,256,,0,0.5,0.5,0.2454168734336756,3,sum,1,0.9245566576495341,0.8245981830887491,0.8416547788873039,0.8082191780821918
0.5,13,2,256,256,,0,0.5,0.5,0.2454168734336756,4,sum,1,0.9224526600541028,0.8195804195804196,0.8359486447931527,0.803840877914952
0.5,13,2,256,256,,0,0.5,0.5,0.2454168734336756,5,sum,1,0.9269612263300271,0.8316008316008316,0.8559201141226819,0.8086253369272237
