alpha,K,layers,hidden_channels,out_channels,norm,dropout,margin,lpl_weight,ratio,seed,aggregation,pos_weight,accuracy,f1,recall,precision
0.5,15,2,256,128,,0.31696569680834713,0.5,0.9037617888033906,0.18840164157380979,1,sum,1,0.9299669371806433,0.840301576422207,0.8744650499286734,0.8087071240105541
0.5,15,2,256,128,,0.31696569680834713,0.5,0.9037617888033906,0.18840164157380979,2,sum,1,0.9329726480312593,0.846945778997941,0.8801711840228246,0.8161375661375662
0.5,15,2,256,128,,0.31696569680834713,0.5,0.9037617888033906,0.18840164157380979,3,sum,1,0.9362789299669372,0.8543956043956044,0.8873038516405135,0.823841059602649
0.5,15,2,256,128,,0.31696569680834713,0.5,0.9037617888033906,0.18840164157380979,4,sum,1,0.935677787796814,0.8518005540166205,0.8773181169757489,0.8277254374158816
0.5,15,2,256,128,,0.31696569680834713,0.5,0.9037617888033906,0.18840164157380979,5,sum,1,0.9323715058611362,0.8442906574394463,0.8701854493580599,0.8198924731182796
