alpha,K,layers,hidden_channels,out_channels,norm,dropout,margin,lpl_weight,ratio,seed,aggregation,pos_weight,accuracy,f1,recall,precision
0.5,20,1,128,256,,0.10335046805539982,0.5,0.7065057668357508,0.12228580960275015,1,sum,1,0.9263600841599038,0.813119755911518,0.760342368045649,0.8737704918032787
0.5,20,1,128,256,,0.10335046805539982,0.5,0.7065057668357508,0.12228580960275015,2,sum,1,0.9212503757138564,0.8006088280060882,0.7503566333808844,0.8580750407830342
0.5,20,1,128,256,,0.10335046805539982,0.5,0.7065057668357508,0.12228580960275015,3,sum,1,0.9239555154794109,0.8121752041573868,0.7803138373751783,0.846749226006192
0.5,20,1,128,256,,0.10335046805539982,0.5,0.7065057668357508,0.12228580960275015,4,sum,1,0.9209498046287947,0.8015094339622642,0.7574893009985735,0.8509615384615384
0.5,20,1,128,256,,0.10335046805539982,0.5,0.7065057668357508,0.12228580960275015,5,sum,1,0.9242560865644724,0.8090909090909091,0.7617689015691869,0.8626817447495961
