K,layers,hidden_channels,out_channels,norm,lr,treatment,dropout,ratio,seed,aggregation,model_type,batch_size,rate_pairs,clusters,sampling,sampling_k,num_epochs,anomaly_detector,accuracy,f1,recall,precision,losses
4,1,256,64,,0.007188787476988233,removal,0,0.14351104467720333,654,mean,GCNConv,512,1,200,nearest_neighbors,25,100,nearest_neighbors,0.9188458070333634,0.7893915756630265,0.7218259629101283,0.8709122203098106,"[14.309571385383606, 13.903316617012024, 13.342756986618042, 12.785546779632568, 12.220476508140564, 11.955368161201477, 11.277300238609314, 10.816015243530273, 10.685977816581726, 10.211183547973633, 9.717193007469177, 9.403085708618164, 9.072572827339172, 8.682645559310913, 8.440310955047607, 8.112919569015503, 7.68682587146759, 7.517133176326752, 7.335105717182159, 7.026213765144348, 6.877917647361755, 6.6139015555381775, 6.507591605186462, 6.195928573608398, 5.967026054859161, 5.900751173496246, 5.677752435207367, 5.523460149765015, 5.335538387298584, 5.1454877853393555, 5.011594831943512, 4.851776480674744, 4.7857847809791565, 4.5734845995903015, 4.46319043636322, 4.410944223403931, 4.237066447734833, 4.153385281562805, 3.973627209663391, 3.8837364315986633, 3.8509808778762817, 3.6708866953849792, 3.616039127111435, 3.4717017710208893, 3.4299575686454773, 3.3386249244213104, 3.212580293416977, 3.2065574526786804, 3.109598606824875, 3.0006276667118073, 2.996265262365341, 2.8846227824687958, 2.859399437904358, 2.8023656010627747, 2.6851962506771088, 2.6729976534843445, 2.5534417033195496, 2.5403278172016144, 2.5027879178524017, 2.438323974609375, 2.376190632581711, 2.365842431783676, 2.2889750599861145, 2.277842104434967, 2.2040531933307648, 2.1535328328609467, 2.1269421875476837, 2.082461267709732, 2.0755735337734222, 1.9966509938240051, 1.9464951753616333, 1.9492760300636292, 1.8865702450275421, 1.8622918128967285, 1.832981914281845, 1.8149843513965607, 1.7463494837284088, 1.7240777760744095, 1.6988802701234818, 1.6755016595125198, 1.659056842327118, 1.6419713199138641, 1.6032071709632874, 1.5842502415180206, 1.5269877016544342, 1.5046325325965881, 1.4932118207216263, 1.4721214324235916, 1.4365224242210388, 1.4314954429864883, 1.3900539427995682, 1.3851040601730347, 1.3724564909934998, 1.3325488716363907, 1.3259434700012207, 1.2831945270299911, 1.2696632593870163, 1.2715326249599457, 1.2636223435401917, 1.2009399831295013]"
