alpha,K,layers,hidden_channels,out_channels,norm,dropout,margin,lpl_weight,ratio,seed,aggregation,pos_weight,accuracy,f1,recall,precision
0.8614186347803074,25,1,16,256,,0.3013784746507897,0.4962247266891081,0.6590437201680296,0.14082263504708137,1,sum,1,0.893297264803126,0.7279693486590039,0.6776034236804565,0.7864238410596026
0.8614186347803074,25,1,16,256,,0.3013784746507897,0.4962247266891081,0.6590437201680296,0.14082263504708137,2,sum,1,0.9044183949504058,0.7553846153846154,0.7004279600570613,0.8196994991652755
0.8614186347803074,25,1,16,256,,0.3013784746507897,0.4962247266891081,0.6590437201680296,0.14082263504708137,3,sum,1,0.8887886985272017,0.7166921898928025,0.6676176890156919,0.7735537190082644
0.8614186347803074,25,1,16,256,,0.3013784746507897,0.4962247266891081,0.6590437201680296,0.14082263504708137,4,sum,1,0.889389840697325,0.7160493827160493,0.6619115549215406,0.7798319327731092
0.8614186347803074,25,1,16,256,,0.3013784746507897,0.4962247266891081,0.6590437201680296,0.14082263504708137,5,sum,1,0.8842801322512774,0.7116104868913857,0.6776034236804565,0.749211356466877
