alpha,K,layers,hidden_channels,out_channels,norm,dropout,margin,lpl_weight,ratio,seed,aggregation,pos_weight,accuracy,f1,recall,precision
0.5,19,2,128,256,,0.0598442258585542,0.5,0.7475414488350408,0.11255293282680229,1,sum,1,0.9215509467989179,0.7926926131850676,0.7118402282453637,0.8942652329749103
0.5,19,2,128,256,,0.0598442258585542,0.5,0.7475414488350408,0.11255293282680229,2,sum,1,0.9221520889690412,0.7962234461054288,0.7218259629101283,0.887719298245614
0.5,19,2,128,256,,0.0598442258585542,0.5,0.7475414488350408,0.11255293282680229,3,sum,1,0.919146378118425,0.790007806401249,0.7218259629101283,0.8724137931034482
0.5,19,2,128,256,,0.0598442258585542,0.5,0.7475414488350408,0.11255293282680229,4,sum,1,0.9212503757138564,0.7923930269413629,0.7132667617689016,0.8912655971479501
0.5,19,2,128,256,,0.0598442258585542,0.5,0.7475414488350408,0.11255293282680229,5,sum,1,0.9212503757138564,0.7927215189873418,0.7146932952924394,0.8898756660746003
