alpha,K,layers,hidden_channels,out_channels,norm,dropout,margin,lpl_weight,ratio,seed,aggregation,pos_weight,accuracy,f1,recall,precision
0.817016175112004,17,1,256,128,,0.3281256121380371,0.5695288859840802,0.7435304144679519,0.13977992783236076,1,sum,1,0.9296663660955816,0.8311688311688312,0.8216833095577746,0.8408759124087591
0.817016175112004,17,1,256,128,,0.3281256121380371,0.5695288859840802,0.7435304144679519,0.13977992783236076,2,sum,1,0.9359783588818755,0.8464311463590483,0.8373751783166904,0.8556851311953353
0.817016175112004,17,1,256,128,,0.3281256121380371,0.5695288859840802,0.7435304144679519,0.13977992783236076,3,sum,1,0.9344755034565675,0.841799709724238,0.8273894436519258,0.8567208271787297
0.817016175112004,17,1,256,128,,0.3281256121380371,0.5695288859840802,0.7435304144679519,0.13977992783236076,4,sum,1,0.9428914938382927,0.8604992657856094,0.8359486447931527,0.886535552193646
0.817016175112004,17,1,256,128,,0.3281256121380371,0.5695288859840802,0.7435304144679519,0.13977992783236076,5,sum,1,0.9365795010519988,0.8476534296028881,0.8373751783166904,0.8581871345029239
