alpha,K,layers,hidden_channels,out_channels,norm,dropout,margin,lpl_weight,ratio,seed,aggregation,pos_weight,accuracy,f1,recall,precision
0.5,22,1,256,256,,0.17339937655480978,0.5,0.8665600806902239,0.23246512752204837,1,sum,1,0.9254583709047189,0.8270571827057183,0.8459343794579173,0.8090040927694406
0.5,22,1,256,256,,0.17339937655480978,0.5,0.8665600806902239,0.23246512752204837,2,sum,1,0.9239555154794109,0.8194147037830122,0.818830242510699,0.82
0.5,22,1,256,256,,0.17339937655480978,0.5,0.8665600806902239,0.23246512752204837,3,sum,1,0.9245566576495341,0.8210976478973628,0.8216833095577746,0.8205128205128205
0.5,22,1,256,256,,0.17339937655480978,0.5,0.8665600806902239,0.23246512752204837,4,sum,1,0.9254583709047189,0.8258426966292135,0.8388017118402282,0.8132780082987552
0.5,22,1,256,256,,0.17339937655480978,0.5,0.8665600806902239,0.23246512752204837,5,sum,1,0.9269612263300271,0.8258064516129032,0.8216833095577746,0.829971181556196
