alpha,K,layers,hidden_channels,out_channels,norm,dropout,margin,lpl_weight,ratio,seed,aggregation,pos_weight,accuracy,f1,recall,precision
0.5,25,1,256,256,,0.14956125430789952,0.5,0.9157945188643342,0.18156173505978063,1,sum,1,0.9290652239254583,0.8302158273381295,0.8231098430813124,0.8374455732946299
0.5,25,1,256,256,,0.14956125430789952,0.5,0.9157945188643342,0.18156173505978063,2,sum,1,0.9245566576495341,0.8171886380189366,0.8002853067047075,0.8348214285714286
0.5,25,1,256,256,,0.14956125430789952,0.5,0.9157945188643342,0.18156173505978063,3,sum,1,0.9287646528403968,0.8263736263736263,0.8045649072753209,0.8493975903614458
0.5,25,1,256,256,,0.14956125430789952,0.5,0.9157945188643342,0.18156173505978063,4,sum,1,0.9230538022242261,0.8136826783114993,0.797432239657632,0.8306092124814265
0.5,25,1,256,256,,0.14956125430789952,0.5,0.9157945188643342,0.18156173505978063,5,sum,1,0.9263600841599038,0.8202494497432135,0.797432239657632,0.8444108761329305
