alpha,K,layers,hidden_channels,out_channels,norm,dropout,margin,lpl_weight,ratio,seed,aggregation,pos_weight,accuracy,f1,recall,precision
0.9038299207176976,22,1,256,64,,0.18964590274548945,0.47431626453417725,0.969375068123143,0.1504882320382702,1,sum,1,0.9287646528403968,0.8320340184266478,0.8373751783166904,0.8267605633802817
0.9038299207176976,22,1,256,64,,0.18964590274548945,0.47431626453417725,0.969375068123143,0.1504882320382702,2,sum,1,0.9311692215208897,0.8370106761565836,0.8388017118402282,0.8352272727272727
0.9038299207176976,22,1,256,64,,0.18964590274548945,0.47431626453417725,0.969375068123143,0.1504882320382702,3,sum,1,0.9401863540727382,0.8577555396711937,0.8559201141226819,0.8595988538681948
0.9038299207176976,22,1,256,64,,0.18964590274548945,0.47431626453417725,0.969375068123143,0.1504882320382702,4,sum,1,0.9329726480312593,0.8401433691756273,0.8359486447931527,0.8443804034582133
0.9038299207176976,22,1,256,64,,0.18964590274548945,0.47431626453417725,0.969375068123143,0.1504882320382702,5,sum,1,0.9314697926059513,0.836441893830703,0.8316690442225392,0.8412698412698413
