alpha,K,layers,hidden_channels,out_channels,norm,dropout,margin,lpl_weight,ratio,seed,aggregation,pos_weight,accuracy,f1,recall,precision
0.5,20,1,256,256,,0.16771158989075194,0.5,0.9656574564197908,0.17783101264259005,1,sum,1,0.92936579501052,0.8290909090909091,0.8131241084165478,0.8456973293768546
0.5,20,1,256,256,,0.16771158989075194,0.5,0.9656574564197908,0.17783101264259005,2,sum,1,0.9302675082657048,0.8294117647058824,0.8045649072753209,0.8558421851289834
0.5,20,1,256,256,,0.16771158989075194,0.5,0.9656574564197908,0.17783101264259005,3,sum,1,0.9281635106702735,0.825674690007294,0.8074179743223966,0.844776119402985
0.5,20,1,256,256,,0.16771158989075194,0.5,0.9656574564197908,0.17783101264259005,4,sum,1,0.9296663660955816,0.8299418604651163,0.8145506419400856,0.845925925925926
0.5,20,1,256,256,,0.16771158989075194,0.5,0.9656574564197908,0.17783101264259005,5,sum,1,0.9275623685001503,0.8231841526045488,0.8002853067047075,0.8474320241691843
