alpha,K,layers,hidden_channels,out_channels,norm,dropout,margin,lpl_weight,ratio,seed,aggregation,pos_weight,accuracy,f1,recall,precision
0.5,16,2,256,128,,0.340344887577321,0.5,0.9246199706642603,0.14927938316649483,1,sum,1,0.9338743612864443,0.8419540229885057,0.8359486447931527,0.8480463096960926
0.5,16,2,256,128,,0.340344887577321,0.5,0.9246199706642603,0.14927938316649483,2,sum,1,0.9422903516681695,0.8618705035971223,0.854493580599144,0.8693759071117562
0.5,16,2,256,128,,0.340344887577321,0.5,0.9246199706642603,0.14927938316649483,3,sum,1,0.9383829275623685,0.8540925266903915,0.8559201141226819,0.8522727272727273
0.5,16,2,256,128,,0.340344887577321,0.5,0.9246199706642603,0.14927938316649483,4,sum,1,0.9413886384129847,0.8590021691973969,0.8473609129814551,0.8709677419354839
0.5,16,2,256,128,,0.340344887577321,0.5,0.9246199706642603,0.14927938316649483,5,sum,1,0.9383829275623685,0.8528356066044508,0.8473609129814551,0.8583815028901735
