alpha,K,layers,hidden_channels,out_channels,norm,dropout,margin,lpl_weight,ratio,seed,aggregation,pos_weight,accuracy,f1,recall,precision
0.5,15,2,256,128,,0.3843537674882792,0.5,0.9629604004423816,0.1508286358847477,1,sum,1,0.9365795010519988,0.8480921526277898,0.8402282453637661,0.8561046511627907
0.5,15,2,256,128,,0.3843537674882792,0.5,0.9629604004423816,0.1508286358847477,2,sum,1,0.9407874962428614,0.8595866001425517,0.8601997146932953,0.8589743589743589
0.5,15,2,256,128,,0.3843537674882792,0.5,0.9629604004423816,0.1508286358847477,3,sum,1,0.9419897805831079,0.8616487455197133,0.8573466476462197,0.8659942363112392
0.5,15,2,256,128,,0.3843537674882792,0.5,0.9629604004423816,0.1508286358847477,4,sum,1,0.9392846408175534,0.8559201141226819,0.8559201141226819,0.8559201141226819
0.5,15,2,256,128,,0.3843537674882792,0.5,0.9629604004423816,0.1508286358847477,5,sum,1,0.9353772167117523,0.8465381870092791,0.8459343794579173,0.8471428571428572
