K,layers,hidden_channels,out_channels,norm,lr,treatment,dropout,ratio,seed,aggregation,model_type,batch_size,rate_pairs,clusters,sampling,num_epochs,anomaly_detector,accuracy,f1,recall,precision,losses,test_accuracy,test_f1,test_recall,test_precision
11,1,128,64,,0.005,removal,0,0.2190323792967588,654,mean,GATConv,1024,10,50,sage,50,nearest_neighbors,nan,0.0,0.0,0.0,"[20.628870010375977, 20.629006385803223, 21.397560119628906, 20.7480788230896, 20.80487871170044, 20.13693141937256, 21.45186424255371, 20.664644241333008, 20.468331336975098, 20.716514587402344, 20.540730476379395, 20.195573329925537, 20.30588960647583, 20.054823398590088, 18.848422527313232, 19.729660987854004, 19.666243076324463, 18.94791603088379, 19.799339771270752, 19.203003883361816, 18.501952171325684, 18.79610300064087, 18.452810287475586, 18.253267765045166, 19.022260665893555, 17.87162971496582, 18.63115882873535, 18.524232864379883, 18.30698537826538, 18.48447322845459, 17.80675506591797, 17.47494077682495, 17.99322509765625, 17.324963092803955, 17.545803546905518, 16.70449137687683, 16.700733184814453, 16.669543266296387, 17.51872754096985, 17.331456661224365, 16.585203886032104, 16.561899185180664, 15.698780298233032, 16.118627071380615, 15.845387935638428, 15.763127088546753, 15.59065866470337, 15.28739047050476, 16.021493911743164, 15.640271186828613]",0.9146792072556265,0.6840796019900498,0.7834757834757835,0.6070640176600441
