alpha,K,layers,hidden_channels,out_channels,norm,dropout,margin,lpl_weight,ratio,seed,aggregation,pos_weight,accuracy,f1,recall,precision
0.9509141243248398,17,1,128,256,layernorm,0.28453398182016026,0.8189702975843942,0.37511014344825644,0.18808237879471637,1,sum,1,0.916741809437932,0.7982520029133284,0.7817403708987162,0.8154761904761905
0.9509141243248398,17,1,128,256,layernorm,0.28453398182016026,0.8189702975843942,0.37511014344825644,0.18808237879471637,2,sum,1,0.9086263901412684,0.7843971631205674,0.7888730385164051,0.7799717912552891
0.9509141243248398,17,1,128,256,layernorm,0.28453398182016026,0.8189702975843942,0.37511014344825644,0.18808237879471637,3,sum,1,0.9176435226931169,0.8017366136034733,0.7902995720399429,0.8135095447870778
0.9509141243248398,17,1,128,256,layernorm,0.28453398182016026,0.8189702975843942,0.37511014344825644,0.18808237879471637,4,sum,1,0.9101292455665765,0.7853553481694185,0.7803138373751783,0.7904624277456648
0.9509141243248398,17,1,128,256,layernorm,0.28453398182016026,0.8189702975843942,0.37511014344825644,0.18808237879471637,5,sum,1,0.9059212503757138,0.7749820273184759,0.7689015691868759,0.7811594202898551
