alpha,K,layers,hidden_channels,out_channels,norm,dropout,margin,lpl_weight,ratio,seed,aggregation,pos_weight,accuracy,f1,recall,precision
0.8433660153939461,19,1,256,128,,0.3306243834469158,0.5394849720924103,0.8549327808253165,0.13141209041001323,1,sum,1,0.9341749323715058,0.8390889052167524,0.8145506419400856,0.8651515151515151
0.8433660153939461,19,1,256,128,,0.3306243834469158,0.5394849720924103,0.8549327808253165,0.13141209041001323,2,sum,1,0.9392846408175534,0.8523391812865497,0.8316690442225392,0.8740629685157422
0.8433660153939461,19,1,256,128,,0.3306243834469158,0.5394849720924103,0.8549327808253165,0.13141209041001323,3,sum,1,0.941088067327923,0.8567251461988304,0.8359486447931527,0.8785607196401799
0.8433660153939461,19,1,256,128,,0.3306243834469158,0.5394849720924103,0.8549327808253165,0.13141209041001323,4,sum,1,0.9416892094980462,0.8573529411764705,0.8316690442225392,0.8846737481031867
0.8433660153939461,19,1,256,128,,0.3306243834469158,0.5394849720924103,0.8549327808253165,0.13141209041001323,5,sum,1,0.937180643222122,0.8468864468864469,0.8245363766048502,0.8704819277108434
