K,layers,hidden_channels,out_channels,norm,lr,treatment,dropout,ratio,seed,aggregation,model_type,batch_size,rate_pairs,reliable_mini_batch,clusters,pos_weight,accuracy,f1,recall,precision,losses
6,1,256,64,,0.007997943310296298,removal,0,0.10469932483973005,654,mean,GCNConv,15,9,True,400,0.31404767654965116,0.9275623685001503,0.8153256704980842,0.7589158345221113,0.8807947019867549,"[11.094441369175911, 10.3353570997715, 9.434309735894203, 8.571699991822243, 7.9410828202962875, 6.669018939137459, 6.124668389558792, 5.402280271053314, 4.720743089914322, 4.068694606423378, 3.615471638739109, 3.2171366438269615, 2.810955472290516, 2.5446177646517754, 2.301811773329973, 2.035356057807803, 1.879569336771965, 1.736145444214344, 1.5571199227124453, 1.4375023823231459, 1.3163611143827438, 1.2333794310688972, 1.135430907830596, 1.0642553381621838, 1.0050514917820692, 0.9321890622377396, 0.8680355660617352, 0.8025262476876378, 0.7685584761202335, 0.7326011005789042, 0.6879235981032252, 0.6593362214043736, 0.6104576587677002, 0.5899246567860246, 0.5578552484512329, 0.5391144100576639, 0.5022011157125235, 0.4795646658167243, 0.4700085842050612, 0.4396213204599917, 0.4365359842777252, 0.4132277723401785, 0.38417555019259453, 0.3632312030531466, 0.3629404492676258, 0.35211349045857787, 0.33420620998367667, 0.31982655404135585, 0.3184864968061447, 0.2951110312715173]"
