K,layers,hidden_channels,out_channels,norm,lr,treatment,dropout,ratio,seed,aggregation,model_type,batch_size,rate_pairs,reliable_mini_batch,clusters,accuracy,f1,recall,precision,losses
4,1,128,128,,0.005587433742185763,relabeling,0,0.17311310052744264,654,mean,SAGEConv,15,5,True,100,0.8806732792305381,0.7466496490108487,0.8345221112696148,0.6755196304849884,"[4.493098229169846, 4.077422380447388, 3.9799226820468903, 4.12132453918457, 3.962680011987686, 3.8608864843845367, 3.6864920258522034, 3.651692658662796, 3.6627425253391266, 3.5111044347286224, 3.466225266456604, 3.3804009556770325, 3.330621689558029, 3.38281512260437, 3.1480194330215454, 3.1402851343154907, 3.1588994562625885, 3.1778903901576996, 2.9514814019203186, 2.922774165868759, 2.8338039219379425, 2.711702972650528, 2.628592699766159, 2.6288863122463226, 2.561074048280716, 2.4852702021598816, 2.4008857011795044, 2.451022297143936, 2.2631621956825256, 2.2116333544254303, 2.16614431142807, 2.1134330332279205, 2.117467075586319, 2.003270924091339, 1.9798498451709747, 1.904914066195488, 1.872132807970047, 1.8117635250091553, 1.7281723320484161, 1.7258122116327286, 1.6880943477153778, 1.6315692514181137, 1.6056174635887146, 1.5547871589660645, 1.5558443069458008, 1.4788128584623337, 1.4676870107650757, 1.4132712483406067, 1.3971016705036163, 1.3357676714658737]"
