alpha,K,layers,hidden_channels,out_channels,norm,dropout,margin,lpl_weight,ratio,seed,aggregation,pos_weight,accuracy,f1,recall,precision
0.7030275727256826,17,1,128,64,layernorm,0.024298657707844697,0.6389703878655975,0.6015089815236773,0.048054804727680915,1,mean,1,0.916741809437932,0.7638533674339301,0.6390870185449358,0.9491525423728814
0.7030275727256826,17,1,128,64,layernorm,0.024298657707844697,0.6389703878655975,0.6015089815236773,0.048054804727680915,2,mean,1,0.9116321009918846,0.746551724137931,0.6176890156918687,0.9433551198257081
0.7030275727256826,17,1,128,64,layernorm,0.024298657707844697,0.6389703878655975,0.6015089815236773,0.048054804727680915,3,mean,1,0.919146378118425,0.7694944301628106,0.6405135520684736,0.9635193133047211
0.7030275727256826,17,1,128,64,layernorm,0.024298657707844697,0.6389703878655975,0.6015089815236773,0.048054804727680915,4,mean,1,0.9080252479711451,0.7311072056239016,0.5934379457917262,0.9519450800915332
0.7030275727256826,17,1,128,64,layernorm,0.024298657707844697,0.6389703878655975,0.6015089815236773,0.048054804727680915,5,mean,1,0.9140366696723775,0.7547169811320755,0.6276747503566333,0.946236559139785
