alpha,K,layers,hidden_channels,out_channels,norm,dropout,margin,lpl_weight,ratio,seed,aggregation,pos_weight,accuracy,f1,recall,precision
0.5,17,2,256,128,,0.21532075553667268,0.5,0.9058777366220854,0.11131099843284799,1,sum,1,0.9239555154794109,0.8021892103205629,0.7318116975748931,0.8875432525951558
0.5,17,2,256,128,,0.21532075553667268,0.5,0.9058777366220854,0.11131099843284799,2,sum,1,0.9203486624586715,0.7937743190661478,0.7275320970042796,0.8732876712328768
0.5,17,2,256,128,,0.21532075553667268,0.5,0.9058777366220854,0.11131099843284799,3,sum,1,0.9239555154794109,0.8021892103205629,0.7318116975748931,0.8875432525951558
0.5,17,2,256,128,,0.21532075553667268,0.5,0.9058777366220854,0.11131099843284799,4,sum,1,0.9155395250976857,0.7820015515903801,0.7189728958630528,0.8571428571428571
0.5,17,2,256,128,,0.21532075553667268,0.5,0.9058777366220854,0.11131099843284799,5,sum,1,0.9305680793507665,0.8216216216216217,0.7589158345221113,0.8956228956228957
