alpha,K,layers,hidden_channels,out_channels,norm,dropout,margin,lpl_weight,ratio,seed,aggregation,pos_weight,accuracy,f1,recall,precision
0.5,15,1,256,256,,0.05777088165973167,0.5,0.8190383925525129,0.13953656368356535,1,sum,1,0.9212503757138564,0.8018154311649016,0.7560627674750356,0.8534621578099839
0.5,15,1,256,256,,0.05777088165973167,0.5,0.8190383925525129,0.13953656368356535,2,sum,1,0.9275623685001503,0.8202833706189411,0.7845934379457917,0.859375
0.5,15,1,256,256,,0.05777088165973167,0.5,0.8190383925525129,0.13953656368356535,3,sum,1,0.9320709347760745,0.8290468986384266,0.7817403708987162,0.8824476650563607
0.5,15,1,256,256,,0.05777088165973167,0.5,0.8190383925525129,0.13953656368356535,4,sum,1,0.9296663660955816,0.823262839879154,0.7774607703281027,0.8747993579454254
0.5,15,1,256,256,,0.05777088165973167,0.5,0.8190383925525129,0.13953656368356535,5,sum,1,0.9275623685001503,0.8167300380228137,0.7660485021398002,0.8745928338762216
