alpha,K,layers,hidden_channels,out_channels,norm,dropout,margin,lpl_weight,ratio,seed,aggregation,pos_weight,accuracy,f1,recall,precision
0.5,15,1,256,256,,0.08213716830341158,0.5,0.5875289089327923,0.22751095767770646,1,sum,1,0.9242560865644724,0.8217821782178217,0.8288159771754636,0.814866760168303
0.5,15,1,256,256,,0.08213716830341158,0.5,0.5875289089327923,0.22751095767770646,2,sum,1,0.9290652239254583,0.8361111111111111,0.8587731811697575,0.8146143437077131
0.5,15,1,256,256,,0.08213716830341158,0.5,0.5875289089327923,0.22751095767770646,3,sum,1,0.9254583709047189,0.8272980501392758,0.8473609129814551,0.8081632653061225
0.5,15,1,256,256,,0.08213716830341158,0.5,0.5875289089327923,0.22751095767770646,4,sum,1,0.9245566576495341,0.8258154059680777,0.8487874465049928,0.8040540540540541
0.5,15,1,256,256,,0.08213716830341158,0.5,0.5875289089327923,0.22751095767770646,5,sum,1,0.9302675082657048,0.8382147838214784,0.8573466476462197,0.819918144611187
