alpha,K,layers,hidden_channels,out_channels,norm,dropout,margin,lpl_weight,ratio,seed,aggregation,pos_weight,accuracy,f1,recall,precision
0.06068332103207913,24,1,32,128,,0.34283272211654553,0.5426474722109346,0.32238817309898005,0.19710778435967607,1,sum,1,0.8917944093778178,0.7372262773722628,0.7203994293865906,0.7548579970104634
0.06068332103207913,24,1,32,128,,0.34283272211654553,0.5426474722109346,0.32238817309898005,0.19710778435967607,2,sum,1,0.9020138262699129,0.762043795620438,0.7446504992867332,0.7802690582959642
0.06068332103207913,24,1,32,128,,0.34283272211654553,0.5426474722109346,0.32238817309898005,0.19710778435967607,3,sum,1,0.9029155395250977,0.7609178386380459,0.7332382310984308,0.7907692307692308
0.06068332103207913,24,1,32,128,,0.34283272211654553,0.5426474722109346,0.32238817309898005,0.19710778435967607,4,sum,1,0.8884881274421401,0.7208427389014297,0.6833095577746077,0.7627388535031847
0.06068332103207913,24,1,32,128,,0.34283272211654553,0.5426474722109346,0.32238817309898005,0.19710778435967607,5,sum,1,0.9038172527802826,0.7687861271676301,0.7589158345221113,0.7789165446559297
