K,layers,hidden_channels,out_channels,norm,lr,treatment,dropout,ratio,seed,aggregation,model_type,batch_size,rate_pairs,clusters,sampling,num_epochs,anomaly_detector,accuracy,f1,recall,precision,losses,test_accuracy,test_f1,test_recall,test_precision
3,1,128,128,,0.005,removal,0,0.25946747985887997,654,mean,GATConv,2048,10,50,sage,100,nearest_neighbors,nan,0.0,0.0,0.0,"[1.5051745772361755, 1.3082480430603027, 1.2870612144470215, 1.2931500673294067, 1.279335379600525, 1.289331078529358, 1.2876115441322327, 1.3016849756240845, 1.2513919472694397, 1.2621271014213562, 1.2738026976585388, 1.2411500215530396, 1.2512279748916626, 1.2406966090202332, 1.222931683063507, 1.2248650789260864, 1.1957422494888306, 1.2156864404678345, 1.2418840527534485, 1.2150195240974426, 1.1920430660247803, 1.2134386897087097, 1.1903951168060303, 1.1526498794555664, 1.1971829533576965, 1.183864712715149, 1.1534379124641418, 1.140055239200592, 1.1415971517562866, 1.1289734244346619, 1.134902536869049, 1.1468819975852966, 1.1222869157791138, 1.1097805500030518, 1.114778995513916, 1.0970103740692139, 1.097099483013153, 1.0836528539657593, 1.0853883624076843, 1.1093703508377075, 1.0631034970283508, 1.0692733526229858, 1.0582281947135925, 1.0609029531478882, 1.0362955331802368, 1.037762701511383, 1.0440905690193176, 1.0272681713104248, 1.019893229007721, 1.0105273127555847, 1.0031703114509583, 1.000172197818756, 0.9969809949398041, 0.9915112555027008, 0.9861201345920563, 0.9638613760471344, 0.9605985283851624, 0.9604248702526093, 0.9789220988750458, 0.9496566951274872, 0.9478574693202972, 0.9412819445133209, 0.9340104162693024, 0.925243616104126, 0.9215653836727142, 0.9026336669921875, 0.9163562059402466, 0.900786817073822, 0.8878050446510315, 0.8958556652069092, 0.8835864961147308, 0.8811793625354767, 0.8871845602989197, 0.8599860668182373, 0.8558906018733978, 0.8406481444835663, 0.8414669036865234, 0.8489969670772552, 0.8257192671298981, 0.8274590969085693, 0.8249192535877228, 0.8155989348888397, 0.8067237734794617, 0.8218985199928284, 0.7919578850269318, 0.796502023935318, 0.7944077849388123, 0.7600015699863434, 0.7800494730472565, 0.7718925476074219, 0.77204230427742, 0.7703161835670471, 0.7666976451873779, 0.757058709859848, 0.7491456568241119, 0.7576232254505157, 0.7405873239040375, 0.7462330162525177, 0.7335958778858185, 0.7132282257080078]",0.9187101108498489,0.7041564792176039,0.8205128205128205,0.6167023554603854
