K,layers,hidden_channels,out_channels,norm,lr,treatment,dropout,ratio,seed,aggregation,model_type,batch_size,rate_pairs,clusters,sampling,num_epochs,anomaly_detector,accuracy,f1,recall,precision,losses,test_accuracy,test_f1,test_recall,test_precision
7,1,128,64,,0.0031395463361045296,removal,0,0.22283853039130327,654,mean,GATConv,512,11,50,sage,100,nearest_neighbors,0.6818181818181818,0.8108108108108109,0.6818181818181818,1.0,"[8.92476236820221, 8.821364879608154, 8.733148336410522, 8.6322340965271, 8.507286190986633, 8.61588203907013, 8.432206988334656, 8.131263613700867, 8.34225332736969, 8.266666889190674, 8.19919466972351, 8.033605098724365, 8.335707902908325, 7.734785795211792, 7.78960382938385, 7.904975533485413, 7.761460483074188, 7.468037962913513, 7.707309603691101, 7.471056699752808, 7.331416726112366, 7.383867800235748, 7.359757959842682, 7.116484999656677, 7.238527357578278, 6.928072512149811, 6.951804459095001, 6.7012776136398315, 6.705826163291931, 6.6192774176597595, 6.559040546417236, 6.411764144897461, 6.565187990665436, 6.491639971733093, 6.410361588001251, 6.288267076015472, 6.13829243183136, 6.112983703613281, 6.0334649085998535, 6.000791966915131, 6.030593693256378, 5.8437787890434265, 5.692747473716736, 5.645345032215118, 5.631655037403107, 5.571941137313843, 5.424667656421661, 5.4113112688064575, 5.269733250141144, 5.234987378120422, 5.151219487190247, 5.0968669056892395, 5.0337764620780945, 4.952398121356964, 4.892960429191589, 4.797199785709381, 4.737588822841644, 4.762839674949646, 4.660065650939941, 4.511587381362915, 4.471892595291138, 4.49628758430481, 4.431135952472687, 4.252259254455566, 4.2110236287117, 4.195645332336426, 4.0525118708610535, 4.054627180099487, 3.9689233899116516, 3.929894208908081, 3.886167585849762, 3.9017386436462402, 3.8190186619758606, 3.7818268537521362, 3.6828224658966064, 3.568433254957199, 3.5352920591831207, 3.5331067740917206, 3.4543098509311676, 3.435896158218384, 3.382496863603592, 3.3683130741119385, 3.2030088901519775, 3.2535729706287384, 3.125940293073654, 3.1103792786598206, 3.105375289916992, 3.038811206817627, 3.0154025554656982, 2.9848017394542694, 2.9212765395641327, 2.9056268632411957, 2.8273676335811615, 2.8155114352703094, 2.7721839249134064, 2.735956847667694, 2.6916755735874176, 2.6817642748355865, 2.620032399892807, 2.6055813431739807]",0.9230538022242261,0.8174037089871612,0.8174037089871612,0.8174037089871612
