alpha,K,layers,hidden_channels,out_channels,norm,dropout,margin,lpl_weight,ratio,seed,aggregation,pos_weight,accuracy,f1,recall,precision
0.8770679892227341,23,1,128,256,graphnorm,0.09675612306700476,0.5451666834489073,0.3277854013075137,0.11389186360036355,1,sum,1,0.933273219116321,0.8340807174887892,0.7960057061340942,0.8759811616954474
0.8770679892227341,23,1,128,256,graphnorm,0.09675612306700476,0.5451666834489073,0.3277854013075137,0.11389186360036355,2,sum,1,0.9362789299669372,0.8417910447761194,0.8045649072753209,0.8826291079812206
0.8770679892227341,23,1,128,256,graphnorm,0.09675612306700476,0.5451666834489073,0.3277854013075137,0.11389186360036355,3,sum,1,0.9386834986474302,0.8473053892215568,0.8074179743223966,0.8913385826771654
0.8770679892227341,23,1,128,256,graphnorm,0.09675612306700476,0.5451666834489073,0.3277854013075137,0.11389186360036355,4,sum,1,0.9362789299669372,0.8413173652694611,0.8017118402282454,0.8850393700787401
0.8770679892227341,23,1,128,256,graphnorm,0.09675612306700476,0.5451666834489073,0.3277854013075137,0.11389186360036355,5,sum,1,0.9326720769461978,0.8338278931750742,0.8017118402282454,0.8686244204018547
