alpha,K,layers,hidden_channels,out_channels,norm,dropout,margin,lpl_weight,ratio,seed,aggregation,pos_weight,accuracy,f1,recall,precision
0.8216071892006941,17,2,128,128,graphnorm,0.19038484036076897,0.6011020071327242,0.5035545081662638,0.12674137868477833,1,sum,1,0.9344755034565675,0.841799709724238,0.8273894436519258,0.8567208271787297
0.8216071892006941,17,2,128,128,graphnorm,0.19038484036076897,0.6011020071327242,0.5035545081662638,0.12674137868477833,2,sum,1,0.9368800721370604,0.8478260869565217,0.8345221112696148,0.8615611192930781
0.8216071892006941,17,2,128,128,graphnorm,0.19038484036076897,0.6011020071327242,0.5035545081662638,0.12674137868477833,3,sum,1,0.9359783588818755,0.843956043956044,0.8216833095577746,0.8674698795180723
0.8216071892006941,17,2,128,128,graphnorm,0.19038484036076897,0.6011020071327242,0.5035545081662638,0.12674137868477833,4,sum,1,0.9383829275623685,0.8491537895511405,0.8231098430813124,0.8768996960486323
0.8216071892006941,17,2,128,128,graphnorm,0.19038484036076897,0.6011020071327242,0.5035545081662638,0.12674137868477833,5,sum,1,0.9341749323715058,0.8407272727272728,0.8245363766048502,0.857566765578635
