K,layers,hidden_channels,out_channels,norm,lr,treatment,dropout,ratio,seed,aggregation,model_type,batch_size,rate_pairs,reliable_mini_batch,clusters,pos_weight,accuracy,f1,recall,precision,losses
5,1,256,64,,0.007946743558848982,removal,0,0.1264704194517244,654,mean,GCNConv,5,8,True,200,0.23110530586847758,0.9278629395852119,0.8214285714285714,0.7874465049928673,0.8584758942457231,"[9.884049076586962, 9.086108215153217, 7.8102987334132195, 6.398768583312631, 5.445540528744459, 4.694640243425965, 3.87896442739293, 3.2875998243689537, 2.579029694199562, 2.274066623300314, 1.96480006352067, 1.660888675134629, 1.4724045936018229, 1.3468320077518001, 1.183849047520198, 1.0646501276642084, 0.9868764393031597, 0.8478221101686358, 0.7973399551119655, 0.7341573508456349, 0.6772680811118335, 0.645931345410645, 0.5524149397388101, 0.5329882688820362, 0.4848191836499609, 0.4529596916399896, 0.4321154304780066, 0.38578318239888176, 0.376774238422513, 0.35981916252058, 0.3373689725995064, 0.32487166952341795, 0.29444216535193846, 0.2861722691450268, 0.2715087179094553, 0.2576692430302501, 0.2421503720106557, 0.23060964835167397, 0.2260577001143247, 0.21555490570608526, 0.2053809807403013, 0.18875314004253596, 0.18765465775504708, 0.18784927384695038, 0.21532547404058278, 0.18632668477948755, 0.1731151199201122, 0.15884231397649273, 0.1729825753145633, 0.14888585050357506]"
