K,layers,hidden_channels,out_channels,norm,lr,treatment,dropout,ratio,seed,aggregation,model_type,batch_size,rate_pairs,reliable_mini_batch,clusters,pos_weight,accuracy,f1,recall,precision,losses
6,2,256,256,,0.005400212497450112,removal,0,0.14206335251989377,654,mean,GATConv,15,4,True,100,0.6891298231218115,0.9344755034565675,0.8302180685358256,0.760342368045649,0.9142367066895368,"[4.07757368683815, 3.905983954668045, 3.8413407504558563, 3.8387778103351593, 3.918914645910263, 3.682124227285385, 3.673975795507431, 3.7498037219047546, 3.5690600275993347, 3.687420070171356, 3.5372203588485718, 3.440891146659851, 3.388776272535324, 3.349467933177948, 3.3354258239269257, 3.253504991531372, 3.2641623616218567, 3.108465790748596, 3.1405800879001617, 3.1587581038475037, 3.006320148706436, 2.944433778524399, 2.944935441017151, 2.8817832469940186, 2.8254502713680267, 2.6958134472370148, 2.670834243297577, 2.6141881942749023, 2.4404134899377823, 2.520896703004837, 2.3909651935100555, 2.353831499814987, 2.2861916720867157, 2.1989490687847137, 2.171222671866417, 2.2174759805202484, 2.10568867623806, 2.0017493665218353, 1.9255568981170654, 1.898512378334999, 1.8536530435085297, 1.7714367657899857, 1.84027661383152, 1.7287391424179077, 1.661526083946228, 1.6358289122581482, 1.6192670166492462, 1.550849661231041, 1.497412383556366, 1.4822367578744888]"
