alpha,K,layers,hidden_channels,out_channels,norm,dropout,margin,lpl_weight,ratio,seed,aggregation,pos_weight,accuracy,f1,recall,precision
0.5,25,2,128,256,,0.006530219717649645,0.5,0.9559196535151637,0.24696382014932433,1,sum,1,0.9221520889690412,0.8105340160936357,0.7902995720399429,0.8318318318318318
0.5,25,2,128,256,,0.006530219717649645,0.5,0.9559196535151637,0.24696382014932433,2,sum,1,0.9194469492034866,0.8104667609618105,0.8174037089871612,0.8036465638148668
0.5,25,2,128,256,,0.006530219717649645,0.5,0.9559196535151637,0.24696382014932433,3,sum,1,0.9137360985873159,0.7945597709377237,0.7917261055634808,0.7974137931034483
0.5,25,2,128,256,,0.006530219717649645,0.5,0.9559196535151637,0.24696382014932433,4,sum,1,0.9176435226931169,0.8073136427566807,0.818830242510699,0.7961165048543689
0.5,25,2,128,256,,0.006530219717649645,0.5,0.9559196535151637,0.24696382014932433,5,sum,1,0.916741809437932,0.8025659301496793,0.8031383737517832,0.801994301994302
