K,layers,hidden_channels,out_channels,norm,lr,treatment,dropout,ratio,seed,aggregation,model_type,batch_size,rate_pairs,clusters,sampling,num_epochs,anomaly_detector,accuracy,f1,recall,precision,losses,test_accuracy,test_f1,test_recall,test_precision
7,2,64,128,,0.005,removal,0,0.21213287083670887,654,mean,GATConv,4000,10,50,sage,100,nearest_neighbors,nan,0.0,0.0,0.0,"[1.0088907480239868, 0.9525933265686035, 0.9529390931129456, 0.9541160464286804, 0.9516597986221313, 0.9469096064567566, 0.9468600749969482, 0.9428027868270874, 0.9439367651939392, 0.9422235488891602, 0.9448732137680054, 0.937481701374054, 0.9299490451812744, 0.9360533356666565, 0.9318660497665405, 0.9321743249893188, 0.9363089799880981, 0.9340288043022156, 0.9252618551254272, 0.9275797009468079, 0.925946056842804, 0.9290168881416321, 0.9216683506965637, 0.9220696091651917, 0.9221240878105164, 0.9209482073783875, 0.9176937341690063, 0.9165568351745605, 0.9120675921440125, 0.9143726825714111, 0.9182383418083191, 0.9125474095344543, 0.9104675650596619, 0.9067344665527344, 0.910868763923645, 0.9047518372535706, 0.904936671257019, 0.9021362662315369, 0.9029775857925415, 0.8965786099433899, 0.8985921740531921, 0.9015166163444519, 0.8976927995681763, 0.8978362679481506, 0.8937416672706604, 0.8908179998397827, 0.8903111219406128, 0.886806845664978, 0.8852933049201965, 0.8846082091331482, 0.8819772601127625, 0.8805887699127197, 0.8793318867683411, 0.8834441900253296, 0.878538191318512, 0.875152587890625, 0.8777832984924316, 0.873984694480896, 0.8716670274734497, 0.869566798210144, 0.8687955737113953, 0.8681920766830444, 0.8674842119216919, 0.8643689155578613, 0.8603214621543884, 0.86405348777771, 0.8616605997085571, 0.8594015836715698, 0.8560175895690918, 0.8518802523612976, 0.8513676524162292, 0.8491821885108948, 0.8507989645004272, 0.851442277431488, 0.8491836190223694, 0.8428933024406433, 0.8436272740364075, 0.8413187861442566, 0.8438238501548767, 0.8423815965652466, 0.8415853977203369, 0.8377774357795715, 0.834086000919342, 0.8328646421432495, 0.8318129181861877, 0.8291715979576111, 0.8300749063491821, 0.8298585414886475, 0.8280662894248962, 0.8255558609962463, 0.8232049942016602, 0.825171709060669, 0.8208621144294739, 0.8182857632637024, 0.8199641108512878, 0.8197537660598755, 0.8130474090576172, 0.8093447089195251, 0.8109749555587769, 0.8085539937019348]",0.9140073899899227,0.6604774535809018,0.7094017094017094,0.6178660049627791
