K,layers,hidden_channels,out_channels,norm,lr,treatment,dropout,ratio,seed,aggregation,model_type,batch_size,rate_pairs,clusters,sampling,num_epochs,anomaly_detector,accuracy,f1,recall,precision,losses
3,1,256,256,,0.006802062608770018,removal,0,0.16537060598215303,654,mean,GCNConv,5,5,50,cluster,100,nearest_neighbors,0.933273219116321,0.8412017167381974,0.8388017118402282,0.8436154949784792,"[6.838977217674255, 6.127137660980225, 6.176882952451706, 6.126881957054138, 5.7036309242248535, 5.47340589761734, 5.322789937257767, 5.347153067588806, 4.999185740947723, 4.902681797742844, 4.745531618595123, 4.444424510002136, 4.096456438302994, 3.9606307446956635, 3.8880695104599, 3.5729895681142807, 3.491150289773941, 3.3228746354579926, 3.1848891377449036, 2.9969904124736786, 2.8317876756191254, 2.786208391189575, 2.6906984746456146, 2.4715296626091003, 2.5098166912794113, 2.370920956134796, 2.238929659128189, 2.138661712408066, 2.0497941970825195, 1.9395836293697357, 1.8783440589904785, 1.8371466547250748, 1.7856987863779068, 1.6808872818946838, 1.586599513888359, 1.5301086530089378, 1.4820947498083115, 1.4772368222475052, 1.364516593515873, 1.351833514869213, 1.2981832176446915, 1.2734690979123116, 1.2331848219037056, 1.1901544332504272, 1.2041194438934326, 1.1164501756429672, 1.1167515367269516, 1.0767612904310226, 1.0323182195425034, 0.9835246801376343, 0.9662303626537323, 0.9513440430164337, 0.9192595109343529, 0.8870994970202446, 0.8806741908192635, 0.8361291736364365, 0.809271328151226, 0.7701856680214405, 0.7492015063762665, 0.7421799302101135, 0.7665161117911339, 0.7106144912540913, 0.7011976130306721, 0.7113446854054928, 0.6944118849933147, 0.6329706460237503, 0.6248951964080334, 0.6462772637605667, 0.6020769625902176, 0.5905870124697685, 0.591373797506094, 0.5816105343401432, 0.5673316419124603, 0.5349010042846203, 0.5564119480550289, 0.5242444761097431, 0.5222756452858448, 0.5137529969215393, 0.4881855398416519, 0.49089549481868744, 0.4730955734848976, 0.46783654391765594, 0.4568253420293331, 0.450743418186903, 0.4675160199403763, 0.44810572639107704, 0.4287233129143715, 0.41543806716799736, 0.397069139406085, 0.4259572923183441, 0.39597390964627266, 0.4018509406596422, 0.37937402725219727, 0.3787713013589382, 0.3649677075445652, 0.3716823235154152, 0.3492234814912081, 0.35588221065700054, 0.3324493523687124, 0.3530384190380573]"
