K,layers,hidden_channels,out_channels,norm,lr,treatment,dropout,ratio,seed,aggregation,model_type,batch_size,rate_pairs,clusters,sampling,num_epochs,anomaly_detector,accuracy,f1,recall,precision,losses,test_accuracy,test_f1,test_recall,test_precision
16,1,64,64,,0.005,removal,0,0.2455845304493778,654,mean,GCNConv,1024,10,50,sage,50,nearest_neighbors,nan,0.0,0.0,0.0,"[23.003401279449463, 23.01715087890625, 22.703129291534424, 24.11837387084961, 22.263168334960938, 23.9514799118042, 24.79009437561035, 22.423401355743408, 22.98807668685913, 22.880955696105957, 22.792386054992676, 21.664448261260986, 22.56006956100464, 22.80063533782959, 21.89670991897583, 22.382657527923584, 22.388463497161865, 21.699100017547607, 22.09364652633667, 23.009462356567383, 23.14458179473877, 21.9793963432312, 21.61198854446411, 21.795544624328613, 22.268913745880127, 21.500196933746338, 21.438193798065186, 21.28582239151001, 20.96962881088257, 20.613389015197754, 19.61882257461548, 20.65157461166382, 19.994437217712402, 20.27088212966919, 21.008156299591064, 20.499550819396973, 20.271376609802246, 19.625443935394287, 19.432151317596436, 19.199748516082764, 19.856337070465088, 19.123950958251953, 19.68734359741211, 18.991085052490234, 18.63100004196167, 19.19134759902954, 17.964969635009766, 18.465501308441162, 17.349923133850098, 18.26714849472046]",0.9133355727242191,0.6822660098522167,0.7891737891737892,0.6008676789587852
