alpha,K,layers,hidden_channels,out_channels,norm,dropout,margin,lpl_weight,ratio,seed,aggregation,pos_weight,accuracy,f1,recall,precision
0.5,15,1,256,256,,0.07176710234478799,0.5,0.53982787000985,0.2272577139694543,1,sum,1,0.919146378118425,0.8085409252669039,0.8102710413694721,0.8068181818181818
0.5,15,1,256,256,,0.07176710234478799,0.5,0.53982787000985,0.2272577139694543,2,sum,1,0.9272617974150886,0.8317107093184979,0.8530670470756063,0.8113975576662144
0.5,15,1,256,256,,0.07176710234478799,0.5,0.53982787000985,0.2272577139694543,3,sum,1,0.9281635106702735,0.831095406360424,0.8388017118402282,0.8235294117647058
0.5,15,1,256,256,,0.07176710234478799,0.5,0.53982787000985,0.2272577139694543,4,sum,1,0.9275623685001503,0.8320557491289199,0.8516405135520685,0.8133514986376021
0.5,15,1,256,256,,0.07176710234478799,0.5,0.53982787000985,0.2272577139694543,5,sum,1,0.933273219116321,0.8447552447552448,0.8616262482168331,0.8285322359396433
