alpha,K,layers,hidden_channels,out_channels,norm,dropout,margin,lpl_weight,ratio,seed,aggregation,pos_weight,accuracy,f1,recall,precision
0.5,23,1,256,256,,0.2550689242838403,0.5,0.8115243284744851,0.23516742374960325,1,sum,1,0.9209498046287947,0.8162124388539483,0.833095577746077,0.8
0.5,23,1,256,256,,0.2550689242838403,0.5,0.8115243284744851,0.23516742374960325,2,sum,1,0.9227532311391644,0.8176011355571328,0.8216833095577746,0.8135593220338984
0.5,23,1,256,256,,0.2550689242838403,0.5,0.8115243284744851,0.23516742374960325,3,sum,1,0.9245566576495341,0.8200716845878137,0.8159771754636234,0.8242074927953891
0.5,23,1,256,256,,0.2550689242838403,0.5,0.8115243284744851,0.23516742374960325,4,sum,1,0.9218515178839796,0.8169014084507042,0.8273894436519258,0.8066759388038943
0.5,23,1,256,256,,0.2550689242838403,0.5,0.8115243284744851,0.23516742374960325,5,sum,1,0.9290652239254583,0.8314285714285714,0.8302425106990015,0.8326180257510729
