K,layers,hidden_channels,out_channels,norm,lr,treatment,dropout,ratio,seed,aggregation,model_type,batch_size,rate_pairs,clusters,sampling,num_epochs,anomaly_detector,accuracy,f1,recall,precision,losses,test_accuracy,test_f1,test_recall,test_precision
8,2,128,64,,0.005,removal,0,0.16191034514562316,654,mean,GCNConv,1024,10,50,sage,100,nearest_neighbors,0.4318181818181818,0.6031746031746031,0.4318181818181818,1.0,"[5.240227937698364, 5.073500394821167, 4.957136392593384, 4.984923601150513, 5.122084021568298, 4.872235655784607, 4.841042995452881, 4.944639563560486, 4.793577671051025, 4.646744251251221, 4.513393402099609, 4.625020146369934, 4.731437802314758, 4.815336108207703, 4.788870573043823, 4.551798462867737, 4.542773365974426, 4.521994352340698, 4.45755660533905, 4.544252038002014, 4.487139940261841, 4.316931128501892, 4.6232054233551025, 4.389530539512634, 4.295393586158752, 4.312953948974609, 4.197674214839935, 4.121981859207153, 3.9743785858154297, 3.9961323142051697, 3.986376106739044, 4.065772533416748, 4.067763924598694, 3.973575234413147, 4.012930870056152, 3.9074968099594116, 3.7681666016578674, 3.767711043357849, 3.9449374079704285, 3.8236887454986572, 3.7095097303390503, 3.5157328844070435, 3.5462828278541565, 3.6661365628242493, 3.691912531852722, 3.5043838024139404, 3.6572683453559875, 3.3730223178863525, 3.374901831150055, 3.433833420276642, 3.4983421564102173, 3.1807432174682617, 3.2283583283424377, 3.2774709463119507, 3.250778317451477, 3.2307469248771667, 3.1398775577545166, 3.021666467189789, 3.0784369707107544, 2.950480103492737, 2.849023699760437, 2.895098090171814, 2.865789532661438, 2.8860005736351013, 2.721340775489807, 2.723710834980011, 2.8142983317375183, 2.7523304224014282, 2.70443856716156, 2.6886743307113647, 2.656765341758728, 2.581088423728943, 2.4993547797203064, 2.55163836479187, 2.417045831680298, 2.418685257434845, 2.4185746908187866, 2.395382344722748, 2.3491629362106323, 2.3245646357536316, 2.3019042015075684, 2.3117117285728455, 2.1815903186798096, 2.238189697265625, 2.2057172060012817, 2.126675546169281, 2.1641528606414795, 2.068425953388214, 2.086401045322418, 2.0606192648410797, 2.0098597705364227, 1.9587597250938416, 1.9499962031841278, 1.918751060962677, 1.9187674820423126, 1.9187921583652496, 1.8411196172237396, 1.8119951486587524, 1.8618980944156647, 1.810573011636734]",0.9161406672678089,0.7692307692307693,0.6633380884450785,0.9153543307086615
