alpha,K,layers,hidden_channels,out_channels,norm,dropout,margin,lpl_weight,ratio,seed,aggregation,pos_weight,accuracy,f1,recall,precision
0.5,20,1,256,256,,0.17083301217028599,0.5,0.9220368000324703,0.16838203766236784,1,sum,1,0.9305680793507665,0.8332129963898917,0.8231098430813124,0.8435672514619883
0.5,20,1,256,256,,0.17083301217028599,0.5,0.9220368000324703,0.16838203766236784,2,sum,1,0.9260595130748422,0.8185840707964602,0.7917261055634808,0.8473282442748091
0.5,20,1,256,256,,0.17083301217028599,0.5,0.9220368000324703,0.16838203766236784,3,sum,1,0.9296663660955816,0.8279411764705882,0.8031383737517832,0.8543247344461306
0.5,20,1,256,256,,0.17083301217028599,0.5,0.9220368000324703,0.16838203766236784,4,sum,1,0.9311692215208897,0.8317413666421749,0.8074179743223966,0.8575757575757575
0.5,20,1,256,256,,0.17083301217028599,0.5,0.9220368000324703,0.16838203766236784,5,sum,1,0.933273219116321,0.8377192982456141,0.8174037089871612,0.8590704647676162
