alpha,K,layers,hidden_channels,out_channels,norm,dropout,margin,lpl_weight,ratio,seed,aggregation,pos_weight,accuracy,f1,recall,precision
0.5,23,1,256,256,,0.07282598777062604,0.5,0.8093953138334479,0.20415798451201167,1,mean,1,0.9239555154794109,0.820694542877392,0.8259629101283881,0.8154929577464789
0.5,23,1,256,256,,0.07282598777062604,0.5,0.8093953138334479,0.20415798451201167,2,mean,1,0.9347760745416291,0.8424110384894699,0.8273894436519258,0.8579881656804734
0.5,23,1,256,256,,0.07282598777062604,0.5,0.8093953138334479,0.20415798451201167,3,mean,1,0.9296663660955816,0.8333333333333334,0.8345221112696148,0.8321479374110953
0.5,23,1,256,256,,0.07282598777062604,0.5,0.8093953138334479,0.20415798451201167,4,mean,1,0.9248572287345957,0.8214285714285714,0.8202567760342369,0.8226037195994278
0.5,23,1,256,256,,0.07282598777062604,0.5,0.8093953138334479,0.20415798451201167,5,mean,1,0.9257589419897806,0.8226848528356066,0.8174037089871612,0.8280346820809249
