alpha,K,layers,hidden_channels,out_channels,norm,dropout,margin,lpl_weight,ratio,seed,aggregation,pos_weight,accuracy,f1,recall,precision
0.5,15,2,256,128,,0.35035085793218007,0.5,0.9293170625529804,0.16373946153882885,1,sum,1,0.9326720769461978,0.8404558404558404,0.8416547788873039,0.8392603129445235
0.5,15,2,256,128,,0.35035085793218007,0.5,0.9293170625529804,0.16373946153882885,2,sum,1,0.9353772167117523,0.8480565371024735,0.8559201141226819,0.8403361344537815
0.5,15,2,256,128,,0.35035085793218007,0.5,0.9293170625529804,0.16373946153882885,3,sum,1,0.9374812143071837,0.8531073446327684,0.8616262482168331,0.8447552447552448
0.5,15,2,256,128,,0.35035085793218007,0.5,0.9293170625529804,0.16373946153882885,4,sum,1,0.9386834986474302,0.8553191489361702,0.8601997146932953,0.8504936530324401
0.5,15,2,256,128,,0.35035085793218007,0.5,0.9293170625529804,0.16373946153882885,5,sum,1,0.9380823564773069,0.8539007092198582,0.8587731811697575,0.849083215796897
