alpha,K,layers,hidden_channels,out_channels,norm,dropout,margin,lpl_weight,ratio,seed,aggregation,pos_weight,accuracy,f1,recall,precision
0.5,16,1,256,256,,0.0483948983914486,0.5,0.9423150421651392,0.21665854549588182,1,sum,1,0.9197475202885482,0.810772501771793,0.8159771754636234,0.8056338028169014
0.5,16,1,256,256,,0.0483948983914486,0.5,0.9423150421651392,0.21665854549588182,2,sum,1,0.9314697926059513,0.8403361344537815,0.8559201141226819,0.8253094910591472
0.5,16,1,256,256,,0.0483948983914486,0.5,0.9423150421651392,0.21665854549588182,3,sum,1,0.9302675082657048,0.8354609929078014,0.8402282453637661,0.8307475317348378
0.5,16,1,256,256,,0.0483948983914486,0.5,0.9423150421651392,0.21665854549588182,4,sum,1,0.9263600841599038,0.8297428769979153,0.8516405135520685,0.8089430894308943
0.5,16,1,256,256,,0.0483948983914486,0.5,0.9423150421651392,0.21665854549588182,5,sum,1,0.9311692215208897,0.8370106761565836,0.8388017118402282,0.8352272727272727
