alpha,K,layers,hidden_channels,out_channels,norm,dropout,margin,lpl_weight,ratio,seed,aggregation,pos_weight,accuracy,f1,recall,precision
0.5,15,2,256,128,,0.2718543884148647,0.5,0.9092207708382393,0.13617409562141883,1,sum,1,0.9341749323715058,0.8414192614047792,0.8288159771754636,0.8544117647058823
0.5,15,2,256,128,,0.2718543884148647,0.5,0.9092207708382393,0.13617409562141883,2,sum,1,0.9398857829876766,0.8559077809798271,0.8473609129814551,0.8646288209606987
0.5,15,2,256,128,,0.2718543884148647,0.5,0.9092207708382393,0.13617409562141883,3,sum,1,0.937180643222122,0.8497483824586628,0.8430813124108416,0.8565217391304348
0.5,15,2,256,128,,0.2718543884148647,0.5,0.9092207708382393,0.13617409562141883,4,sum,1,0.9386834986474302,0.851528384279476,0.8345221112696148,0.8692421991084696
0.5,15,2,256,128,,0.2718543884148647,0.5,0.9092207708382393,0.13617409562141883,5,sum,1,0.9368800721370604,0.8473837209302325,0.8316690442225392,0.8637037037037038
