alpha,K,layers,hidden_channels,out_channels,norm,dropout,margin,lpl_weight,ratio,seed,aggregation,pos_weight,accuracy,f1,recall,precision
0.5,20,1,256,256,,0,0.5,0.5464776296131961,0.1891203869159174,1,sum,1,0.8557258791704238,0.7026022304832714,0.8088445078459344,0.6210295728368017
0.5,20,1,256,256,,0,0.5,0.5464776296131961,0.1891203869159174,2,sum,1,0.8617373008716561,0.7149938042131351,0.8231098430813124,0.6319824753559693
0.5,20,1,256,256,,0,0.5,0.5464776296131961,0.1891203869159174,3,sum,1,0.8617373008716561,0.7149938042131351,0.8231098430813124,0.6319824753559693
0.5,20,1,256,256,,0,0.5,0.5464776296131961,0.1891203869159174,4,sum,1,0.8551247370003006,0.701363073110285,0.8074179743223966,0.619934282584885
0.5,20,1,256,256,,0,0.5,0.5464776296131961,0.1891203869159174,5,sum,1,0.8617373008716561,0.7149938042131351,0.8231098430813124,0.6319824753559693
