alpha,K,layers,hidden_channels,out_channels,norm,dropout,margin,lpl_weight,ratio,seed,aggregation,pos_weight,accuracy,f1,recall,precision
0.8883848611180741,17,2,128,128,graphnorm,0.2280435871831384,0.5075748159975727,0.4316381646352785,0.13676161897655958,1,sum,1,0.9101292455665765,0.7950651130911583,0.8273894436519258,0.7651715039577837
0.8883848611180741,17,2,128,128,graphnorm,0.2280435871831384,0.5075748159975727,0.4316381646352785,0.13676161897655958,2,sum,1,0.9053201082055906,0.7840986977381769,0.8159771754636234,0.7546174142480211
0.8883848611180741,17,2,128,128,graphnorm,0.2280435871831384,0.5075748159975727,0.4316381646352785,0.13676161897655958,3,sum,1,0.9131349564171927,0.8019191226867718,0.8345221112696148,0.7717678100263852
0.8883848611180741,17,2,128,128,graphnorm,0.2280435871831384,0.5075748159975727,0.4316381646352785,0.13676161897655958,4,sum,1,0.9125338142470695,0.800548320767649,0.833095577746077,0.7704485488126649
0.8883848611180741,17,2,128,128,graphnorm,0.2280435871831384,0.5075748159975727,0.4316381646352785,0.13676161897655958,5,sum,1,0.9011121130147279,0.774503084304318,0.8059914407988588,0.7453825857519789
