alpha,K,layers,hidden_channels,out_channels,norm,dropout,margin,lpl_weight,ratio,seed,aggregation,pos_weight,accuracy,f1,recall,precision
0.922634087847392,17,1,128,256,graphnorm,0.07833092202379374,0.4682017194373598,0.24660218375833048,0.09215707273667033,1,sum,1,0.9194469492034866,0.7879746835443038,0.7104136947218259,0.8845470692717584
0.922634087847392,17,1,128,256,graphnorm,0.07833092202379374,0.4682017194373598,0.24660218375833048,0.09215707273667033,2,sum,1,0.9266606552449654,0.805111821086262,0.7189728958630528,0.9147005444646098
0.922634087847392,17,1,128,256,graphnorm,0.07833092202379374,0.4682017194373598,0.24660218375833048,0.09215707273667033,3,sum,1,0.9299669371806433,0.8158102766798419,0.7360912981455064,0.9148936170212766
0.922634087847392,17,1,128,256,graphnorm,0.07833092202379374,0.4682017194373598,0.24660218375833048,0.09215707273667033,4,sum,1,0.9242560865644724,0.7984,0.7118402282453637,0.9089253187613844
0.922634087847392,17,1,128,256,graphnorm,0.07833092202379374,0.4682017194373598,0.24660218375833048,0.09215707273667033,5,sum,1,0.9260595130748422,0.805993690851735,0.7289586305278174,0.9012345679012346
