alpha,K,layers,hidden_channels,out_channels,norm,dropout,margin,lpl_weight,ratio,seed,aggregation,pos_weight,accuracy,f1,recall,precision
0.9008769692663309,25,1,256,64,,0.24488917381186306,0.4571984153371941,0.974767485022473,0.16338712495980637,1,sum,1,0.9218515178839796,0.8166431593794076,0.8259629101283881,0.8075313807531381
0.9008769692663309,25,1,256,64,,0.24488917381186306,0.4571984153371941,0.974767485022473,0.16338712495980637,2,sum,1,0.9323715058611362,0.8396293656450463,0.8402282453637661,0.8390313390313391
0.9008769692663309,25,1,256,64,,0.24488917381186306,0.4571984153371941,0.974767485022473,0.16338712495980637,3,sum,1,0.9347760745416291,0.8481455563331001,0.8644793152639088,0.8324175824175825
0.9008769692663309,25,1,256,64,,0.24488917381186306,0.4571984153371941,0.974767485022473,0.16338712495980637,4,sum,1,0.9281635106702735,0.830376153300213,0.8345221112696148,0.826271186440678
0.9008769692663309,25,1,256,64,,0.24488917381186306,0.4571984153371941,0.974767485022473,0.16338712495980637,5,sum,1,0.9311692215208897,0.837473385379702,0.8416547788873039,0.8333333333333334
