alpha,K,layers,hidden_channels,out_channels,norm,dropout,margin,lpl_weight,ratio,seed,aggregation,pos_weight,accuracy,f1,recall,precision
0.5,24,1,128,256,,0.24491816599653476,0.5,0.6886236109032194,0.24856797793363794,1,sum,1,0.9203486624586715,0.810578984989278,0.8088445078459344,0.8123209169054442
0.5,24,1,128,256,,0.24491816599653476,0.5,0.6886236109032194,0.24856797793363794,2,sum,1,0.9149383829275624,0.7991483321504613,0.8031383737517832,0.7951977401129944
0.5,24,1,128,256,,0.24491816599653476,0.5,0.6886236109032194,0.24856797793363794,3,sum,1,0.9170423805229937,0.8088642659279779,0.833095577746077,0.7860026917900403
0.5,24,1,128,256,,0.24491816599653476,0.5,0.6886236109032194,0.24856797793363794,4,sum,1,0.9047189660354674,0.776287932251235,0.7845934379457917,0.7681564245810056
0.5,24,1,128,256,,0.24491816599653476,0.5,0.6886236109032194,0.24856797793363794,5,sum,1,0.9110309588217613,0.7932960893854749,0.8102710413694721,0.7770177838577291
