alpha,K,layers,hidden_channels,out_channels,norm,dropout,margin,lpl_weight,ratio,seed,aggregation,pos_weight,accuracy,f1,recall,precision
0.7886808614016951,17,1,256,128,,0.3584487494709992,0.48679302260910345,0.8011384536395537,0.11324008368600236,1,sum,1,0.9359783588818755,0.8397291196388262,0.7960057061340942,0.8885350318471338
0.7886808614016951,17,1,256,128,,0.3584487494709992,0.48679302260910345,0.8011384536395537,0.11324008368600236,2,sum,1,0.9380823564773069,0.8462686567164179,0.8088445078459344,0.8873239436619719
0.7886808614016951,17,1,256,128,,0.3584487494709992,0.48679302260910345,0.8011384536395537,0.11324008368600236,3,sum,1,0.9380823564773069,0.8467261904761905,0.81169757489301,0.8849144634525661
0.7886808614016951,17,1,256,128,,0.3584487494709992,0.48679302260910345,0.8011384536395537,0.11324008368600236,4,sum,1,0.9443943492636009,0.8605877920120573,0.8145506419400856,0.9121405750798722
0.7886808614016951,17,1,256,128,,0.3584487494709992,0.48679302260910345,0.8011384536395537,0.11324008368600236,5,sum,1,0.9359783588818755,0.8411633109619687,0.8045649072753209,0.88125
