alpha,K,layers,hidden_channels,out_channels,norm,dropout,margin,lpl_weight,ratio,seed,aggregation,pos_weight,accuracy,f1,recall,precision
0.5,22,1,256,256,,0,0.5,0.954862123138499,0.223331681901632,1,mean,1,0.8118425007514277,0.6351981351981352,0.7774607703281027,0.5369458128078818
0.5,22,1,256,256,,0,0.5,0.954862123138499,0.223331681901632,2,mean,1,0.8058310790501954,0.6235431235431236,0.7631954350927247,0.5270935960591133
0.5,22,1,256,256,,0,0.5,0.954862123138499,0.223331681901632,3,mean,1,0.8064322212203187,0.6247086247086248,0.7646219686162625,0.5280788177339901
0.5,22,1,256,256,,0,0.5,0.954862123138499,0.223331681901632,4,mean,1,0.8052299368800722,0.6223776223776224,0.7617689015691869,0.5261083743842364
0.5,22,1,256,256,,0,0.5,0.954862123138499,0.223331681901632,5,mean,1,0.8166516381124136,0.6445221445221445,0.7888730385164051,0.5448275862068965
