alpha,K,layers,hidden_channels,out_channels,norm,dropout,margin,lpl_weight,ratio,seed,aggregation,pos_weight,accuracy,f1,recall,precision
0.5,18,1,256,128,,0.3,0.5,0.5,0.13,1,sum,1,0.9386834986474302,0.8513119533527697,0.833095577746077,0.8703427719821163
0.5,18,1,256,128,,0.3,0.5,0.5,0.13,2,sum,1,0.9407874962428614,0.8563092633114515,0.8373751783166904,0.8761194029850746
0.5,18,1,256,128,,0.3,0.5,0.5,0.13,3,sum,1,0.9422903516681695,0.8586156111929307,0.8316690442225392,0.8873668188736682
0.5,18,1,256,128,,0.3,0.5,0.5,0.13,4,sum,1,0.9413886384129847,0.8556624722427831,0.8245363766048502,0.8892307692307693
0.5,18,1,256,128,,0.3,0.5,0.5,0.13,5,sum,1,0.937180643222122,0.8477785870356883,0.8302425106990015,0.8660714285714286
