K,layers,hidden_channels,out_channels,norm,lr,treatment,dropout,ratio,seed,aggregation,model_type,batch_size,rate_pairs,reliable_mini_batch,clusters,accuracy,f1,recall,precision,losses
3,2,256,256,,0.008058080067039817,relabeling,0,0.15643971839321477,654,mean,GATConv,10,13,True,100,0.872858431018936,0.723348593852191,0.7888730385164051,0.6678743961352657,"[3.540518194437027, 3.192028671503067, 3.064685747027397, 2.94120854139328, 3.198636904358864, 2.6284965574741364, 2.5157153010368347, 2.551692694425583, 2.320365324616432, 2.226412460207939, 2.027873143553734, 1.9360744506120682, 1.9460391849279404, 1.7460738942027092, 1.7979889288544655, 1.6163220927119255, 1.5714787766337395, 1.4818402230739594, 1.339353732764721, 1.3671202287077904, 1.287047989666462, 1.2332357093691826, 1.1227034032344818, 1.2167061008512974, 1.0837647765874863, 1.0714737884700298, 0.9383720345795155, 0.9716450497508049, 0.8474907502532005, 0.8239618055522442, 0.7994028553366661, 0.7936435826122761, 0.7317988723516464, 0.7268614359200001, 0.6626830026507378, 0.7027132213115692, 0.6783179566264153, 0.6551892794668674, 0.5995529349893332, 0.5701260715723038, 0.5850833132863045, 0.5409935303032398, 0.5459002442657948, 0.508090989664197, 0.5036026369780302, 0.47757792845368385, 0.4584373515099287, 0.4711652174592018, 0.4560901317745447, 0.4430897422134876]"
