alpha,K,layers,hidden_channels,out_channels,norm,dropout,margin,lpl_weight,ratio,seed,aggregation,pos_weight,accuracy,f1,recall,precision
0.9402336206039033,18,1,128,256,graphnorm,0.1051434530602835,0.5256775757742465,0.19585988266730864,0.11814563321140427,1,sum,1,0.931770363691013,0.8319763138415989,0.8017118402282454,0.8646153846153846
0.9402336206039033,18,1,128,256,graphnorm,0.1051434530602835,0.5256775757742465,0.19585988266730864,0.11814563321140427,2,sum,1,0.9374812143071837,0.8466076696165191,0.818830242510699,0.8763358778625954
0.9402336206039033,18,1,128,256,graphnorm,0.1051434530602835,0.5256775757742465,0.19585988266730864,0.11814563321140427,3,sum,1,0.9386834986474302,0.8482142857142857,0.8131241084165478,0.8864696734059098
0.9402336206039033,18,1,128,256,graphnorm,0.1051434530602835,0.5256775757742465,0.19585988266730864,0.11814563321140427,4,sum,1,0.9389840697324917,0.8472535741158767,0.8031383737517832,0.8964968152866242
0.9402336206039033,18,1,128,256,graphnorm,0.1051434530602835,0.5256775757742465,0.19585988266730864,0.11814563321140427,5,sum,1,0.9326720769461978,0.834319526627219,0.8045649072753209,0.8663594470046083
