K,layers,hidden_channels,out_channels,norm,lr,treatment,dropout,ratio,seed,aggregation,model_type,batch_size,rate_pairs,clusters,sampling,num_epochs,anomaly_detector,accuracy,f1,recall,precision,losses,test_accuracy,test_f1,test_recall,test_precision
6,2,256,256,,0.005,removal,0,0.24481729041797648,654,mean,GATConv,2048,10,50,sage,100,nearest_neighbors,0.5568181818181818,0.7153284671532847,0.5568181818181818,1.0,"[2.1560176610946655, 2.0388773679733276, 2.011582612991333, 2.0551276803016663, 2.0161792039871216, 2.013975977897644, 1.9982990622520447, 1.9946383237838745, 2.0431262254714966, 1.9775691628456116, 1.9547673463821411, 2.018580675125122, 1.9492948651313782, 1.966130793094635, 1.9523157477378845, 1.9503965377807617, 1.910903811454773, 1.9299033284187317, 1.9039947986602783, 1.9854614734649658, 1.9131485223770142, 1.9195890426635742, 1.8893020153045654, 1.9235678911209106, 1.8763585686683655, 1.9010728597640991, 1.8770588636398315, 1.9009095430374146, 1.906863808631897, 1.8417119979858398, 1.8682421445846558, 1.8726067543029785, 1.812117874622345, 1.8030186891555786, 1.7592706680297852, 1.8105376958847046, 1.7997302412986755, 1.8298535346984863, 1.7914084196090698, 1.7701537013053894, 1.763555884361267, 1.7672333717346191, 1.7447389960289001, 1.7342461347579956, 1.7508566975593567, 1.7345061898231506, 1.7234632968902588, 1.7227041721343994, 1.7028518915176392, 1.6931242942810059, 1.7240619659423828, 1.6943804025650024, 1.7190780639648438, 1.6783086061477661, 1.6583877205848694, 1.7063984870910645, 1.631976306438446, 1.6899704933166504, 1.6679688692092896, 1.6415461897850037, 1.6092792749404907, 1.6030552387237549, 1.6068111062049866, 1.6030004620552063, 1.5928276181221008, 1.5972400307655334, 1.5749422907829285, 1.5470994710922241, 1.5453392267227173, 1.547651469707489, 1.5584107637405396, 1.535870611667633, 1.5490901470184326, 1.5259919166564941, 1.5345688462257385, 1.5090040564537048, 1.4766979813575745, 1.4605398774147034, 1.4786548018455505, 1.4806787371635437, 1.4896694421768188, 1.4616860151290894, 1.4480952620506287, 1.4429148435592651, 1.4327008724212646, 1.4080159664154053, 1.4106334447860718, 1.3994356393814087, 1.3818071484565735, 1.4243669509887695, 1.3783352971076965, 1.3815491795539856, 1.3500773906707764, 1.3419828414916992, 1.3594752550125122, 1.3417295813560486, 1.321601390838623, 1.334604561328888, 1.3062753081321716, 1.3132595419883728]",0.9305680793507665,0.8235294117647058,0.7689015691868759,0.8865131578947368
