alpha,K,layers,hidden_channels,out_channels,norm,dropout,margin,lpl_weight,ratio,seed,aggregation,pos_weight,accuracy,f1,recall,precision
0.5,19,2,256,128,,0.31944401465489713,0.5,0.36482795626927245,0.1901598146335762,1,sum,1,0.9254583709047189,0.8165680473372781,0.7874465049928673,0.847926267281106
0.5,19,2,256,128,,0.31944401465489713,0.5,0.36482795626927245,0.1901598146335762,2,sum,1,0.9194469492034866,0.8055152394775036,0.7917261055634808,0.8197932053175776
0.5,19,2,256,128,,0.31944401465489713,0.5,0.36482795626927245,0.1901598146335762,3,sum,1,0.9176435226931169,0.7985294117647059,0.7746077032810271,0.8239757207890743
0.5,19,2,256,128,,0.31944401465489713,0.5,0.36482795626927245,0.1901598146335762,4,sum,1,0.9161406672678089,0.7919463087248322,0.7574893009985735,0.8296875
0.5,19,2,256,128,,0.31944401465489713,0.5,0.36482795626927245,0.1901598146335762,5,sum,1,0.9296663660955816,0.8253731343283582,0.7888730385164051,0.865414710485133
