alpha,K,layers,hidden_channels,out_channels,norm,dropout,margin,lpl_weight,ratio,seed,aggregation,pos_weight,accuracy,f1,recall,precision
0.5,20,1,256,256,,0.16530086522285375,0.5,0.9153709003587904,0.17906155844933688,1,sum,1,0.9344755034565675,0.8406432748538012,0.8202567760342369,0.8620689655172413
0.5,20,1,256,256,,0.16530086522285375,0.5,0.9153709003587904,0.17906155844933688,2,sum,1,0.9260595130748422,0.8188512518409425,0.7931526390870185,0.8462709284627092
0.5,20,1,256,256,,0.16530086522285375,0.5,0.9153709003587904,0.17906155844933688,3,sum,1,0.9320709347760745,0.8328402366863905,0.8031383737517832,0.8648233486943164
0.5,20,1,256,256,,0.16530086522285375,0.5,0.9153709003587904,0.17906155844933688,4,sum,1,0.931770363691013,0.8327192336035372,0.8059914407988588,0.8612804878048781
0.5,20,1,256,256,,0.16530086522285375,0.5,0.9153709003587904,0.17906155844933688,5,sum,1,0.9263600841599038,0.8202494497432135,0.797432239657632,0.8444108761329305
