alpha,K,layers,hidden_channels,out_channels,norm,dropout,margin,lpl_weight,ratio,seed,aggregation,pos_weight,accuracy,f1,recall,precision
0.8273619296001272,19,1,256,128,,0.31768967459209946,0.5421895505519722,0.8326479817195963,0.12805424346833322,1,sum,1,0.9344755034565675,0.8406432748538012,0.8202567760342369,0.8620689655172413
0.8273619296001272,19,1,256,128,,0.31768967459209946,0.5421895505519722,0.8326479817195963,0.12805424346833322,2,sum,1,0.9389840697324917,0.851063829787234,0.8273894436519258,0.8761329305135952
0.8273619296001272,19,1,256,128,,0.31768967459209946,0.5421895505519722,0.8326479817195963,0.12805424346833322,3,sum,1,0.939585211902615,0.8533916849015317,0.8345221112696148,0.8731343283582089
0.8273619296001272,19,1,256,128,,0.31768967459209946,0.5421895505519722,0.8326479817195963,0.12805424346833322,4,sum,1,0.9446949203486624,0.863905325443787,0.833095577746077,0.8970814132104454
0.8273619296001272,19,1,256,128,,0.31768967459209946,0.5421895505519722,0.8326479817195963,0.12805424346833322,5,sum,1,0.9380823564773069,0.8478581979320532,0.818830242510699,0.8790199081163859
