alpha,K,layers,hidden_channels,out_channels,norm,dropout,margin,lpl_weight,ratio,seed,aggregation,pos_weight,accuracy,f1,recall,precision
0.5,23,1,128,128,,0.031194480799103447,0.5,0.48357802284896734,0.2110051682847451,1,mean,1,0.9194469492034866,0.814404432132964,0.8388017118402282,0.7913862718707941
0.5,23,1,128,128,,0.031194480799103447,0.5,0.48357802284896734,0.2110051682847451,2,mean,1,0.9149383829275624,0.7991483321504613,0.8031383737517832,0.7951977401129944
0.5,23,1,128,128,,0.031194480799103447,0.5,0.48357802284896734,0.2110051682847451,3,mean,1,0.9221520889690412,0.8177339901477833,0.8288159771754636,0.8069444444444445
0.5,23,1,128,128,,0.031194480799103447,0.5,0.48357802284896734,0.2110051682847451,4,mean,1,0.9131349564171927,0.7983251919050942,0.8159771754636234,0.7814207650273224
0.5,23,1,128,128,,0.031194480799103447,0.5,0.48357802284896734,0.2110051682847451,5,mean,1,0.9146378118425007,0.7942028985507247,0.7817403708987162,0.8070692194403535
