alpha,K,layers,hidden_channels,out_channels,norm,dropout,margin,lpl_weight,ratio,seed,aggregation,pos_weight,accuracy,f1,recall,precision
0.9066923064231027,24,1,256,64,,0.14725439552462571,0.46643314489893933,0.9693228158101611,0.15722591210010492,1,sum,1,0.9320709347760745,0.8388017118402282,0.8388017118402282,0.8388017118402282
0.9066923064231027,24,1,256,64,,0.14725439552462571,0.46643314489893933,0.9693228158101611,0.15722591210010492,2,sum,1,0.9278629395852119,0.8305084745762712,0.8388017118402282,0.8223776223776224
0.9066923064231027,24,1,256,64,,0.14725439552462571,0.46643314489893933,0.9693228158101611,0.15722591210010492,3,sum,1,0.9389840697324917,0.8555160142348754,0.8573466476462197,0.8536931818181818
0.9066923064231027,24,1,256,64,,0.14725439552462571,0.46643314489893933,0.9693228158101611,0.15722591210010492,4,sum,1,0.9260595130748422,0.8257790368271954,0.8316690442225392,0.819971870604782
0.9066923064231027,24,1,256,64,,0.14725439552462571,0.46643314489893933,0.9693228158101611,0.15722591210010492,5,sum,1,0.9272617974150886,0.8295774647887324,0.8402282453637661,0.8191933240611962
