alpha,K,layers,hidden_channels,out_channels,norm,dropout,margin,lpl_weight,ratio,seed,aggregation,pos_weight,accuracy,f1,recall,precision
0.5,22,1,256,256,,0,0.5,0.8949254983880948,0.21368029939190353,1,mean,1,0.9248572287345957,0.824438202247191,0.8373751783166904,0.8118948824343015
0.5,22,1,256,256,,0,0.5,0.8949254983880948,0.21368029939190353,2,mean,1,0.9263600841599038,0.8231046931407943,0.8131241084165478,0.8333333333333334
0.5,22,1,256,256,,0,0.5,0.8949254983880948,0.21368029939190353,3,mean,1,0.9299669371806433,0.8322534197264219,0.8245363766048502,0.8401162790697675
0.5,22,1,256,256,,0,0.5,0.8949254983880948,0.21368029939190353,4,mean,1,0.9269612263300271,0.82679971489665,0.8273894436519258,0.8262108262108262
0.5,22,1,256,256,,0,0.5,0.8949254983880948,0.21368029939190353,5,mean,1,0.9248572287345957,0.8241912798874824,0.8359486447931527,0.812760055478502
