alpha,K,layers,hidden_channels,out_channels,norm,dropout,margin,lpl_weight,ratio,seed,aggregation,pos_weight,accuracy,f1,recall,precision
0.5,16,1,256,256,,0.07103351259052113,0.5,0.7060347969059735,0.24075666214926417,1,sum,1,0.9209498046287947,0.8167247386759582,0.8359486447931527,0.7983651226158038
0.5,16,1,256,256,,0.07103351259052113,0.5,0.7060347969059735,0.24075666214926417,2,sum,1,0.9272617974150886,0.8335625859697386,0.8644793152639088,0.8047808764940239
0.5,16,1,256,256,,0.07103351259052113,0.5,0.7060347969059735,0.24075666214926417,3,sum,1,0.9287646528403968,0.8371134020618557,0.8687589158345221,0.8076923076923077
0.5,16,1,256,256,,0.07103351259052113,0.5,0.7060347969059735,0.24075666214926417,4,sum,1,0.9257589419897806,0.8311688311688312,0.8673323823109843,0.7979002624671916
0.5,16,1,256,256,,0.07103351259052113,0.5,0.7060347969059735,0.24075666214926417,5,sum,1,0.9245566576495341,0.8262975778546713,0.8516405135520685,0.8024193548387096
