alpha,K,layers,hidden_channels,out_channels,norm,dropout,margin,lpl_weight,ratio,seed,aggregation,pos_weight,accuracy,f1,recall,precision
0.5,17,2,256,128,,0.3013342698924783,0.5,0.8713693512011628,0.1710757923454121,1,sum,1,0.9311692215208897,0.840195394277739,0.8587731811697575,0.8224043715846995
0.5,17,2,256,128,,0.3013342698924783,0.5,0.8713693512011628,0.1710757923454121,2,sum,1,0.9308686504358281,0.8415977961432507,0.8716119828815977,0.8135818908122503
0.5,17,2,256,128,,0.3013342698924783,0.5,0.8713693512011628,0.1710757923454121,3,sum,1,0.9359783588818755,0.8509447165850245,0.8673323823109843,0.8351648351648352
0.5,17,2,256,128,,0.3013342698924783,0.5,0.8713693512011628,0.1710757923454121,4,sum,1,0.9377817853922452,0.8539167254763586,0.8630527817403709,0.8449720670391061
0.5,17,2,256,128,,0.3013342698924783,0.5,0.8713693512011628,0.1710757923454121,5,sum,1,0.933273219116321,0.844319775596073,0.8587731811697575,0.8303448275862069
