K,layers,hidden_channels,out_channels,norm,lr,treatment,dropout,ratio,seed,aggregation,model_type,batch_size,rate_pairs,clusters,sampling,num_epochs,anomaly_detector,accuracy,f1,recall,precision,losses,test_accuracy,test_f1,test_recall,test_precision
5,1,256,256,,0.004630726864969991,removal,0,0.18183174940207503,654,mean,GATConv,768,5,400,sage,100,nearest_neighbors,0.625,0.7692307692307693,0.625,1.0,"[5.396140277385712, 4.908751368522644, 5.037760436534882, 4.911686897277832, 5.131811678409576, 4.946552157402039, 4.717265725135803, 4.989287614822388, 4.6748422384262085, 4.847977101802826, 4.6930267214775085, 4.663871884346008, 4.696882665157318, 4.630106568336487, 4.454190790653229, 4.441493391990662, 4.279833972454071, 4.395761489868164, 4.203963816165924, 4.265419542789459, 4.169167160987854, 4.119996905326843, 4.099867403507233, 3.948661684989929, 3.8848068714141846, 3.9128766655921936, 3.9281205534934998, 3.997767746448517, 3.734497845172882, 3.6794630885124207, 3.718981146812439, 3.6701570749282837, 3.516019821166992, 3.5953871607780457, 3.459168016910553, 3.4302513003349304, 3.3748589158058167, 3.361318826675415, 3.3266634941101074, 3.196209669113159, 3.0601965188980103, 3.1355069875717163, 3.0524705052375793, 2.9973440170288086, 2.9409037828445435, 3.0253196954727173, 2.9085285663604736, 2.825046420097351, 2.809382379055023, 2.771122634410858, 2.783752202987671, 2.7402684688568115, 2.6298185288906097, 2.5729820132255554, 2.586047053337097, 2.5659160017967224, 2.5292386412620544, 2.395241618156433, 2.4769867956638336, 2.400563955307007, 2.3527228236198425, 2.3029263019561768, 2.247046321630478, 2.194833129644394, 2.221478760242462, 2.1553668677806854, 2.1210591197013855, 2.064780443906784, 2.0288958847522736, 1.9990858137607574, 2.0547152757644653, 1.987562119960785, 1.9722142219543457, 1.905917078256607, 1.8795754611492157, 1.8649563193321228, 1.832163780927658, 1.8293822705745697, 1.7991227209568024, 1.7235416173934937, 1.739464670419693, 1.6816406846046448, 1.6870416104793549, 1.6879427134990692, 1.631366342306137, 1.608253926038742, 1.56952503323555, 1.6013884246349335, 1.5712107419967651, 1.5144924223423004, 1.5089602768421173, 1.4839283227920532, 1.4747593104839325, 1.451516479253769, 1.444980949163437, 1.3993359506130219, 1.4144383072853088, 1.393480271100998, 1.3255851715803146, 1.3088694661855698]",0.9314697926059513,0.8290854572713643,0.7888730385164051,0.8736176935229067
