K,layers,hidden_channels,out_channels,norm,lr,treatment,dropout,ratio,seed,aggregation,model_type,batch_size,rate_pairs,clusters,sampling,num_epochs,anomaly_detector,accuracy,f1,recall,precision,losses,test_accuracy,test_f1,test_recall,test_precision
8,2,128,64,,0.005,removal,0,0.2667853956586407,654,mean,GATConv,2048,10,50,sage,100,nearest_neighbors,nan,0.0,0.0,0.0,"[2.053491771221161, 2.061108648777008, 2.0265724658966064, 2.002465009689331, 1.9985244274139404, 2.001992702484131, 1.9968923330307007, 2.0050160884857178, 2.0456034541130066, 2.079311728477478, 1.9638323783874512, 2.017091155052185, 2.0172358751296997, 2.0519405603408813, 2.107086181640625, 1.9797648787498474, 2.00881564617157, 1.9449399709701538, 1.9233179688453674, 1.9421557784080505, 1.9112964868545532, 1.9325873851776123, 1.9587814807891846, 1.9388259649276733, 1.9621559381484985, 1.8981890678405762, 1.8790701031684875, 1.8664933443069458, 1.9147570133209229, 1.9252983927726746, 1.919771432876587, 1.9007002115249634, 1.8756429553031921, 1.854037880897522, 1.8582128286361694, 1.8885794281959534, 1.842861533164978, 1.8249473571777344, 1.8463658094406128, 1.8218665719032288, 1.842949390411377, 1.8093583583831787, 1.8460304141044617, 1.7905479669570923, 1.7747281789779663, 1.8234268426895142, 1.7810965180397034, 1.8087955713272095, 1.7859990000724792, 1.7689979672431946, 1.741023302078247, 1.742490291595459, 1.7457451820373535, 1.738900899887085, 1.7377427816390991, 1.7732439041137695, 1.7333371043205261, 1.716691255569458, 1.6736197471618652, 1.7190542221069336, 1.6930739283561707, 1.6885818839073181, 1.689009666442871, 1.6692718863487244, 1.6884039640426636, 1.6661986708641052, 1.6581741571426392, 1.6363890171051025, 1.665930151939392, 1.6173007488250732, 1.5807316303253174, 1.6252979636192322, 1.5927613973617554, 1.6006240844726562, 1.5906220078468323, 1.578255295753479, 1.5757248401641846, 1.5643191933631897, 1.5767409205436707, 1.570358157157898, 1.554949164390564, 1.5381762981414795, 1.5239655375480652, 1.5179221630096436, 1.548445463180542, 1.527321696281433, 1.5371683239936829, 1.5057032108306885, 1.491601586341858, 1.5012764930725098, 1.450870394706726, 1.4557486772537231, 1.4800357818603516, 1.4646832346916199, 1.4722237586975098, 1.4522168636322021, 1.4285929203033447, 1.429538071155548, 1.4143991470336914, 1.4379988312721252]",0.9005710446758481,0.5555555555555556,0.5270655270655271,0.5873015873015873
