alpha,K,layers,hidden_channels,out_channels,norm,dropout,margin,lpl_weight,ratio,seed,aggregation,pos_weight,accuracy,f1,recall,precision
0.9135242532772627,19,2,256,256,graphnorm,0.42588653801922705,0.7232572624226465,0.6037968233246055,0.12894384687140042,1,mean,1,0.9260595130748422,0.810477657935285,0.7503566333808844,0.88107202680067
0.9135242532772627,19,2,256,256,graphnorm,0.42588653801922705,0.7232572624226465,0.6037968233246055,0.12894384687140042,2,mean,1,0.9311692215208897,0.825057295645531,0.7703281027104137,0.8881578947368421
0.9135242532772627,19,2,256,256,graphnorm,0.42588653801922705,0.7232572624226465,0.6037968233246055,0.12894384687140042,3,mean,1,0.9281635106702735,0.8145849495733126,0.7489300998573466,0.8928571428571429
0.9135242532772627,19,2,256,256,graphnorm,0.42588653801922705,0.7232572624226465,0.6037968233246055,0.12894384687140042,4,mean,1,0.9269612263300271,0.8154897494305239,0.7660485021398002,0.8717532467532467
0.9135242532772627,19,2,256,256,graphnorm,0.42588653801922705,0.7232572624226465,0.6037968233246055,0.12894384687140042,5,mean,1,0.9239555154794109,0.8061302681992337,0.7503566333808844,0.8708609271523179
