K,layers,hidden_channels,out_channels,norm,lr,treatment,dropout,ratio,seed,aggregation,model_type,batch_size,rate_pairs,clusters,sampling,sampling_k,num_epochs,anomaly_detector,accuracy,f1,recall,precision,losses
4,1,128,64,,0.007293150846832082,removal,0,0.10739940976445042,654,mean,GATConv,512,1,200,neighbor,50,100,nearest_neighbors,0.9338743612864443,0.8340874811463047,0.7888730385164051,0.8848,"[5.9434109926223755, 5.827188968658447, 5.525501787662506, 5.377846956253052, 5.233139336109161, 5.208587050437927, 5.036421060562134, 4.8489121198654175, 4.7326319217681885, 4.608331322669983, 4.457214295864105, 4.37409508228302, 4.264121651649475, 4.037104785442352, 3.947973608970642, 3.824947416782379, 3.7040641605854034, 3.5471432209014893, 3.440209060907364, 3.3392513394355774, 3.1824412047863007, 3.1409511268138885, 3.0247740149497986, 2.867997407913208, 2.8522746860980988, 2.66926509141922, 2.6110886335372925, 2.469778537750244, 2.4364687502384186, 2.3224956393241882, 2.243831843137741, 2.143809527158737, 2.164508819580078, 2.079741507768631, 2.0013683140277863, 1.9045696258544922, 1.846317246556282, 1.7982494682073593, 1.7615305930376053, 1.6978304535150528, 1.6601512134075165, 1.5971233993768692, 1.5292178243398666, 1.491616278886795, 1.4780379086732864, 1.4318169206380844, 1.3907010108232498, 1.355962947010994, 1.312789410352707, 1.2825340181589127, 1.2480187863111496, 1.2253001630306244, 1.1851625740528107, 1.1641756296157837, 1.115070253610611, 1.095910593867302, 1.0562129616737366, 1.0564743280410767, 1.0220966041088104, 0.991213247179985, 0.9614600241184235, 0.9429911002516747, 0.9367105811834335, 0.8959959894418716, 0.869215726852417, 0.8650645837187767, 0.830961599946022, 0.8141703829169273, 0.7997815907001495, 0.7859141081571579, 0.7770349085330963, 0.7681712359189987, 0.7497116401791573, 0.7341994792222977, 0.7226902544498444, 0.6892489045858383, 0.6844322308897972, 0.6744660064578056, 0.6437668949365616, 0.6457374542951584, 0.6387397423386574, 0.6336510628461838, 0.6074624881148338, 0.6096788942813873, 0.5822706520557404, 0.575914241373539, 0.5592585876584053, 0.5504462271928787, 0.5535131394863129, 0.540343314409256, 0.5265884101390839, 0.5326803252100945, 0.5144797340035439, 0.5055248662829399, 0.4976578652858734, 0.48978957533836365, 0.48747389763593674, 0.47878044843673706, 0.4703619107604027, 0.4658595845103264]"
