alpha,K,layers,hidden_channels,out_channels,norm,dropout,margin,lpl_weight,ratio,seed,aggregation,pos_weight,accuracy,f1,recall,precision
0.7182523696398012,16,1,256,128,,0.37953714945922423,0.567204492208674,0.8196132977239659,0.09520485830096236,1,sum,1,0.9323715058611362,0.8267898383371824,0.7660485021398002,0.8979933110367893
0.7182523696398012,16,1,256,128,,0.37953714945922423,0.567204492208674,0.8196132977239659,0.09520485830096236,2,sum,1,0.9404869251577999,0.8476923076923077,0.7860199714693296,0.9198664440734557
0.7182523696398012,16,1,256,128,,0.37953714945922423,0.567204492208674,0.8196132977239659,0.09520485830096236,3,sum,1,0.9362789299669372,0.8361669242658424,0.7717546362339515,0.9123102866779089
0.7182523696398012,16,1,256,128,,0.37953714945922423,0.567204492208674,0.8196132977239659,0.09520485830096236,4,sum,1,0.9386834986474302,0.8421052631578947,0.776034236804565,0.9204737732656514
0.7182523696398012,16,1,256,128,,0.37953714945922423,0.567204492208674,0.8196132977239659,0.09520485830096236,5,sum,1,0.9347760745416291,0.8324324324324325,0.7689015691868759,0.9074074074074074
