alpha,K,layers,hidden_channels,out_channels,norm,dropout,margin,lpl_weight,ratio,seed,aggregation,pos_weight,accuracy,f1,recall,precision
0.5,15,1,256,128,,0.1358651794671503,0.5,0.8393827498821664,0.23286478221079782,1,sum,1,0.9230538022242261,0.8176638176638177,0.818830242510699,0.8165007112375533
0.5,15,1,256,128,,0.1358651794671503,0.5,0.8393827498821664,0.23286478221079782,2,sum,1,0.9236549443943493,0.8231197771587744,0.8430813124108416,0.8040816326530612
0.5,15,1,256,128,,0.1358651794671503,0.5,0.8393827498821664,0.23286478221079782,3,sum,1,0.919146378118425,0.8093550673281361,0.8145506419400856,0.8042253521126761
0.5,15,1,256,128,,0.1358651794671503,0.5,0.8393827498821664,0.23286478221079782,4,sum,1,0.9197475202885482,0.8083273510409189,0.8031383737517832,0.8135838150289018
0.5,15,1,256,128,,0.1358651794671503,0.5,0.8393827498821664,0.23286478221079782,5,sum,1,0.9206492335437331,0.8103448275862069,0.8045649072753209,0.8162083936324168
