K,layers,hidden_channels,out_channels,norm,lr,treatment,dropout,ratio,seed,aggregation,model_type,batch_size,rate_pairs,clusters,sampling,num_epochs,anomaly_detector,accuracy,f1,recall,precision,losses,test_accuracy,test_f1,test_recall,test_precision
12,3,64,256,,0.005,removal,0,0.1659312677031637,654,mean,GATConv,2048,10,50,sage,100,nearest_neighbors,nan,0.0,0.0,0.0,"[2.3971099853515625, 2.3202983140945435, 2.376069188117981, 2.3169232606887817, 2.2955610752105713, 2.2768688201904297, 2.2846806049346924, 2.318509340286255, 2.234564781188965, 2.3363893032073975, 2.2298243045806885, 2.248700499534607, 2.2994755506515503, 2.2314172983169556, 2.2673438787460327, 2.212599039077759, 2.181092381477356, 2.2163164615631104, 2.325018525123596, 2.207907199859619, 2.203834056854248, 2.171584725379944, 2.2504743337631226, 2.260555863380432, 2.2585818767547607, 2.152361273765564, 2.1463733911514282, 2.1766092777252197, 2.111252188682556, 2.12138295173645, 2.1855300664901733, 2.128776431083679, 2.1450709104537964, 2.16084885597229, 2.0876314640045166, 2.112229347229004, 2.1488460302352905, 2.135375738143921, 2.05115282535553, 2.089977741241455, 2.11358380317688, 2.097642421722412, 2.0700207948684692, 2.132172465324402, 2.101892828941345, 2.0583887696266174, 2.043982446193695, 2.0513575077056885, 2.0565454959869385, 2.074228048324585, 2.0049208402633667, 1.982323706150055, 2.0592952966690063, 2.0097016096115112, 1.9878402352333069, 1.9879868030548096, 1.99361652135849, 1.9572742581367493, 1.9631887078285217, 1.9691917896270752, 1.9615052342414856, 1.9684706926345825, 1.9477144479751587, 1.9637621641159058, 1.9370697140693665, 1.9725688099861145, 1.9526491165161133, 1.9231261610984802, 1.8921451568603516, 1.8935661911964417, 1.9021127223968506, 1.88455730676651, 1.8942515850067139, 1.874190866947174, 1.9003933668136597, 1.875690758228302, 1.8775091171264648, 1.8741560578346252, 1.8117278814315796, 1.8342463970184326, 1.9047930240631104, 1.8422857522964478, 1.8440252542495728, 1.8332288265228271, 1.8282970190048218, 1.8068498969078064, 1.818730652332306, 1.8577107191085815, 1.8261110186576843, 1.7555174231529236, 1.7394235134124756, 1.7574825882911682, 1.7476176619529724, 1.7664093971252441, 1.7480053305625916, 1.7981742024421692, 1.7865965366363525, 1.7261043190956116, 1.727304995059967, 1.6829591989517212]",0.8992274101444407,0.5033112582781457,0.43304843304843305,0.6007905138339921
