K,layers,hidden_channels,out_channels,norm,lr,treatment,dropout,ratio,seed,aggregation,model_type,batch_size,rate_pairs,clusters,sampling,num_epochs,anomaly_detector,accuracy,f1,recall,precision,losses
5,1,256,128,,0.007823613787554664,removal,0,0.128232357142795,654,mean,GCNConv,20,2,50,cluster,100,nearest_neighbors,0.9368800721370604,0.8435171385991058,0.8074179743223966,0.8829953198127926,"[2.7481096386909485, 2.407627820968628, 2.3348020911216736, 2.4034557938575745, 2.3338743448257446, 2.357491970062256, 2.256450653076172, 2.3906725645065308, 2.4249967336654663, 2.307533860206604, 2.163873553276062, 2.2970842719078064, 2.201762557029724, 2.3131635785102844, 2.207521915435791, 2.1187671422958374, 2.114334523677826, 2.177697002887726, 2.058652877807617, 2.1336998343467712, 2.0026249289512634, 2.06591659784317, 2.1317641139030457, 1.9787912368774414, 1.9622939229011536, 1.879996120929718, 1.8910214304924011, 1.8909883499145508, 1.911350429058075, 1.9700111150741577, 1.799935758113861, 1.7217620015144348, 1.76053386926651, 1.7303645610809326, 1.7587345242500305, 1.7083364725112915, 1.6566916704177856, 1.6308546960353851, 1.6684988141059875, 1.587806612253189, 1.5678927898406982, 1.6304128170013428, 1.5469087064266205, 1.4964400231838226, 1.503013551235199, 1.4728720784187317, 1.436904489994049, 1.4470168054103851, 1.40451118350029, 1.3452989161014557, 1.3504886031150818, 1.3424643278121948, 1.3079688549041748, 1.3578944206237793, 1.278285950422287, 1.2630866169929504, 1.2173088788986206, 1.209154188632965, 1.1787846684455872, 1.222125768661499, 1.1342646181583405, 1.1537154018878937, 1.1108160018920898, 1.0949452221393585, 1.0997925996780396, 1.0265817642211914, 1.054518073797226, 1.0058853328227997, 1.0011957585811615, 0.9903004467487335, 0.9716692864894867, 0.973511815071106, 0.934120386838913, 0.9618505239486694, 0.9174923002719879, 0.9574821889400482, 0.9495679438114166, 0.8646785616874695, 0.8596468865871429, 0.8308107554912567, 0.8120408207178116, 0.8079927861690521, 0.8441071808338165, 0.8240739554166794, 0.8152026236057281, 0.7655261904001236, 0.7481938004493713, 0.732029527425766, 0.7226280122995377, 0.7175391167402267, 0.7241067141294479, 0.6971034854650497, 0.6720752567052841, 0.6671709716320038, 0.6606341153383255, 0.6840516179800034, 0.6568177938461304, 0.6318856775760651, 0.6324745267629623, 0.6174526810646057]"
