alpha,K,layers,hidden_channels,out_channels,norm,dropout,margin,lpl_weight,ratio,seed,aggregation,pos_weight,accuracy,f1,recall,precision
0.5,19,1,256,256,,0.1883322600122752,0.5,0.8520959893416508,0.19302833629038965,1,sum,1,0.931770363691013,0.8336996336996337,0.81169757489301,0.8569277108433735
0.5,19,1,256,256,,0.1883322600122752,0.5,0.8520959893416508,0.19302833629038965,2,sum,1,0.9212503757138564,0.8062130177514792,0.7774607703281027,0.837173579109063
0.5,19,1,256,256,,0.1883322600122752,0.5,0.8520959893416508,0.19302833629038965,3,sum,1,0.9263600841599038,0.8231046931407943,0.8131241084165478,0.8333333333333334
0.5,19,1,256,256,,0.1883322600122752,0.5,0.8520959893416508,0.19302833629038965,4,sum,1,0.933273219116321,0.8418803418803419,0.8430813124108416,0.8406827880512091
0.5,19,1,256,256,,0.1883322600122752,0.5,0.8520959893416508,0.19302833629038965,5,sum,1,0.9329726480312593,0.8380537400145244,0.8231098430813124,0.8535502958579881
