alpha,K,layers,hidden_channels,out_channels,norm,dropout,margin,lpl_weight,ratio,seed,aggregation,pos_weight,accuracy,f1,recall,precision
0.5,15,1,256,256,,0.12164887209166264,0.5,0.5856743927546375,0.22854696477047706,1,sum,1,0.9200480913736099,0.8129395218002813,0.8245363766048502,0.8016643550624133
0.5,15,1,256,256,,0.12164887209166264,0.5,0.5856743927546375,0.22854696477047706,2,sum,1,0.9338743612864443,0.8467966573816156,0.8673323823109843,0.8272108843537415
0.5,15,1,256,256,,0.12164887209166264,0.5,0.5856743927546375,0.22854696477047706,3,sum,1,0.9290652239254583,0.8358831710709318,0.8573466476462197,0.8154681139755766
0.5,15,1,256,256,,0.12164887209166264,0.5,0.5856743927546375,0.22854696477047706,4,sum,1,0.9263600841599038,0.8297428769979153,0.8516405135520685,0.8089430894308943
0.5,15,1,256,256,,0.12164887209166264,0.5,0.5856743927546375,0.22854696477047706,5,sum,1,0.9239555154794109,0.81915654038599,0.8174037089871612,0.8209169054441261
