alpha,K,layers,hidden_channels,out_channels,norm,dropout,margin,lpl_weight,ratio,seed,aggregation,pos_weight,accuracy,f1,recall,precision
0.7411670337109382,19,1,128,256,,0.2307862059535342,0.608186283165667,0.1842207898577859,0.1854348457304433,1,sum,1,0.9230538022242261,0.8239339752407153,0.854493580599144,0.795484727755644
0.7411670337109382,19,1,128,256,,0.2307862059535342,0.608186283165667,0.1842207898577859,0.1854348457304433,2,sum,1,0.9287646528403968,0.835530881332408,0.8587731811697575,0.8135135135135135
0.7411670337109382,19,1,128,256,,0.2307862059535342,0.608186283165667,0.1842207898577859,0.1854348457304433,3,sum,1,0.9245566576495341,0.8255733148019458,0.8473609129814551,0.8048780487804879
0.7411670337109382,19,1,128,256,,0.2307862059535342,0.608186283165667,0.1842207898577859,0.1854348457304433,4,sum,1,0.9284640817553351,0.8354080221300139,0.8616262482168331,0.810738255033557
0.7411670337109382,19,1,128,256,,0.2307862059535342,0.608186283165667,0.1842207898577859,0.1854348457304433,5,sum,1,0.9227532311391644,0.8233676975945017,0.854493580599144,0.7944297082228117
