alpha,K,layers,hidden_channels,out_channels,norm,dropout,margin,lpl_weight,ratio,seed,aggregation,pos_weight,accuracy,f1,recall,precision
0.9542585143054624,21,1,256,64,layernorm,0.26220495402796096,0.2900392745104128,0.6665523298618664,0.17165893663023732,1,sum,1,0.9236549443943493,0.8198581560283688,0.8245363766048502,0.8152327221438646
0.9542585143054624,21,1,256,64,layernorm,0.26220495402796096,0.2900392745104128,0.6665523298618664,0.17165893663023732,2,sum,1,0.9272617974150886,0.829817158931083,0.8416547788873039,0.8183079056865464
0.9542585143054624,21,1,256,64,layernorm,0.26220495402796096,0.2900392745104128,0.6665523298618664,0.17165893663023732,3,sum,1,0.935677787796814,0.8497191011235955,0.8630527817403709,0.8367911479944675
0.9542585143054624,21,1,256,64,layernorm,0.26220495402796096,0.2900392745104128,0.6665523298618664,0.17165893663023732,4,sum,1,0.9224526600541028,0.8180535966149506,0.8273894436519258,0.8089260808926081
0.9542585143054624,21,1,256,64,layernorm,0.26220495402796096,0.2900392745104128,0.6665523298618664,0.17165893663023732,5,sum,1,0.9203486624586715,0.8132487667371389,0.8231098430813124,0.8036211699164345
