K,layers,hidden_channels,out_channels,norm,lr,treatment,dropout,ratio,seed,aggregation,model_type,batch_size,rate_pairs,clusters,sampling,sampling_k,num_epochs,anomaly_detector,accuracy,f1,recall,precision,losses
5,1,128,256,,0.001885329819462584,removal,0,0.1496013190491838,654,mean,GCNConv,1024,10,100,cluster,25,100,unweighted,0.9041178238653441,0.7280477408354646,0.609129814550642,0.9046610169491526,"[4.402021646499634, 4.237761974334717, 4.183229744434357, 4.196122825145721, 4.255859136581421, 4.317666113376617, 4.22204864025116, 4.18142569065094, 4.210819661617279, 4.169655919075012, 4.106861770153046, 4.107237458229065, 4.086039781570435, 4.256586790084839, 4.083644986152649, 4.084066212177277, 4.152461528778076, 4.075542390346527, 4.07879114151001, 4.025481760501862, 3.9925166964530945, 3.991871654987335, 3.940064549446106, 3.9210110902786255, 4.020129382610321, 3.854728102684021, 3.865469515323639, 3.9689658284187317, 3.948728084564209, 3.9318931698799133, 3.8725799322128296, 3.9133411049842834, 3.794236183166504, 3.7539719343185425, 3.805784225463867, 3.804076075553894, 3.7140013575553894, 3.746904134750366, 3.7562724351882935, 3.7562780380249023, 3.703328490257263, 3.6768723130226135, 3.7026352286338806, 3.6833842396736145, 3.7115817070007324, 3.651424527168274, 3.6795774102211, 3.7045658230781555, 3.5920282006263733, 3.5315086245536804, 3.58555144071579, 3.552203953266144, 3.5594707131385803, 3.5378429293632507, 3.539726734161377, 3.485248029232025, 3.4620165824890137, 3.5412182807922363, 3.4273905158042908, 3.490476369857788, 3.4096922874450684, 3.3840513229370117, 3.3492481112480164, 3.4242023825645447, 3.3410601019859314, 3.329655706882477, 3.3360182642936707, 3.351677715778351, 3.3201350569725037, 3.3120423555374146, 3.233027219772339, 3.2188466787338257, 3.171830803155899, 3.3445162773132324, 3.2609379291534424, 3.175454318523407, 3.140018105506897, 3.130645215511322, 3.1192310452461243, 3.1554195880889893, 3.148763120174408, 3.0965787172317505, 3.070461392402649, 3.14870822429657, 3.013781785964966, 2.980221748352051, 3.0041502714157104, 2.942693829536438, 3.035890758037567, 2.936639964580536, 2.9537344872951508, 2.943758964538574, 2.9699866771698, 2.889895439147949, 2.875892162322998, 2.825210750102997, 2.8255483508110046, 2.7957741022109985, 2.796750009059906, 2.8295602202415466]"
