alpha,K,layers,hidden_channels,out_channels,norm,dropout,margin,lpl_weight,ratio,seed,aggregation,pos_weight,accuracy,f1,recall,precision
0.29355208961740886,25,2,64,64,graphnorm,0.10259337436551495,0.4093190911835407,0.10747758604623542,0.17371384053195976,1,sum,1,0.9215509467989179,0.8039068369646882,0.7631954350927247,0.8492063492063492
0.29355208961740886,25,2,64,64,graphnorm,0.10259337436551495,0.4093190911835407,0.10747758604623542,0.17371384053195976,2,sum,1,0.9215509467989179,0.7993850883935434,0.7417974322396577,0.8666666666666667
0.29355208961740886,25,2,64,64,graphnorm,0.10259337436551495,0.4093190911835407,0.10747758604623542,0.17371384053195976,3,sum,1,0.9155395250976857,0.791388270230141,0.760342368045649,0.8250773993808049
0.29355208961740886,25,2,64,64,graphnorm,0.10259337436551495,0.4093190911835407,0.10747758604623542,0.17371384053195976,4,sum,1,0.9119326720769462,0.7775246772968869,0.7303851640513552,0.8311688311688312
0.29355208961740886,25,2,64,64,graphnorm,0.10259337436551495,0.4093190911835407,0.10747758604623542,0.17371384053195976,5,sum,1,0.9158400961827472,0.7842835130970724,0.7261055634807418,0.8525963149078727
