alpha,K,layers,hidden_channels,out_channels,norm,dropout,margin,lpl_weight,ratio,seed,aggregation,pos_weight,accuracy,f1,recall,precision
0.7878238891211096,19,1,128,256,,0.026941556372403697,0.7459456151173363,0.47342856398911715,0.18123434596097918,1,sum,1,0.9263600841599038,0.8270995059985886,0.8359486447931527,0.8184357541899442
0.7878238891211096,19,1,128,256,,0.026941556372403697,0.7459456151173363,0.47342856398911715,0.18123434596097918,2,sum,1,0.9248572287345957,0.8241912798874824,0.8359486447931527,0.812760055478502
0.7878238891211096,19,1,128,256,,0.026941556372403697,0.7459456151173363,0.47342856398911715,0.18123434596097918,3,sum,1,0.9296663660955816,0.8347457627118644,0.8430813124108416,0.8265734265734266
0.7878238891211096,19,1,128,256,,0.026941556372403697,0.7459456151173363,0.47342856398911715,0.18123434596097918,4,sum,1,0.9281635106702735,0.8306165839829908,0.8359486447931527,0.8253521126760563
0.7878238891211096,19,1,128,256,,0.026941556372403697,0.7459456151173363,0.47342856398911715,0.18123434596097918,5,sum,1,0.9176435226931169,0.8078541374474053,0.8216833095577746,0.7944827586206896
