K,layers,hidden_channels,out_channels,norm,lr,treatment,dropout,ratio,seed,aggregation,model_type,batch_size,rate_pairs,clusters,sampling,num_epochs,anomaly_detector,accuracy,f1,recall,precision,losses,test_accuracy,test_f1,test_recall,test_precision
14,1,256,128,,0.005,removal,0,0.25043706189678383,654,mean,GCNConv,2048,10,50,sage,100,nearest_neighbors,nan,0.0,0.0,0.0,"[3.032483696937561, 2.3722376823425293, 2.4703259468078613, 2.3814613819122314, 2.29751718044281, 2.3922014236450195, 2.337710380554199, 2.3073052167892456, 2.370682954788208, 2.3517160415649414, 2.280008316040039, 2.269693613052368, 2.371436357498169, 2.2648046016693115, 2.229374408721924, 2.329331874847412, 2.258892059326172, 2.224384307861328, 2.3709157705307007, 2.2863781452178955, 2.2716764211654663, 2.3421075344085693, 2.283319592475891, 2.276493787765503, 2.3214482069015503, 2.263433814048767, 2.1668883562088013, 2.167603850364685, 2.2297292947769165, 2.3212382793426514, 2.1964223384857178, 2.14188015460968, 2.229232430458069, 2.179375648498535, 2.15570068359375, 2.187314033508301, 2.1231249570846558, 2.1392710208892822, 2.1271992921829224, 2.1498082876205444, 2.147955000400543, 2.155806064605713, 2.23847234249115, 2.1523723006248474, 2.0812273025512695, 2.034442186355591, 2.1681493520736694, 2.2370153069496155, 2.1462658643722534, 2.060586452484131, 2.054258167743683, 2.0684752464294434, 2.0941646099090576, 2.0336108207702637, 2.1152759790420532, 2.0370375514030457, 2.0447909832000732, 2.0267279148101807, 2.127981185913086, 1.9850621819496155, 2.019458532333374, 2.034142851829529, 2.0077582001686096, 2.0339905619621277, 1.9922491908073425, 1.9673178791999817, 2.0189692974090576, 1.9546123147010803, 1.9706933498382568, 1.9758608937263489, 1.982349932193756, 2.02096825838089, 1.970742106437683, 1.9483282566070557, 1.9662210941314697, 1.9627432227134705, 1.987338900566101, 1.946480631828308, 1.9198938608169556, 1.9432225823402405, 1.9103899598121643, 1.8950794339179993, 1.95293128490448, 1.9118131399154663, 1.8346999883651733, 1.9058368802070618, 1.8673869967460632, 1.9061239957809448, 1.8745372891426086, 1.8529880046844482, 1.8356430530548096, 1.8496787548065186, 1.8038894534111023, 1.8239247798919678, 1.8408564925193787, 1.829021692276001, 1.8128213286399841, 1.8071524500846863, 1.7866159677505493, 1.8398970365524292]",0.923412831709775,0.6576576576576577,0.6239316239316239,0.6952380952380952
