alpha,K,layers,hidden_channels,out_channels,norm,dropout,margin,lpl_weight,ratio,seed,aggregation,pos_weight,accuracy,f1,recall,precision
0.9163446717260328,17,1,128,256,,0.0013772753633282814,0.8861947037565563,0.10498965151564484,0.1396131018718561,1,sum,1,0.9236549443943493,0.8093093093093093,0.7689015691868759,0.8541996830427893
0.9163446717260328,17,1,128,256,,0.0013772753633282814,0.8861947037565563,0.10498965151564484,0.1396131018718561,2,sum,1,0.9227532311391644,0.8092056421677802,0.7774607703281027,0.8436532507739938
0.9163446717260328,17,1,128,256,,0.0013772753633282814,0.8861947037565563,0.10498965151564484,0.1396131018718561,3,sum,1,0.9233543733092876,0.8072562358276644,0.7617689015691869,0.8585209003215434
0.9163446717260328,17,1,128,256,,0.0013772753633282814,0.8861947037565563,0.10498965151564484,0.1396131018718561,4,sum,1,0.9206492335437331,0.8023952095808383,0.7646219686162625,0.8440944881889764
0.9163446717260328,17,1,128,256,,0.0013772753633282814,0.8861947037565563,0.10498965151564484,0.1396131018718561,5,sum,1,0.9194469492034866,0.8002980625931445,0.7660485021398002,0.8377535101404057
