alpha,K,layers,hidden_channels,out_channels,norm,dropout,margin,lpl_weight,ratio,seed,aggregation,pos_weight,accuracy,f1,recall,precision
0.5,23,1,256,256,,0.15227699913735576,0.5,0.9139323237324545,0.21977394334610542,1,sum,1,0.9257589419897806,0.8288288288288288,0.8530670470756063,0.8059299191374663
0.5,23,1,256,256,,0.15227699913735576,0.5,0.9139323237324545,0.21977394334610542,2,sum,1,0.9224526600541028,0.8170212765957446,0.8216833095577746,0.8124118476727785
0.5,23,1,256,256,,0.15227699913735576,0.5,0.9139323237324545,0.21977394334610542,3,sum,1,0.9266606552449654,0.826950354609929,0.8316690442225392,0.8222849083215797
0.5,23,1,256,256,,0.15227699913735576,0.5,0.9139323237324545,0.21977394334610542,4,sum,1,0.9242560865644724,0.8215297450424929,0.8273894436519258,0.8157524613220816
0.5,23,1,256,256,,0.15227699913735576,0.5,0.9139323237324545,0.21977394334610542,5,sum,1,0.9278629395852119,0.8275862068965517,0.8216833095577746,0.8335745296671491
