alpha,K,layers,hidden_channels,out_channels,norm,dropout,margin,lpl_weight,ratio,seed,aggregation,pos_weight,accuracy,f1,recall,precision
0.5,22,1,256,256,,0,0.5,0.7647641779651785,0.1586580564662008,1,sum,1,0.9251577998196574,0.8151447661469933,0.7831669044222539,0.8498452012383901
0.5,22,1,256,256,,0,0.5,0.7647641779651785,0.1586580564662008,2,sum,1,0.9314697926059513,0.8313609467455622,0.8017118402282454,0.8632872503840245
0.5,22,1,256,256,,0,0.5,0.7647641779651785,0.1586580564662008,3,sum,1,0.9251577998196574,0.8129226145755072,0.7717546362339515,0.8587301587301587
0.5,22,1,256,256,,0,0.5,0.7647641779651785,0.1586580564662008,4,sum,1,0.9290652239254583,0.8249258160237388,0.7931526390870185,0.8593508500772797
0.5,22,1,256,256,,0,0.5,0.7647641779651785,0.1586580564662008,5,sum,1,0.92936579501052,0.8273328434974284,0.8031383737517832,0.853030303030303
