alpha,K,layers,hidden_channels,out_channels,norm,dropout,margin,lpl_weight,ratio,seed,aggregation,pos_weight,accuracy,f1,recall,precision
0.7213301128586145,17,1,256,128,layernorm,0.4527491838256387,0.0572757080697463,0.6151411445060149,0.17361960669845228,1,mean,1,0.9131349564171927,0.7711797307996833,0.6947218259629101,0.8665480427046264
0.7213301128586145,17,1,256,128,layernorm,0.4527491838256387,0.0572757080697463,0.6151411445060149,0.17361960669845228,2,mean,1,0.9239555154794109,0.8006304176516943,0.724679029957204,0.8943661971830986
0.7213301128586145,17,1,256,128,layernorm,0.4527491838256387,0.0572757080697463,0.6151411445060149,0.17361960669845228,3,mean,1,0.9131349564171927,0.7682437850842021,0.6833095577746077,0.8772893772893773
0.7213301128586145,17,1,256,128,layernorm,0.4527491838256387,0.0572757080697463,0.6151411445060149,0.17361960669845228,4,mean,1,0.919146378118425,0.7896794370602033,0.7203994293865906,0.8737024221453287
0.7213301128586145,17,1,256,128,layernorm,0.4527491838256387,0.0572757080697463,0.6151411445060149,0.17361960669845228,5,mean,1,0.9098286744815148,0.7692307692307693,0.7132667617689016,0.8347245409015025
