K,layers,hidden_channels,out_channels,norm,lr,treatment,dropout,ratio,seed,aggregation,model_type,batch_size,rate_pairs,clusters,sampling,num_epochs,anomaly_detector,accuracy,f1,recall,precision,losses,test_accuracy,test_f1,test_recall,test_precision
10,3,128,128,,0.005,removal,0,0.14522993339292434,654,mean,GCNConv,2048,10,50,sage,100,nearest_neighbors,nan,0.0,0.0,0.0,"[2.214383125305176, 2.1120702028274536, 2.184757113456726, 2.1999664306640625, 2.162677526473999, 2.110479712486267, 2.1281968355178833, 2.0515897274017334, 2.110353708267212, 2.1001288890838623, 2.071281313896179, 2.0901821851730347, 2.113416016101837, 2.083051025867462, 2.0523499846458435, 2.0363513827323914, 2.045602321624756, 2.090479791164398, 2.0839365124702454, 2.141795039176941, 2.0720930099487305, 2.0553213357925415, 2.03486704826355, 2.085759162902832, 2.063171863555908, 2.0330445766448975, 1.9782485961914062, 2.0202871561050415, 2.036708354949951, 2.0301470160484314, 2.021314263343811, 1.9791475534439087, 1.9906195402145386, 1.9990813732147217, 2.0037314891815186, 1.9340967535972595, 1.9981434345245361, 1.957793653011322, 1.9482896327972412, 1.8851126432418823, 1.9014940857887268, 1.8763223886489868, 1.9293012619018555, 1.9493016600608826, 1.9229367971420288, 1.913514256477356, 1.9091911911964417, 1.9702805876731873, 1.8955606818199158, 1.9202690124511719, 1.8773793578147888, 1.8765270709991455, 1.8509448766708374, 1.8409413695335388, 1.8504688739776611, 1.8565616607666016, 1.8414623737335205, 1.822421908378601, 1.8950254917144775, 1.8823001384735107, 1.7807334065437317, 1.8275484442710876, 1.7687531113624573, 1.8124918341636658, 1.7795069217681885, 1.7827693819999695, 1.7972272038459778, 1.7308874726295471, 1.7202121019363403, 1.7794939279556274, 1.754836082458496, 1.7225046157836914, 1.7692621350288391, 1.7730578780174255, 1.7285358309745789, 1.7606263756752014, 1.7242149114608765, 1.7321702241897583, 1.6856496334075928, 1.6736217141151428, 1.6624959111213684, 1.6620811223983765, 1.677536964416504, 1.6253873705863953, 1.6398181319236755, 1.6155748963356018, 1.64584618806839, 1.678529143333435, 1.634210467338562, 1.5958892703056335, 1.6103132367134094, 1.6208980679512024, 1.5996785759925842, 1.5878930687904358, 1.5735005140304565, 1.5582712292671204, 1.5607503652572632, 1.5851713418960571, 1.5851588249206543, 1.5376744270324707]",0.9089687604971448,0.5505804311774462,0.47293447293447294,0.6587301587301587
