K,layers,hidden_channels,out_channels,norm,lr,treatment,dropout,ratio,seed,aggregation,model_type,batch_size,rate_pairs,clusters,sampling,sampling_k,num_epochs,anomaly_detector,accuracy,f1,recall,precision,losses
2,1,256,256,,0.004605584968207975,removal,0,0.16102039029803536,654,mean,GCNConv,1024,1,400,nearest_neighbors,25,100,nearest_neighbors,0.9362789299669372,0.8429629629629629,0.81169757489301,0.8767334360554699,"[4.160905241966248, 4.075570642948151, 4.019998550415039, 3.8038366436958313, 3.8754193782806396, 3.8495951890945435, 3.7737377882003784, 3.6601322889328003, 3.7166121006011963, 3.588520646095276, 3.44725900888443, 3.4533705711364746, 3.440008044242859, 3.3879826068878174, 3.299067258834839, 3.281056046485901, 3.211611032485962, 3.1479372382164, 3.174625515937805, 3.1700188517570496, 3.0724974274635315, 3.05241197347641, 2.952181398868561, 2.969743311405182, 2.908403217792511, 2.868070900440216, 2.7731658816337585, 2.822890520095825, 2.7769325375556946, 2.697302460670471, 2.6640871167182922, 2.6023029685020447, 2.5975499153137207, 2.5384621620178223, 2.4738964438438416, 2.5360950231552124, 2.475148320198059, 2.4368118047714233, 2.385832965373993, 2.3934271335601807, 2.312882125377655, 2.294971525669098, 2.259328246116638, 2.337787926197052, 2.23817777633667, 2.1047062277793884, 2.1799451112747192, 2.1014653146266937, 2.165109872817993, 2.060175269842148, 2.1048997044563293, 2.0227114856243134, 1.992379605770111, 2.010833829641342, 1.9364047050476074, 1.954594373703003, 1.9071209132671356, 1.8992190062999725, 1.8693766593933105, 1.8061835169792175, 1.778630256652832, 1.8377080261707306, 1.7881604433059692, 1.7593148350715637, 1.7420818507671356, 1.7231771051883698, 1.7370831072330475, 1.6810031533241272, 1.69680055975914, 1.608671873807907, 1.6623316407203674, 1.6151111423969269, 1.5711151361465454, 1.5820676982402802, 1.5337152779102325, 1.5579385459423065, 1.5185981392860413, 1.5295937657356262, 1.4823886156082153, 1.4113028943538666, 1.4632481336593628, 1.4231784045696259, 1.4619647562503815, 1.4134021401405334, 1.4077173471450806, 1.3840664625167847, 1.359499603509903, 1.3569049835205078, 1.3506216406822205, 1.3218198418617249, 1.3322857916355133, 1.2824349105358124, 1.2780818939208984, 1.262935608625412, 1.2442700862884521, 1.241205781698227, 1.241298645734787, 1.232559084892273, 1.1980509161949158, 1.1757985353469849]"
