alpha,K,layers,hidden_channels,out_channels,norm,dropout,margin,lpl_weight,ratio,seed,aggregation,pos_weight,accuracy,f1,recall,precision
0.5,22,1,256,256,,0.25660307917691855,0.5,0.8324445192757024,0.22121632624132637,1,sum,1,0.9302675082657048,0.8356940509915014,0.8416547788873039,0.829817158931083
0.5,22,1,256,256,,0.25660307917691855,0.5,0.8324445192757024,0.22121632624132637,2,sum,1,0.9143372407574392,0.7954055994256999,0.7902995720399429,0.8005780346820809
0.5,22,1,256,256,,0.25660307917691855,0.5,0.8324445192757024,0.22121632624132637,3,sum,1,0.9278629395852119,0.8253275109170306,0.8088445078459344,0.8424962852897474
0.5,22,1,256,256,,0.25660307917691855,0.5,0.8324445192757024,0.22121632624132637,4,sum,1,0.9302675082657048,0.8356940509915014,0.8416547788873039,0.829817158931083
0.5,22,1,256,256,,0.25660307917691855,0.5,0.8324445192757024,0.22121632624132637,5,sum,1,0.9311692215208897,0.8356066044508256,0.8302425106990015,0.8410404624277457
