alpha,K,layers,hidden_channels,out_channels,norm,dropout,margin,lpl_weight,ratio,seed,aggregation,pos_weight,accuracy,f1,recall,precision
0.5,15,2,256,128,,0.3384722962378079,0.5,0.9334527103449021,0.07507156997284185,1,sum,1,0.9323715058611362,0.8215701823949246,0.738944365192582,0.925
0.5,15,2,256,128,,0.3384722962378079,0.5,0.9334527103449021,0.07507156997284185,2,sum,1,0.935677787796814,0.8288,0.738944365192582,0.9435336976320583
0.5,15,2,256,128,,0.3384722962378079,0.5,0.9334527103449021,0.07507156997284185,3,sum,1,0.9344755034565675,0.8267090620031796,0.7417974322396577,0.933572710951526
0.5,15,2,256,128,,0.3384722962378079,0.5,0.9334527103449021,0.07507156997284185,4,sum,1,0.9377817853922452,0.8347964884277733,0.746077032810271,0.947463768115942
0.5,15,2,256,128,,0.3384722962378079,0.5,0.9334527103449021,0.07507156997284185,5,sum,1,0.9350766456266907,0.8288431061806656,0.746077032810271,0.9322638146167558
