alpha,K,layers,hidden_channels,out_channels,norm,dropout,margin,lpl_weight,ratio,seed,aggregation,pos_weight,accuracy,f1,recall,precision
0.8920380975089763,25,1,128,64,,0.3206181071805163,0.22962059294413095,0.8868450363955178,0.17256805179031062,1,sum,1,0.9233543733092876,0.8140043763676149,0.7960057061340942,0.8328358208955224
0.8920380975089763,25,1,128,64,,0.3206181071805163,0.22962059294413095,0.8868450363955178,0.17256805179031062,2,sum,1,0.9257589419897806,0.822429906542056,0.8159771754636234,0.8289855072463768
0.8920380975089763,25,1,128,64,,0.3206181071805163,0.22962059294413095,0.8868450363955178,0.17256805179031062,3,sum,1,0.9308686504358281,0.8338150289017341,0.8231098430813124,0.8448023426061494
0.8920380975089763,25,1,128,64,,0.3206181071805163,0.22962059294413095,0.8868450363955178,0.17256805179031062,4,sum,1,0.9260595130748422,0.823021582733813,0.8159771754636234,0.8301886792452831
0.8920380975089763,25,1,128,64,,0.3206181071805163,0.22962059294413095,0.8868450363955178,0.17256805179031062,5,sum,1,0.9227532311391644,0.8139029688631426,0.8017118402282454,0.8264705882352941
