alpha,K,layers,hidden_channels,out_channels,norm,dropout,margin,lpl_weight,ratio,seed,aggregation,pos_weight,accuracy,f1,recall,precision
0.5,21,1,256,256,,0,0.5,0.867487423426944,0.2073541069921295,1,mean,1,0.9275623685001503,0.8284697508896797,0.8302425106990015,0.8267045454545454
0.5,21,1,256,256,,0,0.5,0.867487423426944,0.2073541069921295,2,mean,1,0.9254583709047189,0.8195050946142649,0.8031383737517832,0.836552748885587
0.5,21,1,256,256,,0,0.5,0.867487423426944,0.2073541069921295,3,mean,1,0.9269612263300271,0.8240405503258509,0.81169757489301,0.836764705882353
0.5,21,1,256,256,,0,0.5,0.867487423426944,0.2073541069921295,4,mean,1,0.9260595130748422,0.8250355618776671,0.8273894436519258,0.8226950354609929
0.5,21,1,256,256,,0,0.5,0.867487423426944,0.2073541069921295,5,mean,1,0.9272617974150886,0.8271428571428572,0.8259629101283881,0.8283261802575107
