alpha,K,layers,hidden_channels,out_channels,norm,dropout,margin,lpl_weight,ratio,seed,aggregation,pos_weight,accuracy,f1,recall,precision
0.875403086642385,20,1,256,32,,0.31174953286615614,0.5601690150192232,0.8518597777640876,0.1467861462231225,1,sum,1,0.9251577998196574,0.8245243128964059,0.8345221112696148,0.8147632311977716
0.875403086642385,20,1,256,32,,0.31174953286615614,0.5601690150192232,0.8518597777640876,0.1467861462231225,2,sum,1,0.9284640817553351,0.8328651685393258,0.8459343794579173,0.8201936376210235
0.875403086642385,20,1,256,32,,0.31174953286615614,0.5601690150192232,0.8518597777640876,0.1467861462231225,3,sum,1,0.9314697926059513,0.8373751783166904,0.8373751783166904,0.8373751783166904
0.875403086642385,20,1,256,32,,0.31174953286615614,0.5601690150192232,0.8518597777640876,0.1467861462231225,4,sum,1,0.9284640817553351,0.8323943661971831,0.8430813124108416,0.8219749652294854
0.875403086642385,20,1,256,32,,0.31174953286615614,0.5601690150192232,0.8518597777640876,0.1467861462231225,5,sum,1,0.9254583709047189,0.8208092485549133,0.8102710413694721,0.8316251830161054
