alpha,K,layers,hidden_channels,out_channels,norm,dropout,margin,lpl_weight,ratio,seed,aggregation,pos_weight,accuracy,f1,recall,precision
0.5192775222968586,15,2,256,128,layernorm,0.3304754344702935,0.7065803012152477,0.8491590039606494,0.1592120740169638,1,sum,1,0.8764652840396754,0.7304918032786886,0.7945791726105563,0.6759708737864077
0.5192775222968586,15,2,256,128,layernorm,0.3304754344702935,0.7065803012152477,0.8491590039606494,0.1592120740169638,2,sum,1,0.8746618575293057,0.7265573770491803,0.7902995720399429,0.6723300970873787
0.5192775222968586,15,2,256,128,layernorm,0.3304754344702935,0.7065803012152477,0.8491590039606494,0.1592120740169638,3,sum,1,0.8740607153591824,0.7252459016393442,0.7888730385164051,0.6711165048543689
0.5192775222968586,15,2,256,128,layernorm,0.3304754344702935,0.7065803012152477,0.8491590039606494,0.1592120740169638,4,sum,1,0.8806732792305381,0.7396721311475409,0.8045649072753209,0.6844660194174758
0.5192775222968586,15,2,256,128,layernorm,0.3304754344702935,0.7065803012152477,0.8491590039606494,0.1592120740169638,5,sum,1,0.8782687105500451,0.7344262295081967,0.7988587731811697,0.6796116504854369
