alpha,K,layers,hidden_channels,out_channels,norm,dropout,margin,lpl_weight,ratio,seed,aggregation,pos_weight,accuracy,f1,recall,precision
0.5,24,1,256,256,,0,0.5,0.3176527266381188,0.2290559967791857,1,sum,1,0.9254583709047189,0.8263305322128851,0.8416547788873039,0.811554332874828
0.5,24,1,256,256,,0,0.5,0.3176527266381188,0.2290559967791857,2,sum,1,0.9251577998196574,0.8300341296928327,0.8673323823109843,0.7958115183246073
0.5,24,1,256,256,,0,0.5,0.3176527266381188,0.2290559967791857,3,sum,1,0.9224526600541028,0.8210818307905686,0.8445078459343794,0.7989203778677463
0.5,24,1,256,256,,0,0.5,0.3176527266381188,0.2290559967791857,4,sum,1,0.9230538022242261,0.819971870604782,0.8316690442225392,0.8085991678224688
0.5,24,1,256,256,,0,0.5,0.3176527266381188,0.2290559967791857,5,sum,1,0.9260595130748422,0.8296398891966759,0.854493580599144,0.8061911170928667
