alpha,K,layers,hidden_channels,out_channels,norm,dropout,margin,lpl_weight,ratio,seed,aggregation,pos_weight,accuracy,f1,recall,precision
0.5,20,1,256,256,,0.15589078139066156,0.5,0.9085877944999934,0.17161045034139347,1,sum,1,0.9308686504358281,0.8330914368650217,0.818830242510699,0.8478581979320532
0.5,20,1,256,256,,0.15589078139066156,0.5,0.9085877944999934,0.17161045034139347,2,sum,1,0.9275623685001503,0.822140221402214,0.7945791726105563,0.8516819571865444
0.5,20,1,256,256,,0.15589078139066156,0.5,0.9085877944999934,0.17161045034139347,3,sum,1,0.9278629395852119,0.8232695139911634,0.797432239657632,0.8508371385083714
0.5,20,1,256,256,,0.15589078139066156,0.5,0.9085877944999934,0.17161045034139347,4,sum,1,0.9251577998196574,0.8189090909090909,0.8031383737517832,0.8353115727002968
0.5,20,1,256,256,,0.15589078139066156,0.5,0.9085877944999934,0.17161045034139347,5,sum,1,0.9269612263300271,0.8198665678280208,0.7888730385164051,0.8533950617283951
