K,layers,hidden_channels,out_channels,norm,lr,treatment,dropout,ratio,seed,aggregation,model_type,batch_size,rate_pairs,clusters,sampling,sampling_k,num_epochs,anomaly_detector,accuracy,f1,recall,precision,losses
2,2,64,128,,0.008154524940463509,removal,0,0.11523588912955332,654,mean,GCNConv,1024,2,200,nearest_neighbors,25,100,unweighted,0.8981064021641119,0.690975387420237,0.5406562054208274,0.9570707070707071,"[4.2140390276908875, 4.094952404499054, 3.9932847023010254, 4.04024463891983, 3.8071539402008057, 3.664463222026825, 3.5862225890159607, 3.4363755583763123, 3.4375847578048706, 3.3156702518463135, 3.1711259484291077, 3.218824028968811, 3.1266555786132812, 3.050798237323761, 2.995562195777893, 2.8962817788124084, 2.815563201904297, 2.7909279465675354, 2.7398977279663086, 2.609903573989868, 2.5900819897651672, 2.506321430206299, 2.455457031726837, 2.3520121574401855, 2.3596938252449036, 2.2537761330604553, 2.2095426321029663, 2.188500225543976, 2.1304371058940887, 2.0924675464630127, 2.048374116420746, 1.988141030073166, 1.9405243396759033, 1.897635132074356, 1.8928083777427673, 1.8306350409984589, 1.798196941614151, 1.7598347961902618, 1.7170803546905518, 1.686146229505539, 1.6416179239749908, 1.6118957698345184, 1.6138046979904175, 1.5395052433013916, 1.5233277678489685, 1.4996414184570312, 1.504963457584381, 1.4217584431171417, 1.3930099606513977, 1.4050767123699188, 1.3605500161647797, 1.323013037443161, 1.2908157706260681, 1.3083494901657104, 1.2614778876304626, 1.2366153001785278, 1.2285663485527039, 1.1932701468467712, 1.1590982973575592, 1.1599029004573822, 1.152068316936493, 1.1338269710540771, 1.1194621622562408, 1.0767292082309723, 1.054765209555626, 1.0410229414701462, 1.0415584444999695, 1.0125882923603058, 1.013223558664322, 0.9553395956754684, 0.9662784934043884, 0.9582337290048599, 0.930136039853096, 0.9059835225343704, 0.9080470502376556, 0.9107238501310349, 0.8682343661785126, 0.8678640127182007, 0.8461616784334183, 0.8314536958932877, 0.8236938714981079, 0.8216982632875443, 0.7995478510856628, 0.786041259765625, 0.7840033620595932, 0.7862600684165955, 0.7624162137508392, 0.7419968545436859, 0.7578705698251724, 0.7325996160507202, 0.7238629311323166, 0.7131339013576508, 0.7120562940835953, 0.7064245343208313, 0.6745019406080246, 0.6679362654685974, 0.6616874635219574, 0.655545175075531, 0.661184772849083, 0.6342917084693909]"
