alpha,K,layers,hidden_channels,out_channels,norm,dropout,margin,lpl_weight,ratio,seed,aggregation,pos_weight,accuracy,f1,recall,precision
0.5,24,1,256,256,,0.2314673253512058,0.5,0.8425576398553624,0.23148611540682887,1,sum,1,0.9299669371806433,0.835102618542109,0.8416547788873039,0.8286516853932584
0.5,24,1,256,256,,0.2314673253512058,0.5,0.8425576398553624,0.23148611540682887,2,sum,1,0.9227532311391644,0.8149748020158387,0.8074179743223966,0.8226744186046512
0.5,24,1,256,256,,0.2314673253512058,0.5,0.8425576398553624,0.23148611540682887,3,sum,1,0.9269612263300271,0.8263045032165832,0.8245363766048502,0.828080229226361
0.5,24,1,256,256,,0.2314673253512058,0.5,0.8425576398553624,0.23148611540682887,4,sum,1,0.9251577998196574,0.8279198341395991,0.854493580599144,0.8029490616621984
0.5,24,1,256,256,,0.2314673253512058,0.5,0.8425576398553624,0.23148611540682887,5,sum,1,0.9320709347760745,0.8421787709497207,0.8601997146932953,0.8248974008207934
