alpha,K,layers,hidden_channels,out_channels,norm,dropout,margin,lpl_weight,ratio,seed,aggregation,pos_weight,accuracy,f1,recall,precision
0.7752797310238212,17,1,256,128,,0.3954482695020584,0.5321562833874636,0.8024514801317768,0.12272423407406044,1,sum,1,0.9329726480312593,0.8351810790835181,0.8059914407988588,0.8665644171779141
0.7752797310238212,17,1,256,128,,0.3954482695020584,0.5321562833874636,0.8024514801317768,0.12272423407406044,2,sum,1,0.9422903516681695,0.8584070796460177,0.8302425106990015,0.8885496183206106
0.7752797310238212,17,1,256,128,,0.3954482695020584,0.5321562833874636,0.8024514801317768,0.12272423407406044,3,sum,1,0.9389840697324917,0.8506254598969831,0.8245363766048502,0.878419452887538
0.7752797310238212,17,1,256,128,,0.3954482695020584,0.5321562833874636,0.8024514801317768,0.12272423407406044,4,sum,1,0.9407874962428614,0.8541820873427091,0.8231098430813124,0.8876923076923077
0.7752797310238212,17,1,256,128,,0.3954482695020584,0.5321562833874636,0.8024514801317768,0.12272423407406044,5,sum,1,0.9326720769461978,0.8345642540620384,0.8059914407988588,0.8652373660030628
