alpha,K,layers,hidden_channels,out_channels,norm,dropout,margin,lpl_weight,ratio,seed,aggregation,pos_weight,accuracy,f1,recall,precision
0.5,15,2,256,128,,0.33085876980102646,0.5,0.9897916175724335,0.13346598441374471,1,sum,1,0.9374812143071837,0.84992784992785,0.8402282453637661,0.8598540145985402
0.5,15,2,256,128,,0.33085876980102646,0.5,0.9897916175724335,0.13346598441374471,2,sum,1,0.9437932070934776,0.863003663003663,0.8402282453637661,0.8870481927710844
0.5,15,2,256,128,,0.33085876980102646,0.5,0.9897916175724335,0.13346598441374471,3,sum,1,0.9380823564773069,0.8513708513708513,0.8416547788873039,0.8613138686131386
0.5,15,2,256,128,,0.33085876980102646,0.5,0.9897916175724335,0.13346598441374471,4,sum,1,0.9419897805831079,0.8573540280857354,0.8273894436519258,0.8895705521472392
0.5,15,2,256,128,,0.33085876980102646,0.5,0.9897916175724335,0.13346598441374471,5,sum,1,0.9365795010519988,0.8472121650977552,0.8345221112696148,0.8602941176470589
