alpha,K,layers,hidden_channels,out_channels,norm,dropout,margin,lpl_weight,ratio,seed,aggregation,pos_weight,accuracy,f1,recall,precision
0.8539773901725847,20,2,128,128,graphnorm,0.06892421623633407,0.3367275248051761,0.8598394275532106,0.042668675771732556,1,sum,1,0.9173429516080553,0.7643530419880035,0.6362339514978602,0.9570815450643777
0.8539773901725847,20,2,128,128,graphnorm,0.06892421623633407,0.3367275248051761,0.8598394275532106,0.042668675771732556,2,sum,1,0.9209498046287947,0.7738607050730868,0.6419400855920114,0.974025974025974
0.8539773901725847,20,2,128,128,graphnorm,0.06892421623633407,0.3367275248051761,0.8598394275532106,0.042668675771732556,3,sum,1,0.9212503757138564,0.7741379310344828,0.6405135520684736,0.9782135076252724
0.8539773901725847,20,2,128,128,graphnorm,0.06892421623633407,0.3367275248051761,0.8598394275532106,0.042668675771732556,4,sum,1,0.9158400961827472,0.7569444444444444,0.6219686162624821,0.9667405764966741
0.8539773901725847,20,2,128,128,graphnorm,0.06892421623633407,0.3367275248051761,0.8598394275532106,0.042668675771732556,5,sum,1,0.9197475202885482,0.7715996578272027,0.6433666191155493,0.9636752136752137
