alpha,K,layers,hidden_channels,out_channels,norm,dropout,margin,lpl_weight,ratio,seed,aggregation,pos_weight,accuracy,f1,recall,precision
0.7474611298328591,17,1,256,128,,0.35409802598915546,0.4983911661844766,0.8128281784683595,0.10416320604198138,1,sum,1,0.9377817853922452,0.8423457730388424,0.7888730385164051,0.9035947712418301
0.7474611298328591,17,1,256,128,,0.35409802598915546,0.4983911661844766,0.8128281784683595,0.10416320604198138,2,sum,1,0.9404869251577999,0.8495440729483282,0.797432239657632,0.9089430894308943
0.7474611298328591,17,1,256,128,,0.35409802598915546,0.4983911661844766,0.8128281784683595,0.10416320604198138,3,sum,1,0.9386834986474302,0.8449848024316109,0.7931526390870185,0.9040650406504065
0.7474611298328591,17,1,256,128,,0.35409802598915546,0.4983911661844766,0.8128281784683595,0.10416320604198138,4,sum,1,0.9413886384129847,0.851031321619557,0.7945791726105563,0.9161184210526315
0.7474611298328591,17,1,256,128,,0.35409802598915546,0.4983911661844766,0.8128281784683595,0.10416320604198138,5,sum,1,0.933273219116321,0.8328313253012049,0.7888730385164051,0.8819776714513556
