alpha,K,layers,hidden_channels,out_channels,norm,dropout,margin,lpl_weight,ratio,seed,aggregation,pos_weight,accuracy,f1,recall,precision
0.5,24,2,256,256,,0.4146384684469649,0.5,0.4343566632028517,0.13730669903918163,1,sum,1,0.9098286744815148,0.7652582159624414,0.6975748930099858,0.8474870017331022
0.5,24,2,256,256,,0.4146384684469649,0.5,0.4343566632028517,0.13730669903918163,2,sum,1,0.9146378118425007,0.7805255023183926,0.7203994293865906,0.851602023608769
0.5,24,2,256,256,,0.4146384684469649,0.5,0.4343566632028517,0.13730669903918163,3,sum,1,0.9137360985873159,0.7749019607843137,0.7047075606276747,0.8606271777003485
0.5,24,2,256,256,,0.4146384684469649,0.5,0.4343566632028517,0.13730669903918163,4,sum,1,0.9086263901412684,0.7587301587301587,0.68188302425107,0.855098389982111
0.5,24,2,256,256,,0.4146384684469649,0.5,0.4343566632028517,0.13730669903918163,5,sum,1,0.916741809437932,0.7813733228097869,0.7061340941512125,0.8745583038869258
