alpha,K,layers,hidden_channels,out_channels,norm,dropout,margin,lpl_weight,ratio,seed,aggregation,pos_weight,accuracy,f1,recall,precision
0.5682174773251414,18,1,256,128,layernorm,0.2009823166337083,0.5859149736864847,0.46207472358328017,0.07305473651587037,1,sum,1,0.9290652239254583,0.8105939004815409,0.7203994293865906,0.926605504587156
0.5682174773251414,18,1,256,128,layernorm,0.2009823166337083,0.5859149736864847,0.46207472358328017,0.07305473651587037,2,sum,1,0.9368800721370604,0.8322683706070287,0.7432239657631954,0.9455535390199638
0.5682174773251414,18,1,256,128,layernorm,0.2009823166337083,0.5859149736864847,0.46207472358328017,0.07305473651587037,3,sum,1,0.9329726480312593,0.8211708099438653,0.7303851640513552,0.9377289377289377
0.5682174773251414,18,1,256,128,layernorm,0.2009823166337083,0.5859149736864847,0.46207472358328017,0.07305473651587037,4,sum,1,0.9383829275623685,0.8366533864541833,0.7489300998573466,0.9476534296028881
0.5682174773251414,18,1,256,128,layernorm,0.2009823166337083,0.5859149736864847,0.46207472358328017,0.07305473651587037,5,sum,1,0.9359783588818755,0.8291900561347233,0.7375178316690443,0.9468864468864469
