alpha,K,layers,hidden_channels,out_channels,norm,dropout,margin,lpl_weight,ratio,seed,aggregation,pos_weight,accuracy,f1,recall,precision
0.5336055770063803,17,2,64,256,graphnorm,0.41985797070512787,0.3971252779094974,0.13282417871212315,0.34612582734199226,1,mean,1,0.9068229636308988,0.7813822284908322,0.7902995720399429,0.7726638772663877
0.5336055770063803,17,2,64,256,graphnorm,0.41985797070512787,0.3971252779094974,0.13282417871212315,0.34612582734199226,2,mean,1,0.8975052599939886,0.7586694975230007,0.7646219686162625,0.7528089887640449
0.5336055770063803,17,2,64,256,graphnorm,0.41985797070512787,0.3971252779094974,0.13282417871212315,0.34612582734199226,3,mean,1,0.8902915539525098,0.7535449020931803,0.7960057061340942,0.7153846153846154
0.5336055770063803,17,2,64,256,graphnorm,0.41985797070512787,0.3971252779094974,0.13282417871212315,0.34612582734199226,4,mean,1,0.8887886985272017,0.75,0.7917261055634808,0.7124518613607189
0.5336055770063803,17,2,64,256,graphnorm,0.41985797070512787,0.3971252779094974,0.13282417871212315,0.34612582734199226,5,mean,1,0.8944995491433724,0.7501779359430605,0.7517831669044223,0.7485795454545454
