K,layers,hidden_channels,out_channels,norm,lr,treatment,dropout,ratio,seed,aggregation,model_type,batch_size,rate_pairs,clusters,sampling,num_epochs,anomaly_detector,accuracy,f1,recall,precision,losses,test_accuracy,test_f1,test_recall,test_precision
15,1,128,256,,0.005,removal,0,0.22806946291284808,654,mean,GATConv,2048,10,50,sage,100,nearest_neighbors,nan,0.0,0.0,0.0,"[3.134060502052307, 2.3742982149124146, 2.4496549367904663, 2.4105619192123413, 2.434605836868286, 2.395841121673584, 2.382765293121338, 2.308426856994629, 2.405303955078125, 2.526400923728943, 2.367025375366211, 2.448473334312439, 2.341743230819702, 2.2958383560180664, 2.3560590744018555, 2.443156361579895, 2.2802850008010864, 2.3294776678085327, 2.486868143081665, 2.358842134475708, 2.280585289001465, 2.309358835220337, 2.3908746242523193, 2.214189887046814, 2.274395227432251, 2.2601622343063354, 2.2148042917251587, 2.279094099998474, 2.2993243932724, 2.18940532207489, 2.2161478996276855, 2.1982136964797974, 2.2098864316940308, 2.2959240674972534, 2.2685049772262573, 2.273663640022278, 2.2739092111587524, 2.3110889196395874, 2.259815216064453, 2.1638060808181763, 2.177364945411682, 2.1980085372924805, 2.222622513771057, 2.2315181493759155, 2.206217050552368, 2.166964530944824, 2.1239078044891357, 2.1687936782836914, 2.1352412700653076, 2.1875879764556885, 2.081029772758484, 2.1409932374954224, 2.239890694618225, 2.1713671684265137, 2.070944666862488, 2.128326177597046, 2.1003811359405518, 2.0796666145324707, 2.0827056169509888, 2.110434055328369, 2.140105724334717, 2.0622462034225464, 2.089633584022522, 2.09111225605011, 1.9840142130851746, 2.039495348930359, 2.0678741931915283, 2.0311723351478577, 2.0738571882247925, 1.9652942419052124, 2.0855796337127686, 2.0491353273391724, 2.00234454870224, 2.038903295993805, 2.026520609855652, 1.9548340439796448, 1.961898922920227, 1.9799256324768066, 1.9824086427688599, 1.9558127522468567, 1.9373268485069275, 1.9475500583648682, 1.9385799169540405, 1.9459480047225952, 1.9301950335502625, 1.934019684791565, 1.9303996562957764, 1.900097370147705, 1.909668207168579, 1.8973677158355713, 1.8758913278579712, 1.8376306295394897, 1.8726572394371033, 1.9104712009429932, 1.851158618927002, 1.8661746382713318, 1.8427664041519165, 1.8430269360542297, 1.8667418956756592, 1.8374522924423218]",0.9328182734296271,0.7058823529411765,0.6837606837606838,0.729483282674772
