K,layers,hidden_channels,out_channels,norm,lr,treatment,dropout,ratio,seed,aggregation,model_type,batch_size,rate_pairs,reliable_mini_batch,clusters,accuracy,f1,recall,precision,losses
2,1,256,256,,0.0036259639266007257,relabeling,0,0.1405809790087525,654,mean,GCNConv,10,5,True,200,0.9080252479711451,0.7932432432432432,0.8373751783166904,0.7535301668806161,"[7.633334219455719, 6.437240719795227, 6.434699669480324, 5.799302890896797, 5.549398802220821, 5.217551946640015, 5.094344191253185, 4.777001798152924, 4.631196431815624, 4.68695891648531, 4.252744160592556, 4.016178101301193, 3.8052092120051384, 3.4822035506367683, 3.5121181532740593, 3.2887634709477425, 3.182958833873272, 3.0951580107212067, 2.8113338090479374, 2.751053638756275, 2.607780337333679, 2.4707749634981155, 2.5140941739082336, 2.265084784477949, 2.3108910396695137, 2.0635315254330635, 2.1531011946499348, 1.9603758566081524, 1.9373166225850582, 1.9608474262058735, 1.8324236758053303, 1.7496420070528984, 1.6651678308844566, 1.581234909594059, 1.5433790497481823, 1.4774464890360832, 1.4604354705661535, 1.3905947469174862, 1.3802863731980324, 1.3262764886021614, 1.2601864556781948, 1.3221540190279484, 1.196609914302826, 1.2210008911788464, 1.1855655424296856, 1.0794466193765402, 1.1052646860480309, 1.0148833859711885, 0.9981782846152782, 0.9621952194720507]"
