K,layers,hidden_channels,out_channels,norm,lr,treatment,dropout,ratio,seed,aggregation,model_type,batch_size,rate_pairs,clusters,sampling,sampling_k,num_epochs,anomaly_detector,accuracy,f1,recall,precision,losses
2,1,64,256,,0.0037439579373418196,removal,0,0.13793955235271965,654,mean,GATConv,1024,1,300,neighbor,75,100,nearest_neighbors,0.935677787796814,0.8440233236151603,0.8259629101283881,0.8628912071535022,"[2.180798679590225, 1.9260090589523315, 1.9043634533882141, 1.9158952832221985, 1.9064485430717468, 1.854731798171997, 1.8310971558094025, 1.80076265335083, 1.7581632137298584, 1.7234722673892975, 1.7732467353343964, 1.6831956505775452, 1.7261250913143158, 1.6995975077152252, 1.7031330466270447, 1.6885808110237122, 1.7115339934825897, 1.688334196805954, 1.6173880994319916, 1.5529029369354248, 1.5728102326393127, 1.548754334449768, 1.5575657486915588, 1.5456185340881348, 1.6322563290596008, 1.5222813487052917, 1.5106745064258575, 1.4636512696743011, 1.4506855607032776, 1.5120713412761688, 1.455427497625351, 1.4343992173671722, 1.4234922528266907, 1.4108153283596039, 1.3736429810523987, 1.3236171305179596, 1.3142010569572449, 1.351281613111496, 1.2670716643333435, 1.3286948204040527, 1.2831920087337494, 1.269464135169983, 1.2880884110927582, 1.245448738336563, 1.258359581232071, 1.2357670068740845, 1.1602390110492706, 1.2052135467529297, 1.1726996898651123, 1.2002421617507935, 1.2025637030601501, 1.189573585987091, 1.1354297995567322, 1.1100995540618896, 1.1316869258880615, 1.1258400082588196, 1.1082537174224854, 1.0657200813293457, 1.0959691405296326, 1.0605688691139221, 1.0566246211528778, 1.0774677693843842, 1.028674691915512, 1.0495403110980988, 1.0012761354446411, 1.0066676288843155, 1.0099203884601593, 0.984139084815979, 0.9646331518888474, 0.9663069546222687, 0.9387862533330917, 0.9250020086765289, 0.932089775800705, 0.954093873500824, 0.921663448214531, 0.9095350205898285, 0.9007170051336288, 0.8712536841630936, 0.8773374259471893, 0.851532980799675, 0.8795555084943771, 0.8376272320747375, 0.8528637140989304, 0.8356887698173523, 0.8328793197870255, 0.8115003705024719, 0.8171225190162659, 0.8211098164319992, 0.8030832707881927, 0.7894498258829117, 0.7697411328554153, 0.7539309412240982, 0.7601346522569656, 0.7531341165304184, 0.7443750202655792, 0.7620453834533691, 0.7188167870044708, 0.7435186058282852, 0.7259603142738342, 0.7126757204532623]"
