alpha,K,layers,hidden_channels,out_channels,norm,dropout,margin,lpl_weight,ratio,seed,aggregation,pos_weight,accuracy,f1,recall,precision
0.9415247953373257,18,1,128,256,graphnorm,0.19379105794540016,0.5775386794654356,0.10919213977494567,0.19457048551563214,1,sum,1,0.9287646528403968,0.8317955997161107,0.8359486447931527,0.827683615819209
0.9415247953373257,18,1,128,256,graphnorm,0.19379105794540016,0.5775386794654356,0.10919213977494567,0.19457048551563214,2,sum,1,0.9275623685001503,0.831114225648213,0.8459343794579173,0.8168044077134986
0.9415247953373257,18,1,128,256,graphnorm,0.19379105794540016,0.5775386794654356,0.10919213977494567,0.19457048551563214,3,sum,1,0.931770363691013,0.8422515635858235,0.8644793152639088,0.8211382113821138
0.9415247953373257,18,1,128,256,graphnorm,0.19379105794540016,0.5775386794654356,0.10919213977494567,0.19457048551563214,4,sum,1,0.9263600841599038,0.8295059151009047,0.8502139800285307,0.8097826086956522
0.9415247953373257,18,1,128,256,graphnorm,0.19379105794540016,0.5775386794654356,0.10919213977494567,0.19457048551563214,5,sum,1,0.9281635106702735,0.8334494773519163,0.8530670470756063,0.8147138964577657
