alpha,K,layers,hidden_channels,out_channels,norm,dropout,margin,lpl_weight,ratio,seed,aggregation,pos_weight,accuracy,f1,recall,precision
0.6112544915255524,22,1,256,64,,0.09335677417494741,0.46948217037278217,0.8952185361833196,0.17316387711536435,1,sum,1,0.9299669371806433,0.835799859055673,0.8459343794579173,0.8259052924791086
0.6112544915255524,22,1,256,64,,0.09335677417494741,0.46948217037278217,0.8952185361833196,0.17316387711536435,2,sum,1,0.9302675082657048,0.8368495077355836,0.8487874465049928,0.8252427184466019
0.6112544915255524,22,1,256,64,,0.09335677417494741,0.46948217037278217,0.8952185361833196,0.17316387711536435,3,sum,1,0.9350766456266907,0.8502080443828016,0.8744650499286734,0.8272604588394062
0.6112544915255524,22,1,256,64,,0.09335677417494741,0.46948217037278217,0.8952185361833196,0.17316387711536435,4,sum,1,0.9257589419897806,0.8281141266527487,0.8487874465049928,0.8084239130434783
0.6112544915255524,22,1,256,64,,0.09335677417494741,0.46948217037278217,0.8952185361833196,0.17316387711536435,5,sum,1,0.9236549443943493,0.8250688705234159,0.854493580599144,0.7976031957390146
