alpha,K,layers,hidden_channels,out_channels,norm,dropout,margin,lpl_weight,ratio,seed,aggregation,pos_weight,accuracy,f1,recall,precision
0.5,22,2,256,128,,0,0.5,0.19582571123827155,0.0944447007633662,1,mean,1,0.912834385332131,0.7698412698412699,0.6918687589158345,0.8676207513416816
0.5,22,2,256,128,,0,0.5,0.19582571123827155,0.0944447007633662,2,mean,1,0.9179440937781785,0.7841897233201581,0.7075606276747504,0.8794326241134752
0.5,22,2,256,128,,0,0.5,0.19582571123827155,0.0944447007633662,3,mean,1,0.919146378118425,0.7866772402854877,0.7075606276747504,0.8857142857142857
0.5,22,2,256,128,,0,0.5,0.19582571123827155,0.0944447007633662,4,mean,1,0.9149383829275624,0.7686017988552739,0.6704707560627675,0.9003831417624522
0.5,22,2,256,128,,0,0.5,0.19582571123827155,0.0944447007633662,5,mean,1,0.9146378118425007,0.773524720893142,0.6918687589158345,0.8770343580470162
