alpha,K,layers,hidden_channels,out_channels,norm,dropout,margin,lpl_weight,ratio,seed,aggregation,pos_weight,accuracy,f1,recall,precision
0.9489450635195693,18,1,128,256,graphnorm,0.05864822451502147,0.5312942591672051,0.2748410931349321,0.13739198177393533,1,sum,1,0.931770363691013,0.8377412437455325,0.8359486447931527,0.839541547277937
0.9489450635195693,18,1,128,256,graphnorm,0.05864822451502147,0.5312942591672051,0.2748410931349321,0.13739198177393533,2,sum,1,0.9404869251577999,0.8558951965065502,0.8388017118402282,0.8736998514115899
0.9489450635195693,18,1,128,256,graphnorm,0.05864822451502147,0.5312942591672051,0.2748410931349321,0.13739198177393533,3,sum,1,0.9338743612864443,0.8403483309143687,0.8259629101283881,0.8552437223042836
0.9489450635195693,18,1,128,256,graphnorm,0.05864822451502147,0.5312942591672051,0.2748410931349321,0.13739198177393533,4,sum,1,0.9335737902013826,0.8397389412617839,0.8259629101283881,0.8539823008849557
0.9489450635195693,18,1,128,256,graphnorm,0.05864822451502147,0.5312942591672051,0.2748410931349321,0.13739198177393533,5,sum,1,0.9272617974150886,0.8236151603498543,0.8059914407988588,0.842026825633383
