alpha,K,layers,hidden_channels,out_channels,norm,dropout,margin,lpl_weight,ratio,seed,aggregation,pos_weight,accuracy,f1,recall,precision
0.5,22,1,256,256,,0,0.5,0.9717016920188833,0.22047120292771688,1,mean,1,0.9272617974150886,0.8314763231197771,0.8516405135520685,0.8122448979591836
0.5,22,1,256,256,,0,0.5,0.9717016920188833,0.22047120292771688,2,mean,1,0.9269612263300271,0.8306620209059233,0.8502139800285307,0.8119891008174387
0.5,22,1,256,256,,0,0.5,0.9717016920188833,0.22047120292771688,3,mean,1,0.9251577998196574,0.8212491026561378,0.8159771754636234,0.8265895953757225
0.5,22,1,256,256,,0,0.5,0.9717016920188833,0.22047120292771688,4,mean,1,0.9227532311391644,0.8218988218988219,0.8459343794579173,0.7991913746630728
0.5,22,1,256,256,,0,0.5,0.9717016920188833,0.22047120292771688,5,mean,1,0.9245566576495341,0.8243526941917425,0.8402282453637661,0.8090659340659341
