alpha,K,layers,hidden_channels,out_channels,norm,dropout,margin,lpl_weight,ratio,seed,aggregation,pos_weight,accuracy,f1,recall,precision
0.5,15,1,256,128,,0.24181326537382175,0.5,0.3416909929406628,0.2229060330212507,1,sum,1,0.9188458070333634,0.8040638606676342,0.7902995720399429,0.8183161004431314
0.5,15,1,256,128,,0.24181326537382175,0.5,0.3416909929406628,0.2229060330212507,2,sum,1,0.9278629395852119,0.8285714285714286,0.8273894436519258,0.8297567954220315
0.5,15,1,256,128,,0.24181326537382175,0.5,0.3416909929406628,0.2229060330212507,3,sum,1,0.9212503757138564,0.8106936416184971,0.8002853067047075,0.821376281112738
0.5,15,1,256,128,,0.24181326537382175,0.5,0.3416909929406628,0.2229060330212507,4,sum,1,0.9245566576495341,0.8223637650389243,0.8288159771754636,0.8160112359550562
0.5,15,1,256,128,,0.24181326537382175,0.5,0.3416909929406628,0.2229060330212507,5,sum,1,0.9245566576495341,0.8213523131672598,0.8231098430813124,0.8196022727272727
