alpha,K,layers,hidden_channels,out_channels,norm,dropout,margin,lpl_weight,ratio,seed,aggregation,pos_weight,accuracy,f1,recall,precision
0.5,19,2,128,128,,0.08244892342231974,0.5,0.20126959048483273,0.30454353987577043,1,sum,1,0.9104298166516381,0.8002680965147453,0.8516405135520685,0.7547408343868521
0.5,19,2,128,128,,0.08244892342231974,0.5,0.20126959048483273,0.30454353987577043,2,sum,1,0.9101292455665765,0.8034188034188035,0.8716119828815977,0.7451219512195122
0.5,19,2,128,128,,0.08244892342231974,0.5,0.20126959048483273,0.30454353987577043,3,sum,1,0.9080252479711451,0.7981530343007915,0.8630527817403709,0.7423312883435583
0.5,19,2,128,128,,0.08244892342231974,0.5,0.20126959048483273,0.30454353987577043,4,sum,1,0.9203486624586715,0.8213081591368847,0.8687589158345221,0.7787723785166241
0.5,19,2,128,128,,0.08244892342231974,0.5,0.20126959048483273,0.30454353987577043,5,sum,1,0.9155395250976857,0.8125416944629753,0.8687589158345221,0.7631578947368421
