alpha,K,layers,hidden_channels,out_channels,norm,dropout,margin,lpl_weight,ratio,seed,aggregation,pos_weight,accuracy,f1,recall,precision
0.7768267187752326,17,1,256,128,,0.37724071253660774,0.5029021625122603,0.7921408227925872,0.11123053552119853,1,sum,1,0.9341749323715058,0.8369322412509308,0.8017118402282454,0.8753894080996885
0.7768267187752326,17,1,256,128,,0.37724071253660774,0.5029021625122603,0.7921408227925872,0.11123053552119853,2,sum,1,0.9437932070934776,0.8592927012791572,0.8145506419400856,0.9092356687898089
0.7768267187752326,17,1,256,128,,0.37724071253660774,0.5029021625122603,0.7921408227925872,0.11123053552119853,3,sum,1,0.941088067327923,0.8537313432835821,0.8159771754636234,0.8951486697965572
0.7768267187752326,17,1,256,128,,0.37724071253660774,0.5029021625122603,0.7921408227925872,0.11123053552119853,4,sum,1,0.9440937781785392,0.8603603603603603,0.8174037089871612,0.9080824088748018
0.7768267187752326,17,1,256,128,,0.37724071253660774,0.5029021625122603,0.7921408227925872,0.11123053552119853,5,sum,1,0.9374812143071837,0.844311377245509,0.8045649072753209,0.8881889763779528
