alpha,K,layers,hidden_channels,out_channels,norm,dropout,margin,lpl_weight,ratio,seed,aggregation,pos_weight,accuracy,f1,recall,precision
0.5,15,2,256,256,,0.2771745168395705,0.5,0.8449675539103098,0.10768524772832606,1,sum,1,0.935677787796814,0.8386123680241327,0.7931526390870185,0.8896
0.5,15,2,256,256,,0.2771745168395705,0.5,0.8449675539103098,0.10768524772832606,2,sum,1,0.9401863540727382,0.850936329588015,0.8102710413694721,0.8958990536277602
0.5,15,2,256,256,,0.2771745168395705,0.5,0.8449675539103098,0.10768524772832606,3,sum,1,0.9404869251577999,0.852017937219731,0.8131241084165478,0.8948194662480377
0.5,15,2,256,256,,0.2771745168395705,0.5,0.8449675539103098,0.10768524772832606,4,sum,1,0.9440937781785392,0.8607784431137725,0.8202567760342369,0.905511811023622
0.5,15,2,256,256,,0.2771745168395705,0.5,0.8449675539103098,0.10768524772832606,5,sum,1,0.933273219116321,0.8335832083958021,0.7931526390870185,0.8783570300157978
