alpha,K,layers,hidden_channels,out_channels,norm,dropout,margin,lpl_weight,ratio,seed,aggregation,pos_weight,accuracy,f1,recall,precision
0.9316934703912576,17,2,128,128,graphnorm,0.16706065984119903,0.6297417033440366,0.5495448481170393,0.405376504293115,1,sum,1,0.8740607153591824,0.7553998832457677,0.9229671897289586,0.6393280632411067
0.9316934703912576,17,2,128,128,graphnorm,0.16706065984119903,0.6297417033440366,0.5495448481170393,0.405376504293115,2,sum,1,0.8671475804027653,0.7459770114942529,0.9258202567760342,0.6246390760346487
0.9316934703912576,17,2,128,128,graphnorm,0.16706065984119903,0.6297417033440366,0.5495448481170393,0.405376504293115,3,sum,1,0.889389840697325,0.7793764988009593,0.927246790299572,0.672182006204757
0.9316934703912576,17,2,128,128,graphnorm,0.16706065984119903,0.6297417033440366,0.5495448481170393,0.405376504293115,4,sum,1,0.8779681394649834,0.7608951707891637,0.9215406562054208,0.6479438314944834
0.9316934703912576,17,2,128,128,graphnorm,0.16706065984119903,0.6297417033440366,0.5495448481170393,0.405376504293115,5,sum,1,0.8788698527201683,0.7591153616258218,0.905848787446505,0.6532921810699589
