alpha,K,layers,hidden_channels,out_channels,norm,dropout,margin,lpl_weight,ratio,seed,aggregation,pos_weight,accuracy,f1,recall,precision
0.5,23,1,256,256,,0.00017621185803625566,0.5,0.3778904278111861,0.2264480587195278,1,sum,1,0.9209498046287947,0.8149190710767066,0.8259629101283881,0.8041666666666667
0.5,23,1,256,256,,0.00017621185803625566,0.5,0.3778904278111861,0.2264480587195278,2,sum,1,0.9269612263300271,0.8327598072952512,0.8630527817403709,0.8045212765957447
0.5,23,1,256,256,,0.00017621185803625566,0.5,0.3778904278111861,0.2264480587195278,3,sum,1,0.9134355275022543,0.8,0.8216833095577746,0.7794316644113667
0.5,23,1,256,256,,0.00017621185803625566,0.5,0.3778904278111861,0.2264480587195278,4,sum,1,0.919146378118425,0.8098939929328622,0.8174037089871612,0.8025210084033614
0.5,23,1,256,256,,0.00017621185803625566,0.5,0.3778904278111861,0.2264480587195278,5,sum,1,0.9284640817553351,0.8342618384401114,0.854493580599144,0.8149659863945579
