K,layers,hidden_channels,out_channels,norm,lr,treatment,dropout,ratio,seed,aggregation,model_type,batch_size,rate_pairs,clusters,sampling,num_epochs,anomaly_detector,accuracy,f1,recall,precision,losses,test_accuracy,test_f1,test_recall,test_precision
7,2,64,64,,0.005,removal,0,0.2798660161839034,654,mean,GCNConv,2048,10,50,sage,100,nearest_neighbors,nan,0.0,0.0,0.0,"[1.9732452630996704, 1.9606130719184875, 1.9052847623825073, 1.971818447113037, 1.916140079498291, 1.8558526039123535, 1.9526206851005554, 1.962363064289093, 1.9415238499641418, 1.9086837768554688, 1.9426235556602478, 1.935489535331726, 1.8782118558883667, 1.9182575941085815, 1.8928431868553162, 1.921360433101654, 1.8886555433273315, 1.864655077457428, 1.8564335703849792, 1.8411444425582886, 1.8186718821525574, 1.8892099261283875, 1.8054605722427368, 1.8191236853599548, 1.8416081070899963, 1.851499080657959, 1.7699755430221558, 1.7917816638946533, 1.8040351867675781, 1.7830128073692322, 1.7902697324752808, 1.763168215751648, 1.7606080770492554, 1.7495331168174744, 1.7651039361953735, 1.7648172974586487, 1.7510223388671875, 1.7306250929832458, 1.7440989017486572, 1.7084001302719116, 1.7093721628189087, 1.7487018704414368, 1.6802865862846375, 1.6936097145080566, 1.730112612247467, 1.715371012687683, 1.7194507718086243, 1.6717563271522522, 1.6855947971343994, 1.63254714012146, 1.676539957523346, 1.6480101346969604, 1.6719170212745667, 1.6331764459609985, 1.6492623090744019, 1.6237086057662964, 1.5925487875938416, 1.613472580909729, 1.590778410434723, 1.599269986152649, 1.6145848035812378, 1.5987818241119385, 1.5956605076789856, 1.5606625080108643, 1.565980851650238, 1.5349692702293396, 1.567743718624115, 1.5202184915542603, 1.5475174188613892, 1.5553265810012817, 1.4908158779144287, 1.5187408328056335, 1.4988105297088623, 1.5016818642616272, 1.4606961607933044, 1.478990077972412, 1.4667156338691711, 1.4438498616218567, 1.4468355774879456, 1.4248400926589966, 1.473007619380951, 1.417758285999298, 1.4287775158882141, 1.4346092343330383, 1.4242541193962097, 1.431228518486023, 1.3746340870857239, 1.3817323446273804, 1.400508165359497, 1.3939663767814636, 1.3594965934753418, 1.365200161933899, 1.3781850934028625, 1.3175793886184692, 1.3582555055618286, 1.3496803641319275, 1.2979357838630676, 1.2938176989555359, 1.3137385845184326, 1.2965048551559448]",0.8807524353375882,0.5395590142671854,0.5925925925925926,0.49523809523809526
