alpha,K,layers,hidden_channels,out_channels,norm,dropout,margin,lpl_weight,ratio,seed,aggregation,pos_weight,accuracy,f1,recall,precision
0.5,22,1,128,256,,0.4957344489449597,0.5,0.2550383339993837,0.173066189629195,1,sum,1,0.9209498046287947,0.8098336948662328,0.7988587731811697,0.8211143695014663
0.5,22,1,128,256,,0.4957344489449597,0.5,0.2550383339993837,0.173066189629195,2,sum,1,0.9287646528403968,0.8286334056399133,0.8174037089871612,0.8401759530791789
0.5,22,1,128,256,,0.4957344489449597,0.5,0.2550383339993837,0.173066189629195,3,sum,1,0.9299669371806433,0.8310369833212473,0.8174037089871612,0.8451327433628318
0.5,22,1,128,256,,0.4957344489449597,0.5,0.2550383339993837,0.173066189629195,4,sum,1,0.9242560865644724,0.8165938864628821,0.8002853067047075,0.8335809806835067
0.5,22,1,128,256,,0.4957344489449597,0.5,0.2550383339993837,0.173066189629195,5,sum,1,0.9212503757138564,0.808199121522694,0.7874465049928673,0.8300751879699249
