alpha,K,layers,hidden_channels,out_channels,norm,dropout,margin,lpl_weight,ratio,seed,aggregation,pos_weight,accuracy,f1,recall,precision
0.5,20,1,256,256,,0.21196772496596383,0.5,0.8802369803450856,0.2070427007500538,1,sum,1,0.9281635106702735,0.8274368231046931,0.8174037089871612,0.8377192982456141
0.5,20,1,256,256,,0.21196772496596383,0.5,0.8802369803450856,0.2070427007500538,2,sum,1,0.9254583709047189,0.8171091445427728,0.7902995720399429,0.8458015267175573
0.5,20,1,256,256,,0.21196772496596383,0.5,0.8802369803450856,0.2070427007500538,3,sum,1,0.9329726480312593,0.8373450036469731,0.818830242510699,0.8567164179104477
0.5,20,1,256,256,,0.21196772496596383,0.5,0.8802369803450856,0.2070427007500538,4,sum,1,0.9236549443943493,0.8198581560283688,0.8245363766048502,0.8152327221438646
0.5,20,1,256,256,,0.21196772496596383,0.5,0.8802369803450856,0.2070427007500538,5,sum,1,0.9338743612864443,0.8403483309143687,0.8259629101283881,0.8552437223042836
