alpha,K,layers,hidden_channels,out_channels,norm,dropout,margin,lpl_weight,ratio,seed,aggregation,pos_weight,accuracy,f1,recall,precision
0.5,20,1,256,256,,0.1638161667427825,0.5,0.9255491110441237,0.17132601016732094,1,sum,1,0.9329726480312593,0.8380537400145244,0.8231098430813124,0.8535502958579881
0.5,20,1,256,256,,0.1638161667427825,0.5,0.9255491110441237,0.17132601016732094,2,sum,1,0.9278629395852119,0.8214285714285714,0.7874465049928673,0.8584758942457231
0.5,20,1,256,256,,0.1638161667427825,0.5,0.9255491110441237,0.17132601016732094,3,sum,1,0.9302675082657048,0.827893175074184,0.7960057061340942,0.8624420401854714
0.5,20,1,256,256,,0.1638161667427825,0.5,0.9255491110441237,0.17132601016732094,4,sum,1,0.9302675082657048,0.8299120234604106,0.8074179743223966,0.8536953242835595
0.5,20,1,256,256,,0.1638161667427825,0.5,0.9255491110441237,0.17132601016732094,5,sum,1,0.9278629395852119,0.8263386396526773,0.8145506419400856,0.8384728340675477
