alpha,K,layers,hidden_channels,out_channels,norm,dropout,margin,lpl_weight,ratio,seed,aggregation,pos_weight,accuracy,f1,recall,precision
0.9612755446099951,18,1,128,256,graphnorm,0.19249294680734474,0.6034170412809902,0.10421907885318342,0.20905112792128944,1,sum,1,0.9203486624586715,0.8203389830508474,0.8630527817403709,0.7816537467700259
0.9612755446099951,18,1,128,256,graphnorm,0.19249294680734474,0.6034170412809902,0.10421907885318342,0.20905112792128944,2,sum,1,0.9257589419897806,0.8325423728813559,0.8758915834522111,0.7932816537467701
0.9612755446099951,18,1,128,256,graphnorm,0.19249294680734474,0.6034170412809902,0.10421907885318342,0.20905112792128944,3,sum,1,0.9218515178839796,0.8240866035182679,0.8687589158345221,0.7837837837837838
0.9612755446099951,18,1,128,256,graphnorm,0.19249294680734474,0.6034170412809902,0.10421907885318342,0.20905112792128944,4,sum,1,0.9248572287345957,0.8299319727891157,0.8701854493580599,0.7932379713914174
0.9612755446099951,18,1,128,256,graphnorm,0.19249294680734474,0.6034170412809902,0.10421907885318342,0.20905112792128944,5,sum,1,0.9197475202885482,0.8184908225696805,0.8587731811697575,0.7818181818181819
