alpha,K,layers,hidden_channels,out_channels,norm,dropout,margin,lpl_weight,ratio,seed,aggregation,pos_weight,accuracy,f1,recall,precision
0.5,15,2,256,128,,0.3115957297993054,0.5,0.9376875338335627,0.1385547419605652,1,sum,1,0.9323715058611362,0.8382458662832495,0.8316690442225392,0.8449275362318841
0.5,15,2,256,128,,0.3115957297993054,0.5,0.9376875338335627,0.1385547419605652,2,sum,1,0.9377817853922452,0.8516129032258064,0.8473609129814551,0.8559077809798271
0.5,15,2,256,128,,0.3115957297993054,0.5,0.9376875338335627,0.1385547419605652,3,sum,1,0.9404869251577999,0.8569364161849711,0.8459343794579173,0.8682284040995608
0.5,15,2,256,128,,0.3115957297993054,0.5,0.9376875338335627,0.1385547419605652,4,sum,1,0.9437932070934776,0.8626010286554004,0.8373751783166904,0.8893939393939394
0.5,15,2,256,128,,0.3115957297993054,0.5,0.9376875338335627,0.1385547419605652,5,sum,1,0.9401863540727382,0.8556925308194344,0.8416547788873039,0.8702064896755162
