K,layers,hidden_channels,out_channels,norm,lr,treatment,dropout,ratio,seed,aggregation,model_type,batch_size,rate_pairs,clusters,sampling,num_epochs,anomaly_detector,accuracy,f1,recall,precision,losses
6,2,64,256,,0.0018356196423224178,removal,0,0.13221056718447438,654,mean,GCNConv,10,1,300,cluster,100,nearest_neighbors,0.9287646528403968,0.8200455580865603,0.7703281027104137,0.8766233766233766,"[27.573321044445038, 28.622049272060394, 27.2492955327034, 26.634960055351257, 26.872672975063324, 27.738927334547043, 25.11296845972538, 24.172553192824125, 25.14133757352829, 24.7828212082386, 24.40281569957733, 23.083163559436798, 23.785261511802673, 22.464959293603897, 20.57234363630414, 21.230656325817108, 20.55781814455986, 20.336844176054, 19.660225823521614, 19.73535007238388, 18.718770816922188, 18.314433336257935, 17.50371965765953, 16.887407690286636, 17.075525403022766, 16.053084760904312, 15.66356836259365, 15.53517460823059, 14.14407055079937, 13.859009861946106, 13.58210675418377, 13.802384942770004, 12.489327754825354, 12.071173384785652, 11.313644245266914, 11.683382719755173, 11.072799503803253, 10.849201237782836, 10.180197089910507, 9.682684000581503, 9.835866302251816, 9.30763896740973, 8.821849189698696, 8.728762179613113, 8.790757551789284, 8.160233922302723, 8.103016808629036, 7.6121398732066154, 7.54745065420866, 6.8485402055084705, 6.885772064328194, 6.524752895347774, 6.107435118407011, 6.401095539331436, 6.177442297339439, 5.992734707891941, 5.827855922281742, 5.66007175296545, 5.487842619419098, 5.477606356143951, 5.307905673980713, 5.022449831478298, 4.8383054211735725, 4.6343003064394, 4.689750656485558, 4.63305839151144, 4.4382970705628395, 4.351470731198788, 4.268962360918522, 4.339975520968437, 3.932950921356678, 3.862815536558628, 3.810562528669834, 3.8676190972328186, 3.5773664861917496, 3.5284337252378464, 3.4843768067657948, 3.2870919816195965, 3.086597718298435, 3.22735832631588, 3.0537907667458057, 2.942347716540098, 3.0678987614810467, 2.8089974857866764, 2.8073967900127172, 2.8730462677776814, 2.7071367725729942, 2.689156625419855, 2.6095329485833645, 2.5467458441853523, 2.446536011993885, 2.370403792709112, 2.290999699383974, 2.303157152608037, 2.289810996502638, 2.332577995955944, 2.1931463927030563, 2.127476017922163, 2.0825771410018206, 2.0821193736046553]"
