K,layers,hidden_channels,out_channels,norm,lr,treatment,dropout,ratio,seed,aggregation,model_type,batch_size,rate_pairs,clusters,sampling,num_epochs,anomaly_detector,accuracy,f1,recall,precision,losses,test_accuracy,test_f1,test_recall,test_precision
4,1,256,256,,0.005,removal,0,0.20538129084151846,654,mean,GCNConv,1024,10,50,sage,100,nearest_neighbors,nan,0.0,0.0,0.0,"[3.2807801961898804, 3.168937563896179, 3.1332247257232666, 3.0389816761016846, 3.0931349396705627, 3.0432865619659424, 3.004243016242981, 2.9445677399635315, 3.034192442893982, 2.955403685569763, 2.9839053750038147, 2.924337387084961, 2.755740523338318, 2.8383309841156006, 2.7817285656929016, 2.7218114137649536, 2.7283921241760254, 2.675475001335144, 2.662624180316925, 2.6647493839263916, 2.6424373984336853, 2.553415536880493, 2.5412691831588745, 2.4371541142463684, 2.4733065962791443, 2.440653383731842, 2.4286060333251953, 2.5138846039772034, 2.4529300928115845, 2.4131457209587097, 2.3730422854423523, 2.3821545839309692, 2.383946418762207, 2.20960009098053, 2.304086744785309, 2.219888985157013, 2.23608660697937, 2.142142415046692, 2.12798535823822, 2.090255856513977, 2.036432206630707, 2.0164766013622284, 1.9779515266418457, 1.942270040512085, 1.9039936661720276, 1.922879546880722, 1.9395056664943695, 1.8840685188770294, 1.8635689318180084, 1.794327825307846, 1.7909452617168427, 1.7976689338684082, 1.8010706901550293, 1.7376424372196198, 1.7815366685390472, 1.7017170190811157, 1.663378745317459, 1.659988671541214, 1.6423740983009338, 1.546047180891037, 1.5548222362995148, 1.5557478666305542, 1.535873919725418, 1.5232641398906708, 1.5124385058879852, 1.4699079990386963, 1.4094441831111908, 1.4429393708705902, 1.3958763778209686, 1.374531626701355, 1.4037179946899414, 1.338676393032074, 1.3087903559207916, 1.323949933052063, 1.342740535736084, 1.3142457604408264, 1.303670048713684, 1.290611892938614, 1.2618647813796997, 1.2166777849197388, 1.2135047018527985, 1.1806859970092773, 1.156498372554779, 1.1415457427501678, 1.1649527549743652, 1.1159684658050537, 1.128425121307373, 1.0767095386981964, 1.1088182032108307, 1.1238091588020325, 1.0730122327804565, 1.0155102610588074, 1.0238834023475647, 1.020231932401657, 1.024625226855278, 0.9866747260093689, 0.9536899924278259, 0.988665297627449, 0.9699471592903137, 0.9207073301076889]",0.9359783588818755,0.8577154308617234,0.9158345221112696,0.8065326633165829
