alpha,K,layers,hidden_channels,out_channels,norm,dropout,margin,lpl_weight,ratio,seed,aggregation,pos_weight,accuracy,f1,recall,precision
0.5,15,2,256,128,,0.30006761886106426,0.5,0.8893869722423364,0.3774102539488067,1,sum,1,0.8860835587616471,0.7698846387370978,0.9044222539229672,0.6701902748414377
0.5,15,2,256,128,,0.30006761886106426,0.5,0.8893869722423364,0.3774102539488067,2,sum,1,0.8788698527201683,0.7605466428995841,0.912981455064194,0.6517311608961304
0.5,15,2,256,128,,0.30006761886106426,0.5,0.8893869722423364,0.3774102539488067,3,sum,1,0.9035166816952209,0.8007448789571695,0.920114122681883,0.7087912087912088
0.5,15,2,256,128,,0.30006761886106426,0.5,0.8893869722423364,0.3774102539488067,4,sum,1,0.8881875563570785,0.7742718446601942,0.9101283880171184,0.6737064413938754
0.5,15,2,256,128,,0.30006761886106426,0.5,0.8893869722423364,0.3774102539488067,5,sum,1,0.8917944093778178,0.7785977859778598,0.9029957203994294,0.6843243243243243
