K,layers,hidden_channels,out_channels,norm,lr,treatment,dropout,ratio,seed,aggregation,model_type,batch_size,rate_pairs,clusters,sampling,num_epochs,anomaly_detector,accuracy,f1,recall,precision,losses,test_accuracy,test_f1,test_recall,test_precision
11,3,64,128,,0.005,removal,0,0.20758406534855806,654,mean,GCNConv,2048,10,50,sage,100,nearest_neighbors,nan,0.0,0.0,0.0,"[2.3643878698349, 2.2198530435562134, 2.270673990249634, 2.27285373210907, 2.2818899154663086, 2.2483760118484497, 2.2149782180786133, 2.201110005378723, 2.213573455810547, 2.2719569206237793, 2.2360942363739014, 2.2613593339920044, 2.1302701234817505, 2.1920228004455566, 2.1998263597488403, 2.2112536430358887, 2.1707942485809326, 2.144289255142212, 2.234126567840576, 2.139962911605835, 2.18119215965271, 2.131886124610901, 2.1851325035095215, 2.246070623397827, 2.0801364183425903, 2.058308959007263, 2.1729170083999634, 2.1215972900390625, 2.1261743307113647, 2.1612595319747925, 2.060368299484253, 2.0652353763580322, 2.097131133079529, 2.1361275911331177, 2.099879026412964, 2.0828750133514404, 2.0984376668930054, 2.056830406188965, 2.0166962146759033, 2.025057554244995, 2.0775622725486755, 1.96989905834198, 2.0156959891319275, 2.018296957015991, 1.9776051044464111, 2.0651499032974243, 1.9839444160461426, 1.9835042357444763, 1.9795631170272827, 1.9899038672447205, 1.981732428073883, 2.002065420150757, 1.9868717193603516, 2.011172592639923, 1.9544107913970947, 1.9816319346427917, 1.9571745991706848, 1.9046445488929749, 1.9190413355827332, 1.9055324792861938, 1.9417117238044739, 1.928855061531067, 1.966775894165039, 1.9168736338615417, 1.871890366077423, 1.9030031561851501, 1.8541725873947144, 1.8366642594337463, 1.8850041627883911, 1.8477124571800232, 1.8941302299499512, 1.8479939103126526, 1.8417960405349731, 1.8205260038375854, 1.8056185245513916, 1.8189212679862976, 1.8534813523292542, 1.82431560754776, 1.8116140961647034, 1.77614027261734, 1.7917776703834534, 1.7624443769454956, 1.7930977940559387, 1.7575877904891968, 1.7883566617965698, 1.7599304914474487, 1.7728537917137146, 1.7565191984176636, 1.7439501285552979, 1.7279338836669922, 1.7111557126045227, 1.7013840675354004, 1.6893478035926819, 1.6926341652870178, 1.733886480331421, 1.6596571803092957, 1.6287768483161926, 1.685484766960144, 1.6448290348052979, 1.6792304515838623]",0.8854551561975142,0.47131782945736433,0.43304843304843305,0.5170068027210885
