alpha,K,layers,hidden_channels,out_channels,norm,dropout,margin,lpl_weight,ratio,seed,aggregation,pos_weight,accuracy,f1,recall,precision
0.5,15,2,256,128,,0.30512134683960446,0.5,0.6285453883940325,0.11188068811666965,1,sum,1,0.9350766456266907,0.8380809595202399,0.797432239657632,0.8830963665086888
0.5,15,2,256,128,,0.30512134683960446,0.5,0.6285453883940325,0.11188068811666965,2,sum,1,0.943492636008416,0.8592814371257484,0.818830242510699,0.9039370078740158
0.5,15,2,256,128,,0.30512134683960446,0.5,0.6285453883940325,0.11188068811666965,3,sum,1,0.9404869251577999,0.8522388059701492,0.8145506419400856,0.8935837245696401
0.5,15,2,256,128,,0.30512134683960446,0.5,0.6285453883940325,0.11188068811666965,4,sum,1,0.9422903516681695,0.8549848942598187,0.8074179743223966,0.9085072231139647
0.5,15,2,256,128,,0.30512134683960446,0.5,0.6285453883940325,0.11188068811666965,5,sum,1,0.9359783588818755,0.8411633109619687,0.8045649072753209,0.88125
