alpha,K,layers,hidden_channels,out_channels,norm,dropout,margin,lpl_weight,ratio,seed,aggregation,pos_weight,accuracy,f1,recall,precision
0.5,15,1,256,256,,0.07552541668629999,0.5,0.7845909547704515,0.21323988509791228,1,sum,1,0.9233543733092876,0.8174659985683608,0.8145506419400856,0.8204022988505747
0.5,15,1,256,256,,0.07552541668629999,0.5,0.7845909547704515,0.21323988509791228,2,sum,1,0.9314697926059513,0.8405594405594405,0.8573466476462197,0.8244170096021948
0.5,15,1,256,256,,0.07552541668629999,0.5,0.7845909547704515,0.21323988509791228,3,sum,1,0.9320709347760745,0.839943342776204,0.8459343794579173,0.8340365682137834
0.5,15,1,256,256,,0.07552541668629999,0.5,0.7845909547704515,0.21323988509791228,4,sum,1,0.9266606552449654,0.828169014084507,0.8388017118402282,0.8178025034770514
0.5,15,1,256,256,,0.07552541668629999,0.5,0.7845909547704515,0.21323988509791228,5,sum,1,0.9278629395852119,0.8305084745762712,0.8388017118402282,0.8223776223776224
