alpha,K,layers,hidden_channels,out_channels,norm,dropout,margin,lpl_weight,ratio,seed,aggregation,pos_weight,accuracy,f1,recall,precision
0.9940994359401902,21,1,256,256,layernorm,0.2083908906947555,0.2580577476033407,0.7214819544761437,0.18978568353286296,1,sum,1,0.9245566576495341,0.8195542774982028,0.8131241084165478,0.8260869565217391
0.9940994359401902,21,1,256,256,layernorm,0.2083908906947555,0.2580577476033407,0.7214819544761437,0.18978568353286296,2,sum,1,0.9311692215208897,0.8365453247680228,0.8359486447931527,0.8371428571428572
0.9940994359401902,21,1,256,256,layernorm,0.2083908906947555,0.2580577476033407,0.7214819544761437,0.18978568353286296,3,sum,1,0.9269612263300271,0.8263045032165832,0.8245363766048502,0.828080229226361
0.9940994359401902,21,1,256,256,layernorm,0.2083908906947555,0.2580577476033407,0.7214819544761437,0.18978568353286296,4,sum,1,0.9236549443943493,0.8175287356321839,0.81169757489301,0.8234442836468886
0.9940994359401902,21,1,256,256,layernorm,0.2083908906947555,0.2580577476033407,0.7214819544761437,0.18978568353286296,5,sum,1,0.9281635106702735,0.8259286234522942,0.8088445078459344,0.84375
