alpha,K,layers,hidden_channels,out_channels,norm,dropout,margin,lpl_weight,ratio,seed,aggregation,pos_weight,accuracy,f1,recall,precision
0.5,18,1,256,128,,0.3,0.5,0.3,0.13,1,sum,1,0.9368800721370604,0.8484848484848485,0.8388017118402282,0.8583941605839416
0.5,18,1,256,128,,0.3,0.5,0.3,0.13,2,sum,1,0.9389840697324917,0.8527918781725888,0.8388017118402282,0.8672566371681416
0.5,18,1,256,128,,0.3,0.5,0.3,0.13,3,sum,1,0.9425909227532311,0.860482103725347,0.8402282453637661,0.8817365269461078
0.5,18,1,256,128,,0.3,0.5,0.3,0.13,4,sum,1,0.9425909227532311,0.8588322246858833,0.8288159771754636,0.8911042944785276
0.5,18,1,256,128,,0.3,0.5,0.3,0.13,5,sum,1,0.9338743612864443,0.8403483309143687,0.8259629101283881,0.8552437223042836
