K,layers,hidden_channels,out_channels,norm,lr,treatment,dropout,ratio,seed,aggregation,model_type,batch_size,rate_pairs,clusters,sampling,num_epochs,anomaly_detector,accuracy,f1,recall,precision,losses,test_accuracy,test_f1,test_recall,test_precision
7,2,256,256,,0.0050513163473144855,removal,0,0.1981259110978233,654,mean,GATConv,1024,12,400,sage,100,nearest_neighbors,0.5795454545454546,0.7338129496402878,0.5795454545454546,1.0,"[4.978973627090454, 4.791254997253418, 4.810059905052185, 4.861365556716919, 4.756408214569092, 4.612862944602966, 4.577547788619995, 4.5876219272613525, 4.636512041091919, 4.566009521484375, 4.4090365171432495, 4.424547791481018, 4.264752924442291, 4.111787974834442, 4.311471104621887, 4.333478689193726, 4.2753384709358215, 4.2542688846588135, 4.183566451072693, 4.103402137756348, 4.14522922039032, 4.1246174573898315, 3.9617507457733154, 3.939208149909973, 3.862714648246765, 4.053556561470032, 3.9538211822509766, 3.8834187388420105, 3.8253047466278076, 3.7962599992752075, 3.676404654979706, 3.754014551639557, 3.6006340384483337, 3.5476982593536377, 3.5064032077789307, 3.4857309460639954, 3.5780853629112244, 3.6389867663383484, 3.4057462215423584, 3.5185834169387817, 3.3784427642822266, 3.248279571533203, 3.3084731698036194, 3.3747482895851135, 3.2776408195495605, 3.1842461228370667, 3.2249778509140015, 3.1222869753837585, 3.0885393023490906, 3.0891568660736084, 3.0283960700035095, 2.912121057510376, 2.9495065212249756, 2.9927995204925537, 2.8643152713775635, 2.8925183415412903, 2.839655816555023, 2.8056613206863403, 2.711032211780548, 2.758117914199829, 2.668742001056671, 2.646624267101288, 2.6556875109672546, 2.532676935195923, 2.5153762698173523, 2.5406336188316345, 2.476661205291748, 2.4608993530273438, 2.424535095691681, 2.373631000518799, 2.3760926723480225, 2.3633949756622314, 2.21504944562912, 2.346618175506592, 2.2392302751541138, 2.1922008395195007, 2.1930770874023438, 2.152175486087799, 2.073602080345154, 2.119891881942749, 2.012677401304245, 2.033764511346817, 1.9661666750907898, 2.0519561171531677, 1.9705048501491547, 1.9036195278167725, 1.8955435752868652, 1.8717164099216461, 1.8481409847736359, 1.820496827363968, 1.7761565744876862, 1.7260677218437195, 1.778141438961029, 1.7676559388637543, 1.7136686742305756, 1.673904836177826, 1.64877051115036, 1.6632581949234009, 1.6205544471740723, 1.5777997970581055]",0.9266606552449654,0.8084772370486656,0.7346647646219686,0.8987783595113438
