alpha,K,layers,hidden_channels,out_channels,norm,dropout,margin,lpl_weight,ratio,seed,aggregation,pos_weight,accuracy,f1,recall,precision
0.6314565426726293,23,1,256,64,layernorm,0.3900524115095836,0.31963179418682025,0.49942960615451704,0.14897096492709916,1,sum,1,0.9251577998196574,0.8189090909090909,0.8031383737517832,0.8353115727002968
0.6314565426726293,23,1,256,64,layernorm,0.3900524115095836,0.31963179418682025,0.49942960615451704,0.14897096492709916,2,sum,1,0.9314697926059513,0.8325991189427313,0.8088445078459344,0.8577912254160364
0.6314565426726293,23,1,256,64,layernorm,0.3900524115095836,0.31963179418682025,0.49942960615451704,0.14897096492709916,3,sum,1,0.9296663660955816,0.8291970802919708,0.8102710413694721,0.8490284005979073
0.6314565426726293,23,1,256,64,layernorm,0.3900524115095836,0.31963179418682025,0.49942960615451704,0.14897096492709916,4,sum,1,0.9275623685001503,0.822140221402214,0.7945791726105563,0.8516819571865444
0.6314565426726293,23,1,256,64,layernorm,0.3900524115095836,0.31963179418682025,0.49942960615451704,0.14897096492709916,5,sum,1,0.9245566576495341,0.816654492330168,0.797432239657632,0.8368263473053892
