K,layers,hidden_channels,out_channels,norm,lr,treatment,dropout,ratio,seed,aggregation,model_type,batch_size,rate_pairs,reliable_mini_batch,clusters,accuracy,f1,recall,precision,losses
3,2,256,128,,0.0016101915914145857,removal,0,0.1533129020272239,654,sum,GINConv,10,15,True,100,0.9056206792906523,0.7680945347119645,0.7417974322396577,0.7963246554364471,"[6.513351023197174, 6.439638316631317, 6.746586084365845, 6.615519404411316, 6.6117753982543945, 6.865349531173706, 6.3651992082595825, 6.637168139219284, 6.328604280948639, 6.315359115600586, 6.165802210569382, 6.176731586456299, 6.221583366394043, 6.13095635175705, 6.201865613460541, 6.176047265529633, 5.945958077907562, 6.135882496833801, 5.859527617692947, 5.83270201086998, 5.905258357524872, 5.943899035453796, 5.708412259817123, 5.6022807359695435, 5.517988085746765, 5.491500705480576, 5.4571855664253235, 5.4898413717746735, 5.584220856428146, 5.405492424964905, 5.314098358154297, 5.187388569116592, 5.277648359537125, 5.215330421924591, 5.390932321548462, 5.1722680032253265, 4.951704412698746, 4.966983675956726, 4.817730188369751, 4.864419847726822, 4.866176337003708, 4.917594015598297, 4.52688530087471, 4.68079400062561, 4.633762180805206, 4.574973881244659, 4.557509154081345, 4.472814172506332, 4.725756496191025, 4.378076493740082]"
