alpha,K,layers,hidden_channels,out_channels,norm,dropout,margin,lpl_weight,ratio,seed,aggregation,pos_weight,accuracy,f1,recall,precision
0.6452539302731192,17,1,256,128,layernorm,0.49643514723323134,0.16341315590136846,0.7004991224031895,0.11262963778612417,1,mean,1,0.933273219116321,0.8265625,0.7546362339514978,0.9136442141623489
0.6452539302731192,17,1,256,128,layernorm,0.49643514723323134,0.16341315590136846,0.7004991224031895,0.11262963778612417,2,mean,1,0.9326720769461978,0.8244514106583072,0.7503566333808844,0.9147826086956522
0.6452539302731192,17,1,256,128,layernorm,0.49643514723323134,0.16341315590136846,0.7004991224031895,0.11262963778612417,3,mean,1,0.9278629395852119,0.8125,0.7417974322396577,0.8981001727115717
0.6452539302731192,17,1,256,128,layernorm,0.49643514723323134,0.16341315590136846,0.7004991224031895,0.11262963778612417,4,mean,1,0.9260595130748422,0.804140127388535,0.7203994293865906,0.9099099099099099
0.6452539302731192,17,1,256,128,layernorm,0.49643514723323134,0.16341315590136846,0.7004991224031895,0.11262963778612417,5,mean,1,0.9242560865644724,0.804953560371517,0.7417974322396577,0.8798646362098139
