alpha,K,layers,hidden_channels,out_channels,norm,dropout,margin,lpl_weight,ratio,seed,aggregation,pos_weight,accuracy,f1,recall,precision
0.5,16,1,256,256,,0.050650595762545714,0.5,0.7922094366081256,0.23803622976470784,1,sum,1,0.9185452359483017,0.8095572733661279,0.8216833095577746,0.7977839335180056
0.5,16,1,256,256,,0.050650595762545714,0.5,0.7922094366081256,0.23803622976470784,2,sum,1,0.9269612263300271,0.8320663441603318,0.8587731811697575,0.806970509383378
0.5,16,1,256,256,,0.050650595762545714,0.5,0.7922094366081256,0.23803622976470784,3,sum,1,0.9260595130748422,0.8274894810659187,0.8416547788873039,0.8137931034482758
0.5,16,1,256,256,,0.050650595762545714,0.5,0.7922094366081256,0.23803622976470784,4,sum,1,0.9263600841599038,0.8311509303928325,0.8601997146932953,0.804
0.5,16,1,256,256,,0.050650595762545714,0.5,0.7922094366081256,0.23803622976470784,5,sum,1,0.9290652239254583,0.8345021037868162,0.8487874465049928,0.8206896551724138
