K,layers,hidden_channels,out_channels,norm,lr,treatment,dropout,ratio,seed,aggregation,model_type,batch_size,rate_pairs,clusters,sampling,num_epochs,anomaly_detector,accuracy,f1,recall,precision,losses,test_accuracy,test_f1,test_recall,test_precision
5,1,64,64,,0.0060065900561826705,removal,0,0.2167032464141796,654,mean,GCNConv,512,15,300,sage,100,nearest_neighbors,0.6818181818181818,0.8108108108108109,0.6818181818181818,1.0,"[7.634174048900604, 7.396750032901764, 7.21796715259552, 7.300613343715668, 6.982613265514374, 6.952139139175415, 6.729115903377533, 6.590519547462463, 6.3897510170936584, 6.277101039886475, 6.068772494792938, 6.096374809741974, 5.9370614886283875, 5.790498614311218, 5.6923646330833435, 5.501884579658508, 5.315451741218567, 5.241824448108673, 5.117051005363464, 4.951213896274567, 4.7767080664634705, 4.705868124961853, 4.5713125467300415, 4.4400657415390015, 4.378647208213806, 4.105737507343292, 4.059242069721222, 3.9733264446258545, 3.845830798149109, 3.7826408743858337, 3.7066405415534973, 3.615348517894745, 3.473441421985626, 3.291552394628525, 3.2597030103206635, 3.169172525405884, 3.065413773059845, 2.9580968618392944, 2.962526798248291, 2.821076810359955, 2.763789266347885, 2.698087900876999, 2.670705020427704, 2.5372890532016754, 2.5259607434272766, 2.398690164089203, 2.3951008319854736, 2.3151998817920685, 2.25091215968132, 2.154692530632019, 2.1498126685619354, 2.0767525136470795, 2.0046168863773346, 2.0004813075065613, 1.9269576966762543, 1.8635577857494354, 1.8403397798538208, 1.8143149018287659, 1.7508840560913086, 1.7518212050199509, 1.6817270517349243, 1.6479323357343674, 1.6252152174711227, 1.5978330969810486, 1.5342800170183182, 1.5388127267360687, 1.469458743929863, 1.4561322778463364, 1.439446896314621, 1.394437000155449, 1.3739710748195648, 1.3188426494598389, 1.3141975700855255, 1.287974700331688, 1.2635015845298767, 1.236567109823227, 1.2211615294218063, 1.1830748170614243, 1.1651715338230133, 1.119023859500885, 1.1136920154094696, 1.1134405583143234, 1.0767397284507751, 1.047511875629425, 1.049027144908905, 1.0411999225616455, 1.003665253520012, 0.9722451269626617, 0.9887906163930893, 0.9639116078615189, 0.9456243813037872, 0.9445950165390968, 0.9063821360468864, 0.8853121623396873, 0.8657335340976715, 0.8710145503282547, 0.8373464718461037, 0.8382005989551544, 0.8100253343582153, 0.7979382500052452]",0.9263600841599038,0.8175725986597171,0.7831669044222539,0.8551401869158879
