alpha,K,layers,hidden_channels,out_channels,norm,dropout,margin,lpl_weight,ratio,seed,aggregation,pos_weight,accuracy,f1,recall,precision
0.5,22,1,128,256,,0.24909594709218275,0.5,0.8341608008873553,0.10130018545002754,1,sum,1,0.9215509467989179,0.7978311386522076,0.7346647646219686,0.8728813559322034
0.5,22,1,128,256,,0.24909594709218275,0.5,0.8341608008873553,0.10130018545002754,2,sum,1,0.9164412383528705,0.7834890965732088,0.717546362339515,0.8627787307032591
0.5,22,1,128,256,,0.24909594709218275,0.5,0.8341608008873553,0.10130018545002754,3,sum,1,0.9173429516080553,0.789272030651341,0.7346647646219686,0.8526490066225165
0.5,22,1,128,256,,0.24909594709218275,0.5,0.8341608008873553,0.10130018545002754,4,sum,1,0.9200480913736099,0.7918622848200313,0.7218259629101283,0.8769497400346621
0.5,22,1,128,256,,0.24909594709218275,0.5,0.8341608008873553,0.10130018545002754,5,sum,1,0.9176435226931169,0.7849293563579278,0.7132667617689016,0.8726003490401396
