alpha,K,layers,hidden_channels,out_channels,norm,dropout,margin,lpl_weight,ratio,seed,aggregation,pos_weight,accuracy,f1,recall,precision
0.9460113434780527,22,1,128,256,graphnorm,0.1305062432884223,0.522691342938031,0.3114818700584321,0.14075254089495842,1,sum,1,0.9230538022242261,0.8123167155425219,0.7902995720399429,0.8355957767722474
0.9460113434780527,22,1,128,256,graphnorm,0.1305062432884223,0.522691342938031,0.3114818700584321,0.14075254089495842,2,sum,1,0.9269612263300271,0.8206642066420664,0.7931526390870185,0.8501529051987767
0.9460113434780527,22,1,128,256,graphnorm,0.1305062432884223,0.522691342938031,0.3114818700584321,0.14075254089495842,3,sum,1,0.9365795010519988,0.8447387785136129,0.818830242510699,0.8723404255319149
0.9460113434780527,22,1,128,256,graphnorm,0.1305062432884223,0.522691342938031,0.3114818700584321,0.14075254089495842,4,sum,1,0.9287646528403968,0.8214016578749058,0.7774607703281027,0.8706070287539937
0.9460113434780527,22,1,128,256,graphnorm,0.1305062432884223,0.522691342938031,0.3114818700584321,0.14075254089495842,5,sum,1,0.9266606552449654,0.8170914542728636,0.7774607703281027,0.8609794628751974
