K,layers,hidden_channels,out_channels,norm,lr,treatment,dropout,ratio,seed,aggregation,model_type,batch_size,rate_pairs,reliable_mini_batch,clusters,accuracy,f1,recall,precision,losses
6,1,128,256,,0.0043225293835087485,relabeling,0,0.09616756582645608,654,mean,GATConv,15,10,True,100,0.9302675082657048,0.827123695976155,0.7917261055634808,0.8658346333853354,"[4.819092333316803, 4.105753839015961, 4.112571448087692, 3.7910973131656647, 3.9407188296318054, 3.9485161006450653, 3.8271839320659637, 3.868351101875305, 3.630860537290573, 3.73222815990448, 3.523597866296768, 3.539609432220459, 3.699314683675766, 3.654419422149658, 3.377108722925186, 3.365135431289673, 3.5509184896945953, 3.214704066514969, 3.0974461138248444, 3.258153200149536, 3.2160993218421936, 3.1058256328105927, 2.993871331214905, 2.9134588688611984, 2.971517950296402, 2.9093383848667145, 3.0393441319465637, 2.7486115097999573, 2.723730981349945, 2.7287027686834335, 2.7217566668987274, 2.7142327576875687, 2.6456856727600098, 2.643484503030777, 2.59703566133976, 2.452792763710022, 2.592781886458397, 2.2967029958963394, 2.322966128587723, 2.3330940306186676, 2.279590591788292, 2.348810523748398, 2.158665493130684, 2.0817973613739014, 2.1245101392269135, 2.0831116139888763, 2.005092531442642, 1.9962394386529922, 1.9084135591983795, 1.9176948815584183]"
