K,layers,hidden_channels,out_channels,norm,lr,treatment,dropout,ratio,seed,aggregation,model_type,batch_size,rate_pairs,reliable_mini_batch,clusters,pos_weight,accuracy,f1,recall,precision,losses
5,1,256,64,,0.007545458463965575,removal,0,0.12654919799825368,654,mean,GCNConv,15,8,True,100,0.2454329260926317,0.9287646528403968,0.8243143068939955,0.7931526390870185,0.8580246913580247,"[1.7943982928991318, 1.7156084179878235, 1.6750975400209427, 1.6393862962722778, 1.619090974330902, 1.6830376386642456, 1.5856579393148422, 1.5438295751810074, 1.5411307960748672, 1.4209367632865906, 1.4256132692098618, 1.4708499312400818, 1.3301832228899002, 1.3089913725852966, 1.2828955054283142, 1.237152710556984, 1.1816405951976776, 1.145973451435566, 1.1456061601638794, 1.0960270166397095, 1.0537029951810837, 1.020702764391899, 0.999396339058876, 0.9614570140838623, 0.9179694056510925, 0.8700055107474327, 0.8534572720527649, 0.8064602985978127, 0.7891001924872398, 0.7751501202583313, 0.7265505716204643, 0.6927379444241524, 0.6879481002688408, 0.6571728438138962, 0.6384029760956764, 0.627362810075283, 0.5942149236798286, 0.5841363444924355, 0.5535903424024582, 0.5316986665129662, 0.5154443085193634, 0.49530159682035446, 0.47970321774482727, 0.45928308367729187, 0.4459190405905247, 0.44568444043397903, 0.4216040074825287, 0.4128495827317238, 0.3970847725868225, 0.3871843069791794]"
