alpha,K,layers,hidden_channels,out_channels,norm,dropout,margin,lpl_weight,ratio,seed,aggregation,pos_weight,accuracy,f1,recall,precision
0.8199280305426297,20,1,256,128,,0.321175501290786,0.5726825991378964,0.8719578178320906,0.12191832744243603,1,sum,1,0.9314697926059513,0.8313609467455622,0.8017118402282454,0.8632872503840245
0.8199280305426297,20,1,256,128,,0.321175501290786,0.5726825991378964,0.8719578178320906,0.12191832744243603,2,sum,1,0.9380823564773069,0.8478581979320532,0.818830242510699,0.8790199081163859
0.8199280305426297,20,1,256,128,,0.321175501290786,0.5726825991378964,0.8719578178320906,0.12191832744243603,3,sum,1,0.9365795010519988,0.8426547352721849,0.8059914407988588,0.8828125
0.8199280305426297,20,1,256,128,,0.321175501290786,0.5726825991378964,0.8719578178320906,0.12191832744243603,4,sum,1,0.9443943492636009,0.8618371919342793,0.8231098430813124,0.9043887147335423
0.8199280305426297,20,1,256,128,,0.321175501290786,0.5726825991378964,0.8719578178320906,0.12191832744243603,5,sum,1,0.9383829275623685,0.8491537895511405,0.8231098430813124,0.8768996960486323
