alpha,K,layers,hidden_channels,out_channels,norm,dropout,margin,lpl_weight,ratio,seed,aggregation,pos_weight,accuracy,f1,recall,precision
0.5,13,2,256,256,,0,0.5,0.5,0.2377704192463991,1,sum,1,0.9161406672678089,0.8069204152249135,0.8316690442225392,0.7836021505376344
0.5,13,2,256,256,,0,0.5,0.5,0.2377704192463991,2,sum,1,0.9245566576495341,0.8298305084745763,0.8730385164051355,0.7906976744186046
0.5,13,2,256,256,,0,0.5,0.5,0.2377704192463991,3,sum,1,0.9242560865644724,0.8220338983050848,0.8302425106990015,0.813986013986014
0.5,13,2,256,256,,0,0.5,0.5,0.2377704192463991,4,sum,1,0.9254583709047189,0.8258426966292135,0.8388017118402282,0.8132780082987552
0.5,13,2,256,256,,0,0.5,0.5,0.2377704192463991,5,sum,1,0.9290652239254583,0.8363384188626907,0.8601997146932953,0.8137651821862348
