alpha,K,layers,hidden_channels,out_channels,norm,dropout,margin,lpl_weight,ratio,seed,aggregation,pos_weight,accuracy,f1,recall,precision
0.5,18,1,256,256,,0.1996334681272735,0.5,0.11331007122466136,0.2172436469587575,1,sum,1,0.919146378118425,0.8082679971489665,0.8088445078459344,0.8076923076923077
0.5,18,1,256,256,,0.1996334681272735,0.5,0.11331007122466136,0.2172436469587575,2,sum,1,0.9236549443943493,0.8201133144475921,0.8259629101283881,0.8143459915611815
0.5,18,1,256,256,,0.1996334681272735,0.5,0.11331007122466136,0.2172436469587575,3,sum,1,0.9266606552449654,0.827683615819209,0.8359486447931527,0.8195804195804196
0.5,18,1,256,256,,0.1996334681272735,0.5,0.11331007122466136,0.2172436469587575,4,sum,1,0.9251577998196574,0.8257522743177047,0.8416547788873039,0.8104395604395604
0.5,18,1,256,256,,0.1996334681272735,0.5,0.11331007122466136,0.2172436469587575,5,sum,1,0.9185452359483017,0.8076650106458482,0.81169757489301,0.8036723163841808
