alpha,K,layers,hidden_channels,out_channels,norm,dropout,margin,lpl_weight,ratio,seed,aggregation,pos_weight,accuracy,f1,recall,precision
0.5,15,2,256,128,,0.30416232964503565,0.5,0.978234221364596,0.13547796814180485,1,sum,1,0.9353772167117523,0.8452123830093593,0.8373751783166904,0.8531976744186046
0.5,15,2,256,128,,0.30416232964503565,0.5,0.978234221364596,0.13547796814180485,2,sum,1,0.9401863540727382,0.8565248738284066,0.8473609129814551,0.8658892128279884
0.5,15,2,256,128,,0.30416232964503565,0.5,0.978234221364596,0.13547796814180485,3,sum,1,0.9398857829876766,0.8552821997105644,0.8430813124108416,0.8678414096916299
0.5,15,2,256,128,,0.30416232964503565,0.5,0.978234221364596,0.13547796814180485,4,sum,1,0.941088067327923,0.8558823529411764,0.8302425106990015,0.8831562974203339
0.5,15,2,256,128,,0.30416232964503565,0.5,0.978234221364596,0.13547796814180485,5,sum,1,0.9386834986474302,0.851528384279476,0.8345221112696148,0.8692421991084696
