alpha,K,layers,hidden_channels,out_channels,norm,dropout,margin,lpl_weight,ratio,seed,aggregation,pos_weight,accuracy,f1,recall,precision
0.5,19,1,256,256,,0.26801856487647574,0.5,0.8850338734206773,0.22003295442432014,1,sum,1,0.9251577998196574,0.8237791932059448,0.8302425106990015,0.8174157303370787
0.5,19,1,256,256,,0.26801856487647574,0.5,0.8850338734206773,0.22003295442432014,2,sum,1,0.9257589419897806,0.8195763330898466,0.8002853067047075,0.8398203592814372
0.5,19,1,256,256,,0.26801856487647574,0.5,0.8850338734206773,0.22003295442432014,3,sum,1,0.9248572287345957,0.8216833095577746,0.8216833095577746,0.8216833095577746
0.5,19,1,256,256,,0.26801856487647574,0.5,0.8850338734206773,0.22003295442432014,4,sum,1,0.9290652239254583,0.834733893557423,0.8502139800285307,0.8198074277854195
0.5,19,1,256,256,,0.26801856487647574,0.5,0.8850338734206773,0.22003295442432014,5,sum,1,0.9284640817553351,0.8309659090909091,0.8345221112696148,0.8274398868458275
