alpha,K,layers,hidden_channels,out_channels,norm,dropout,margin,lpl_weight,ratio,seed,aggregation,pos_weight,accuracy,f1,recall,precision
0.9153128785300433,18,1,256,128,,0.3441160152071931,0.5025100562778246,0.28509430998850893,0.12091692347538743,1,sum,1,0.9365795010519988,0.8431226765799257,0.8088445078459344,0.8804347826086957
0.9153128785300433,18,1,256,128,,0.3441160152071931,0.5025100562778246,0.28509430998850893,0.12091692347538743,2,sum,1,0.9428914938382927,0.8586309523809523,0.8231098430813124,0.8973561430793157
0.9153128785300433,18,1,256,128,,0.3441160152071931,0.5025100562778246,0.28509430998850893,0.12091692347538743,3,sum,1,0.941088067327923,0.8550295857988166,0.8245363766048502,0.8878648233486943
0.9153128785300433,18,1,256,128,,0.3441160152071931,0.5025100562778246,0.28509430998850893,0.12091692347538743,4,sum,1,0.9419897805831079,0.8569310600444774,0.8245363766048502,0.8919753086419753
0.9153128785300433,18,1,256,128,,0.3441160152071931,0.5025100562778246,0.28509430998850893,0.12091692347538743,5,sum,1,0.9368800721370604,0.8455882352941176,0.8202567760342369,0.8725341426403642
