alpha,K,layers,hidden_channels,out_channels,norm,dropout,margin,lpl_weight,ratio,seed,aggregation,pos_weight,accuracy,f1,recall,precision
0.7429356304496452,19,1,256,256,,0.1702674772118841,0.5605919282694246,0.17767347675737222,0.08142469722598522,1,sum,1,0.9350766456266907,0.8307210031347962,0.7560627674750356,0.9217391304347826
0.7429356304496452,19,1,256,256,,0.1702674772118841,0.5605919282694246,0.17767347675737222,0.08142469722598522,2,sum,1,0.9353772167117523,0.831636648394675,0.7574893009985735,0.921875
0.7429356304496452,19,1,256,256,,0.1702674772118841,0.5605919282694246,0.17767347675737222,0.08142469722598522,3,sum,1,0.9377817853922452,0.8373919874312648,0.760342368045649,0.9318181818181818
0.7429356304496452,19,1,256,256,,0.1702674772118841,0.5605919282694246,0.17767347675737222,0.08142469722598522,4,sum,1,0.937180643222122,0.8339952343129468,0.7489300998573466,0.9408602150537635
0.7429356304496452,19,1,256,256,,0.1702674772118841,0.5605919282694246,0.17767347675737222,0.08142469722598522,5,sum,1,0.9320709347760745,0.8226059654631083,0.7475035663338089,0.9144851657940664
