alpha,K,layers,hidden_channels,out_channels,norm,dropout,margin,lpl_weight,ratio,seed,aggregation,pos_weight,accuracy,f1,recall,precision
0.8580274531258784,18,1,16,128,,0.1363881756730526,0.2560820572869646,0.9378063019356783,0.132823619057535,1,sum,1,0.8881875563570785,0.7134052388289677,0.6604850213980028,0.7755443886097152
0.8580274531258784,18,1,16,128,,0.1363881756730526,0.2560820572869646,0.9378063019356783,0.132823619057535,2,sum,1,0.9068229636308988,0.7589424572317263,0.6961483594864479,0.8341880341880342
0.8580274531258784,18,1,16,128,,0.1363881756730526,0.2560820572869646,0.9378063019356783,0.132823619057535,3,sum,1,0.9011121130147279,0.7399209486166007,0.6676176890156919,0.8297872340425532
0.8580274531258784,18,1,16,128,,0.1363881756730526,0.2560820572869646,0.9378063019356783,0.132823619057535,4,sum,1,0.8960024045686805,0.7271293375394322,0.6576319543509273,0.8130511463844797
0.8580274531258784,18,1,16,128,,0.1363881756730526,0.2560820572869646,0.9378063019356783,0.132823619057535,5,sum,1,0.8920949804628795,0.7166535122336227,0.6476462196861626,0.8021201413427562
