alpha,K,layers,hidden_channels,out_channels,norm,dropout,margin,lpl_weight,ratio,seed,aggregation,pos_weight,accuracy,f1,recall,precision
0.5,15,1,256,256,,0.03318095006565368,0.5,0.6851508175681156,0.21624779328917165,1,sum,1,0.9215509467989179,0.8134381701215153,0.81169757489301,0.8151862464183381
0.5,15,1,256,256,,0.03318095006565368,0.5,0.6851508175681156,0.21624779328917165,2,sum,1,0.9296663660955816,0.8365921787709497,0.854493580599144,0.8194254445964432
0.5,15,1,256,256,,0.03318095006565368,0.5,0.6851508175681156,0.21624779328917165,3,sum,1,0.9218515178839796,0.8174157303370787,0.8302425106990015,0.8049792531120332
0.5,15,1,256,256,,0.03318095006565368,0.5,0.6851508175681156,0.21624779328917165,4,sum,1,0.9239555154794109,0.8229531140657803,0.8388017118402282,0.8076923076923077
0.5,15,1,256,256,,0.03318095006565368,0.5,0.6851508175681156,0.21624779328917165,5,sum,1,0.9266606552449654,0.8271954674220963,0.833095577746077,0.8213783403656821
