alpha,K,layers,hidden_channels,out_channels,norm,dropout,margin,lpl_weight,ratio,seed,aggregation,pos_weight,accuracy,f1,recall,precision
0.8496774475312339,24,1,64,64,,0.4077075561064343,0.5518137786646274,0.8392043801871727,0.15694443350414683,1,sum,1,0.9212503757138564,0.8047690014903129,0.7703281027104137,0.8424336973478939
0.8496774475312339,24,1,64,64,,0.4077075561064343,0.5518137786646274,0.8392043801871727,0.15694443350414683,2,sum,1,0.9164412383528705,0.7964860907759883,0.776034236804565,0.8180451127819549
0.8496774475312339,24,1,64,64,,0.4077075561064343,0.5518137786646274,0.8392043801871727,0.15694443350414683,3,sum,1,0.9230538022242261,0.8114874815905744,0.7860199714693296,0.8386605783866058
0.8496774475312339,24,1,64,64,,0.4077075561064343,0.5518137786646274,0.8392043801871727,0.15694443350414683,4,sum,1,0.9242560865644724,0.8147058823529412,0.7902995720399429,0.8406676783004552
0.8496774475312339,24,1,64,64,,0.4077075561064343,0.5518137786646274,0.8392043801871727,0.15694443350414683,5,sum,1,0.9179440937781785,0.7991169977924945,0.7746077032810271,0.8252279635258358
