K,layers,hidden_channels,out_channels,norm,lr,treatment,dropout,ratio,seed,aggregation,model_type,batch_size,rate_pairs,clusters,sampling,num_epochs,anomaly_detector,accuracy,f1,recall,precision,losses,test_accuracy,test_f1,test_recall,test_precision
7,1,64,128,,0.005,removal,0,0.2915626962353164,654,mean,GATConv,1024,10,50,sage,100,nearest_neighbors,nan,0.0,0.0,0.0,"[4.810163915157318, 3.977769374847412, 3.91439026594162, 4.090146481990814, 3.9580957293510437, 3.8026262521743774, 3.9329482316970825, 3.993721306324005, 3.8766647577285767, 3.84187912940979, 3.801394820213318, 3.848059892654419, 3.8060620427131653, 3.8085909485816956, 3.6260393857955933, 3.7918716073036194, 3.6329345107078552, 3.549939215183258, 3.531766712665558, 3.584015130996704, 3.5533148050308228, 3.5222933888435364, 3.524567723274231, 3.4064043164253235, 3.3830122351646423, 3.4163195490837097, 3.301981568336487, 3.382502853870392, 3.333745241165161, 3.325699210166931, 3.3112378120422363, 3.2154805064201355, 3.215931236743927, 3.2020596861839294, 3.1773990988731384, 3.1304773092269897, 3.0419824719429016, 3.131352663040161, 3.0606005787849426, 3.034603536128998, 2.9188642501831055, 2.8992450833320618, 2.9937004446983337, 2.8047447204589844, 2.786242663860321, 2.824653685092926, 2.6926649808883667, 2.6815735697746277, 2.7100581526756287, 2.596293091773987, 2.5883873105049133, 2.7035975456237793, 2.6117342710494995, 2.5193471908569336, 2.520731568336487, 2.555876851081848, 2.4521528482437134, 2.4138638973236084, 2.376602530479431, 2.407003939151764, 2.325849175453186, 2.3178545236587524, 2.298424243927002, 2.248715341091156, 2.279637038707733, 2.1844008564949036, 2.142931640148163, 2.1585447788238525, 2.059994786977768, 2.1022226214408875, 2.0230670869350433, 2.0332621932029724, 1.9883106648921967, 1.954584687948227, 1.9783025979995728, 1.9331644177436829, 1.8675073087215424, 1.8765594065189362, 1.8544460535049438, 1.7575232982635498, 1.8072708249092102, 1.7845832705497742, 1.6992263197898865, 1.697060465812683, 1.7070387601852417, 1.6488392055034637, 1.5904896259307861, 1.6020280420780182, 1.6158572733402252, 1.5762350857257843, 1.5691412091255188, 1.5786588490009308, 1.5328866839408875, 1.4499056041240692, 1.4764667451381683, 1.4538906514644623, 1.4459591209888458, 1.4065382778644562, 1.4080763459205627, 1.366929441690445]",0.9274437353039973,0.6974789915966386,0.7094017094017094,0.6859504132231405
