K,layers,hidden_channels,out_channels,norm,lr,treatment,dropout,ratio,seed,aggregation,model_type,batch_size,rate_pairs,clusters,sampling,sampling_k,num_epochs,anomaly_detector,accuracy,f1,recall,precision,losses
3,2,128,64,,0.00016532107934583064,removal,0,0.14707084197533518,654,mean,GCNConv,512,2,50,neighbor,50,100,nearest_neighbors,0.9086263901412684,0.7606299212598425,0.6890156918687589,0.8488576449912126,"[5.485387980937958, 5.218226313591003, 5.1378408670425415, 5.162457227706909, 5.021709859371185, 5.053562641143799, 5.081490576267242, 5.038479924201965, 5.076190948486328, 5.083724677562714, 5.054464042186737, 4.953764259815216, 4.961371898651123, 5.014156758785248, 5.020600616931915, 4.9258657693862915, 4.977266907691956, 5.063196301460266, 4.908573389053345, 4.9243544936180115, 4.928377151489258, 5.111930310726166, 4.994640111923218, 4.903343975543976, 4.957682192325592, 4.988708198070526, 4.9216625690460205, 4.849573969841003, 5.067298412322998, 4.994727730751038, 4.8896324634552, 4.972176194190979, 4.937030851840973, 5.020199775695801, 4.897477686405182, 4.982545971870422, 4.971960723400116, 4.9849830865859985, 4.912278473377228, 4.983256697654724, 4.993427813053131, 4.993472039699554, 4.8908767104148865, 5.029740393161774, 4.9562771916389465, 4.926539897918701, 4.851764500141144, 4.832564651966095, 4.961605370044708, 4.940116345882416, 4.853321313858032, 4.985108971595764, 4.880033254623413, 4.898734629154205, 4.917833626270294, 4.8417773842811584, 4.866333603858948, 4.845333993434906, 4.862607181072235, 4.806552290916443, 4.938610196113586, 4.868062317371368, 4.925966203212738, 4.719507873058319, 4.942308068275452, 4.881045401096344, 4.883721828460693, 4.849240660667419, 4.832095265388489, 4.889334201812744, 4.843025386333466, 4.824012637138367, 4.8964579701423645, 4.866337180137634, 4.769838213920593, 4.774233758449554, 4.917008280754089, 4.887748122215271, 4.664347231388092, 4.893561482429504, 4.875018239021301, 4.872931718826294, 4.790525436401367, 4.846273243427277, 4.86513352394104, 4.884045720100403, 4.848554491996765, 4.865116655826569, 4.8342355489730835, 4.754754483699799, 4.80446594953537, 4.701021909713745, 4.8360705971717834, 4.757386386394501, 4.807554364204407, 4.779751539230347, 4.798181533813477, 4.764443457126617, 4.79157555103302]"
