K,layers,hidden_channels,out_channels,norm,lr,treatment,dropout,ratio,seed,aggregation,model_type,batch_size,rate_pairs,clusters,sampling,num_epochs,anomaly_detector,accuracy,f1,recall,precision,losses,test_accuracy,test_f1,test_recall,test_precision
5,1,64,256,,0.00023084811901529553,removal,0,0.2598862439941252,654,mean,GCNConv,1024,13,100,sage,100,nearest_neighbors,0.6477272727272727,0.7862068965517242,0.6477272727272727,1.0,"[4.54922354221344, 4.453160285949707, 4.43288779258728, 4.246865510940552, 4.302506327629089, 4.1676740646362305, 4.159226834774017, 4.145890474319458, 4.226230621337891, 4.235562384128571, 4.278226971626282, 4.170765161514282, 3.962335705757141, 4.1542107462883, 4.1930471658706665, 4.0814520716667175, 4.159014880657196, 4.141905665397644, 4.160799562931061, 4.13450425863266, 4.109698712825775, 4.192800343036652, 4.090521335601807, 3.9576016664505005, 4.096663594245911, 4.115940093994141, 4.146105408668518, 4.199256062507629, 4.230780184268951, 4.175615549087524, 4.171108543872833, 4.173712849617004, 4.337795555591583, 3.9415727853775024, 4.2699384689331055, 4.16851270198822, 4.242122650146484, 4.224061608314514, 4.247216045856476, 4.057428359985352, 4.123628199100494, 4.0432098507881165, 3.9689863324165344, 3.9369847774505615, 3.938724160194397, 4.105938673019409, 4.201910674571991, 4.111515760421753, 4.014877080917358, 4.06700873374939, 3.9802300930023193, 4.06718385219574, 4.331461846828461, 4.076650381088257, 4.227294743061066, 4.039326548576355, 4.0551910400390625, 4.099038600921631, 4.081013321876526, 3.993226706981659, 4.114110231399536, 3.971380591392517, 4.057912170886993, 4.218994736671448]",0.9311692215208897,0.8282070517629407,0.7874465049928673,0.8734177215189873
