K,layers,hidden_channels,out_channels,norm,lr,treatment,dropout,ratio,seed,aggregation,model_type,batch_size,rate_pairs,clusters,sampling,sampling_k,num_epochs,anomaly_detector,accuracy,f1,recall,precision,losses
3,1,128,256,,0.003994736720342726,removal,0,0.17481104313725412,654,mean,GCNConv,1024,10,200,cluster,75,100,unweighted,0.9140366696723775,0.7596638655462185,0.644793152639087,0.9243353783231084,"[6.212792545557022, 6.07790470123291, 5.886958986520767, 5.923759967088699, 5.788531422615051, 5.707146972417831, 5.513604551553726, 5.365753799676895, 5.179103434085846, 5.123295247554779, 5.312290340662003, 5.141106367111206, 4.82585671544075, 4.6702921986579895, 4.708822697401047, 4.465864032506943, 4.321510523557663, 4.384661078453064, 4.120344310998917, 4.038729608058929, 3.944621354341507, 3.8926227390766144, 3.870969533920288, 3.6797643899917603, 3.4503443837165833, 3.4599794149398804, 3.438010513782501, 3.289621025323868, 3.2428230941295624, 3.088788852095604, 3.080173432826996, 2.981379121541977, 2.8562169671058655, 2.7604325860738754, 2.708095371723175, 2.645348235964775, 2.646043077111244, 2.5622579008340836, 2.439667209982872, 2.4245955049991608, 2.319711610674858, 2.2249355018138885, 2.159803405404091, 2.0961443036794662, 2.094823896884918, 2.081884726881981, 2.0330667346715927, 1.917860135436058, 1.852934941649437, 1.7930105030536652, 1.7889560461044312, 1.742815375328064, 1.7311344891786575, 1.695701539516449, 1.6420556977391243, 1.6676532104611397, 1.6437687575817108, 1.5214049071073532, 1.503819301724434, 1.463503673672676, 1.4878671541810036, 1.4073766246438026, 1.3605575039982796, 1.3580550402402878, 1.3302694112062454, 1.2832996845245361, 1.249281495809555, 1.2370520904660225, 1.2011788189411163, 1.1676620170474052, 1.1669505685567856, 1.160328358411789, 1.1177232041954994, 1.0970637425780296, 1.117235541343689, 1.0831708908081055, 1.038436770439148, 1.0245058834552765, 1.0291260704398155, 0.9917389675974846, 0.9562592655420303, 0.9775076732039452, 0.9923237264156342, 0.9316949993371964, 0.9116548746824265, 0.8762835338711739, 0.8797131776809692, 0.8436704985797405, 0.8753890097141266, 0.82206130027771, 0.8177893459796906, 0.802078902721405, 0.7934695929288864, 0.7720667570829391, 0.7636182606220245, 0.7625798620283604, 0.7274246774613857, 0.7624938488006592, 0.7140571437776089, 0.7027843035757542]"
