alpha,K,layers,hidden_channels,out_channels,norm,dropout,margin,lpl_weight,ratio,seed,aggregation,pos_weight,accuracy,f1,recall,precision
0.5,22,1,128,256,,0,0.5,0.9583366731096798,0.22675045883371295,1,mean,1,0.9008115419296664,0.7711511789181692,0.7931526390870185,0.7503373819163293
0.5,22,1,128,256,,0,0.5,0.9583366731096798,0.22675045883371295,2,mean,1,0.9005109708446047,0.7746766507828454,0.81169757489301,0.7408854166666666
0.5,22,1,128,256,,0,0.5,0.9583366731096798,0.22675045883371295,3,mean,1,0.8884881274421401,0.7381792519407199,0.746077032810271,0.7304469273743017
0.5,22,1,128,256,,0,0.5,0.9583366731096798,0.22675045883371295,4,mean,1,0.889389840697325,0.7465564738292011,0.7731811697574893,0.7217043941411452
0.5,22,1,128,256,,0,0.5,0.9583366731096798,0.22675045883371295,5,mean,1,0.890892696122633,0.7438249823570925,0.7517831669044223,0.7360335195530726
