alpha,K,layers,hidden_channels,out_channels,norm,dropout,margin,lpl_weight,ratio,seed,aggregation,pos_weight,accuracy,f1,recall,precision
0.5,14,2,256,256,,0,0.5,0.5,0.21124366582920626,1,sum,1,0.9176435226931169,0.8045649072753209,0.8045649072753209,0.8045649072753209
0.5,14,2,256,256,,0,0.5,0.5,0.21124366582920626,2,sum,1,0.9287646528403968,0.835530881332408,0.8587731811697575,0.8135135135135135
0.5,14,2,256,256,,0,0.5,0.5,0.21124366582920626,3,sum,1,0.9320709347760745,0.8419580419580419,0.8587731811697575,0.8257887517146777
0.5,14,2,256,256,,0,0.5,0.5,0.21124366582920626,4,sum,1,0.9278629395852119,0.830028328611898,0.8359486447931527,0.8241912798874824
0.5,14,2,256,256,,0,0.5,0.5,0.21124366582920626,5,sum,1,0.9284640817553351,0.8321579689703809,0.8416547788873039,0.8228730822873083
