alpha,K,layers,hidden_channels,out_channels,norm,dropout,margin,lpl_weight,ratio,seed,aggregation,pos_weight,accuracy,f1,recall,precision
0.5,20,1,256,128,,0.17986873458879657,0.5,0.9758682457314072,0.17602162850877334,1,sum,1,0.9257589419897806,0.8152580403889305,0.7774607703281027,0.8569182389937107
0.5,20,1,256,128,,0.17986873458879657,0.5,0.9758682457314072,0.17602162850877334,2,sum,1,0.9221520889690412,0.8127259580621836,0.8017118402282454,0.8240469208211144
0.5,20,1,256,128,,0.17986873458879657,0.5,0.9758682457314072,0.17602162850877334,3,sum,1,0.9323715058611362,0.8344370860927153,0.8088445078459344,0.8617021276595744
0.5,20,1,256,128,,0.17986873458879657,0.5,0.9758682457314072,0.17602162850877334,4,sum,1,0.9116321009918846,0.7818991097922848,0.7517831669044223,0.8145285935085008
0.5,20,1,256,128,,0.17986873458879657,0.5,0.9758682457314072,0.17602162850877334,5,sum,1,0.9314697926059513,0.8335766423357664,0.8145506419400856,0.8535127055306427
