K,layers,hidden_channels,out_channels,norm,lr,treatment,dropout,ratio,seed,aggregation,model_type,batch_size,rate_pairs,clusters,sampling,num_epochs,anomaly_detector,accuracy,f1,recall,precision,losses,test_accuracy,test_f1,test_recall,test_precision
12,2,64,256,,0.005,removal,0,0.2247970228106168,654,mean,GCNConv,2048,10,50,sage,100,nearest_neighbors,nan,0.0,0.0,0.0,"[2.540991187095642, 2.2730400562286377, 2.247670888900757, 2.19011390209198, 2.274467349052429, 2.303845524787903, 2.322222113609314, 2.2225773334503174, 2.2018500566482544, 2.1666407585144043, 2.211209297180176, 2.214606285095215, 2.237813353538513, 2.2083094120025635, 2.239389181137085, 2.1252477169036865, 2.1839165687561035, 2.1722761392593384, 2.1647067070007324, 2.135030508041382, 2.1115692257881165, 2.1482551097869873, 2.178176999092102, 2.1276562809944153, 2.0845149755477905, 2.13786244392395, 2.1712640523910522, 2.1585633754730225, 2.0511468648910522, 2.0891339778900146, 2.0882654190063477, 2.0963135957717896, 2.0177950263023376, 2.0692636966705322, 2.041695237159729, 2.009417712688446, 2.1552308797836304, 2.0524134635925293, 2.0360172986984253, 2.1008559465408325, 2.009443998336792, 2.080627202987671, 2.0509925484657288, 1.9920827746391296, 2.0698362588882446, 2.0691989064216614, 1.995603621006012, 2.0105130076408386, 1.9468811750411987, 2.045410692691803, 2.0214165449142456, 1.943056881427765, 1.9273415803909302, 1.9958787560462952, 1.9596729278564453, 1.9374666213989258, 2.022958755493164, 1.956184983253479, 1.9355280995368958, 1.9387131929397583, 1.9280593991279602, 1.94231116771698, 1.9115090370178223, 1.913186490535736, 1.9223781824111938, 1.869079351425171, 1.945682406425476, 1.8724567294120789, 1.915490984916687, 1.8987730741500854, 1.8556172847747803, 1.8580790758132935, 1.8748894333839417, 1.8597444891929626, 1.8572866320610046, 1.8450049757957458, 1.8172523379325867, 1.8401076793670654, 1.8147197365760803, 1.7932643294334412, 1.768734633922577, 1.8187228441238403, 1.8277597427368164, 1.7582882046699524, 1.8329949975013733, 1.7458546161651611, 1.7308566570281982, 1.7294341325759888, 1.7588614225387573, 1.722598373889923, 1.7128863334655762, 1.7285516858100891, 1.743016004562378, 1.7289012670516968, 1.702405035495758, 1.6641672253608704, 1.6920402646064758, 1.6742619276046753, 1.6485810279846191, 1.624900221824646]",0.9140073899899227,0.6085626911314985,0.5669515669515669,0.6567656765676567
