K,layers,hidden_channels,out_channels,norm,lr,treatment,dropout,ratio,seed,aggregation,model_type,batch_size,rate_pairs,reliable_mini_batch,clusters,pos_weight,accuracy,f1,recall,precision,losses
7,1,256,128,,0.002037397978803024,removal,0,0.14917329341181979,654,mean,GATConv,5,9,True,100,0.4646253079641649,0.9275623685001503,0.8247272727272728,0.8088445078459344,0.841246290801187,"[9.958314433693886, 9.220793098211288, 9.33570483326912, 9.335093066096306, 8.847399264574051, 8.92177939414978, 8.304066091775894, 8.550941526889801, 8.40574398636818, 8.355549439787865, 8.483562834560871, 8.317764401435852, 8.054913774132729, 7.91290670633316, 7.788840636610985, 7.7945365607738495, 8.198453918099403, 7.806159824132919, 7.2953871935606, 7.366068512201309, 6.91646246612072, 7.054666221141815, 7.069272220134735, 6.834701046347618, 6.517332822084427, 6.528030261397362, 6.477853134274483, 6.462425172328949, 6.2267066687345505, 6.034785971045494, 6.005554720759392, 6.117955148220062, 5.562919840216637, 5.4103312492370605, 5.362357243895531, 5.690309226512909, 5.056160286068916, 5.101625367999077, 4.984385922551155, 4.833638057112694, 4.7800374031066895, 4.644412815570831, 4.352683797478676, 4.355485022068024, 4.334824964404106, 4.245577752590179, 4.075354658067226, 3.7980407774448395, 3.8652293533086777, 3.7017418295145035]"
