alpha,K,layers,hidden_channels,out_channels,norm,dropout,margin,lpl_weight,ratio,seed,aggregation,pos_weight,accuracy,f1,recall,precision
0.5,16,1,256,256,,0.028675119244126926,0.5,0.9695767908737911,0.2164935177680451,1,sum,1,0.9224526600541028,0.8165007112375533,0.818830242510699,0.8141843971631205
0.5,16,1,256,256,,0.028675119244126926,0.5,0.9695767908737911,0.2164935177680451,2,sum,1,0.9269612263300271,0.82899366643209,0.8402282453637661,0.8180555555555555
0.5,16,1,256,256,,0.028675119244126926,0.5,0.9695767908737911,0.2164935177680451,3,sum,1,0.9254583709047189,0.8246110325318247,0.8316690442225392,0.8176718092566619
0.5,16,1,256,256,,0.028675119244126926,0.5,0.9695767908737911,0.2164935177680451,4,sum,1,0.9266606552449654,0.8286516853932584,0.8416547788873039,0.8160442600276625
0.5,16,1,256,256,,0.028675119244126926,0.5,0.9695767908737911,0.2164935177680451,5,sum,1,0.9281635106702735,0.832280701754386,0.8459343794579173,0.819060773480663
