alpha,K,layers,hidden_channels,out_channels,norm,dropout,margin,lpl_weight,ratio,seed,aggregation,pos_weight,accuracy,f1,recall,precision
0.5,17,1,128,128,,0.26907309118598083,0.5,0.8195605303049202,0.1130896227456702,1,mean,1,0.9071235347159603,0.7333908541846419,0.6062767475035663,0.9279475982532751
0.5,17,1,128,128,,0.26907309118598083,0.5,0.8195605303049202,0.1130896227456702,2,mean,1,0.912834385332131,0.7517123287671232,0.6262482168330956,0.9400428265524625
0.5,17,1,128,128,,0.26907309118598083,0.5,0.8195605303049202,0.1130896227456702,3,mean,1,0.9011121130147279,0.7121609798775154,0.5805991440798859,0.920814479638009
0.5,17,1,128,128,,0.26907309118598083,0.5,0.8195605303049202,0.1130896227456702,4,mean,1,0.9131349564171927,0.753202391118702,0.6291012838801712,0.9382978723404255
0.5,17,1,128,128,,0.26907309118598083,0.5,0.8195605303049202,0.1130896227456702,5,mean,1,0.9038172527802826,0.7278911564625851,0.6105563480741797,0.9010526315789473
