K,layers,hidden_channels,out_channels,norm,lr,treatment,dropout,ratio,seed,aggregation,model_type,batch_size,rate_pairs,reliable_mini_batch,clusters,accuracy,f1,recall,precision,losses
3,2,64,256,,0.0047981596938137805,removal,0,0.1467339333750041,654,sum,GCNConv,15,6,True,100,0.9329726480312593,0.8280647648419429,0.7660485021398002,0.9010067114093959,"[4.470731854438782, 4.4610755443573, 4.420445024967194, 4.404705107212067, 4.3685407638549805, 4.2601068913936615, 4.1874266266822815, 3.9814951717853546, 3.9843771159648895, 3.948515236377716, 4.080269277095795, 3.8681730031967163, 3.7122523486614227, 3.7429473996162415, 3.576961189508438, 3.5488326251506805, 3.5921513736248016, 3.3790876269340515, 3.261926233768463, 3.2254021167755127, 3.1388414204120636, 3.1297145187854767, 3.142042398452759, 2.987331360578537, 2.9103527665138245, 2.8327835500240326, 2.7667520344257355, 2.706654369831085, 2.636425107717514, 2.575906127691269, 2.565014570951462, 2.4784039855003357, 2.4122725427150726, 2.4425068497657776, 2.2959931194782257, 2.2706711888313293, 2.203623652458191, 2.180138051509857, 2.151954248547554, 2.157380700111389, 2.027729094028473, 1.9351777732372284, 1.978199154138565, 1.888388231396675, 1.9048600643873215, 1.8100749999284744, 1.7342685759067535, 1.7176083773374557, 1.7211100459098816, 1.636398360133171]"
