alpha,K,layers,hidden_channels,out_channels,norm,dropout,margin,lpl_weight,ratio,seed,aggregation,pos_weight,accuracy,f1,recall,precision
0.8189165283463038,20,2,256,128,,0.1302767659963768,0.35552163488673744,0.482062871239758,0.2021001013783669,1,sum,1,0.8812744214006613,0.7610405323653963,0.8972895863052782,0.6607142857142857
0.8189165283463038,20,2,256,128,,0.1302767659963768,0.35552163488673744,0.482062871239758,0.2021001013783669,2,sum,1,0.8776675683799219,0.7537810042347247,0.8887303851640513,0.6544117647058824
0.8189165283463038,20,2,256,128,,0.1302767659963768,0.35552163488673744,0.482062871239758,0.2021001013783669,3,sum,1,0.8806732792305381,0.7598306110102844,0.8958630527817404,0.6596638655462185
0.8189165283463038,20,2,256,128,,0.1302767659963768,0.35552163488673744,0.482062871239758,0.2021001013783669,4,sum,1,0.8746618575293057,0.7477313974591652,0.8815977175463623,0.6491596638655462
0.8189165283463038,20,2,256,128,,0.1302767659963768,0.35552163488673744,0.482062871239758,0.2021001013783669,5,sum,1,0.8770664262097986,0.7525710828796128,0.8873038516405135,0.6533613445378151
