alpha,K,layers,hidden_channels,out_channels,norm,dropout,margin,lpl_weight,ratio,seed,aggregation,pos_weight,accuracy,f1,recall,precision
0.5,15,1,256,256,,0.08964098422469059,0.5,0.7858460308079988,0.19617655367824535,1,sum,1,0.9209498046287947,0.8090050835148874,0.7945791726105563,0.8239644970414202
0.5,15,1,256,256,,0.08964098422469059,0.5,0.7858460308079988,0.19617655367824535,2,sum,1,0.933273219116321,0.8436619718309859,0.854493580599144,0.8331015299026425
0.5,15,1,256,256,,0.08964098422469059,0.5,0.7858460308079988,0.19617655367824535,3,sum,1,0.9275623685001503,0.8282252316464719,0.8288159771754636,0.8276353276353277
0.5,15,1,256,256,,0.08964098422469059,0.5,0.7858460308079988,0.19617655367824535,4,sum,1,0.9287646528403968,0.8325088339222615,0.8402282453637661,0.8249299719887955
0.5,15,1,256,256,,0.08964098422469059,0.5,0.7858460308079988,0.19617655367824535,5,sum,1,0.9329726480312593,0.8415067519545132,0.8445078459343794,0.8385269121813032
