alpha,K,layers,hidden_channels,out_channels,norm,dropout,margin,lpl_weight,ratio,seed,aggregation,pos_weight,accuracy,f1,recall,precision
0.7953321907631095,19,1,256,128,,0.33761182562821995,0.5431834155547733,0.9023407078736443,0.14438453084210517,1,sum,1,0.9347760745416291,0.8417213712618526,0.8231098430813124,0.8611940298507462
0.7953321907631095,19,1,256,128,,0.33761182562821995,0.5431834155547733,0.9023407078736443,0.14438453084210517,2,sum,1,0.9380823564773069,0.8513708513708513,0.8416547788873039,0.8613138686131386
0.7953321907631095,19,1,256,128,,0.33761182562821995,0.5431834155547733,0.9023407078736443,0.14438453084210517,3,sum,1,0.9383829275623685,0.8515568428674873,0.8388017118402282,0.8647058823529412
0.7953321907631095,19,1,256,128,,0.33761182562821995,0.5431834155547733,0.9023407078736443,0.14438453084210517,4,sum,1,0.9404869251577999,0.8550512445095169,0.833095577746077,0.8781954887218045
0.7953321907631095,19,1,256,128,,0.33761182562821995,0.5431834155547733,0.9023407078736443,0.14438453084210517,5,sum,1,0.9362789299669372,0.847041847041847,0.8373751783166904,0.8569343065693431
