K,layers,hidden_channels,out_channels,norm,lr,treatment,dropout,ratio,seed,aggregation,model_type,batch_size,rate_pairs,clusters,sampling,num_epochs,anomaly_detector,accuracy,f1,recall,precision,losses,test_accuracy,test_f1,test_recall,test_precision
5,3,64,64,,0.005,removal,0,0.1364151578441498,654,mean,GATConv,2048,10,50,sage,50,nearest_neighbors,nan,0.0,0.0,0.0,"[7.2837488651275635, 7.369687080383301, 7.159244537353516, 7.155068635940552, 7.060603380203247, 7.21379280090332, 7.191663503646851, 7.008431673049927, 7.014090538024902, 7.206741809844971, 6.988619565963745, 6.960992097854614, 7.033808946609497, 6.897628545761108, 6.994155645370483, 6.7917320728302, 6.833355903625488, 6.894416570663452, 6.8737404346466064, 6.741678953170776, 6.894778251647949, 6.722680330276489, 6.824732303619385, 6.586599826812744, 6.712225675582886, 6.669382572174072, 6.613227128982544, 6.616746187210083, 6.684762954711914, 6.505111217498779, 6.522021770477295, 6.479573965072632, 6.60865330696106, 6.614056587219238, 6.557052850723267, 6.412507772445679, 6.310012102127075, 6.356883764266968, 6.220909595489502, 6.283817768096924, 6.46272349357605, 6.22626256942749, 6.188760995864868, 6.2274558544158936, 6.2433929443359375, 6.109804153442383, 6.099579572677612, 6.046712160110474, 6.025324106216431, 6.021420240402222]",0.9066174000671817,0.5427631578947368,0.4700854700854701,0.642023346303502
