alpha,K,layers,hidden_channels,out_channels,norm,dropout,margin,lpl_weight,ratio,seed,aggregation,pos_weight,accuracy,f1,recall,precision
0.5,17,1,256,128,,0.3,0.5,0.9,0.13,1,sum,1,0.9098286744815148,0.7652582159624414,0.6975748930099858,0.8474870017331022
0.5,17,1,256,128,,0.3,0.5,0.9,0.13,2,sum,1,0.9020138262699129,0.7437106918238994,0.6747503566333809,0.8283712784588442
0.5,17,1,256,128,,0.3,0.5,0.9,0.13,3,sum,1,0.9068229636308988,0.7559055118110236,0.6847360912981455,0.843585237258348
0.5,17,1,256,128,,0.3,0.5,0.9,0.13,4,sum,1,0.9017132551848512,0.7398568019093079,0.6633380884450785,0.8363309352517986
0.5,17,1,256,128,,0.3,0.5,0.9,0.13,5,sum,1,0.9137360985873159,0.7752545027407988,0.7061340941512125,0.859375
