alpha,K,layers,hidden_channels,out_channels,norm,dropout,margin,lpl_weight,ratio,seed,aggregation,pos_weight,accuracy,f1,recall,precision
0.634561849136056,18,1,128,128,,0.2841935732170259,0.32657552784999044,0.5106530398654614,0.11082623819592996,1,sum,1,0.9263600841599038,0.8084440969507428,0.7375178316690443,0.8944636678200693
0.634561849136056,18,1,128,128,,0.2841935732170259,0.32657552784999044,0.5106530398654614,0.11082623819592996,2,sum,1,0.9299669371806433,0.8175411119812059,0.7446504992867332,0.90625
0.634561849136056,18,1,128,128,,0.2841935732170259,0.32657552784999044,0.5106530398654614,0.11082623819592996,3,sum,1,0.9323715058611362,0.8265227447956823,0.7646219686162625,0.8993288590604027
0.634561849136056,18,1,128,128,,0.2841935732170259,0.32657552784999044,0.5106530398654614,0.11082623819592996,4,sum,1,0.9338743612864443,0.8318042813455657,0.776034236804565,0.8962108731466227
0.634561849136056,18,1,128,128,,0.2841935732170259,0.32657552784999044,0.5106530398654614,0.11082623819592996,5,sum,1,0.9248572287345957,0.8028391167192429,0.7261055634807418,0.8977072310405644
