alpha,K,layers,hidden_channels,out_channels,norm,dropout,margin,lpl_weight,ratio,seed,aggregation,pos_weight,accuracy,f1,recall,precision
0.5,24,2,256,128,,0,0.5,0.6167114990979891,0.18488948762279336,1,mean,1,0.9086263901412684,0.7672281776416539,0.7146932952924394,0.828099173553719
0.5,24,2,256,128,,0,0.5,0.6167114990979891,0.18488948762279336,2,mean,1,0.916741809437932,0.789032749428789,0.738944365192582,0.8464052287581699
0.5,24,2,256,128,,0,0.5,0.6167114990979891,0.18488948762279336,3,mean,1,0.9140366696723775,0.7772585669781932,0.7118402282453637,0.855917667238422
0.5,24,2,256,128,,0,0.5,0.6167114990979891,0.18488948762279336,4,mean,1,0.9155395250976857,0.7891972993248312,0.7503566333808844,0.8322784810126582
0.5,24,2,256,128,,0,0.5,0.6167114990979891,0.18488948762279336,5,mean,1,0.9125338142470695,0.776325903151422,0.7203994293865906,0.8416666666666667
