alpha,K,layers,hidden_channels,out_channels,norm,dropout,margin,lpl_weight,ratio,seed,aggregation,pos_weight,accuracy,f1,recall,precision
0.5,21,1,256,256,,0,0.5,0.9646623398742139,0.20884914218821402,1,mean,1,0.9278629395852119,0.8331015299026425,0.854493580599144,0.8127544097693351
0.5,21,1,256,256,,0,0.5,0.9646623398742139,0.20884914218821402,2,mean,1,0.9224526600541028,0.8141210374639769,0.8059914407988588,0.8224163027656477
0.5,21,1,256,256,,0,0.5,0.9646623398742139,0.20884914218821402,3,mean,1,0.9266606552449654,0.8257142857142857,0.8245363766048502,0.82689556509299
0.5,21,1,256,256,,0,0.5,0.9646623398742139,0.20884914218821402,4,mean,1,0.9263600841599038,0.8256227758007118,0.8273894436519258,0.8238636363636364
0.5,21,1,256,256,,0,0.5,0.9646623398742139,0.20884914218821402,5,mean,1,0.9302675082657048,0.8361581920903954,0.8445078459343794,0.827972027972028
