alpha,K,layers,hidden_channels,out_channels,norm,dropout,margin,lpl_weight,ratio,seed,aggregation,pos_weight,accuracy,f1,recall,precision
0.5,20,2,128,256,,0.4204143516326043,0.5,0.276639466767599,0.4251867748907999,1,sum,1,0.8734595731890592,0.7486567164179104,0.8944365192582026,0.6437371663244353
0.5,20,2,128,256,,0.4204143516326043,0.5,0.276639466767599,0.4251867748907999,2,sum,1,0.8557258791704238,0.7254004576659039,0.9044222539229672,0.6055396370582617
0.5,20,2,128,256,,0.4204143516326043,0.5,0.276639466767599,0.4251867748907999,3,sum,1,0.868951006913135,0.7447306791569087,0.9072753209700428,0.631578947368421
0.5,20,2,128,256,,0.4204143516326043,0.5,0.276639466767599,0.4251867748907999,4,sum,1,0.8491133152990682,0.7147727272727272,0.8972895863052782,0.5939565627950897
0.5,20,2,128,256,,0.4204143516326043,0.5,0.276639466767599,0.4251867748907999,5,sum,1,0.8719567177637512,0.7452153110047847,0.8887303851640513,0.6416065911431514
