alpha,K,layers,hidden_channels,out_channels,norm,dropout,margin,lpl_weight,ratio,seed,aggregation,pos_weight,accuracy,f1,recall,precision
0.5,19,1,256,256,,0.1952599152372766,0.5,0.9147316606893431,0.20047843747976682,1,mean,1,0.9248572287345957,0.8183139534883721,0.8031383737517832,0.8340740740740741
0.5,19,1,256,256,,0.1952599152372766,0.5,0.9147316606893431,0.20047843747976682,2,mean,1,0.9179440937781785,0.8008752735229759,0.7831669044222539,0.8194029850746268
0.5,19,1,256,256,,0.1952599152372766,0.5,0.9147316606893431,0.20047843747976682,3,mean,1,0.9233543733092876,0.8142753095411508,0.797432239657632,0.8318452380952381
0.5,19,1,256,256,,0.1952599152372766,0.5,0.9147316606893431,0.20047843747976682,4,mean,1,0.9236549443943493,0.812960235640648,0.7874465049928673,0.8401826484018264
0.5,19,1,256,256,,0.1952599152372766,0.5,0.9147316606893431,0.20047843747976682,5,mean,1,0.9194469492034866,0.8057971014492754,0.7931526390870185,0.8188512518409425
