K,layers,hidden_channels,out_channels,norm,lr,treatment,dropout,ratio,seed,aggregation,model_type,batch_size,rate_pairs,clusters,sampling,sampling_k,num_epochs,anomaly_detector,accuracy,f1,recall,precision,losses
2,1,256,256,,0.0014950560588792984,removal,0,0.1067470001045848,654,mean,GATConv,512,1,50,neighbor,25,100,unweighted,0.8999098286744815,0.6991869918699187,0.5520684736091298,0.9532019704433498,"[4.364464104175568, 3.9205141067504883, 3.8504990339279175, 3.8564433455467224, 3.894659698009491, 3.8634432554244995, 3.773063361644745, 3.7433930039405823, 3.7019600570201874, 3.7133963108062744, 3.725714147090912, 3.704676389694214, 3.6607845425605774, 3.6408177614212036, 3.634583294391632, 3.568657338619232, 3.561382383108139, 3.4828040301799774, 3.526695489883423, 3.408102661371231, 3.3960382640361786, 3.4319110810756683, 3.454158902168274, 3.409249097108841, 3.3102425038814545, 3.3498652279376984, 3.317487120628357, 3.3048319220542908, 3.251386433839798, 3.237729996442795, 3.2635274529457092, 3.194260448217392, 3.135173588991165, 3.197592109441757, 3.112858235836029, 3.110170066356659, 3.1259965300559998, 3.0522971749305725, 3.0294134318828583, 3.0382715463638306, 3.002569317817688, 2.9841186106204987, 2.9561402797698975, 2.9404863119125366, 2.930185467004776, 2.910512864589691, 2.846742808818817, 2.864967852830887, 2.7674867808818817, 2.8023214638233185, 2.7476395070552826, 2.763144999742508, 2.7128078937530518, 2.739493668079376, 2.7235797345638275, 2.7138974368572235, 2.678083300590515, 2.6356253623962402, 2.6085636019706726, 2.5845756232738495, 2.606055736541748, 2.588093727827072, 2.584828704595566, 2.5693724155426025, 2.5690025985240936, 2.532302588224411, 2.487765610218048, 2.506158471107483, 2.4215458929538727, 2.4772241711616516, 2.418951541185379, 2.4211065471172333, 2.3731728196144104, 2.3515819311141968, 2.369257092475891, 2.2976929247379303, 2.314648002386093, 2.276447743177414, 2.295248955488205, 2.247245281934738, 2.2598086297512054, 2.222362905740738, 2.255907952785492, 2.1760174930095673, 2.1883528530597687, 2.1913115084171295, 2.15341654419899, 2.134517163038254, 2.1080270409584045, 2.129149705171585, 2.103401303291321, 2.0665834546089172, 2.0753523111343384, 2.0530392825603485, 2.023435950279236, 2.0287189185619354, 1.971429020166397, 2.0142101049423218, 1.995433896780014, 1.9980159997940063]"
