K,layers,hidden_channels,out_channels,norm,lr,treatment,dropout,ratio,seed,aggregation,model_type,batch_size,rate_pairs,clusters,sampling,num_epochs,anomaly_detector,accuracy,f1,recall,precision,losses,test_accuracy,test_f1,test_recall,test_precision
6,1,256,128,,0.005,removal,0,0.2001279143950506,654,mean,GCNConv,2048,10,50,sage,100,nearest_neighbors,0.6704545454545454,0.8027210884353742,0.6704545454545454,1.0,"[2.185658574104309, 2.00380539894104, 2.0837517976760864, 2.0340129137039185, 2.0081083178520203, 2.047394633293152, 2.0250964760780334, 1.98745459318161, 2.043170928955078, 2.0051404237747192, 1.9863176941871643, 1.956938624382019, 1.987870693206787, 1.9475176334381104, 1.932213306427002, 1.965434730052948, 1.9621185660362244, 1.8999235033988953, 1.9805742502212524, 1.9583467841148376, 1.9122716784477234, 1.9302788376808167, 1.9257321953773499, 1.887461245059967, 1.9140982031822205, 1.9106391668319702, 1.8172281384468079, 1.8281973004341125, 1.8638074398040771, 1.9386903643608093, 1.825245201587677, 1.8130910992622375, 1.8580982685089111, 1.8261624574661255, 1.7899645566940308, 1.806086242198944, 1.7774872779846191, 1.7643522024154663, 1.7629788517951965, 1.7820360660552979, 1.7854534983634949, 1.7508941888809204, 1.7781293988227844, 1.776608943939209, 1.734404742717743, 1.6899322271347046, 1.7662726044654846, 1.7322595119476318, 1.72829008102417, 1.6854619979858398, 1.6907551288604736, 1.6988351941108704, 1.7047967910766602, 1.669274389743805, 1.6497584581375122, 1.6628952622413635, 1.644534170627594, 1.622319519519806, 1.6945946216583252, 1.6090290546417236, 1.609157919883728, 1.601064920425415, 1.5991123914718628, 1.615406334400177, 1.5782907009124756, 1.5650001168251038, 1.5708973407745361, 1.5353504419326782, 1.5689460635185242, 1.5669306516647339, 1.5758746266365051, 1.5705804228782654, 1.5226563811302185, 1.5044132471084595, 1.5119453072547913, 1.5126487612724304, 1.5050437450408936, 1.4832480549812317, 1.473533272743225, 1.480418860912323, 1.456190586090088, 1.4417977929115295, 1.4848182797431946, 1.4353488683700562, 1.389317810535431, 1.4319246411323547, 1.425698161125183, 1.4162578582763672, 1.387437880039215, 1.372898519039154, 1.37977933883667, 1.3526930212974548, 1.3321917057037354, 1.3291794061660767, 1.347672462463379, 1.338914394378662, 1.3276093006134033, 1.3323352336883545, 1.2977588176727295, 1.3010473847389221]",0.9314697926059513,0.8345428156748912,0.8202567760342369,0.8493353028064993
