alpha,K,layers,hidden_channels,out_channels,norm,dropout,margin,lpl_weight,ratio,seed,aggregation,pos_weight,accuracy,f1,recall,precision
0.5,15,2,256,128,,0.30356432854037024,0.5,0.9521242421081054,0.13062069074121405,1,sum,1,0.9344755034565675,0.8420289855072464,0.8288159771754636,0.8556701030927835
0.5,15,2,256,128,,0.30356432854037024,0.5,0.9521242421081054,0.13062069074121405,2,sum,1,0.9404869251577999,0.8561046511627907,0.8402282453637661,0.8725925925925926
0.5,15,2,256,128,,0.30356432854037024,0.5,0.9521242421081054,0.13062069074121405,3,sum,1,0.9383829275623685,0.8515568428674873,0.8388017118402282,0.8647058823529412
0.5,15,2,256,128,,0.30356432854037024,0.5,0.9521242421081054,0.13062069074121405,4,sum,1,0.9422903516681695,0.8581979320531757,0.8288159771754636,0.889739663093415
0.5,15,2,256,128,,0.30356432854037024,0.5,0.9521242421081054,0.13062069074121405,5,sum,1,0.941088067327923,0.8563049853372434,0.833095577746077,0.8808446455505279
