alpha,K,layers,hidden_channels,out_channels,norm,dropout,margin,lpl_weight,ratio,seed,aggregation,pos_weight,accuracy,f1,recall,precision
0.8621500269004939,19,1,256,128,,0.32708768675902267,0.5130903440317676,0.3077861117132444,0.13737481556553158,1,sum,1,0.9362789299669372,0.846820809248555,0.8359486447931527,0.8579795021961932
0.8621500269004939,19,1,256,128,,0.32708768675902267,0.5130903440317676,0.3077861117132444,0.13737481556553158,2,sum,1,0.939585211902615,0.8550829127613554,0.8459343794579173,0.8644314868804664
0.8621500269004939,19,1,256,128,,0.32708768675902267,0.5130903440317676,0.3077861117132444,0.13737481556553158,3,sum,1,0.9401863540727382,0.8550619082301529,0.8373751783166904,0.8735119047619048
0.8621500269004939,19,1,256,128,,0.32708768675902267,0.5130903440317676,0.3077861117132444,0.13737481556553158,4,sum,1,0.941088067327923,0.8563049853372434,0.833095577746077,0.8808446455505279
0.8621500269004939,19,1,256,128,,0.32708768675902267,0.5130903440317676,0.3077861117132444,0.13737481556553158,5,sum,1,0.9353772167117523,0.8440899202320522,0.8302425106990015,0.8584070796460177
