alpha,K,layers,hidden_channels,out_channels,norm,dropout,margin,lpl_weight,ratio,seed,aggregation,pos_weight,accuracy,f1,recall,precision
0.5,16,2,256,128,,0.3498858312555909,0.5,0.864093313452255,0.3336663187468717,1,sum,1,0.8969041178238654,0.7841409691629956,0.8887303851640513,0.7015765765765766
0.5,16,2,256,128,,0.3498858312555909,0.5,0.864093313452255,0.3336663187468717,2,sum,1,0.893297264803126,0.7818070067609096,0.9072753209700428,0.6868250539956804
0.5,16,2,256,128,,0.3498858312555909,0.5,0.864093313452255,0.3336663187468717,3,sum,1,0.9053201082055906,0.8020113136392206,0.9101283880171184,0.7168539325842697
0.5,16,2,256,128,,0.3498858312555909,0.5,0.864093313452255,0.3336663187468717,4,sum,1,0.9068229636308988,0.8037974683544303,0.905848787446505,0.7224118316268487
0.5,16,2,256,128,,0.3498858312555909,0.5,0.864093313452255,0.3336663187468717,5,sum,1,0.9026149684400361,0.7957124842370744,0.9001426533523538,0.7129943502824859
