alpha,K,layers,hidden_channels,out_channels,norm,dropout,margin,lpl_weight,ratio,seed,aggregation,pos_weight,accuracy,f1,recall,precision
0.9075413534833624,23,1,256,64,,0.2188452419516811,0.19931656964772573,0.6580728704216205,0.1275571511945501,1,sum,1,0.9254583709047189,0.8162962962962963,0.7860199714693296,0.8489984591679507
0.9075413534833624,23,1,256,64,,0.2188452419516811,0.19931656964772573,0.6580728704216205,0.1275571511945501,2,sum,1,0.9278629395852119,0.8230088495575221,0.7960057061340942,0.8519083969465648
0.9075413534833624,23,1,256,64,,0.2188452419516811,0.19931656964772573,0.6580728704216205,0.1275571511945501,3,sum,1,0.9341749323715058,0.8381374722838137,0.8088445078459344,0.8696319018404908
0.9075413534833624,23,1,256,64,,0.2188452419516811,0.19931656964772573,0.6580728704216205,0.1275571511945501,4,sum,1,0.9266606552449654,0.8170914542728636,0.7774607703281027,0.8609794628751974
0.9075413534833624,23,1,256,64,,0.2188452419516811,0.19931656964772573,0.6580728704216205,0.1275571511945501,5,sum,1,0.9221520889690412,0.8082901554404145,0.7788873038516405,0.84
