alpha,K,layers,hidden_channels,out_channels,norm,dropout,margin,lpl_weight,ratio,seed,aggregation,pos_weight,accuracy,f1,recall,precision
0.5,19,1,256,256,,0,0.5,0.47171879571286834,0.21951374882334407,1,mean,1,0.9194469492034866,0.8136300417246175,0.8345221112696148,0.7937584803256446
0.5,19,1,256,256,,0,0.5,0.47171879571286834,0.21951374882334407,2,mean,1,0.9164412383528705,0.7964860907759883,0.776034236804565,0.8180451127819549
0.5,19,1,256,256,,0,0.5,0.47171879571286834,0.21951374882334407,3,mean,1,0.9275623685001503,0.8242159008023341,0.8059914407988588,0.8432835820895522
0.5,19,1,256,256,,0,0.5,0.47171879571286834,0.21951374882334407,4,mean,1,0.9242560865644724,0.818705035971223,0.81169757489301,0.8258345428156749
0.5,19,1,256,256,,0,0.5,0.47171879571286834,0.21951374882334407,5,mean,1,0.9266606552449654,0.8244604316546763,0.8174037089871612,0.8316400580551524
