alpha,K,layers,hidden_channels,out_channels,norm,dropout,margin,lpl_weight,ratio,seed,aggregation,pos_weight,accuracy,f1,recall,precision
0.5,15,1,256,256,,0.06254258425691939,0.5,0.8245813184236441,0.1608548215814699,1,sum,1,0.9275623685001503,0.8224023581429624,0.7960057061340942,0.850609756097561
0.5,15,1,256,256,,0.06254258425691939,0.5,0.8245813184236441,0.1608548215814699,2,sum,1,0.92936579501052,0.8260547742413027,0.7960057061340942,0.8584615384615385
0.5,15,1,256,256,,0.06254258425691939,0.5,0.8245813184236441,0.1608548215814699,3,sum,1,0.9308686504358281,0.8308823529411765,0.8059914407988588,0.8573596358118362
0.5,15,1,256,256,,0.06254258425691939,0.5,0.8245813184236441,0.1608548215814699,4,sum,1,0.9233543733092876,0.8120854826823877,0.7860199714693296,0.8399390243902439
0.5,15,1,256,256,,0.06254258425691939,0.5,0.8245813184236441,0.1608548215814699,5,sum,1,0.9224526600541028,0.8057228915662651,0.7631954350927247,0.8532695374800638
