K,layers,hidden_channels,out_channels,norm,lr,treatment,dropout,ratio,seed,aggregation,model_type,batch_size,rate_pairs,clusters,sampling,num_epochs,anomaly_detector,accuracy,f1,recall,precision,losses,test_accuracy,test_f1,test_recall,test_precision
17,1,128,256,,0.005,removal,0,0.2191454771759734,654,mean,GCNConv,2048,10,50,sage,100,nearest_neighbors,nan,0.0,0.0,0.0,"[3.1693296432495117, 2.528254508972168, 2.4557559490203857, 2.4969570636749268, 2.541148543357849, 2.398048162460327, 2.5527673959732056, 2.4145385026931763, 2.4501829147338867, 2.4639819860458374, 2.4275156259536743, 2.487167716026306, 2.322576403617859, 2.456647038459778, 2.4541239738464355, 2.4054559469223022, 2.414528012275696, 2.375814437866211, 2.3640977144241333, 2.35201895236969, 2.5388593673706055, 2.430259346961975, 2.474533796310425, 2.2720097303390503, 2.350252628326416, 2.3270812034606934, 2.2793208360671997, 2.344921112060547, 2.37639057636261, 2.2433356046676636, 2.2892531156539917, 2.2662692070007324, 2.2691670656204224, 2.370399594306946, 2.347209930419922, 2.3455744981765747, 2.3566527366638184, 2.398976445198059, 2.318838953971863, 2.2301185131073, 2.2494897842407227, 2.254395008087158, 2.290940046310425, 2.297696352005005, 2.2727802991867065, 2.2386157512664795, 2.184065818786621, 2.225733160972595, 2.2196483612060547, 2.270096778869629, 2.14114773273468, 2.203107237815857, 2.3250001668930054, 2.2437117099761963, 2.136151909828186, 2.199209213256836, 2.157660722732544, 2.1473288536071777, 2.152809500694275, 2.1753487586975098, 2.2154898643493652, 2.1257697343826294, 2.157011866569519, 2.1703505516052246, 2.0383175015449524, 2.1168018579483032, 2.1360623836517334, 2.099000573158264, 2.147603750228882, 2.035217583179474, 2.163673758506775, 2.112519860267639, 2.072047710418701, 2.1188799142837524, 2.0977895259857178, 2.025251626968384, 2.035093605518341, 2.055367588996887, 2.0645753145217896, 2.0290870666503906, 2.0052919387817383, 2.0311323404312134, 2.0202268958091736, 2.019242763519287, 2.0130991339683533, 2.008321523666382, 2.001436412334442, 1.968989074230194, 1.9784649014472961, 1.9726742506027222, 1.9526863098144531, 1.912849247455597, 1.9453243017196655, 1.9956573247909546, 1.9309427738189697, 1.9454075694084167, 1.9216121435165405, 1.9187840223312378, 1.944857120513916, 1.9171674847602844]",0.9344978165938864,0.6976744186046512,0.6410256410256411,0.7653061224489796
