alpha,K,layers,hidden_channels,out_channels,norm,dropout,margin,lpl_weight,ratio,seed,aggregation,pos_weight,accuracy,f1,recall,precision
0.34215921912306524,16,1,256,128,,0.3630710712903806,0.545186347856949,0.7914913993641282,0.1157021703426779,1,sum,1,0.935677787796814,0.8398203592814372,0.8002853067047075,0.8834645669291339
0.34215921912306524,16,1,256,128,,0.3630710712903806,0.545186347856949,0.7914913993641282,0.1157021703426779,2,sum,1,0.9377817853922452,0.8437735849056603,0.797432239657632,0.8958333333333334
0.34215921912306524,16,1,256,128,,0.3630710712903806,0.545186347856949,0.7914913993641282,0.1157021703426779,3,sum,1,0.9392846408175534,0.8510324483775811,0.8231098430813124,0.8809160305343512
0.34215921912306524,16,1,256,128,,0.3630710712903806,0.545186347856949,0.7914913993641282,0.1157021703426779,4,sum,1,0.9404869251577999,0.852017937219731,0.8131241084165478,0.8948194662480377
0.34215921912306524,16,1,256,128,,0.3630710712903806,0.545186347856949,0.7914913993641282,0.1157021703426779,5,sum,1,0.9347760745416291,0.8379387602688574,0.8002853067047075,0.8793103448275862
