K,layers,hidden_channels,out_channels,norm,lr,treatment,dropout,ratio,seed,aggregation,model_type,batch_size,rate_pairs,reliable_mini_batch,clusters,pos_weight,accuracy,f1,recall,precision,losses
5,1,256,64,,0.007428302873983159,removal,0,0.11184863220869369,654,mean,GCNConv,15,10,True,400,0.26309255262196357,0.931770363691013,0.826585179526356,0.7717546362339515,0.8898026315789473,"[9.362084329128265, 8.65089100599289, 7.963743656873703, 7.1856381595134735, 6.69586056470871, 5.646355003118515, 5.17249271273613, 4.577736809849739, 4.045470632612705, 3.5041959807276726, 3.1303169950842857, 2.8207724541425705, 2.4757073782384396, 2.2533140033483505, 2.0520744882524014, 1.8293391019105911, 1.6935173459351063, 1.5705860517919064, 1.419554729014635, 1.3109611105173826, 1.2019305136054754, 1.1314779948443174, 1.0429671593010426, 0.9797494597733021, 0.9242304842919111, 0.861237982288003, 0.8062679618597031, 0.7454548897221684, 0.7156495079398155, 0.6821144782006741, 0.6406818684190512, 0.615718868561089, 0.5711318273097277, 0.5509542059153318, 0.523866537027061, 0.5056950589641929, 0.470683503895998, 0.44894464779645205, 0.4414359964430332, 0.4130102535709739, 0.408412572927773, 0.388658226467669, 0.36199108697474003, 0.34288074309006333, 0.34058376029133797, 0.3322713542729616, 0.31523025035858154, 0.30157418735325336, 0.30064013274386525, 0.27840645401738584]"
