alpha,K,layers,hidden_channels,out_channels,norm,dropout,margin,lpl_weight,ratio,seed,aggregation,pos_weight,accuracy,f1,recall,precision
0.5,24,1,256,256,,0,0.5,0.7874000144542489,0.18645247178508612,1,sum,1,0.9281635106702735,0.8281811646297628,0.8216833095577746,0.8347826086956521
0.5,24,1,256,256,,0,0.5,0.7874000144542489,0.18645247178508612,2,sum,1,0.9329726480312593,0.8392213410237923,0.8302425106990015,0.8483965014577259
0.5,24,1,256,256,,0,0.5,0.7874000144542489,0.18645247178508612,3,sum,1,0.9278629395852119,0.8265895953757225,0.8159771754636234,0.8374816983894583
0.5,24,1,256,256,,0,0.5,0.7874000144542489,0.18645247178508612,4,sum,1,0.9257589419897806,0.8198395331874544,0.8017118402282454,0.8388059701492537
0.5,24,1,256,256,,0,0.5,0.7874000144542489,0.18645247178508612,5,sum,1,0.9278629395852119,0.8270893371757925,0.818830242510699,0.8355167394468704
