K,layers,hidden_channels,out_channels,norm,lr,treatment,dropout,ratio,seed,aggregation,model_type,batch_size,rate_pairs,clusters,sampling,num_epochs,anomaly_detector,accuracy,f1,recall,precision,losses,test_accuracy,test_f1,test_recall,test_precision
21,2,64,64,,0.005,removal,0,0.2829170113300453,654,mean,GATConv,1024,10,50,sage,100,nearest_neighbors,nan,0.0,0.0,0.0,"[6.215318202972412, 5.820466876029968, 6.370309948921204, 6.033140778541565, 5.7012118101119995, 5.856909394264221, 5.891100525856018, 5.579120635986328, 6.034602999687195, 5.527705788612366, 5.952747702598572, 5.945274829864502, 5.83143150806427, 5.323975563049316, 5.614822268486023, 5.5341938734054565, 5.892793893814087, 5.449395060539246, 5.574779629707336, 5.32113778591156, 5.503659725189209, 5.526547312736511, 5.421164512634277, 5.473432421684265, 5.0254470109939575, 5.633047342300415, 5.304394245147705, 5.537499785423279, 5.37163770198822, 5.075453877449036, 4.93701434135437, 5.02448046207428, 5.179898262023926, 5.053619742393494, 5.2216832637786865, 4.951827168464661, 5.013339161872864, 5.107909083366394, 5.356819152832031, 5.038771271705627, 4.703571438789368, 4.686869859695435, 4.9196999073028564, 4.9195897579193115, 4.838429570198059, 4.633279919624329, 4.880868911743164, 4.9333789348602295, 4.735497713088989, 4.520889043807983, 4.518821716308594, 4.707602858543396, 4.516931533813477, 4.3625993728637695, 4.42164945602417, 4.5215840339660645, 4.410172939300537, 4.51518976688385, 4.379129767417908, 4.574606418609619, 4.3813523054122925, 4.322380900382996, 4.301894307136536, 4.351840853691101, 4.3177900314331055, 4.119048774242401, 4.43166583776474, 4.1241244077682495, 4.293531596660614, 4.164168179035187, 3.950256884098053, 4.002823770046234, 4.078478097915649, 3.962099611759186, 3.9482507705688477, 3.7035533785820007, 3.9335527420043945, 3.8834097385406494, 3.7653666734695435, 3.708610773086548, 3.8300501704216003, 3.4834237694740295, 3.65604966878891, 3.594034969806671, 3.4623717069625854, 3.5111411809921265, 3.591062307357788, 3.4355648159980774, 3.473076045513153, 3.443757653236389, 3.435089111328125, 3.3574292063713074, 3.2319210171699524, 3.2264599204063416, 3.2563847303390503, 3.205440938472748, 3.1978747248649597, 3.1913750171661377, 3.248664140701294, 3.008111596107483]",0.8888142425260329,0.46526655896607433,0.41025641025641024,0.5373134328358209
