alpha,K,layers,hidden_channels,out_channels,norm,dropout,margin,lpl_weight,ratio,seed,aggregation,pos_weight,accuracy,f1,recall,precision
0.5,15,2,256,128,,0.3017898926464309,0.5,0.9257033697701744,0.1420255442304016,1,sum,1,0.9389840697324917,0.8538516918646508,0.8459343794579173,0.8619186046511628
0.5,15,2,256,128,,0.3017898926464309,0.5,0.9257033697701744,0.1420255442304016,2,sum,1,0.9389840697324917,0.8536409516943042,0.8445078459343794,0.8629737609329446
0.5,15,2,256,128,,0.3017898926464309,0.5,0.9257033697701744,0.1420255442304016,3,sum,1,0.9407874962428614,0.8577617328519855,0.8473609129814551,0.868421052631579
0.5,15,2,256,128,,0.3017898926464309,0.5,0.9257033697701744,0.1420255442304016,4,sum,1,0.941088067327923,0.8575581395348837,0.8416547788873039,0.8740740740740741
0.5,15,2,256,128,,0.3017898926464309,0.5,0.9257033697701744,0.1420255442304016,5,sum,1,0.9386834986474302,0.8526011560693642,0.8416547788873039,0.8638360175695461
