K,layers,hidden_channels,out_channels,norm,lr,treatment,dropout,ratio,seed,aggregation,model_type,batch_size,rate_pairs,clusters,sampling,num_epochs,anomaly_detector,accuracy,f1,recall,precision,losses,test_accuracy,test_f1,test_recall,test_precision
14,3,128,256,,0.005,removal,0,0.19686068406965482,654,mean,GATConv,1024,10,50,sage,50,nearest_neighbors,nan,0.0,0.0,0.0,"[8.709769010543823, 8.107367634773254, 8.578980207443237, 8.925009727478027, 8.397220492362976, 8.087562918663025, 8.380445122718811, 8.539908170700073, 8.438303351402283, 8.33897078037262, 8.310612082481384, 8.274852275848389, 8.363802790641785, 8.105339765548706, 8.445897698402405, 8.25594437122345, 8.130967736244202, 8.063524961471558, 7.8268914222717285, 8.58043920993805, 7.777724266052246, 7.963587045669556, 7.801196217536926, 8.175707936286926, 7.904037356376648, 7.857151746749878, 7.3778605461120605, 7.832168936729431, 8.022473692893982, 7.470592141151428, 7.307553648948669, 7.726475119590759, 7.157949805259705, 7.53042209148407, 7.186739444732666, 7.063018321990967, 7.851033806800842, 7.28842294216156, 6.842256665229797, 6.860993504524231, 6.72448456287384, 7.34354293346405, 7.139322876930237, 6.627555012702942, 6.799975037574768, 6.639980792999268, 6.728326678276062, 6.754636287689209, 6.463653922080994, 6.221408486366272]",0.928115552569701,0.6871345029239766,0.6695156695156695,0.7057057057057057
