alpha,K,layers,hidden_channels,out_channels,norm,dropout,margin,lpl_weight,ratio,seed,aggregation,pos_weight,accuracy,f1,recall,precision
0.5,21,1,256,256,,0,0.5,0.9461593467186098,0.21112811022565586,1,mean,1,0.9257589419897806,0.82930200414651,0.8559201141226819,0.8042895442359249
0.5,21,1,256,256,,0,0.5,0.9461593467186098,0.21112811022565586,2,mean,1,0.9242560865644724,0.8210227272727273,0.8245363766048502,0.8175388967468176
0.5,21,1,256,256,,0,0.5,0.9461593467186098,0.21112811022565586,3,mean,1,0.9302675082657048,0.8328530259365994,0.8245363766048502,0.8413391557496361
0.5,21,1,256,256,,0,0.5,0.9461593467186098,0.21112811022565586,4,mean,1,0.9254583709047189,0.8258426966292135,0.8388017118402282,0.8132780082987552
0.5,21,1,256,256,,0,0.5,0.9461593467186098,0.21112811022565586,5,mean,1,0.9278629395852119,0.8316970546984572,0.8459343794579173,0.8179310344827586
