alpha,K,layers,hidden_channels,out_channels,norm,dropout,margin,lpl_weight,ratio,seed,aggregation,pos_weight,accuracy,f1,recall,precision
0.7248732056772669,25,1,256,64,,0.15527302150011943,0.5429247384661274,0.8675012068718573,0.20895438963271434,1,sum,1,0.9242560865644724,0.8281036834924966,0.8659058487874465,0.7934640522875817
0.7248732056772669,25,1,256,64,,0.15527302150011943,0.5429247384661274,0.8675012068718573,0.20895438963271434,2,sum,1,0.9314697926059513,0.844474761255116,0.8830242510699001,0.8091503267973856
0.7248732056772669,25,1,256,64,,0.15527302150011943,0.5429247384661274,0.8675012068718573,0.20895438963271434,3,sum,1,0.9320709347760745,0.8447802197802198,0.8773181169757489,0.8145695364238411
0.7248732056772669,25,1,256,64,,0.15527302150011943,0.5429247384661274,0.8675012068718573,0.20895438963271434,4,sum,1,0.9260595130748422,0.8319672131147541,0.8687589158345221,0.7981651376146789
0.7248732056772669,25,1,256,64,,0.15527302150011943,0.5429247384661274,0.8675012068718573,0.20895438963271434,5,sum,1,0.9245566576495341,0.8274914089347079,0.8587731811697575,0.7984084880636605
