alpha,K,layers,hidden_channels,out_channels,norm,dropout,margin,lpl_weight,ratio,seed,aggregation,pos_weight,accuracy,f1,recall,precision
0.9976948997959343,23,1,16,32,,0.4991655793887768,0.6209746674723012,0.8741701004274725,0.18752186415700994,1,sum,1,0.8575293056807936,0.6703755215577191,0.6875891583452212,0.6540027137042063
0.9976948997959343,23,1,16,32,,0.4991655793887768,0.6209746674723012,0.8741701004274725,0.18752186415700994,2,sum,1,0.8479110309588218,0.6529492455418381,0.6790299572039943,0.6287978863936592
0.9976948997959343,23,1,16,32,,0.4991655793887768,0.6209746674723012,0.8741701004274725,0.18752186415700994,3,sum,1,0.8692515779981965,0.6868250539956804,0.6804564907275321,0.6933139534883721
0.9976948997959343,23,1,16,32,,0.4991655793887768,0.6209746674723012,0.8741701004274725,0.18752186415700994,4,sum,1,0.8464081755335137,0.6568166554734721,0.6975748930099858,0.6205583756345178
0.9976948997959343,23,1,16,32,,0.4991655793887768,0.6209746674723012,0.8741701004274725,0.18752186415700994,5,sum,1,0.8512173128944995,0.6550522648083623,0.6704707560627675,0.6403269754768393
