K,layers,hidden_channels,out_channels,norm,lr,treatment,dropout,ratio,seed,aggregation,model_type,batch_size,rate_pairs,clusters,sampling,num_epochs,anomaly_detector,accuracy,f1,recall,precision,losses
3,1,256,256,,0.005159934012701186,removal,0,0.16178092916152853,654,mean,GCNConv,5,4,50,cluster,100,nearest_neighbors,0.9308686504358281,0.8357142857142857,0.8345221112696148,0.8369098712446352,"[6.877639591693878, 6.19252073764801, 6.29028657078743, 6.290669411420822, 5.907051771879196, 5.727625131607056, 5.625143468379974, 5.713637143373489, 5.4058758318424225, 5.3730780482292175, 5.2798740565776825, 4.998686522245407, 4.6623470187187195, 4.568490028381348, 4.541846454143524, 4.229718744754791, 4.1893530786037445, 4.026389509439468, 3.916425406932831, 3.7196423411369324, 3.5464503467082977, 3.526461809873581, 3.4377118945121765, 3.1905018985271454, 3.272492378950119, 3.114382356405258, 2.9663863331079483, 2.855516567826271, 2.754948705434799, 2.6241157948970795, 2.558722496032715, 2.519014835357666, 2.463167577981949, 2.3330173045396805, 2.208278715610504, 2.140527531504631, 2.0830902606248856, 2.0862849056720734, 1.9335353299975395, 1.9228888675570488, 1.8528046160936356, 1.8253618776798248, 1.7730131298303604, 1.7175990641117096, 1.7432322353124619, 1.621261104941368, 1.6249842643737793, 1.5716532319784164, 1.5102922469377518, 1.441042147576809, 1.4194062575697899, 1.4018092826008797, 1.3554637506604195, 1.3112344294786453, 1.3042526468634605, 1.2410813868045807, 1.2022072076797485, 1.146305426955223, 1.1160431578755379, 1.1068848818540573, 1.1460966914892197, 1.0623784288764, 1.0513665899634361, 1.0680025666952133, 1.0436005219817162, 0.9515378028154373, 0.9413276724517345, 0.9738500267267227, 0.9078766331076622, 0.8912216871976852, 0.8940094485878944, 0.8804315328598022, 0.8582650572061539, 0.810109194368124, 0.8437381908297539, 0.795786090195179, 0.7941244021058083, 0.7815241180360317, 0.742253553122282, 0.7477426901459694, 0.7207781225442886, 0.7130499854683876, 0.6966645047068596, 0.6874933168292046, 0.713677205145359, 0.6849777549505234, 0.6551067754626274, 0.634942252188921, 0.607590913772583, 0.6521665044128895, 0.6060538925230503, 0.6162045486271381, 0.5813854858279228, 0.581402599811554, 0.560031745582819, 0.5695656947791576, 0.535996962338686, 0.547226794064045, 0.510925468057394, 0.5427669771015644]"
