alpha,K,layers,hidden_channels,out_channels,norm,dropout,margin,lpl_weight,ratio,seed,aggregation,pos_weight,accuracy,f1,recall,precision
0.5,20,1,256,256,,0.1581286810419768,0.5,0.9069915590129112,0.1702799738533892,1,sum,1,0.9365795010519988,0.844280442804428,0.8159771754636234,0.8746177370030581
0.5,20,1,256,256,,0.1581286810419768,0.5,0.9069915590129112,0.1702799738533892,2,sum,1,0.9296663660955816,0.8253731343283582,0.7888730385164051,0.865414710485133
0.5,20,1,256,256,,0.1581286810419768,0.5,0.9069915590129112,0.1702799738533892,3,sum,1,0.9320709347760745,0.8318452380952381,0.797432239657632,0.8693623639191291
0.5,20,1,256,256,,0.1581286810419768,0.5,0.9069915590129112,0.1702799738533892,4,sum,1,0.9281635106702735,0.825674690007294,0.8074179743223966,0.844776119402985
0.5,20,1,256,256,,0.1581286810419768,0.5,0.9069915590129112,0.1702799738533892,5,sum,1,0.9311692215208897,0.8302446256486287,0.7988587731811697,0.8641975308641975
