K,layers,hidden_channels,out_channels,norm,lr,treatment,dropout,ratio,seed,aggregation,model_type,batch_size,rate_pairs,clusters,sampling,num_epochs,anomaly_detector,accuracy,f1,recall,precision,losses
4,1,256,128,,0.009982028786447283,removal,0,0.1523738163865166,654,mean,GCNConv,20,9,400,cluster,100,nearest_neighbors,0.9338743612864443,0.8424068767908309,0.8388017118402282,0.8460431654676259,"[16.174398720264435, 15.624137729406357, 14.087459325790405, 12.74357321858406, 11.238170683383942, 10.004216998815536, 8.702947825193405, 7.424410447478294, 6.70476958155632, 5.893077939748764, 5.254632547497749, 4.532121554017067, 4.081765227019787, 3.7740562185645103, 3.4737223982810974, 3.0220751240849495, 2.7387200370430946, 2.553301088511944, 2.3091814815998077, 2.1816035732626915, 1.9885066598653793, 1.8875250592827797, 1.7367131263017654, 1.610607586801052, 1.4732748121023178, 1.411318875849247, 1.3634431026875973, 1.2595418840646744, 1.2028033025562763, 1.1483214311301708, 1.0599775444716215, 1.0061802063137293, 0.9965368248522282, 0.9501727074384689, 0.8760256972163916, 0.8415784500539303, 0.7836319394409657, 0.7812234424054623, 0.7486694790422916, 0.7173795104026794, 0.667015353217721, 0.6684852875769138, 0.6147911865264177, 0.6057035364210606, 0.57561806589365, 0.56599897518754, 0.5412454977631569, 0.5099046966060996, 0.50262669660151, 0.48853689804673195, 0.470718689262867, 0.4558348748832941, 0.44877399504184723, 0.42661956511437893, 0.41915404610335827, 0.40749030373990536, 0.3948105713352561, 0.38292476162314415, 0.3621612135320902, 0.36912934947758913, 0.3442461318336427, 0.3453363599255681, 0.3353969370946288, 0.32037271931767464, 0.31017789617180824, 0.3025041427463293, 0.2963252291083336, 0.29073491878807545, 0.28807746712118387, 0.27287223841995, 0.26240797713398933, 0.2557459590025246, 0.25601599738001823, 0.24508501961827278, 0.24097068281844258, 0.23392349295318127, 0.23543845117092133, 0.22845422523096204, 0.2190508907660842, 0.21556876366958022, 0.20496484031900764, 0.2086518059950322, 0.21231526043266058, 0.19623531820252538, 0.18677447037771344, 0.19021813152357936, 0.1832906026393175, 0.180887040682137, 0.17546847695484757, 0.1763614728115499, 0.17379904026165605, 0.16879079351201653, 0.16458622040227056, 0.1616451097652316, 0.15681159775704145, 0.15326872561126947, 0.15217912755906582, 0.14832243509590626, 0.14662843709811568, 0.14300945308059454]"
