alpha,K,layers,hidden_channels,out_channels,norm,dropout,margin,lpl_weight,ratio,seed,aggregation,pos_weight,accuracy,f1,recall,precision
0.8734682113261922,21,1,128,128,,0.4231164935565894,0.36875007742688526,0.126137358267716,0.0837873152636453,1,sum,1,0.9263600841599038,0.8035284683239775,0.7146932952924394,0.9175824175824175
0.8734682113261922,21,1,128,128,,0.4231164935565894,0.36875007742688526,0.126137358267716,0.0837873152636453,2,sum,1,0.9263600841599038,0.7996729354047425,0.6975748930099858,0.9367816091954023
0.8734682113261922,21,1,128,128,,0.4231164935565894,0.36875007742688526,0.126137358267716,0.0837873152636453,3,sum,1,0.9323715058611362,0.8192771084337349,0.7275320970042796,0.9375
0.8734682113261922,21,1,128,128,,0.4231164935565894,0.36875007742688526,0.126137358267716,0.0837873152636453,4,sum,1,0.9269612263300271,0.8054443554843875,0.717546362339515,0.9178832116788321
0.8734682113261922,21,1,128,128,,0.4231164935565894,0.36875007742688526,0.126137358267716,0.0837873152636453,5,sum,1,0.9233543733092876,0.7958366693354684,0.7089871611982882,0.906934306569343
