alpha,K,layers,hidden_channels,out_channels,norm,dropout,margin,lpl_weight,ratio,seed,aggregation,pos_weight,accuracy,f1,recall,precision
0.8275597905611392,18,1,128,128,,0.4613107981280054,0.6184750873200612,0.7114144979251833,0.12659384303018514,1,sum,1,0.9308686504358281,0.8246951219512195,0.7717546362339515,0.8854337152209493
0.8275597905611392,18,1,128,128,,0.4613107981280054,0.6184750873200612,0.7114144979251833,0.12659384303018514,2,sum,1,0.9266606552449654,0.8162650602409639,0.7731811697574893,0.8644338118022329
0.8275597905611392,18,1,128,128,,0.4613107981280054,0.6184750873200612,0.7114144979251833,0.12659384303018514,3,sum,1,0.9242560865644724,0.8085106382978723,0.7589158345221113,0.865040650406504
0.8275597905611392,18,1,128,128,,0.4613107981280054,0.6184750873200612,0.7114144979251833,0.12659384303018514,4,sum,1,0.9242560865644724,0.8096676737160121,0.7646219686162625,0.8603531300160514
0.8275597905611392,18,1,128,128,,0.4613107981280054,0.6184750873200612,0.7114144979251833,0.12659384303018514,5,sum,1,0.9221520889690412,0.8036391205458681,0.7560627674750356,0.8576051779935275
