alpha,K,layers,hidden_channels,out_channels,norm,dropout,margin,lpl_weight,ratio,seed,aggregation,pos_weight,accuracy,f1,recall,precision
0.8346312006684081,22,1,256,32,,0.49696610841732175,0.5695609110918063,0.9232778045136601,0.1495606860702987,1,sum,1,0.9266606552449654,0.8252148997134671,0.8216833095577746,0.8287769784172662
0.8346312006684081,22,1,256,32,,0.49696610841732175,0.5695609110918063,0.9232778045136601,0.1495606860702987,2,sum,1,0.9320709347760745,0.8401697312588402,0.8473609129814551,0.8330995792426368
0.8346312006684081,22,1,256,32,,0.49696610841732175,0.5695609110918063,0.9232778045136601,0.1495606860702987,3,sum,1,0.9287646528403968,0.8273852876911871,0.8102710413694721,0.8452380952380952
0.8346312006684081,22,1,256,32,,0.49696610841732175,0.5695609110918063,0.9232778045136601,0.1495606860702987,4,sum,1,0.9326720769461978,0.8379160636758322,0.8259629101283881,0.8502202643171806
0.8346312006684081,22,1,256,32,,0.49696610841732175,0.5695609110918063,0.9232778045136601,0.1495606860702987,5,sum,1,0.9236549443943493,0.8151382823871907,0.7988587731811697,0.8320950965824666
