alpha,K,layers,hidden_channels,out_channels,norm,dropout,margin,lpl_weight,ratio,seed,aggregation,pos_weight,accuracy,f1,recall,precision
0.5,15,2,256,128,,0.3134027876602896,0.5,0.9224181675872298,0.12239827315479952,1,sum,1,0.9383829275623685,0.8491537895511405,0.8231098430813124,0.8768996960486323
0.5,15,2,256,128,,0.3134027876602896,0.5,0.9224181675872298,0.12239827315479952,2,sum,1,0.9446949203486624,0.8637037037037038,0.8316690442225392,0.8983050847457628
0.5,15,2,256,128,,0.3134027876602896,0.5,0.9224181675872298,0.12239827315479952,3,sum,1,0.9389840697324917,0.851063829787234,0.8273894436519258,0.8761329305135952
0.5,15,2,256,128,,0.3134027876602896,0.5,0.9224181675872298,0.12239827315479952,4,sum,1,0.9452960625187857,0.8643815201192251,0.8273894436519258,0.9048361934477379
0.5,15,2,256,128,,0.3134027876602896,0.5,0.9224181675872298,0.12239827315479952,5,sum,1,0.9365795010519988,0.844280442804428,0.8159771754636234,0.8746177370030581
