alpha,K,layers,hidden_channels,out_channels,norm,dropout,margin,lpl_weight,ratio,seed,aggregation,pos_weight,accuracy,f1,recall,precision
0.8056068614320757,17,2,64,128,graphnorm,0.24505980327333826,0.6023138521615269,0.36346256621785694,0.49914242523070973,1,sum,1,0.8608355876164713,0.7361823361823362,0.9215406562054208,0.6129032258064516
0.8056068614320757,17,2,64,128,graphnorm,0.24505980327333826,0.6023138521615269,0.36346256621785694,0.49914242523070973,2,sum,1,0.8545235948301774,0.7302118171683389,0.9343794579172611,0.5992680695333943
0.8056068614320757,17,2,64,128,graphnorm,0.24505980327333826,0.6023138521615269,0.36346256621785694,0.49914242523070973,3,sum,1,0.8497144574691915,0.7234513274336283,0.9329529243937232,0.5907859078590786
0.8056068614320757,17,2,64,128,graphnorm,0.24505980327333826,0.6023138521615269,0.36346256621785694,0.49914242523070973,4,sum,1,0.8635407273820258,0.7405714285714285,0.9243937232524965,0.6177311725452812
0.8056068614320757,17,2,64,128,graphnorm,0.24505980327333826,0.6023138521615269,0.36346256621785694,0.49914242523070973,5,sum,1,0.8581304478509167,0.7309007981755986,0.9144079885877318,0.6087369420702754
