K,layers,hidden_channels,out_channels,norm,lr,treatment,dropout,ratio,seed,aggregation,model_type,batch_size,rate_pairs,clusters,sampling,num_epochs,anomaly_detector,accuracy,f1,recall,precision,losses,test_accuracy,test_f1,test_recall,test_precision
3,1,256,256,,0.005,removal,0,0.16879752238538684,654,mean,GCNConv,2048,10,50,sage,100,nearest_neighbors,nan,0.0,0.0,0.0,"[1.3032317757606506, 1.32121741771698, 1.2903401255607605, 1.3043240904808044, 1.311916470527649, 1.2640509009361267, 1.2928662300109863, 1.2767406105995178, 1.250023603439331, 1.2760452032089233, 1.2796325087547302, 1.2743196487426758, 1.214564323425293, 1.2342557907104492, 1.235254168510437, 1.2340747117996216, 1.2200007438659668, 1.198943853378296, 1.1933659315109253, 1.210258960723877, 1.2214683890342712, 1.198046624660492, 1.2061670422554016, 1.1633536219596863, 1.151666522026062, 1.1521559357643127, 1.140870749950409, 1.1603047847747803, 1.1596371531486511, 1.1229737997055054, 1.1212944984436035, 1.1190224289894104, 1.1308921575546265, 1.1057419180870056, 1.1296688318252563, 1.1377087831497192, 1.104357659816742, 1.1052092909812927, 1.109545111656189, 1.0743101239204407, 1.079132616519928, 1.0630914568901062, 1.074464499950409, 1.0692105293273926, 1.0479252934455872, 1.0449703931808472, 1.0246042609214783, 1.0377141833305359, 1.017982542514801, 1.0150790214538574, 0.9904774725437164, 1.0098556876182556, 1.0118786096572876, 0.999262273311615, 0.9715955555438995, 0.9736393690109253, 0.9750675559043884, 0.973298579454422, 0.9650676846504211, 0.9600655138492584, 0.9459301829338074, 0.9330569803714752, 0.9317609667778015, 0.9500259757041931, 0.9086042046546936, 0.9127856194972992, 0.9167569577693939, 0.9158962070941925, 0.908726304769516, 0.8779908120632172, 0.9026286900043488, 0.8915312588214874, 0.8842331767082214, 0.8768191635608673, 0.8664922416210175, 0.841966837644577, 0.8439888656139374, 0.8462616205215454, 0.8504399657249451, 0.8379848003387451, 0.827179878950119, 0.8088708519935608, 0.8182041645050049, 0.821701169013977, 0.8065922856330872, 0.7996433973312378, 0.7899993658065796, 0.7876454889774323, 0.7914242148399353, 0.7764812409877777, 0.7729852497577667, 0.7577519416809082, 0.7723289132118225, 0.7510935664176941, 0.7489501535892487, 0.7499721348285675, 0.734266996383667, 0.740477591753006, 0.7327857613563538, 0.737468957901001]",0.9096405777628485,0.48565965583174,0.36182336182336183,0.7383720930232558
