alpha,K,layers,hidden_channels,out_channels,norm,dropout,margin,lpl_weight,ratio,seed,aggregation,pos_weight,accuracy,f1,recall,precision
0.5,15,2,256,128,,0.3325213241736463,0.5,0.9605031500690073,0.15509623484508808,1,sum,1,0.9365795010519988,0.849607982893799,0.8502139800285307,0.8490028490028491
0.5,15,2,256,128,,0.3325213241736463,0.5,0.9605031500690073,0.15509623484508808,2,sum,1,0.9398857829876766,0.8583569405099151,0.8644793152639088,0.8523206751054853
0.5,15,2,256,128,,0.3325213241736463,0.5,0.9605031500690073,0.15509623484508808,3,sum,1,0.9398857829876766,0.8591549295774648,0.8701854493580599,0.8484005563282336
0.5,15,2,256,128,,0.3325213241736463,0.5,0.9605031500690073,0.15509623484508808,4,sum,1,0.9425909227532311,0.8620938628158845,0.8516405135520685,0.8728070175438597
0.5,15,2,256,128,,0.3325213241736463,0.5,0.9605031500690073,0.15509623484508808,5,sum,1,0.9377817853922452,0.852037169406719,0.8502139800285307,0.8538681948424068
