K,layers,hidden_channels,out_channels,norm,lr,treatment,dropout,ratio,seed,aggregation,model_type,batch_size,rate_pairs,clusters,sampling,num_epochs,anomaly_detector,accuracy,f1,recall,precision,losses
7,1,256,256,,0.0012582688069006356,removal,0,0.12224759532354515,654,mean,GCNConv,5,11,200,cluster,100,nearest_neighbors,0.9329726480312593,0.8314436885865457,0.7845934379457917,0.8842443729903537,"[46.45150929689407, 42.31604355201125, 44.89122951030731, 40.323651537299156, 39.33403542637825, 37.58672431111336, 39.84435884933919, 36.958370719105005, 37.82050698623061, 37.655674770474434, 37.88854470849037, 35.042739145457745, 37.35571767389774, 34.58875027298927, 35.33106753230095, 35.62386512756348, 33.87456926703453, 34.52814710140228, 32.04601479694247, 35.120707258582115, 32.43805667757988, 32.50728838192299, 30.784352272748947, 28.591852698475122, 30.930308878421783, 31.421139925718307, 28.30943942721933, 28.136185944080353, 27.827892392873764, 27.861519411206245, 26.774236800149083, 25.37227589637041, 25.94557498395443, 23.63120581372641, 25.16647830605507, 23.87003120779991, 23.091598568484187, 23.838295429944992, 23.417502611875534, 21.790940389037132, 21.628387324512005, 21.684924095869064, 19.498339355457574, 20.38359245657921, 19.20091311633587, 18.68597326427698, 19.24892497062683, 17.1764411740005, 17.12469570338726, 16.27287083864212, 16.748548045754433, 15.882193639874458, 14.244048875550789, 14.43390454351902, 13.77603548951447, 13.82463525235653, 13.55932105332613, 12.551958210766315, 12.519218385219574, 12.54892164748162, 11.98147985059768, 11.146734917536378, 11.457991793751717, 10.778948783874512, 10.9896200299263, 10.430401388555765, 10.205169565975666, 9.731181754730642, 9.479862704873085, 9.546140193939209, 8.475448794662952, 8.612319089472294, 8.431854881346226, 8.074165219441056, 8.15613017976284, 7.983727782964706, 7.72986411373131, 7.9195168018341064, 7.22345007956028, 7.0649640476331115, 6.94014120940119, 6.937148578464985, 6.594716798514128, 6.4923772513866425, 6.39437853358686, 5.795688431477174, 5.88797515258193, 5.761530060321093, 5.620242786128074, 5.588150158524513, 5.264647055417299, 5.044284943956882, 5.206611458212137, 4.89752721786499, 4.704975123051554, 5.190611243247986, 4.6059462912380695, 4.586229704320431, 4.551978297531605, 4.452845647931099]"
