alpha,K,layers,hidden_channels,out_channels,norm,dropout,margin,lpl_weight,ratio,seed,aggregation,pos_weight,accuracy,f1,recall,precision
0.5,16,1,256,256,,0.045659752901737835,0.5,0.06943259034658558,0.23925104709013184,1,sum,1,0.9227532311391644,0.8193956430077302,0.8316690442225392,0.8074792243767313
0.5,16,1,256,256,,0.045659752901737835,0.5,0.06943259034658558,0.23925104709013184,2,sum,1,0.92936579501052,0.8382656572608397,0.8687589158345221,0.8098404255319149
0.5,16,1,256,256,,0.045659752901737835,0.5,0.06943259034658558,0.23925104709013184,3,sum,1,0.9233543733092876,0.8218029350104822,0.8388017118402282,0.8054794520547945
0.5,16,1,256,256,,0.045659752901737835,0.5,0.06943259034658558,0.23925104709013184,4,sum,1,0.9233543733092876,0.8232848232848233,0.8473609129814551,0.8005390835579514
0.5,16,1,256,256,,0.045659752901737835,0.5,0.06943259034658558,0.23925104709013184,5,sum,1,0.9260595130748422,0.8265162200282088,0.8359486447931527,0.8172942817294282
