alpha,K,layers,hidden_channels,out_channels,norm,dropout,margin,lpl_weight,ratio,seed,aggregation,pos_weight,accuracy,f1,recall,precision
0.5,19,2,128,128,,0.36928013739410376,0.5,0.6028764175984637,0.38621099010909327,1,sum,1,0.8887886985272017,0.7757575757575758,0.912981455064194,0.6743940990516333
0.5,19,2,128,128,,0.36928013739410376,0.5,0.6028764175984637,0.38621099010909327,2,sum,1,0.8938984069732492,0.7806090739589807,0.8958630527817404,0.6916299559471366
0.5,19,2,128,128,,0.36928013739410376,0.5,0.6028764175984637,0.38621099010909327,3,sum,1,0.8957018334836189,0.7807959570435882,0.8815977175463623,0.7006802721088435
0.5,19,2,128,128,,0.36928013739410376,0.5,0.6028764175984637,0.38621099010909327,4,sum,1,0.9098286744815148,0.8076923076923077,0.8987161198288159,0.7334109429569267
0.5,19,2,128,128,,0.36928013739410376,0.5,0.6028764175984637,0.38621099010909327,5,sum,1,0.9080252479711451,0.7997382198952879,0.8716119828815977,0.7388149939540508
