K,layers,hidden_channels,out_channels,norm,lr,treatment,dropout,ratio,seed,aggregation,model_type,batch_size,rate_pairs,reliable_mini_batch,clusters,accuracy,f1,recall,precision,losses
3,1,64,128,,0.0031644276367232983,relabeling,0,0.09795122626668547,654,sum,GCNConv,10,3,True,500,0.9137360985873159,0.7878787878787878,0.760342368045649,0.8174846625766872,"[34.07142210006714, 30.85583557188511, 27.99847275018692, 25.382636308670044, 21.592756241559982, 19.852773329243064, 18.671597182750702, 17.880712397396564, 16.099194653332233, 14.400719366967678, 12.928153105080128, 11.830683790147305, 10.881168875843287, 10.029033746570349, 8.883854173123837, 9.134124483913183, 7.941777740139514, 7.428707882761955, 6.744853196665645, 6.53818728402257, 5.900536344386637, 5.532851375639439, 5.362551184371114, 5.0796651327982545, 4.9103744979947805, 4.456536207115278, 4.3091895105317235, 4.111541101709008, 3.764877983368933, 3.5323367109522223, 3.327551893889904, 3.212654648348689, 3.1789763839915395, 3.008822787553072, 2.737023147754371, 2.5941028122324497, 2.5973587865009904, 2.511177188716829, 2.338637501001358, 2.1933876471593976, 2.049894399009645, 2.006074924953282, 1.9473214894533157, 1.8762678876519203, 1.7284304942004383, 1.7796843340620399, 1.6225006305612624, 1.5822006203234196, 1.4997662343084812, 1.4596403511241078]"
