alpha,K,layers,hidden_channels,out_channels,norm,dropout,margin,lpl_weight,ratio,seed,aggregation,pos_weight,accuracy,f1,recall,precision
0.5,18,1,256,256,,0.20799548213457156,0.5,0.8719970349224597,0.19645535788710553,1,sum,1,0.9281635106702735,0.8315715292459479,0.8416547788873039,0.8217270194986073
0.5,18,1,256,256,,0.20799548213457156,0.5,0.8719970349224597,0.19645535788710553,2,sum,1,0.9251577998196574,0.8165070007369197,0.7902995720399429,0.8445121951219512
0.5,18,1,256,256,,0.20799548213457156,0.5,0.8719970349224597,0.19645535788710553,3,sum,1,0.92936579501052,0.8273328434974284,0.8031383737517832,0.853030303030303
0.5,18,1,256,256,,0.20799548213457156,0.5,0.8719970349224597,0.19645535788710553,4,sum,1,0.9320709347760745,0.8388017118402282,0.8388017118402282,0.8388017118402282
0.5,18,1,256,256,,0.20799548213457156,0.5,0.8719970349224597,0.19645535788710553,5,sum,1,0.9287646528403968,0.8266276517922458,0.8059914407988588,0.8483483483483484
