alpha,K,layers,hidden_channels,out_channels,norm,dropout,margin,lpl_weight,ratio,seed,aggregation,pos_weight,accuracy,f1,recall,precision
0.7770137344319916,17,1,256,128,,0.3062086908076485,0.5191754816152584,0.9199786148345526,0.11928388520252674,1,sum,1,0.9365795010519988,0.8433556050482554,0.8102710413694721,0.8792569659442725
0.7770137344319916,17,1,256,128,,0.3062086908076485,0.5191754816152584,0.9199786148345526,0.11928388520252674,2,sum,1,0.939585211902615,0.851221317542561,0.8202567760342369,0.8846153846153846
0.7770137344319916,17,1,256,128,,0.3062086908076485,0.5191754816152584,0.9199786148345526,0.11928388520252674,3,sum,1,0.9392846408175534,0.8488023952095808,0.8088445078459344,0.8929133858267716
0.7770137344319916,17,1,256,128,,0.3062086908076485,0.5191754816152584,0.9199786148345526,0.11928388520252674,4,sum,1,0.9431920649233544,0.8588498879761016,0.8202567760342369,0.9012539184952978
0.7770137344319916,17,1,256,128,,0.3062086908076485,0.5191754816152584,0.9199786148345526,0.11928388520252674,5,sum,1,0.9374812143071837,0.8461538461538461,0.8159771754636234,0.8786482334869432
