K,layers,hidden_channels,out_channels,norm,lr,treatment,dropout,ratio,seed,aggregation,model_type,batch_size,rate_pairs,reliable_mini_batch,clusters,accuracy,f1,recall,precision,losses
3,1,256,256,,0.0018656687413225138,removal,0,0.13848311121721102,654,mean,GATConv,15,11,True,400,0.9323715058611362,0.8339483394833949,0.8059914407988588,0.863914373088685,"[19.11571767926216, 18.52663093805313, 19.2348313331604, 17.48418802022934, 17.65699863433838, 16.455630213022232, 16.566607415676117, 16.373645424842834, 15.677931115031242, 14.655966639518738, 14.301885604858398, 14.361555010080338, 13.394598916172981, 12.715353637933731, 12.941508203744888, 12.697289288043976, 12.411342233419418, 11.793452993035316, 11.713453456759453, 11.109974190592766, 10.836426705121994, 10.23929899930954, 10.308281689882278, 9.468724399805069, 9.487911403179169, 9.380591109395027, 8.767178118228912, 8.537135027348995, 8.268674701452255, 8.191833078861237, 7.820177357643843, 7.487617209553719, 7.051865288987756, 7.151296138763428, 6.773067802190781, 6.515165090560913, 6.475935995578766, 6.269331768155098, 5.912053726613522, 5.956593714654446, 5.924972772598267, 5.488730788230896, 5.486556671559811, 5.228792108595371, 5.024478916078806, 5.167720407247543, 4.961934007704258, 4.663824737071991, 4.656626522541046, 4.408479727804661]"
