alpha,K,layers,hidden_channels,out_channels,norm,dropout,margin,lpl_weight,ratio,seed,aggregation,pos_weight,accuracy,f1,recall,precision
0.5,13,2,256,256,,0,0.5,0.5,0.22223218922452648,1,sum,1,0.9143372407574392,0.8,0.8131241084165478,0.787292817679558
0.5,13,2,256,256,,0,0.5,0.5,0.22223218922452648,2,sum,1,0.9302675082657048,0.8384401114206128,0.8587731811697575,0.819047619047619
0.5,13,2,256,256,,0,0.5,0.5,0.22223218922452648,3,sum,1,0.9263600841599038,0.8236141108711303,0.8159771754636234,0.8313953488372093
0.5,13,2,256,256,,0,0.5,0.5,0.22223218922452648,4,sum,1,0.9251577998196574,0.8245243128964059,0.8345221112696148,0.8147632311977716
0.5,13,2,256,256,,0,0.5,0.5,0.22223218922452648,5,sum,1,0.9287646528403968,0.833917309039944,0.8487874465049928,0.8195592286501377
