alpha,K,layers,hidden_channels,out_channels,norm,dropout,margin,lpl_weight,ratio,seed,aggregation,pos_weight,accuracy,f1,recall,precision
0.5,15,2,256,128,,0.3170480661691246,0.5,0.9720731247583149,0.1383229431670766,1,sum,1,0.9359783588818755,0.8457639391745112,0.833095577746077,0.8588235294117647
0.5,15,2,256,128,,0.3170480661691246,0.5,0.9720731247583149,0.1383229431670766,2,sum,1,0.9392846408175534,0.85383502170767,0.8416547788873039,0.8663729809104258
0.5,15,2,256,128,,0.3170480661691246,0.5,0.9720731247583149,0.1383229431670766,3,sum,1,0.9392846408175534,0.8548850574712644,0.8487874465049928,0.8610709117221418
0.5,15,2,256,128,,0.3170480661691246,0.5,0.9720731247583149,0.1383229431670766,4,sum,1,0.9461977757739706,0.8682855040470935,0.8416547788873039,0.8966565349544073
0.5,15,2,256,128,,0.3170480661691246,0.5,0.9720731247583149,0.1383229431670766,5,sum,1,0.9398857829876766,0.855072463768116,0.8416547788873039,0.8689248895434463
