alpha,K,layers,hidden_channels,out_channels,norm,dropout,margin,lpl_weight,ratio,seed,aggregation,pos_weight,accuracy,f1,recall,precision
0.5,15,1,256,256,,0.08713960578606961,0.5,0.7538404148666753,0.2070087287729098,1,sum,1,0.9239555154794109,0.8178545716342692,0.8102710413694721,0.8255813953488372
0.5,15,1,256,256,,0.08713960578606961,0.5,0.7538404148666753,0.2070087287729098,2,sum,1,0.935677787796814,0.8492957746478873,0.8601997146932953,0.8386648122392212
0.5,15,1,256,256,,0.08713960578606961,0.5,0.7538404148666753,0.2070087287729098,3,sum,1,0.9257589419897806,0.8256880733944955,0.8345221112696148,0.8170391061452514
0.5,15,1,256,256,,0.08713960578606961,0.5,0.7538404148666753,0.2070087287729098,4,sum,1,0.9308686504358281,0.8380281690140845,0.8487874465049928,0.827538247566064
0.5,15,1,256,256,,0.08713960578606961,0.5,0.7538404148666753,0.2070087287729098,5,sum,1,0.9281635106702735,0.8315715292459479,0.8416547788873039,0.8217270194986073
