alpha,K,layers,hidden_channels,out_channels,norm,dropout,margin,lpl_weight,ratio,seed,aggregation,pos_weight,accuracy,f1,recall,precision
0.5,16,2,256,128,,0.34716764304872727,0.5,0.9061966426490387,0.1523213551307972,1,sum,1,0.9362789299669372,0.8474820143884892,0.8402282453637661,0.8548621190130624
0.5,16,2,256,128,,0.34716764304872727,0.5,0.9061966426490387,0.1523213551307972,2,sum,1,0.9353772167117523,0.8478414720452937,0.854493580599144,0.8412921348314607
0.5,16,2,256,128,,0.34716764304872727,0.5,0.9061966426490387,0.1523213551307972,3,sum,1,0.9377817853922452,0.8522483940042827,0.8516405135520685,0.8528571428571429
0.5,16,2,256,128,,0.34716764304872727,0.5,0.9061966426490387,0.1523213551307972,4,sum,1,0.939585211902615,0.8550829127613554,0.8459343794579173,0.8644314868804664
0.5,16,2,256,128,,0.34716764304872727,0.5,0.9061966426490387,0.1523213551307972,5,sum,1,0.9389840697324917,0.854688618468146,0.8516405135520685,0.8577586206896551
