alpha,K,layers,hidden_channels,out_channels,norm,dropout,margin,lpl_weight,ratio,seed,aggregation,pos_weight,accuracy,f1,recall,precision
0.5,17,1,128,256,,0.18180902794059617,0.5,0.3375035031368419,0.1850491168126454,1,sum,1,0.9224526600541028,0.8111273792093704,0.7902995720399429,0.8330827067669173
0.5,17,1,128,256,,0.18180902794059617,0.5,0.3375035031368419,0.1850491168126454,2,sum,1,0.9179440937781785,0.8011653313911143,0.7845934379457917,0.8184523809523809
0.5,17,1,128,256,,0.18180902794059617,0.5,0.3375035031368419,0.1850491168126454,3,sum,1,0.9248572287345957,0.8188405797101449,0.8059914407988588,0.8321060382916053
0.5,17,1,128,256,,0.18180902794059617,0.5,0.3375035031368419,0.1850491168126454,4,sum,1,0.9164412383528705,0.7943786982248521,0.7660485021398002,0.8248847926267281
0.5,17,1,128,256,,0.18180902794059617,0.5,0.3375035031368419,0.1850491168126454,5,sum,1,0.9179440937781785,0.7961165048543689,0.760342368045649,0.835423197492163
