alpha,K,layers,hidden_channels,out_channels,norm,dropout,margin,lpl_weight,ratio,seed,aggregation,pos_weight,accuracy,f1,recall,precision
0.5,18,2,256,256,,0.06652759268723778,0.5,0.38153483746232353,0.24912734504536857,1,sum,1,0.9221520889690412,0.8207612456747405,0.8459343794579173,0.7970430107526881
0.5,18,2,256,256,,0.06652759268723778,0.5,0.38153483746232353,0.24912734504536857,2,sum,1,0.9281635106702735,0.8352860096485183,0.8644793152639088,0.808
0.5,18,2,256,256,,0.06652759268723778,0.5,0.38153483746232353,0.24912734504536857,3,sum,1,0.9251577998196574,0.8298017771701982,0.8659058487874465,0.7965879265091863
0.5,18,2,256,256,,0.06652759268723778,0.5,0.38153483746232353,0.24912734504536857,4,sum,1,0.9230538022242261,0.825136612021858,0.8616262482168331,0.7916120576671035
0.5,18,2,256,256,,0.06652759268723778,0.5,0.38153483746232353,0.24912734504536857,5,sum,1,0.9260595130748422,0.827972027972028,0.8445078459343794,0.8120713305898491
