K,layers,hidden_channels,out_channels,norm,lr,treatment,dropout,ratio,seed,aggregation,model_type,batch_size,rate_pairs,clusters,sampling,sampling_k,num_epochs,anomaly_detector,accuracy,f1,recall,precision,losses
2,1,64,256,,0.0046788227555849765,removal,0,0.12918617107459548,654,mean,GATConv,1024,1,300,neighbor,75,100,nearest_neighbors,0.9365795010519988,0.8449669360764144,0.8202567760342369,0.8712121212121212,"[2.1619520485401154, 1.922924667596817, 1.8950749635696411, 1.902805209159851, 1.8897477388381958, 1.8320339918136597, 1.8009702265262604, 1.76710906624794, 1.7251077890396118, 1.6846998631954193, 1.727298617362976, 1.635687530040741, 1.6751495599746704, 1.6434938311576843, 1.6437523365020752, 1.6233856678009033, 1.6413354277610779, 1.6177137792110443, 1.546981692314148, 1.4794050455093384, 1.493172287940979, 1.467804342508316, 1.4709129333496094, 1.4574743211269379, 1.5312401950359344, 1.4253334701061249, 1.4140750765800476, 1.3652195632457733, 1.3482585847377777, 1.3988642394542694, 1.3449334502220154, 1.3222705125808716, 1.3071141242980957, 1.2930976450443268, 1.257091760635376, 1.2065648436546326, 1.193611979484558, 1.223731130361557, 1.1445950269699097, 1.199983149766922, 1.1557837426662445, 1.1382251381874084, 1.1531513631343842, 1.110753357410431, 1.1207400560379028, 1.099043756723404, 1.0276378989219666, 1.0669194757938385, 1.0341433137655258, 1.054621696472168, 1.054654061794281, 1.0407819151878357, 0.9922520518302917, 0.9681397080421448, 0.982145369052887, 0.9762648940086365, 0.9584264010190964, 0.9194382876157761, 0.9428242295980453, 0.911050871014595, 0.9057823717594147, 0.9206174314022064, 0.8787534981966019, 0.8944734185934067, 0.8516716808080673, 0.8544469326734543, 0.8549087941646576, 0.8318099975585938, 0.812871977686882, 0.8131884932518005, 0.78932885825634, 0.775089681148529, 0.7789487093687057, 0.7964983731508255, 0.7688905298709869, 0.7582545876502991, 0.7474236786365509, 0.7222237437963486, 0.7257740795612335, 0.7030088156461716, 0.7263986468315125, 0.6894932836294174, 0.7007130682468414, 0.6854561418294907, 0.6814869493246078, 0.6622375547885895, 0.6662738919258118, 0.6684319823980331, 0.6539139151573181, 0.6422702223062515, 0.623686894774437, 0.6106323450803757, 0.6147976666688919, 0.6094551533460617, 0.5995689928531647, 0.6127310544252396, 0.578647792339325, 0.5965641438961029, 0.582347959280014, 0.5707479417324066]"
