alpha,K,layers,hidden_channels,out_channels,norm,dropout,margin,lpl_weight,ratio,seed,aggregation,pos_weight,accuracy,f1,recall,precision
0.5,15,1,256,256,,0.10106630391178954,0.5,0.6533096190313213,0.18178566963499507,1,sum,1,0.9197475202885482,0.8061002178649237,0.7917261055634808,0.8210059171597633
0.5,15,1,256,256,,0.10106630391178954,0.5,0.6533096190313213,0.18178566963499507,2,sum,1,0.933273219116321,0.8418803418803419,0.8430813124108416,0.8406827880512091
0.5,15,1,256,256,,0.10106630391178954,0.5,0.6533096190313213,0.18178566963499507,3,sum,1,0.9278629395852119,0.8230088495575221,0.7960057061340942,0.8519083969465648
0.5,15,1,256,256,,0.10106630391178954,0.5,0.6533096190313213,0.18178566963499507,4,sum,1,0.931770363691013,0.8370423546302943,0.8316690442225392,0.8424855491329479
0.5,15,1,256,256,,0.10106630391178954,0.5,0.6533096190313213,0.18178566963499507,5,sum,1,0.9257589419897806,0.8193123628383321,0.7988587731811697,0.8408408408408409
