alpha,K,layers,hidden_channels,out_channels,norm,dropout,margin,lpl_weight,ratio,seed,aggregation,pos_weight,accuracy,f1,recall,precision
0.5,16,1,256,256,,0.07024549852373929,0.5,0.8659993914977117,0.19137201981405397,1,sum,1,0.9218515178839796,0.8124098124098124,0.8031383737517832,0.8218978102189781
0.5,16,1,256,256,,0.07024549852373929,0.5,0.8659993914977117,0.19137201981405397,2,sum,1,0.9329726480312593,0.8441649196366178,0.8616262482168331,0.8273972602739726
0.5,16,1,256,256,,0.07024549852373929,0.5,0.8659993914977117,0.19137201981405397,3,sum,1,0.9311692215208897,0.8356066044508256,0.8302425106990015,0.8410404624277457
0.5,16,1,256,256,,0.07024549852373929,0.5,0.8659993914977117,0.19137201981405397,4,sum,1,0.9314697926059513,0.8389830508474576,0.8473609129814551,0.8307692307692308
0.5,16,1,256,256,,0.07024549852373929,0.5,0.8659993914977117,0.19137201981405397,5,sum,1,0.9311692215208897,0.8367783321454028,0.8373751783166904,0.8361823361823362
