K,layers,hidden_channels,out_channels,norm,lr,treatment,dropout,ratio,seed,aggregation,model_type,batch_size,rate_pairs,clusters,sampling,num_epochs,anomaly_detector,accuracy,f1,recall,precision,losses
9,1,128,128,,0.004762392278607278,removal,0,0.14135246704079574,654,mean,GCNConv,10,2,200,cluster,100,nearest_neighbors,0.933273219116321,0.840057636887608,0.8316690442225392,0.8486171761280932,"[20.918232440948486, 20.438622415065765, 21.12193739414215, 19.816594660282135, 19.09186053276062, 18.806781589984894, 17.82943093776703, 17.76030597090721, 17.217781901359558, 16.756053179502487, 15.485468208789825, 15.641040444374084, 14.80593091249466, 14.008596420288086, 13.48834803700447, 12.640316516160965, 12.951692521572113, 11.567885041236877, 11.078728020191193, 10.210411846637726, 9.797694951295853, 8.998329550027847, 8.872434079647064, 8.487737745046616, 7.737488389015198, 7.273493975400925, 6.907101973891258, 6.445824399590492, 6.348368480801582, 5.830016568303108, 5.427973359823227, 5.129826679825783, 4.91686624288559, 4.6267810463905334, 4.441380813717842, 4.146823413670063, 3.899892807006836, 3.8831826746463776, 3.724165692925453, 3.4376928955316544, 3.316633202135563, 3.1763846278190613, 3.01813592761755, 2.9326259419322014, 2.6762650907039642, 2.6387210860848427, 2.595126800239086, 2.4841437712311745, 2.400381200015545, 2.3000065460801125, 2.2276625260710716, 2.0802174136042595, 2.028556164354086, 2.0071541368961334, 1.9954523146152496, 1.8480141274631023, 1.8200707957148552, 1.7374093048274517, 1.6868059299886227, 1.64388819783926, 1.5683093443512917, 1.5817625746130943, 1.5248649753630161, 1.4146236963570118, 1.4146121628582478, 1.3549431003630161, 1.3475946113467216, 1.3430097661912441, 1.217948380857706, 1.2472426109015942, 1.2065884247422218, 1.1284511908888817, 1.1448451094329357, 1.1120448522269726, 1.0642838589847088, 1.0222693532705307, 0.9965845383703709, 1.0378786623477936, 0.9752366170287132, 0.9466688483953476, 0.8973132446408272, 0.9012562334537506, 0.8997979089617729, 0.866009458899498, 0.859367998316884, 0.8196982853114605, 0.8150430582463741, 0.7918376214802265, 0.7837730348110199, 0.753291193395853, 0.7436771895736456, 0.7196969445794821, 0.7029585130512714, 0.677474357187748, 0.6640941277146339, 0.6485342886298895, 0.6532132029533386, 0.6674807649105787, 0.6420833244919777, 0.6046325080096722]"
