K,layers,hidden_channels,out_channels,norm,lr,treatment,dropout,ratio,seed,aggregation,model_type,batch_size,rate_pairs,reliable_mini_batch,clusters,pos_weight,accuracy,f1,recall,precision,losses
3,2,128,64,,0.007350861725258198,removal,0,0.17590248828902577,654,sum,GINConv,10,4,True,400,0.5848810893414484,0.8911932672076947,0.7136075949367089,0.6433666191155493,0.8010657193605684,"[15.293144522234797, 14.209623724222183, 11.278661178424954, 9.741866048425436, 8.075641334056854, 6.746852662414312, 5.6435614340007305, 4.643863320350647, 4.093248128890991, 3.437987832352519, 2.85731397010386, 2.525378924794495, 2.3421676103025675, 2.1000485587865114, 1.8600223856046796, 1.7373832650482655, 1.5586343733593822, 1.4805192360654473, 1.3389020124450326, 1.2202528873458505, 1.1148165753111243, 1.0235081687569618, 0.9230603077448905, 0.8797609251923859, 0.859681036323309, 0.761199050815776, 0.7145088532124646, 0.6909180399379693, 0.6569764208979905, 0.59659930143971, 0.597378445789218, 0.5556865488179028, 0.5014883219264448, 0.4929017673712224, 0.46915120794437826, 0.4232533110771328, 0.41397253909963183, 0.3987368969246745, 0.3756965951761231, 0.369017715100199, 0.33944993652403355, 0.33290762081742287, 0.33229700452648103, 0.2986686376389116, 0.2936159884557128, 0.28038791893050075, 0.27971819299273193, 0.2593887955881655, 0.24841437661962118, 0.24014852580148727]"
