alpha,K,layers,hidden_channels,out_channels,norm,dropout,margin,lpl_weight,ratio,seed,aggregation,pos_weight,accuracy,f1,recall,precision
0.5,20,1,256,256,,0.15721120557991167,0.5,0.8830795734525823,0.1724350748895393,1,sum,1,0.9329726480312593,0.8378181818181818,0.8216833095577746,0.8545994065281899
0.5,20,1,256,256,,0.15721120557991167,0.5,0.8830795734525823,0.1724350748895393,2,sum,1,0.9230538022242261,0.8083832335329342,0.7703281027104137,0.8503937007874016
0.5,20,1,256,256,,0.15721120557991167,0.5,0.8830795734525823,0.1724350748895393,3,sum,1,0.9290652239254583,0.8269794721407625,0.8045649072753209,0.8506787330316742
0.5,20,1,256,256,,0.15721120557991167,0.5,0.8830795734525823,0.1724350748895393,4,sum,1,0.9263600841599038,0.8178438661710037,0.7845934379457917,0.8540372670807453
0.5,20,1,256,256,,0.15721120557991167,0.5,0.8830795734525823,0.1724350748895393,5,sum,1,0.935677787796814,0.8402985074626865,0.8031383737517832,0.8810641627543035
