alpha,K,layers,hidden_channels,out_channels,norm,dropout,margin,lpl_weight,ratio,seed,aggregation,pos_weight,accuracy,f1,recall,precision
0.5,18,2,256,256,,0.04838957743275645,0.5,0.3188822583428178,0.24142132543313088,1,sum,1,0.9227532311391644,0.8199018920812894,0.8345221112696148,0.8057851239669421
0.5,18,2,256,256,,0.04838957743275645,0.5,0.3188822583428178,0.24142132543313088,2,sum,1,0.9230538022242261,0.8248974008207934,0.8601997146932953,0.7923784494086727
0.5,18,2,256,256,,0.04838957743275645,0.5,0.3188822583428178,0.24142132543313088,3,sum,1,0.9266606552449654,0.8298465829846583,0.8487874465049928,0.8117326057298773
0.5,18,2,256,256,,0.04838957743275645,0.5,0.3188822583428178,0.24142132543313088,4,sum,1,0.916741809437932,0.8098833218943033,0.8416547788873039,0.7804232804232805
0.5,18,2,256,256,,0.04838957743275645,0.5,0.3188822583428178,0.24142132543313088,5,sum,1,0.9236549443943493,0.8236111111111111,0.8459343794579173,0.8024357239512855
