alpha,K,layers,hidden_channels,out_channels,norm,dropout,margin,lpl_weight,ratio,seed,aggregation,pos_weight,accuracy,f1,recall,precision
0.5,18,2,256,128,,0.07310366181056988,0.5,0.9697881645028218,0.24780740020336395,1,sum,1,0.9263600841599038,0.8223350253807107,0.8088445078459344,0.8362831858407079
0.5,18,2,256,128,,0.07310366181056988,0.5,0.9697881645028218,0.24780740020336395,2,sum,1,0.9134355275022543,0.7980364656381487,0.81169757489301,0.7848275862068965
0.5,18,2,256,128,,0.07310366181056988,0.5,0.9697881645028218,0.24780740020336395,3,sum,1,0.9197475202885482,0.8088761632068718,0.8059914407988588,0.8117816091954023
0.5,18,2,256,128,,0.07310366181056988,0.5,0.9697881645028218,0.24780740020336395,4,sum,1,0.9107303877366997,0.7909922589725545,0.8017118402282454,0.7805555555555556
0.5,18,2,256,128,,0.07310366181056988,0.5,0.9697881645028218,0.24780740020336395,5,sum,1,0.907424105801022,0.7852161785216178,0.8031383737517832,0.7680763983628922
