alpha,K,layers,hidden_channels,out_channels,norm,dropout,margin,lpl_weight,ratio,seed,aggregation,pos_weight,accuracy,f1,recall,precision
0.9271909264352205,18,1,128,256,graphnorm,0.05639331106685593,0.501346005046719,0.18916443987936837,0.13681996792963805,1,sum,1,0.9245566576495341,0.810566037735849,0.7660485021398002,0.8605769230769231
0.9271909264352205,18,1,128,256,graphnorm,0.05639331106685593,0.501346005046719,0.18916443987936837,0.13681996792963805,2,sum,1,0.9266606552449654,0.8148710166919575,0.7660485021398002,0.8703403565640194
0.9271909264352205,18,1,128,256,graphnorm,0.05639331106685593,0.501346005046719,0.18916443987936837,0.13681996792963805,3,sum,1,0.9302675082657048,0.8258258258258259,0.7845934379457917,0.8716323296354992
0.9271909264352205,18,1,128,256,graphnorm,0.05639331106685593,0.501346005046719,0.18916443987936837,0.13681996792963805,4,sum,1,0.9329726480312593,0.8309325246398787,0.7817403708987162,0.8867313915857605
0.9271909264352205,18,1,128,256,graphnorm,0.05639331106685593,0.501346005046719,0.18916443987936837,0.13681996792963805,5,sum,1,0.9218515178839796,0.8045112781954887,0.7631954350927247,0.8505564387917329
