alpha,K,layers,hidden_channels,out_channels,norm,dropout,margin,lpl_weight,ratio,seed,aggregation,pos_weight,accuracy,f1,recall,precision
0.5,23,2,256,256,,0.32511432489023623,0.5,0.381570544437138,0.18685343210376187,1,sum,1,0.9296663660955816,0.8395061728395061,0.8730385164051355,0.808454425363276
0.5,23,2,256,256,,0.32511432489023623,0.5,0.381570544437138,0.18685343210376187,2,sum,1,0.9320709347760745,0.8472972972972973,0.8944365192582026,0.8048780487804879
0.5,23,2,256,256,,0.32511432489023623,0.5,0.381570544437138,0.18685343210376187,3,sum,1,0.9290652239254583,0.8398914518317503,0.8830242510699001,0.8007761966364813
0.5,23,2,256,256,,0.32511432489023623,0.5,0.381570544437138,0.18685343210376187,4,sum,1,0.9314697926059513,0.8453188602442334,0.8887303851640513,0.8059508408796895
0.5,23,2,256,256,,0.32511432489023623,0.5,0.381570544437138,0.18685343210376187,5,sum,1,0.9209498046287947,0.8216949152542373,0.8644793152639088,0.7829457364341085
