K,layers,hidden_channels,out_channels,norm,lr,treatment,dropout,ratio,seed,aggregation,model_type,batch_size,rate_pairs,clusters,sampling,num_epochs,anomaly_detector,accuracy,f1,recall,precision,losses,test_accuracy,test_f1,test_recall,test_precision
15,3,128,256,,0.005,removal,0,0.2452151735871121,654,mean,GCNConv,2048,10,50,sage,50,nearest_neighbors,nan,0.0,0.0,0.0,"[3.6146572828292847, 3.512760043144226, 3.4539040327072144, 3.4878482818603516, 3.4805721044540405, 3.6252379417419434, 3.5613077878952026, 3.4555927515029907, 3.5740599632263184, 3.5153459310531616, 3.4016778469085693, 3.4804577827453613, 3.45683491230011, 3.4535692930221558, 3.4999513626098633, 3.4521273374557495, 3.271832227706909, 3.4170212745666504, 3.311493754386902, 3.478906035423279, 3.375628352165222, 3.3421226739883423, 3.3127665519714355, 3.2272069454193115, 3.259394407272339, 3.3167935609817505, 3.2489967346191406, 3.33444344997406, 3.287877678871155, 3.3963271379470825, 3.3055872917175293, 3.2381099462509155, 3.1792033910751343, 3.2775799036026, 3.2990362644195557, 3.311492681503296, 3.17946457862854, 3.3095667362213135, 3.220171809196472, 3.22019362449646, 3.092649817466736, 3.1512335538864136, 3.233965754508972, 3.2241530418395996, 3.1901447772979736, 3.1227915287017822, 3.1678638458251953, 3.2585381269454956, 3.1628459692001343, 3.300537943840027]",0.9170305676855895,0.6555090655509066,0.6695156695156695,0.6420765027322405
