alpha,K,layers,hidden_channels,out_channels,norm,dropout,margin,lpl_weight,ratio,seed,aggregation,pos_weight,accuracy,f1,recall,precision
0.5,16,1,256,256,,0.06056976423195423,0.5,0.8776868327800413,0.1935866651109664,1,sum,1,0.9221520889690412,0.8129963898916968,0.8031383737517832,0.8230994152046783
0.5,16,1,256,256,,0.06056976423195423,0.5,0.8776868327800413,0.1935866651109664,2,sum,1,0.9308686504358281,0.8371104815864022,0.8430813124108416,0.8312236286919831
0.5,16,1,256,256,,0.06056976423195423,0.5,0.8776868327800413,0.1935866651109664,3,sum,1,0.9290652239254583,0.830945558739255,0.8273894436519258,0.8345323741007195
0.5,16,1,256,256,,0.06056976423195423,0.5,0.8776868327800413,0.1935866651109664,4,sum,1,0.9308686504358281,0.835243553008596,0.8316690442225392,0.8388489208633093
0.5,16,1,256,256,,0.06056976423195423,0.5,0.8776868327800413,0.1935866651109664,5,sum,1,0.92936579501052,0.8288419519300801,0.81169757489301,0.8467261904761905
