K,layers,hidden_channels,out_channels,norm,lr,treatment,dropout,ratio,seed,aggregation,model_type,batch_size,rate_pairs,clusters,sampling,num_epochs,anomaly_detector,accuracy,f1,recall,precision,losses
2,2,64,64,,0.007502094704340782,removal,0,0.11763789955783899,654,mean,GATConv,512,2,100,shine,100,nearest_neighbors,0.9266606552449654,0.8162650602409639,0.7731811697574893,0.8644338118022329,"[3.8630062341690063, 3.7440593242645264, 3.410668820142746, 3.4225231409072876, 3.277251124382019, 3.206114411354065, 3.090712457895279, 2.8462322056293488, 2.797151267528534, 2.7750813961029053, 2.588850051164627, 2.6036038398742676, 2.465717077255249, 2.4094567000865936, 2.359464704990387, 2.1683383882045746, 2.1458345651626587, 2.052147150039673, 1.921897366642952, 1.890566110610962, 1.9075798690319061, 1.787559986114502, 1.7146248817443848, 1.6550519466400146, 1.6464422792196274, 1.5795855075120926, 1.4872229397296906, 1.4599953591823578, 1.3790663033723831, 1.3800024837255478, 1.3427932560443878, 1.255028486251831, 1.2614254504442215, 1.214172288775444, 1.1764031797647476, 1.1593407988548279, 1.0946983247995377, 1.0576076656579971, 1.0077636241912842, 1.0094787329435349, 0.9750233888626099, 0.9365146905183792, 0.9123944267630577, 0.8983733430504799, 0.8559824153780937, 0.8537924289703369, 0.8288335651159286, 0.8181848078966141, 0.7854625284671783, 0.7525008022785187, 0.7251511812210083, 0.7247909903526306, 0.7095406949520111, 0.7018420621752739, 0.6822820529341698, 0.6529882177710533, 0.6437659859657288, 0.6324871927499771, 0.6334901973605156, 0.6022104844450951, 0.6098024919629097, 0.58391472697258, 0.5693895295262337, 0.5593903511762619, 0.5340589433908463, 0.5380060225725174, 0.5257750004529953, 0.5008536577224731, 0.5029413998126984, 0.4917241185903549, 0.4832470417022705, 0.46488503739237785, 0.45988914370536804, 0.46175922080874443, 0.45397331938147545, 0.43487897887825966, 0.4303603209555149, 0.4248778112232685, 0.4244022034108639, 0.4073658958077431, 0.40737539902329445, 0.39773689955472946, 0.3862302266061306, 0.37897319719195366, 0.3742571696639061, 0.3680659793317318, 0.3639560006558895, 0.3582788407802582, 0.3483542390167713, 0.3439044840633869, 0.3297427371144295, 0.3307825066149235, 0.33720776811242104, 0.3230992332100868, 0.3162376247346401, 0.3083870895206928, 0.3081911578774452, 0.3034709803760052, 0.29886171966791153, 0.2918930873274803]"
