K,layers,hidden_channels,out_channels,norm,lr,treatment,dropout,ratio,seed,aggregation,model_type,batch_size,rate_pairs,reliable_mini_batch,clusters,accuracy,f1,recall,precision,losses
3,1,64,128,,0.005706960476520088,removal,0,0.15820756844188585,654,mean,GATConv,5,5,True,100,0.9311692215208897,0.8319882611885546,0.8088445078459344,0.8564954682779456,"[12.979753226041794, 11.879561364650726, 11.27906808257103, 10.566890567541122, 9.965571165084839, 9.623204529285431, 8.424322336912155, 7.879070609807968, 7.3445859253406525, 6.916851446032524, 6.660098552703857, 6.1343237310647964, 5.917790666222572, 4.864159941673279, 4.70742267370224, 4.677484229207039, 4.326311618089676, 4.080434694886208, 3.6411630511283875, 3.423969529569149, 3.1716443970799446, 2.824011619668454, 2.7905256897211075, 2.7173376977443695, 2.4420333430171013, 2.4253339543938637, 2.258071780204773, 2.2174008190631866, 2.038312315940857, 2.0518688410520554, 1.862246073782444, 1.8202021457254887, 1.8020314760506153, 1.6189894676208496, 1.5536760203540325, 1.5204970724880695, 1.4109689891338348, 1.4007966704666615, 1.3211506120860577, 1.251574708148837, 1.1725339102558792, 1.1958689969033003, 1.1374954469501972, 1.1086114384233952, 1.0512991845607758, 1.0364866964519024, 1.0355914793908596, 0.9559564664959908, 0.9282525312155485, 0.9199335016310215]"
