alpha,K,layers,hidden_channels,out_channels,norm,dropout,margin,lpl_weight,ratio,seed,aggregation,pos_weight,accuracy,f1,recall,precision
0.5,18,1,256,128,,0,0.5,0.9223121331168797,0.23868320907734192,1,mean,1,0.7859933874361287,0.5959137343927355,0.7489300998573466,0.4948162111215834
0.5,18,1,256,128,,0,0.5,0.9223121331168797,0.23868320907734192,2,mean,1,0.7992185151788398,0.6208853575482406,0.7803138373751783,0.5155513666352498
0.5,18,1,256,128,,0,0.5,0.9223121331168797,0.23868320907734192,3,mean,1,0.7847911030958822,0.5936435868331441,0.746077032810271,0.49293119698397736
0.5,18,1,256,128,,0,0.5,0.9223121331168797,0.23868320907734192,4,mean,1,0.7877968139464984,0.5993189557321226,0.7532097004279601,0.49764373232799247
0.5,18,1,256,128,,0,0.5,0.9223121331168797,0.23868320907734192,5,mean,1,0.7962128043282236,0.6152099886492622,0.7731811697574893,0.5108388312912346
