K,layers,hidden_channels,out_channels,norm,lr,treatment,dropout,ratio,seed,aggregation,model_type,batch_size,rate_pairs,clusters,sampling,num_epochs,anomaly_detector,accuracy,f1,recall,precision,losses
3,1,64,64,,0.002155299466254192,removal,0,0.14670605415578855,654,mean,GATConv,512,13,100,sage,100,nearest_neighbors,0.9305680793507665,0.8336933045356372,0.8259629101283881,0.8415697674418605,"[5.201785743236542, 5.036369681358337, 4.852437794208527, 4.794832646846771, 4.754540681838989, 4.818909049034119, 4.746920526027679, 4.664409399032593, 4.633621871471405, 4.608313143253326, 4.54917174577713, 4.561872243881226, 4.5616514682769775, 4.420130491256714, 4.421402275562286, 4.4039230942726135, 4.355360448360443, 4.271545946598053, 4.2677934765815735, 4.242240250110626, 4.1479135155677795, 4.20254522562027, 4.159742057323456, 4.028804361820221, 4.124938428401947, 3.9561423659324646, 3.9792138934135437, 3.846884787082672, 3.9066393971443176, 3.8127095699310303, 3.7748072147369385, 3.6864928007125854, 3.818018853664398, 3.746487021446228, 3.6981228590011597, 3.600143015384674, 3.556419759988785, 3.561860889196396, 3.555507242679596, 3.4961900115013123, 3.4950661063194275, 3.4329316318035126, 3.346560388803482, 3.327130049467087, 3.3567334413528442, 3.3226938247680664, 3.275120973587036, 3.246447443962097, 3.21488356590271, 3.1830144822597504, 3.1672820150852203, 3.1445744335651398, 3.095161586999893, 3.08896666765213, 3.0140728056430817, 2.9910150170326233, 2.9345968663692474, 2.9786660373210907, 2.9268565475940704, 2.8680534958839417, 2.8142751455307007, 2.818626821041107, 2.821994423866272, 2.733717381954193, 2.671266198158264, 2.7089868783950806, 2.631256937980652, 2.6188292801380157, 2.5905489027500153, 2.5702969431877136, 2.571429133415222, 2.56465283036232, 2.5369670689105988, 2.504959911108017, 2.488871783018112, 2.3945853114128113, 2.3968736827373505, 2.3934437930583954, 2.3083567917346954, 2.324848920106888, 2.325402855873108, 2.33046618103981, 2.2467823922634125, 2.278958261013031, 2.1901058554649353, 2.184483230113983, 2.1377987265586853, 2.12541002035141, 2.14235320687294, 2.112702399492264, 2.072056770324707, 2.11567223072052, 2.050197809934616, 2.028973400592804, 2.0124319791793823, 1.9932430386543274, 2.000867187976837, 1.9759224951267242, 1.9541363418102264, 1.9525048732757568]"
