alpha,K,layers,hidden_channels,out_channels,norm,dropout,margin,lpl_weight,ratio,seed,aggregation,pos_weight,accuracy,f1,recall,precision
0.7660287755188687,25,1,128,256,,0.30525619646123003,0.5069645310603768,0.7262106767913749,0.0391616834937587,1,sum,1,0.9161406672678089,0.7596899224806202,0.6291012838801712,0.9586956521739131
0.7660287755188687,25,1,128,256,,0.30525619646123003,0.5069645310603768,0.7262106767913749,0.0391616834937587,2,sum,1,0.9194469492034866,0.7673611111111112,0.630527817403709,0.9800443458980045
0.7660287755188687,25,1,128,256,,0.30525619646123003,0.5069645310603768,0.7262106767913749,0.0391616834937587,3,sum,1,0.9188458070333634,0.7672413793103449,0.6348074179743224,0.9694989106753813
0.7660287755188687,25,1,128,256,,0.30525619646123003,0.5069645310603768,0.7262106767913749,0.0391616834937587,4,sum,1,0.916741809437932,0.7597571552471812,0.6248216833095578,0.9690265486725663
0.7660287755188687,25,1,128,256,,0.30525619646123003,0.5069645310603768,0.7262106767913749,0.0391616834937587,5,sum,1,0.9194469492034866,0.7689655172413793,0.6362339514978602,0.971677559912854
