alpha,K,layers,hidden_channels,out_channels,norm,dropout,margin,lpl_weight,ratio,seed,aggregation,pos_weight,accuracy,f1,recall,precision
0.5791742967908307,18,1,256,128,layernorm,0.3978752206003898,0.20122025663134652,0.6806881397483043,0.23570070197066373,1,mean,1,0.9164412383528705,0.7982583454281568,0.7845934379457917,0.8124076809453471
0.5791742967908307,18,1,256,128,layernorm,0.3978752206003898,0.20122025663134652,0.6806881397483043,0.23570070197066373,2,mean,1,0.9287646528403968,0.8308351177730193,0.8302425106990015,0.8314285714285714
0.5791742967908307,18,1,256,128,layernorm,0.3978752206003898,0.20122025663134652,0.6806881397483043,0.23570070197066373,3,mean,1,0.92936579501052,0.8298334540188269,0.8174037089871612,0.8426470588235294
0.5791742967908307,18,1,256,128,layernorm,0.3978752206003898,0.20122025663134652,0.6806881397483043,0.23570070197066373,4,mean,1,0.9212503757138564,0.808199121522694,0.7874465049928673,0.8300751879699249
0.5791742967908307,18,1,256,128,layernorm,0.3978752206003898,0.20122025663134652,0.6806881397483043,0.23570070197066373,5,mean,1,0.9173429516080553,0.8086290883785665,0.8288159771754636,0.7894021739130435
