alpha,K,layers,hidden_channels,out_channels,norm,dropout,margin,lpl_weight,ratio,seed,aggregation,pos_weight,accuracy,f1,recall,precision
0.5,22,1,256,256,,0,0.5,0.8179523471133769,0.2130378488278356,1,mean,1,0.9260595130748422,0.8265162200282088,0.8359486447931527,0.8172942817294282
0.5,22,1,256,256,,0,0.5,0.8179523471133769,0.2130378488278356,2,mean,1,0.9212503757138564,0.8125894134477826,0.8102710413694721,0.8149210903873745
0.5,22,1,256,256,,0,0.5,0.8179523471133769,0.2130378488278356,3,mean,1,0.92936579501052,0.8310567936736161,0.8245363766048502,0.8376811594202899
0.5,22,1,256,256,,0,0.5,0.8179523471133769,0.2130378488278356,4,mean,1,0.9248572287345957,0.8206599713055954,0.8159771754636234,0.8253968253968254
0.5,22,1,256,256,,0,0.5,0.8179523471133769,0.2130378488278356,5,mean,1,0.9287646528403968,0.8320340184266478,0.8373751783166904,0.8267605633802817
