alpha,K,layers,hidden_channels,out_channels,norm,dropout,margin,lpl_weight,ratio,seed,aggregation,pos_weight,accuracy,f1,recall,precision
0.9946518430541256,18,1,256,128,,0.335900709132333,0.5081029992240252,0.29178555005852075,0.1225759375802636,1,sum,1,0.9353772167117523,0.8413284132841329,0.8131241084165478,0.8715596330275229
0.9946518430541256,18,1,256,128,,0.335900709132333,0.5081029992240252,0.29178555005852075,0.1225759375802636,2,sum,1,0.941088067327923,0.8541666666666666,0.818830242510699,0.8926905132192846
0.9946518430541256,18,1,256,128,,0.335900709132333,0.5081029992240252,0.29178555005852075,0.1225759375802636,3,sum,1,0.9398857829876766,0.8529411764705882,0.8273894436519258,0.8801213960546282
0.9946518430541256,18,1,256,128,,0.335900709132333,0.5081029992240252,0.29178555005852075,0.1225759375802636,4,sum,1,0.9452960625187857,0.8629518072289156,0.8174037089871612,0.9138755980861244
0.9946518430541256,18,1,256,128,,0.335900709132333,0.5081029992240252,0.29178555005852075,0.1225759375802636,5,sum,1,0.9386834986474302,0.8484398216939079,0.8145506419400856,0.8852713178294573
