alpha,K,layers,hidden_channels,out_channels,norm,dropout,margin,lpl_weight,ratio,seed,aggregation,pos_weight,accuracy,f1,recall,precision
0.5,25,1,256,128,,0,0.5,0.9730515434169806,0.1904265460184783,1,sum,1,0.8587315900210399,0.7095179233621756,0.818830242510699,0.6259541984732825
0.5,25,1,256,128,,0,0.5,0.9730515434169806,0.1904265460184783,2,sum,1,0.8785692816351067,0.7503090234857849,0.8659058487874465,0.6619411123227917
0.5,25,1,256,128,,0,0.5,0.9730515434169806,0.1904265460184783,3,sum,1,0.8635407273820258,0.7194066749072929,0.8302425106990015,0.6346782988004362
0.5,25,1,256,128,,0,0.5,0.9730515434169806,0.1904265460184783,4,sum,1,0.8779681394649834,0.7490729295426453,0.8644793152639088,0.6608505997818975
0.5,25,1,256,128,,0,0.5,0.9730515434169806,0.1904265460184783,5,sum,1,0.8623384430417794,0.7169344870210136,0.8273894436519258,0.6324972737186477
