alpha,K,layers,hidden_channels,out_channels,norm,dropout,margin,lpl_weight,ratio,seed,aggregation,pos_weight,accuracy,f1,recall,precision
0.5,15,1,256,256,,0.07174326455755589,0.5,0.6647306241026987,0.23407087554716294,1,mean,1,0.9278629395852119,0.8331015299026425,0.854493580599144,0.8127544097693351
0.5,15,1,256,256,,0.07174326455755589,0.5,0.6647306241026987,0.23407087554716294,2,mean,1,0.9296663660955816,0.8316546762589928,0.8245363766048502,0.8388969521044993
0.5,15,1,256,256,,0.07174326455755589,0.5,0.6647306241026987,0.23407087554716294,3,mean,1,0.9248572287345957,0.8198847262247838,0.81169757489301,0.8282387190684134
0.5,15,1,256,256,,0.07174326455755589,0.5,0.6647306241026987,0.23407087554716294,4,mean,1,0.9182446648632402,0.8095238095238095,0.8245363766048502,0.7950481430536451
0.5,15,1,256,256,,0.07174326455755589,0.5,0.6647306241026987,0.23407087554716294,5,mean,1,0.9173429516080553,0.8109965635738832,0.8416547788873039,0.7824933687002652
