alpha,K,layers,hidden_channels,out_channels,norm,dropout,margin,lpl_weight,ratio,seed,aggregation,pos_weight,accuracy,f1,recall,precision
0.5,18,1,256,256,,0,0.5,0.9316361767490557,0.2157194154099413,1,mean,1,0.9239555154794109,0.8222066057624736,0.8345221112696148,0.8102493074792244
0.5,18,1,256,256,,0,0.5,0.9316361767490557,0.2157194154099413,2,mean,1,0.9278629395852119,0.8312236286919831,0.8430813124108416,0.8196948682385575
0.5,18,1,256,256,,0,0.5,0.9316361767490557,0.2157194154099413,3,mean,1,0.9245566576495341,0.8218594748048261,0.8259629101283881,0.8177966101694916
0.5,18,1,256,256,,0,0.5,0.9316361767490557,0.2157194154099413,4,mean,1,0.9254583709047189,0.8236130867709816,0.8259629101283881,0.8212765957446808
0.5,18,1,256,256,,0,0.5,0.9316361767490557,0.2157194154099413,5,mean,1,0.9251577998196574,0.8255080588647512,0.8402282453637661,0.8112947658402204
