alpha,K,layers,hidden_channels,out_channels,norm,dropout,margin,lpl_weight,ratio,seed,aggregation,pos_weight,accuracy,f1,recall,precision
0.5,21,1,256,256,,0.26712681381710507,0.5,0.9087342364403783,0.22642505871901944,1,sum,1,0.9248572287345957,0.8226950354609929,0.8273894436519258,0.8180535966149506
0.5,21,1,256,256,,0.26712681381710507,0.5,0.9087342364403783,0.22642505871901944,2,sum,1,0.9206492335437331,0.8067349926793558,0.7860199714693296,0.8285714285714286
0.5,21,1,256,256,,0.26712681381710507,0.5,0.9087342364403783,0.22642505871901944,3,sum,1,0.9284640817553351,0.829512893982808,0.8259629101283881,0.8330935251798561
0.5,21,1,256,256,,0.26712681381710507,0.5,0.9087342364403783,0.22642505871901944,4,sum,1,0.9287646528403968,0.8320340184266478,0.8373751783166904,0.8267605633802817
0.5,21,1,256,256,,0.26712681381710507,0.5,0.9087342364403783,0.22642505871901944,5,sum,1,0.9302675082657048,0.8354609929078014,0.8402282453637661,0.8307475317348378
