alpha,K,layers,hidden_channels,out_channels,norm,dropout,margin,lpl_weight,ratio,seed,aggregation,pos_weight,accuracy,f1,recall,precision
0.5,17,2,256,128,,0.21949211569190696,0.5,0.7939655565888771,0.14843339945265657,1,sum,1,0.9347760745416291,0.8459900638750887,0.8502139800285307,0.8418079096045198
0.5,17,2,256,128,,0.21949211569190696,0.5,0.7939655565888771,0.14843339945265657,2,sum,1,0.9314697926059513,0.8385269121813032,0.8445078459343794,0.8326300984528833
0.5,17,2,256,128,,0.21949211569190696,0.5,0.7939655565888771,0.14843339945265657,3,sum,1,0.9407874962428614,0.8591851322373124,0.8573466476462197,0.8610315186246418
0.5,17,2,256,128,,0.21949211569190696,0.5,0.7939655565888771,0.14843339945265657,4,sum,1,0.9398857829876766,0.8567335243553008,0.8530670470756063,0.860431654676259
0.5,17,2,256,128,,0.21949211569190696,0.5,0.7939655565888771,0.14843339945265657,5,sum,1,0.9362789299669372,0.8492176386913229,0.8516405135520685,0.8468085106382979
