alpha,K,layers,hidden_channels,out_channels,norm,dropout,margin,lpl_weight,ratio,seed,aggregation,pos_weight,accuracy,f1,recall,precision
0.5,18,1,256,256,,0.19121163608674052,0.5,0.9476752900505322,0.16048973661664195,1,sum,1,0.9329726480312593,0.8363903154805576,0.8131241084165478,0.8610271903323263
0.5,18,1,256,256,,0.19121163608674052,0.5,0.9476752900505322,0.16048973661664195,2,sum,1,0.9281635106702735,0.8223048327137547,0.7888730385164051,0.8586956521739131
0.5,18,1,256,256,,0.19121163608674052,0.5,0.9476752900505322,0.16048973661664195,3,sum,1,0.9233543733092876,0.8120854826823877,0.7860199714693296,0.8399390243902439
0.5,18,1,256,256,,0.19121163608674052,0.5,0.9476752900505322,0.16048973661664195,4,sum,1,0.9260595130748422,0.8199121522693997,0.7988587731811697,0.8421052631578947
0.5,18,1,256,256,,0.19121163608674052,0.5,0.9476752900505322,0.16048973661664195,5,sum,1,0.933273219116321,0.8333333333333334,0.7917261055634808,0.8795562599049128
