alpha,K,layers,hidden_channels,out_channels,norm,dropout,margin,lpl_weight,ratio,seed,aggregation,pos_weight,accuracy,f1,recall,precision
0.9088960482267313,18,1,128,256,graphnorm,0.055539029603349575,0.5279372777906879,0.2582683383712113,0.1250676305980473,1,sum,1,0.9353772167117523,0.8429510591672754,0.8231098430813124,0.8637724550898204
0.9088960482267313,18,1,128,256,graphnorm,0.055539029603349575,0.5279372777906879,0.2582683383712113,0.1250676305980473,2,sum,1,0.9380823564773069,0.8480825958702065,0.8202567760342369,0.8778625954198473
0.9088960482267313,18,1,128,256,graphnorm,0.055539029603349575,0.5279372777906879,0.2582683383712113,0.1250676305980473,3,sum,1,0.9386834986474302,0.8475336322869955,0.8088445078459344,0.8901098901098901
0.9088960482267313,18,1,128,256,graphnorm,0.055539029603349575,0.5279372777906879,0.2582683383712113,0.1250676305980473,4,sum,1,0.9350766456266907,0.8395245170876672,0.8059914407988588,0.875968992248062
0.9088960482267313,18,1,128,256,graphnorm,0.055539029603349575,0.5279372777906879,0.2582683383712113,0.1250676305980473,5,sum,1,0.9302675082657048,0.8284023668639053,0.7988587731811697,0.8602150537634409
