K,layers,hidden_channels,out_channels,norm,lr,treatment,dropout,ratio,seed,aggregation,model_type,batch_size,rate_pairs,clusters,sampling,num_epochs,anomaly_detector,accuracy,f1,recall,precision,losses,test_accuracy,test_f1,test_recall,test_precision
9,2,128,64,,0.005,removal,0,0.20042435056747726,654,mean,GATConv,2048,10,50,sage,100,nearest_neighbors,nan,0.0,0.0,0.0,"[2.1270244121551514, 2.086309790611267, 2.0435529947280884, 2.0319206714630127, 2.03038489818573, 2.041440963745117, 2.022756814956665, 2.034727096557617, 2.0717409253120422, 2.1120553016662598, 1.9940733909606934, 2.048797309398651, 2.05814266204834, 2.080578565597534, 2.1530349254608154, 2.018197178840637, 2.045385003089905, 1.9758148193359375, 1.9583815932273865, 1.9704802632331848, 1.9472889304161072, 1.9695103168487549, 1.995767593383789, 1.9817118048667908, 2.00333708524704, 1.9288955330848694, 1.9236735701560974, 1.9002151489257812, 1.9501078128814697, 1.9622907638549805, 1.9637746214866638, 1.9348319172859192, 1.9209619760513306, 1.8834513425827026, 1.8896009922027588, 1.9273567199707031, 1.8785938024520874, 1.8637807369232178, 1.8894014358520508, 1.8517223596572876, 1.8883556127548218, 1.8479987978935242, 1.891525149345398, 1.8223963975906372, 1.807118833065033, 1.8664815425872803, 1.8202974796295166, 1.849515676498413, 1.8204415440559387, 1.8138384222984314, 1.7766956090927124, 1.7843183875083923, 1.796162486076355, 1.776593267917633, 1.7822535037994385, 1.8178342580795288, 1.772465705871582, 1.7602519989013672, 1.7165511846542358, 1.767763614654541, 1.738357126712799, 1.7415243983268738, 1.7388888001441956, 1.7252171635627747, 1.7367593050003052, 1.7113286256790161, 1.7053750157356262, 1.68647038936615, 1.7160433530807495, 1.666524350643158, 1.6236933469772339, 1.680548369884491, 1.641980767250061, 1.6461409330368042, 1.6446372270584106, 1.6211673617362976, 1.6208114624023438, 1.6141467094421387, 1.6315343976020813, 1.629335641860962, 1.5996355414390564, 1.5952102541923523, 1.5734293460845947, 1.572377622127533, 1.6028425693511963, 1.5841140151023865, 1.5961914658546448, 1.5611017942428589, 1.5518116354942322, 1.557603657245636, 1.5076848268508911, 1.5112455487251282, 1.5370026230812073, 1.5172785520553589, 1.5257285237312317, 1.5087535381317139, 1.4811877608299255, 1.4865376949310303, 1.4759082198143005, 1.49819016456604]",0.92072556264696,0.6066666666666667,0.5185185185185185,0.7309236947791165
