K,layers,hidden_channels,out_channels,norm,lr,treatment,dropout,ratio,seed,aggregation,model_type,batch_size,rate_pairs,clusters,sampling,num_epochs,anomaly_detector,accuracy,f1,recall,precision,losses,test_accuracy,test_f1,test_recall,test_precision
5,1,256,256,,0.005,removal,0,0.14296905664124812,654,mean,GATConv,1024,10,50,sage,100,nearest_neighbors,nan,0.0,0.0,0.0,"[4.356331706047058, 3.572494685649872, 3.5355124473571777, 3.4496939182281494, 3.4945141673088074, 3.448880970478058, 3.401396155357361, 3.343530058860779, 3.4318103790283203, 3.374510705471039, 3.4035608172416687, 3.3348732590675354, 3.1540327668190002, 3.2460225224494934, 3.190255582332611, 3.134709358215332, 3.120594084262848, 3.078089654445648, 3.0685999989509583, 3.069897949695587, 3.040278673171997, 2.948503792285919, 2.925141751766205, 2.809089243412018, 2.8622406721115112, 2.830211341381073, 2.8242950439453125, 2.911548435688019, 2.8723339438438416, 2.8057005405426025, 2.75890052318573, 2.7915411591529846, 2.8007495403289795, 2.5916402339935303, 2.7040658593177795, 2.601892054080963, 2.628423273563385, 2.517869770526886, 2.502664029598236, 2.467413902282715, 2.393081843852997, 2.3811326026916504, 2.3287824392318726, 2.2852107882499695, 2.2477193474769592, 2.2696845531463623, 2.295000731945038, 2.2218093276023865, 2.2121203541755676, 2.125644028186798, 2.129022538661957, 2.13315486907959, 2.140079140663147, 2.064360737800598, 2.111019104719162, 2.027464210987091, 1.9709716439247131, 1.9675933718681335, 1.9531582593917847, 1.8366421461105347, 1.8533437252044678, 1.8549174964427948, 1.8301758766174316, 1.8129836916923523, 1.795242816209793, 1.7501275539398193, 1.6798548698425293, 1.7163317501544952, 1.6661491096019745, 1.6362138986587524, 1.6707292795181274, 1.5894964337348938, 1.5554655492305756, 1.571676641702652, 1.5951372981071472, 1.564782440662384, 1.5474351942539215, 1.5341156423091888, 1.4946551322937012, 1.4464503228664398, 1.4375836551189423, 1.4020514786243439, 1.370339721441269, 1.3523346781730652, 1.3836291134357452, 1.3233128190040588, 1.3367062211036682, 1.2725862264633179, 1.3079943358898163, 1.3298384249210358, 1.2717280089855194, 1.203100472688675, 1.2077375650405884, 1.2046312391757965, 1.2103091478347778, 1.1633632481098175, 1.1268219947814941, 1.1676552593708038, 1.142848551273346, 1.0855869352817535]",0.9328182734296271,0.6710526315789473,0.5811965811965812,0.7937743190661478
