K,layers,hidden_channels,out_channels,norm,lr,treatment,dropout,ratio,seed,aggregation,model_type,batch_size,rate_pairs,clusters,sampling,num_epochs,anomaly_detector,accuracy,f1,recall,precision,losses,test_accuracy,test_f1,test_recall,test_precision
4,2,128,128,,0.005,removal,0,0.12284701083156631,654,mean,GATConv,1024,10,50,sage,100,nearest_neighbors,nan,0.0,0.0,0.0,"[3.201307713985443, 3.25991153717041, 3.1561914682388306, 3.1489744186401367, 3.1422311067581177, 3.05914306640625, 3.112604796886444, 3.021228015422821, 3.0096609592437744, 3.064319431781769, 2.8608416318893433, 2.8664464950561523, 2.872253715991974, 2.8751251101493835, 2.9417524933815002, 2.77897310256958, 2.73243510723114, 2.739885687828064, 2.661119520664215, 2.7230274081230164, 2.5826146006584167, 2.6305609345436096, 2.627755105495453, 2.6355714201927185, 2.4837613105773926, 2.60578989982605, 2.5447537302970886, 2.4802860021591187, 2.438414990901947, 2.3735432624816895, 2.430357575416565, 2.3685625195503235, 2.2946245074272156, 2.2909151315689087, 2.334812104701996, 2.276328921318054, 2.171544849872589, 2.2119142413139343, 2.1960931420326233, 2.1289464831352234, 2.027654618024826, 2.030130922794342, 2.105448544025421, 2.0268023014068604, 2.018601953983307, 2.003821551799774, 1.9942017793655396, 1.9466392993927002, 1.9467916786670685, 1.9111335277557373, 1.8532597124576569, 1.769558161497116, 1.797370731830597, 1.7364260852336884, 1.7213881313800812, 1.7226363718509674, 1.697693556547165, 1.7144775092601776, 1.6607687175273895, 1.564186930656433, 1.5734339356422424, 1.6209941506385803, 1.5468063354492188, 1.5287970900535583, 1.5793234705924988, 1.5188301503658295, 1.5003961324691772, 1.4755891561508179, 1.4405374825000763, 1.4215415716171265, 1.4432712495326996, 1.3853194415569305, 1.368314951658249, 1.3269057869911194, 1.286424458026886, 1.3154383301734924, 1.2708142399787903, 1.2609254121780396, 1.2335260212421417, 1.2626475393772125, 1.232514500617981, 1.269572138786316, 1.1689450144767761, 1.1619413495063782, 1.1567248404026031, 1.1702543497085571, 1.1285006403923035, 1.1271255612373352, 1.1177339255809784, 1.0819580256938934, 1.07870152592659, 1.0790934264659882, 1.0713035464286804, 1.0539589822292328, 1.0424191057682037, 1.0019532889127731, 1.0034516155719757, 1.0024983137845993, 0.97812220454216, 0.9564195275306702]",0.9146792072556265,0.5464285714285714,0.4358974358974359,0.7320574162679426
