alpha,K,layers,hidden_channels,out_channels,norm,dropout,margin,lpl_weight,ratio,seed,aggregation,pos_weight,accuracy,f1,recall,precision
0.6422080946754597,23,1,256,256,,0.03767513722871367,0.0874452502315855,0.33538318940580647,0.10639285206801981,1,sum,1,0.9197475202885482,0.7862289831865492,0.7004279600570613,0.8959854014598541
0.6422080946754597,23,1,256,256,,0.03767513722871367,0.0874452502315855,0.33538318940580647,0.10639285206801981,2,sum,1,0.9230538022242261,0.7935483870967742,0.7018544935805991,0.9128014842300557
0.6422080946754597,23,1,256,256,,0.03767513722871367,0.0874452502315855,0.33538318940580647,0.10639285206801981,3,sum,1,0.9239555154794109,0.8009441384736428,0.7261055634807418,0.8929824561403509
0.6422080946754597,23,1,256,256,,0.03767513722871367,0.0874452502315855,0.33538318940580647,0.10639285206801981,4,sum,1,0.9239555154794109,0.8009441384736428,0.7261055634807418,0.8929824561403509
0.6422080946754597,23,1,256,256,,0.03767513722871367,0.0874452502315855,0.33538318940580647,0.10639285206801981,5,sum,1,0.9263600841599038,0.8028962188254224,0.7118402282453637,0.9206642066420664
