alpha,K,layers,hidden_channels,out_channels,norm,dropout,margin,lpl_weight,ratio,seed,aggregation,pos_weight,accuracy,f1,recall,precision
0.7647178852456885,16,1,256,128,,0.37750834107512293,0.5136774787952973,0.8226782630331838,0.053554165708807694,1,sum,1,0.9284640817553351,0.802653399668325,0.6904422253922967,0.9584158415841584
0.7647178852456885,16,1,256,128,,0.37750834107512293,0.5136774787952973,0.8226782630331838,0.053554165708807694,2,sum,1,0.92936579501052,0.8043297252289758,0.6890156918687589,0.966
0.7647178852456885,16,1,256,128,,0.37750834107512293,0.5136774787952973,0.8226782630331838,0.053554165708807694,3,sum,1,0.9287646528403968,0.8029925187032418,0.6890156918687589,0.9621513944223108
0.7647178852456885,16,1,256,128,,0.37750834107512293,0.5136774787952973,0.8226782630331838,0.053554165708807694,4,sum,1,0.9287646528403968,0.8023352793994996,0.6861626248216833,0.9658634538152611
0.7647178852456885,16,1,256,128,,0.37750834107512293,0.5136774787952973,0.8226782630331838,0.053554165708807694,5,sum,1,0.9296663660955816,0.8059701492537313,0.6932952924393724,0.9623762376237623
