alpha,K,layers,hidden_channels,out_channels,norm,dropout,margin,lpl_weight,ratio,seed,aggregation,pos_weight,accuracy,f1,recall,precision
0.5067279356362676,16,2,256,128,layernorm,0.2200831409516399,0.4897265627267721,0.574657957263158,0.1363495181190189,1,sum,1,0.933273219116321,0.8335832083958021,0.7931526390870185,0.8783570300157978
0.5067279356362676,16,2,256,128,layernorm,0.2200831409516399,0.4897265627267721,0.574657957263158,0.1363495181190189,2,sum,1,0.9299669371806433,0.8238851095993953,0.7774607703281027,0.8762057877813505
0.5067279356362676,16,2,256,128,layernorm,0.2200831409516399,0.4897265627267721,0.574657957263158,0.1363495181190189,3,sum,1,0.9380823564773069,0.8476331360946746,0.8174037089871612,0.880184331797235
0.5067279356362676,16,2,256,128,layernorm,0.2200831409516399,0.4897265627267721,0.574657957263158,0.1363495181190189,4,sum,1,0.9281635106702735,0.8217747949291574,0.7860199714693296,0.8609375
0.5067279356362676,16,2,256,128,layernorm,0.2200831409516399,0.4897265627267721,0.574657957263158,0.1363495181190189,5,sum,1,0.9284640817553351,0.8239644970414202,0.7945791726105563,0.8556067588325653
