alpha,K,layers,hidden_channels,out_channels,norm,dropout,margin,lpl_weight,ratio,seed,aggregation,pos_weight,accuracy,f1,recall,precision
0.5,18,1,128,256,,0,0.5,0.5,0.15040200652282532,1,sum,1,0.8674481514878268,0.7058038692461641,0.7546362339514978,0.6629072681704261
0.5,18,1,128,256,,0,0.5,0.5,0.15040200652282532,2,sum,1,0.8770664262097986,0.7271514342895263,0.7774607703281027,0.6829573934837093
0.5,18,1,128,256,,0,0.5,0.5,0.15040200652282532,3,sum,1,0.870453862338443,0.7124749833222148,0.7617689015691869,0.6691729323308271
0.5,18,1,128,256,,0,0.5,0.5,0.15040200652282532,4,sum,1,0.8782687105500451,0.7298198799199467,0.7803138373751783,0.6854636591478697
0.5,18,1,128,256,,0,0.5,0.5,0.15040200652282532,5,sum,1,0.8668470093177036,0.704469646430954,0.7532097004279601,0.6616541353383458
