alpha,K,layers,hidden_channels,out_channels,norm,dropout,margin,lpl_weight,ratio,seed,aggregation,pos_weight,accuracy,f1,recall,precision
0.46053430517340543,20,3,256,128,,0.4234230971457493,0.4557464325532854,0.6156366979266467,0.40402641432124986,1,mean,0.709201695417491,0.8590321611061016,0.7219917012448133,0.8687589158345221,0.6176470588235294
0.46053430517340543,20,3,256,128,,0.4234230971457493,0.4557464325532854,0.6156366979266467,0.40402641432124986,2,mean,0.709201695417491,0.8776675683799219,0.7438640654499685,0.8430813124108416,0.6655405405405406
0.46053430517340543,20,3,256,128,,0.4234230971457493,0.4557464325532854,0.6156366979266467,0.40402641432124986,3,mean,0.709201695417491,0.870453862338443,0.7331269349845201,0.8445078459343794,0.6477024070021882
0.46053430517340543,20,3,256,128,,0.4234230971457493,0.4557464325532854,0.6156366979266467,0.40402641432124986,4,mean,0.709201695417491,0.8533213104899309,0.7152858809801633,0.8744650499286734,0.6051332675222113
0.46053430517340543,20,3,256,128,,0.4234230971457493,0.4557464325532854,0.6156366979266467,0.40402641432124986,5,mean,0.709201695417491,0.8557258791704238,0.7186400937866354,0.8744650499286734,0.609950248756219
