K,layers,hidden_channels,out_channels,norm,lr,treatment,dropout,ratio,seed,aggregation,model_type,batch_size,rate_pairs,clusters,sampling,num_epochs,anomaly_detector,accuracy,f1,recall,precision,losses,test_accuracy,test_f1,test_recall,test_precision
4,2,256,256,,0.005,removal,0,0.12933288836412712,654,mean,GATConv,2048,10,50,sage,50,nearest_neighbors,nan,0.0,0.0,0.0,"[6.8689470291137695, 6.5422093868255615, 6.5249693393707275, 6.509105920791626, 6.436870098114014, 6.567845821380615, 6.4210569858551025, 6.483025789260864, 6.452420473098755, 6.347889184951782, 6.219955205917358, 6.430258512496948, 6.320327997207642, 6.270018577575684, 6.168701648712158, 6.2232561111450195, 6.1684839725494385, 6.149209976196289, 6.099826335906982, 6.2749834060668945, 6.050127744674683, 6.07824969291687, 6.044295787811279, 6.116818189620972, 5.913300514221191, 6.0021584033966064, 5.917489767074585, 5.987126111984253, 6.032315731048584, 5.846508026123047, 5.883799076080322, 5.851521253585815, 5.753873586654663, 5.719313621520996, 5.6053643226623535, 5.761031866073608, 5.686130523681641, 5.825582265853882, 5.598696708679199, 5.583799362182617, 5.5561299324035645, 5.5598437786102295, 5.472343683242798, 5.343466758728027, 5.516285181045532, 5.3504884243011475, 5.441498756408691, 5.30580997467041, 5.259438991546631, 5.254564523696899]",0.9348337252267384,0.7069486404833837,0.6666666666666666,0.752411575562701
