alpha,K,layers,hidden_channels,out_channels,norm,dropout,margin,lpl_weight,ratio,seed,aggregation,pos_weight,accuracy,f1,recall,precision
0.8417542515308765,18,1,256,128,layernorm,0.0011640341089025385,0.12845643760192874,0.5527038372390064,0.1459533525079899,1,mean,1,0.9179440937781785,0.7800161160354553,0.6904422253922967,0.8962962962962963
0.8417542515308765,18,1,256,128,layernorm,0.0011640341089025385,0.12845643760192874,0.5527038372390064,0.1459533525079899,2,mean,1,0.9245566576495341,0.7993605115907274,0.7132667617689016,0.9090909090909091
0.8417542515308765,18,1,256,128,layernorm,0.0011640341089025385,0.12845643760192874,0.5527038372390064,0.1459533525079899,3,mean,1,0.9188458070333634,0.7815533980582524,0.6890156918687589,0.902803738317757
0.8417542515308765,18,1,256,128,layernorm,0.0011640341089025385,0.12845643760192874,0.5527038372390064,0.1459533525079899,4,mean,1,0.9131349564171927,0.7659919028340081,0.6747503566333809,0.8857677902621723
0.8417542515308765,18,1,256,128,layernorm,0.0011640341089025385,0.12845643760192874,0.5527038372390064,0.1459533525079899,5,mean,1,0.9155395250976857,0.7760956175298804,0.6947218259629101,0.8790613718411552
