alpha,K,layers,hidden_channels,out_channels,norm,dropout,margin,lpl_weight,ratio,seed,aggregation,pos_weight,accuracy,f1,recall,precision
0.938434151941312,18,1,256,128,,0.3335240011516538,0.5126176214460254,0.28312557566387636,0.13494237745855717,1,sum,1,0.9383829275623685,0.8506919155134741,0.833095577746077,0.8690476190476191
0.938434151941312,18,1,256,128,,0.3335240011516538,0.5126176214460254,0.28312557566387636,0.13494237745855717,2,sum,1,0.9392846408175534,0.8534107402031931,0.8388017118402282,0.8685376661742984
0.938434151941312,18,1,256,128,,0.3335240011516538,0.5126176214460254,0.28312557566387636,0.13494237745855717,3,sum,1,0.9422903516681695,0.8600583090379009,0.8416547788873039,0.879284649776453
0.938434151941312,18,1,256,128,,0.3335240011516538,0.5126176214460254,0.28312557566387636,0.13494237745855717,4,sum,1,0.9416892094980462,0.8558692421991084,0.8216833095577746,0.8930232558139535
0.938434151941312,18,1,256,128,,0.3335240011516538,0.5126176214460254,0.28312557566387636,0.13494237745855717,5,sum,1,0.9407874962428614,0.8563092633114515,0.8373751783166904,0.8761194029850746
