K,layers,hidden_channels,out_channels,norm,lr,treatment,dropout,ratio,seed,aggregation,model_type,batch_size,rate_pairs,clusters,sampling,num_epochs,anomaly_detector,accuracy,f1,recall,precision,losses
3,2,64,64,,0.0010062367062245107,removal,0,0.09228157407467132,654,mean,GCNConv,1024,9,100,sage,100,nearest_neighbors,0.9071235347159603,0.743993371996686,0.6405135520684736,0.8873517786561265,"[3.027942478656769, 2.795261561870575, 2.861260235309601, 2.8195536136627197, 2.7816359996795654, 2.738480567932129, 2.7745578289031982, 2.728933811187744, 2.782858908176422, 2.660723328590393, 2.7887800335884094, 2.815218448638916, 2.7458012104034424, 2.6547950506210327, 2.724016547203064, 2.7237645387649536, 2.7271121740341187, 2.687818944454193, 2.690993309020996, 2.7502402663230896, 2.722831666469574, 2.726775586605072, 2.7264633178710938, 2.7294562458992004, 2.603958249092102, 2.709013044834137, 2.6118772625923157, 2.6416757702827454, 2.666865885257721, 2.571707546710968, 2.5825113654136658, 2.6058385372161865, 2.5835177302360535, 2.6234087347984314, 2.6046425700187683, 2.5510497093200684, 2.578451156616211, 2.6397451758384705, 2.6672157049179077, 2.5607746839523315, 2.5413984060287476, 2.5150891542434692, 2.559082508087158, 2.5170976519584656, 2.5858653783798218, 2.528262138366699, 2.5903666019439697, 2.608551323413849, 2.5267030000686646, 2.4924015402793884, 2.5025079250335693, 2.5692290663719177, 2.502997636795044, 2.464239180088043, 2.449303388595581, 2.5010926127433777, 2.4638554453849792, 2.5368971824645996, 2.484329640865326, 2.491588056087494, 2.4859869480133057, 2.512929141521454, 2.4295623302459717, 2.5064585208892822, 2.5259127020835876, 2.4176905155181885, 2.5139918327331543, 2.4499836564064026, 2.4870704412460327, 2.453735828399658, 2.3947144746780396, 2.4319162368774414, 2.42928683757782, 2.412477433681488, 2.4416432976722717, 2.3101961612701416, 2.437000036239624, 2.406507134437561, 2.361171245574951, 2.3478179574012756, 2.4488059282302856, 2.2435339093208313, 2.3600329160690308, 2.3396034836769104, 2.298210322856903, 2.319039762020111, 2.374454915523529, 2.324786365032196, 2.338398575782776, 2.333803117275238, 2.3629475831985474, 2.3162102103233337, 2.2839434146881104, 2.272240102291107, 2.31446772813797, 2.295342206954956, 2.2980810403823853, 2.31582111120224, 2.36030650138855, 2.2504860758781433]"
