K,layers,hidden_channels,out_channels,norm,lr,treatment,dropout,ratio,seed,aggregation,model_type,batch_size,rate_pairs,clusters,sampling,num_epochs,anomaly_detector,accuracy,f1,recall,precision,losses,test_accuracy,test_f1,test_recall,test_precision
4,1,128,128,,0.002113085155912239,removal,0,0.21343608239526712,654,mean,GATConv,256,4,400,sage,100,nearest_neighbors,0.6022727272727273,0.75177304964539,0.6022727272727273,1.0,"[13.000936388969421, 12.805784225463867, 12.196188032627106, 12.480047285556793, 12.218463242053986, 12.05399376153946, 11.79503720998764, 11.560732007026672, 11.31499445438385, 11.238942503929138, 11.16507339477539, 10.956070125102997, 10.815883576869965, 10.507333934307098, 10.53049612045288, 10.23890733718872, 10.252897560596466, 10.028618156909943, 9.882601082324982, 9.542810559272766, 9.513363659381866, 9.449599623680115, 9.171294808387756, 8.91749483346939, 8.935819327831268, 8.665578365325928, 8.666679799556732, 8.301058113574982, 8.384097397327423, 7.978915333747864, 7.990694284439087, 7.875632345676422, 7.685015618801117, 7.634281516075134, 7.483710139989853, 7.370992064476013, 7.13032341003418, 7.105551362037659, 6.809326231479645, 6.776579827070236, 6.654591411352158, 6.523112416267395, 6.479186236858368, 6.411866247653961, 6.287602126598358, 6.170619189739227, 5.945028483867645, 5.857001543045044, 5.753417253494263, 5.638720452785492, 5.576531410217285, 5.470587134361267, 5.336105465888977, 5.318391501903534, 5.108762562274933, 5.072859406471252, 4.912128031253815, 4.905310422182083, 4.79820442199707, 4.748714208602905, 4.753770023584366, 4.595994144678116, 4.5238876938819885, 4.496739566326141, 4.3663570284843445, 4.2967512011528015, 4.266886919736862, 4.20967897772789, 4.116758823394775, 4.04257196187973, 3.898222118616104, 3.914318323135376, 3.812115579843521, 3.753568470478058, 3.7508481442928314, 3.6566580832004547, 3.5591046810150146, 3.5225470662117004, 3.476649194955826, 3.4098553210496902, 3.3679874390363693, 3.312920391559601, 3.255128353834152, 3.2505485266447067, 3.1946747601032257, 3.083711802959442, 3.0814282596111298, 2.9900307655334473, 3.0041124522686005, 2.8986552953720093, 2.867906004190445, 2.880754664540291, 2.8264531195163727, 2.778182864189148, 2.707598403096199, 2.6596690714359283, 2.6253119707107544, 2.6151536256074905, 2.5416948199272156, 2.563662126660347]",0.9212503757138564,0.8038922155688623,0.7660485021398002,0.8456692913385827
