alpha,K,layers,hidden_channels,out_channels,norm,dropout,margin,lpl_weight,ratio,seed,aggregation,pos_weight,accuracy,f1,recall,precision
0.33651883173214425,18,1,128,256,graphnorm,0.054211594025043025,0.0983660426792676,0.4246353125048792,0.02082456482107231,1,sum,1,0.9035166816952209,0.7100271002710027,0.5606276747503567,0.9679802955665024
0.33651883173214425,18,1,128,256,graphnorm,0.054211594025043025,0.0983660426792676,0.4246353125048792,0.02082456482107231,2,sum,1,0.9065223925458371,0.7170154686078253,0.5620542082738944,0.9899497487437185
0.33651883173214425,18,1,128,256,graphnorm,0.054211594025043025,0.0983660426792676,0.4246353125048792,0.02082456482107231,3,sum,1,0.905019537120529,0.7122040072859745,0.557774607703281,0.9848866498740554
0.33651883173214425,18,1,128,256,graphnorm,0.054211594025043025,0.0983660426792676,0.4246353125048792,0.02082456482107231,4,sum,1,0.9005109708446047,0.6988171064604186,0.5477888730385164,0.964824120603015
0.33651883173214425,18,1,128,256,graphnorm,0.054211594025043025,0.0983660426792676,0.4246353125048792,0.02082456482107231,5,sum,1,0.9077246768860836,0.7226738934056007,0.5706134094151213,0.9852216748768473
