K,layers,hidden_channels,out_channels,norm,lr,treatment,dropout,ratio,seed,aggregation,model_type,batch_size,rate_pairs,clusters,sampling,num_epochs,anomaly_detector,accuracy,f1,recall,precision,losses,test_accuracy,test_f1,test_recall,test_precision
19,3,128,256,,0.005,removal,0,0.2626650095186226,654,mean,GCNConv,2048,10,50,sage,100,nearest_neighbors,nan,0.0,0.0,0.0,"[2.706227421760559, 2.655465602874756, 2.6156855821609497, 2.6423240900039673, 2.6097949743270874, 2.720294713973999, 2.6739777326583862, 2.604134678840637, 2.6823911666870117, 2.6446821689605713, 2.545909285545349, 2.604742407798767, 2.589109420776367, 2.583549380302429, 2.646744966506958, 2.585673451423645, 2.4607698917388916, 2.577828288078308, 2.447191596031189, 2.619516134262085, 2.5251318216323853, 2.511518120765686, 2.495675563812256, 2.419128894805908, 2.4552717208862305, 2.484894037246704, 2.433170199394226, 2.4790000915527344, 2.4847947359085083, 2.5576210021972656, 2.4820330142974854, 2.435780882835388, 2.3822115659713745, 2.4507158994674683, 2.473962426185608, 2.486464738845825, 2.375603675842285, 2.4752272367477417, 2.4034178256988525, 2.4073811769485474, 2.315426230430603, 2.3484928607940674, 2.424588441848755, 2.420374035835266, 2.377831220626831, 2.3350831270217896, 2.366936206817627, 2.428094983100891, 2.3820135593414307, 2.472306489944458, 2.370735287666321, 2.4793853759765625, 2.3132370710372925, 2.285354256629944, 2.3197280168533325, 2.3163700103759766, 2.3493423461914062, 2.2163041830062866, 2.3598679304122925, 2.3576565980911255, 2.256386637687683, 2.2657604217529297, 2.2281218767166138, 2.2742851972579956, 2.2394275665283203, 2.221861243247986, 2.295257091522217, 2.2156771421432495, 2.2317792177200317, 2.2485573291778564, 2.217342257499695, 2.235451340675354, 2.2085962295532227, 2.1792843341827393, 2.2465765476226807, 2.154705762863159, 2.2164217233657837, 2.21282696723938, 2.1569992303848267, 2.185819149017334, 2.1146005392074585, 2.1136499643325806, 2.18789279460907, 2.1834574937820435, 2.1242153644561768, 2.1493841409683228, 2.1541452407836914, 2.1526683568954468, 2.2423208951950073, 2.162589192390442, 2.158337950706482, 2.0864431858062744, 2.0401130318641663, 2.1327762603759766, 2.0628312826156616, 2.0745891332626343, 2.062591791152954, 2.086372494697571, 2.0913487672805786, 2.0468064546585083]",0.903258313738663,0.5873925501432665,0.584045584045584,0.590778097982709
