K,layers,hidden_channels,out_channels,norm,lr,treatment,dropout,ratio,seed,aggregation,model_type,batch_size,rate_pairs,clusters,sampling,num_epochs,anomaly_detector,accuracy,f1,recall,precision,losses
5,2,256,64,,0.004193537695695207,removal,0,0.15528268323686464,654,mean,GATConv,256,2,100,cluster,100,nearest_neighbors,0.9269612263300271,0.8232727272727273,0.8074179743223966,0.8397626112759644,"[16.925621300935745, 16.530888468027115, 16.791274666786194, 15.35340066254139, 15.303876280784607, 14.596190005540848, 14.47072446346283, 13.952268600463867, 13.257738709449768, 12.33645686507225, 11.963742345571518, 11.118687748908997, 11.346143454313278, 10.804102808237076, 10.206280380487442, 9.321348428726196, 9.394642949104309, 8.43378059566021, 8.0099136531353, 7.506604492664337, 6.999369457364082, 7.045079976320267, 6.38638935983181, 6.002588108181953, 5.615205764770508, 5.478321336209774, 5.1437326818704605, 5.31850428879261, 4.986246362328529, 4.638122722506523, 4.155548296868801, 4.219193242490292, 3.9737351164221764, 3.586890161037445, 3.596202462911606, 3.54970271140337, 3.2487854659557343, 3.2416308000683784, 2.9701338410377502, 3.015272542834282, 2.7773767486214638, 2.7039025723934174, 2.6820547208189964, 2.442520886659622, 2.42610265314579, 2.3207623064517975, 2.1987180337309837, 2.170508675277233, 2.0670209154486656, 2.005644343793392, 1.9429941028356552, 1.9668749012053013, 1.8861550129950047, 1.8614245392382145, 1.732621543109417, 1.6386478208005428, 1.671632744371891, 1.6114690266549587, 1.5851944983005524, 1.4541244395077229, 1.393371120095253, 1.4143640864640474, 1.427887473255396, 1.339757476001978, 1.3133799321949482, 1.21587373316288, 1.246391586959362, 1.201655350625515, 1.1258700527250767, 1.1785937957465649, 1.100223857909441, 1.089932195842266, 1.033666219562292, 1.039073757827282, 1.017655685544014, 0.9720769710838795, 0.9529339205473661, 0.9191051125526428, 0.9520546495914459, 0.8568992950022221, 0.8810580279678106, 0.8685037102550268, 0.8332950156182051, 0.7964246198534966, 0.8091091774404049, 0.7876157537102699, 0.7817323803901672, 0.7379985526204109, 0.7023016719322186, 0.7336028311401606, 0.7341992035508156, 0.6948339696973562, 0.6778637338429689, 0.6728905327618122, 0.6744185723364353, 0.6520943287760019, 0.6155151352286339, 0.6082036029547453, 0.585143655538559, 0.6131920460611582]"
