alpha,K,layers,hidden_channels,out_channels,norm,dropout,margin,lpl_weight,ratio,seed,aggregation,pos_weight,accuracy,f1,recall,precision
0.8841320487789559,20,1,32,16,,0.11725923347776193,0.604281390191975,0.9444237270896989,0.1816852545014926,1,sum,1,0.9140366696723775,0.7994389901823282,0.8131241084165478,0.7862068965517242
0.8841320487789559,20,1,32,16,,0.11725923347776193,0.604281390191975,0.9444237270896989,0.1816852545014926,2,sum,1,0.9134355275022543,0.8005540166204986,0.8245363766048502,0.7779273216689099
0.8841320487789559,20,1,32,16,,0.11725923347776193,0.604281390191975,0.9444237270896989,0.1816852545014926,3,sum,1,0.9134355275022543,0.8043478260869565,0.8445078459343794,0.767833981841764
0.8841320487789559,20,1,32,16,,0.11725923347776193,0.604281390191975,0.9444237270896989,0.1816852545014926,4,sum,1,0.915238954012624,0.8052486187845304,0.8316690442225392,0.7804551539491299
0.8841320487789559,20,1,32,16,,0.11725923347776193,0.604281390191975,0.9444237270896989,0.1816852545014926,5,sum,1,0.9104298166516381,0.7918994413407822,0.8088445078459344,0.7756497948016415
