alpha,K,layers,hidden_channels,out_channels,norm,dropout,margin,lpl_weight,ratio,seed,aggregation,pos_weight,accuracy,f1,recall,precision
0.5,17,1,256,128,,0.3,0.5,0.9,0.13,1,sum,1,0.9242560865644724,0.8058551617873652,0.746077032810271,0.8760469011725294
0.5,17,1,256,128,,0.3,0.5,0.9,0.13,2,sum,1,0.9227532311391644,0.8030651340996169,0.7475035663338089,0.8675496688741722
0.5,17,1,256,128,,0.3,0.5,0.9,0.13,3,sum,1,0.9218515178839796,0.8,0.7417974322396577,0.8681135225375626
0.5,17,1,256,128,,0.3,0.5,0.9,0.13,4,sum,1,0.9215509467989179,0.796887159533074,0.7303851640513552,0.8767123287671232
0.5,17,1,256,128,,0.3,0.5,0.9,0.13,5,sum,1,0.9203486624586715,0.7950502706883217,0.7332382310984308,0.8682432432432432
