alpha,K,layers,hidden_channels,out_channels,norm,dropout,margin,lpl_weight,ratio,seed,aggregation,pos_weight,accuracy,f1,recall,precision
0.5,25,1,256,256,,0,0.5,0.7844402746616197,0.1949060591607395,1,sum,1,0.9251577998196574,0.8199566160520607,0.8088445078459344,0.8313782991202346
0.5,25,1,256,256,,0,0.5,0.7844402746616197,0.1949060591607395,2,sum,1,0.92936579501052,0.8329779673063256,0.8359486447931527,0.830028328611898
0.5,25,1,256,256,,0,0.5,0.7844402746616197,0.1949060591607395,3,sum,1,0.9311692215208897,0.8370106761565836,0.8388017118402282,0.8352272727272727
0.5,25,1,256,256,,0,0.5,0.7844402746616197,0.1949060591607395,4,sum,1,0.9233543733092876,0.8187633262260128,0.8216833095577746,0.8158640226628895
0.5,25,1,256,256,,0,0.5,0.7844402746616197,0.1949060591607395,5,sum,1,0.9251577998196574,0.8212491026561378,0.8159771754636234,0.8265895953757225
