alpha,K,layers,hidden_channels,out_channels,norm,dropout,margin,lpl_weight,ratio,seed,aggregation,pos_weight,accuracy,f1,recall,precision
0.5,25,2,256,256,,0.3350675566996618,0.5,0.7367245730487267,0.380746668765904,1,sum,1,0.8809738503155996,0.7594167679222357,0.891583452211127,0.6613756613756614
0.5,25,2,256,256,,0.3350675566996618,0.5,0.7367245730487267,0.380746668765904,2,sum,1,0.8464081755335137,0.7101531480431084,0.8930099857346647,0.5894538606403014
0.5,25,2,256,256,,0.3350675566996618,0.5,0.7367245730487267,0.380746668765904,3,sum,1,0.8620378719567178,0.730791788856305,0.8887303851640513,0.6205179282868526
0.5,25,2,256,256,,0.3350675566996618,0.5,0.7367245730487267,0.380746668765904,4,sum,1,0.8449053201082056,0.7091319052987599,0.8972895863052782,0.5862068965517241
0.5,25,2,256,256,,0.3350675566996618,0.5,0.7367245730487267,0.380746668765904,5,sum,1,0.8731590021039976,0.7460890493381468,0.884450784593438,0.6451612903225806
