alpha,K,layers,hidden_channels,out_channels,norm,dropout,margin,lpl_weight,ratio,seed,aggregation,pos_weight,accuracy,f1,recall,precision
0.5,18,1,256,256,,0.18762952626354154,0.5,0.9319333669340675,0.1881385987400222,1,sum,1,0.9290652239254583,0.8289855072463768,0.8159771754636234,0.8424153166421208
0.5,18,1,256,256,,0.18762952626354154,0.5,0.9319333669340675,0.1881385987400222,2,sum,1,0.9275623685001503,0.8224023581429624,0.7960057061340942,0.850609756097561
0.5,18,1,256,256,,0.18762952626354154,0.5,0.9319333669340675,0.1881385987400222,3,sum,1,0.9287646528403968,0.8288808664259928,0.818830242510699,0.8391812865497076
0.5,18,1,256,256,,0.18762952626354154,0.5,0.9319333669340675,0.1881385987400222,4,sum,1,0.9269612263300271,0.8255563531945441,0.8202567760342369,0.8309248554913294
0.5,18,1,256,256,,0.18762952626354154,0.5,0.9319333669340675,0.1881385987400222,5,sum,1,0.9263600841599038,0.8236141108711303,0.8159771754636234,0.8313953488372093
