alpha,K,layers,hidden_channels,out_channels,norm,dropout,margin,lpl_weight,ratio,seed,aggregation,pos_weight,accuracy,f1,recall,precision
0.5,25,2,128,128,,0,0.5,0.03021915564756402,0.14505827831624823,1,sum,1,0.8764652840396754,0.7228590694538098,0.7646219686162625,0.6854219948849105
0.5,25,2,128,128,,0,0.5,0.03021915564756402,0.14505827831624823,2,sum,1,0.890892696122633,0.7552258934592043,0.7988587731811697,0.7161125319693095
0.5,25,2,128,128,,0,0.5,0.03021915564756402,0.14505827831624823,3,sum,1,0.8836789900811542,0.7390424814565071,0.7817403708987162,0.7007672634271099
0.5,25,2,128,128,,0,0.5,0.03021915564756402,0.14505827831624823,4,sum,1,0.8770664262097986,0.7242076871207013,0.7660485021398002,0.6867007672634271
0.5,25,2,128,128,,0,0.5,0.03021915564756402,0.14505827831624823,5,sum,1,0.8794709948902916,0.729602157788267,0.7717546362339515,0.6918158567774936
