alpha,K,layers,hidden_channels,out_channels,norm,dropout,margin,lpl_weight,ratio,seed,aggregation,pos_weight,accuracy,f1,recall,precision
0.5,15,2,256,128,,0.31083302129396034,0.5,0.938563710511992,0.1434546131378298,1,sum,1,0.9347760745416291,0.8448892065761258,0.8430813124108416,0.8467048710601719
0.5,15,2,256,128,,0.31083302129396034,0.5,0.938563710511992,0.1434546131378298,2,sum,1,0.9419897805831079,0.8614501076812635,0.8559201141226819,0.8670520231213873
0.5,15,2,256,128,,0.31083302129396034,0.5,0.938563710511992,0.1434546131378298,3,sum,1,0.9404869251577999,0.8579626972740315,0.8530670470756063,0.862914862914863
0.5,15,2,256,128,,0.31083302129396034,0.5,0.938563710511992,0.1434546131378298,4,sum,1,0.9419897805831079,0.8594319009468318,0.8416547788873039,0.8779761904761905
0.5,15,2,256,128,,0.31083302129396034,0.5,0.938563710511992,0.1434546131378298,5,sum,1,0.9362789299669372,0.8481375358166189,0.8445078459343794,0.8517985611510791
