K,layers,hidden_channels,out_channels,norm,lr,treatment,dropout,ratio,seed,aggregation,model_type,batch_size,rate_pairs,reliable_mini_batch,clusters,pos_weight,accuracy,f1,recall,precision,losses
5,1,256,64,,0.009325172386507527,removal,0,0.1319649399667401,654,mean,GINConv,15,8,True,200,0.25730328070076147,0.8881875563570785,0.7056962025316456,0.6362339514978602,0.7921847246891652,"[4.093242779374123, 4.01581534743309, 3.63498155772686, 3.831513687968254, 3.524484798312187, 3.1253399550914764, 2.9601274728775024, 2.790817230939865, 2.575801134109497, 2.3742199316620827, 2.1890507489442825, 2.0203754231333733, 1.8050064966082573, 1.6352590844035149, 1.5466510131955147, 1.436379972845316, 1.3626669459044933, 1.1555249085649848, 1.1188897714018822, 1.0366872139275074, 0.9636826775968075, 0.9176876842975616, 0.8569779470562935, 0.7509754355996847, 0.7582323178648949, 0.710017267614603, 0.6473717428743839, 0.6110960356891155, 0.5808137655258179, 0.5552132464945316, 0.519061729311943, 0.4872499890625477, 0.4561578552238643, 0.4449664503335953, 0.4318940434604883, 0.4074452817440033, 0.38568091951310635, 0.3706674110144377, 0.3386052162386477, 0.3500549215823412, 0.340829711407423, 0.31682010740041733, 0.31459818966686726, 0.30073753744363785, 0.2865956127643585, 0.2707886090502143, 0.2673339741304517, 0.25301265716552734, 0.24216653686016798, 0.2294599460437894]"
