alpha,K,layers,hidden_channels,out_channels,norm,dropout,margin,lpl_weight,ratio,seed,aggregation,pos_weight,accuracy,f1,recall,precision
0.5,15,1,256,256,,0.056137734639677174,0.5,0.6510546146105899,0.2367922805476142,1,sum,1,0.916741809437932,0.8053408292340126,0.8174037089871612,0.7936288088642659
0.5,15,1,256,256,,0.056137734639677174,0.5,0.6510546146105899,0.2367922805476142,2,sum,1,0.9290652239254583,0.8385772913816689,0.8744650499286734,0.8055190538764783
0.5,15,1,256,256,,0.056137734639677174,0.5,0.6510546146105899,0.2367922805476142,3,sum,1,0.9248572287345957,0.8241912798874824,0.8359486447931527,0.812760055478502
0.5,15,1,256,256,,0.056137734639677174,0.5,0.6510546146105899,0.2367922805476142,4,sum,1,0.9284640817553351,0.8335664335664336,0.8502139800285307,0.8175582990397805
0.5,15,1,256,256,,0.056137734639677174,0.5,0.6510546146105899,0.2367922805476142,5,sum,1,0.9275623685001503,0.8299223712067749,0.8388017118402282,0.8212290502793296
