alpha,K,layers,hidden_channels,out_channels,norm,dropout,margin,lpl_weight,ratio,seed,aggregation,pos_weight,accuracy,f1,recall,precision
0.5,18,1,256,256,,0.1393775775392419,0.5,0.9812530003137812,0.22460098783413568,1,sum,1,0.9236549443943493,0.824585635359116,0.8516405135520685,0.7991967871485943
0.5,18,1,256,256,,0.1393775775392419,0.5,0.9812530003137812,0.22460098783413568,2,sum,1,0.9224526600541028,0.8141210374639769,0.8059914407988588,0.8224163027656477
0.5,18,1,256,256,,0.1393775775392419,0.5,0.9812530003137812,0.22460098783413568,3,sum,1,0.9251577998196574,0.826963168867269,0.8487874465049928,0.8062330623306233
0.5,18,1,256,256,,0.1393775775392419,0.5,0.9812530003137812,0.22460098783413568,4,sum,1,0.9209498046287947,0.8169798190675017,0.8373751783166904,0.7975543478260869
0.5,18,1,256,256,,0.1393775775392419,0.5,0.9812530003137812,0.22460098783413568,5,sum,1,0.9263600841599038,0.8246241947029349,0.8216833095577746,0.8275862068965517
