alpha,K,layers,hidden_channels,out_channels,norm,dropout,margin,lpl_weight,ratio,seed,aggregation,pos_weight,accuracy,f1,recall,precision
0.5,22,1,256,256,,0,0.5,0.9129365201282388,0.21205724480288227,1,mean,1,0.9281635106702735,0.832280701754386,0.8459343794579173,0.819060773480663
0.5,22,1,256,256,,0,0.5,0.9129365201282388,0.21205724480288227,2,mean,1,0.9230538022242261,0.8160919540229885,0.8102710413694721,0.8219971056439942
0.5,22,1,256,256,,0,0.5,0.9129365201282388,0.21205724480288227,3,mean,1,0.9260595130748422,0.8209606986899564,0.8045649072753209,0.8380386329866271
0.5,22,1,256,256,,0,0.5,0.9129365201282388,0.21205724480288227,4,mean,1,0.9242560865644724,0.8225352112676056,0.833095577746077,0.8122392211404729
0.5,22,1,256,256,,0,0.5,0.9129365201282388,0.21205724480288227,5,mean,1,0.9242560865644724,0.8215297450424929,0.8273894436519258,0.8157524613220816
