alpha,K,layers,hidden_channels,out_channels,norm,dropout,margin,lpl_weight,ratio,seed,aggregation,pos_weight,accuracy,f1,recall,precision
0.5,24,1,256,256,,0,0.5,0.9371070206682617,0.17163241351913772,1,sum,1,0.9260595130748422,0.8206997084548106,0.8031383737517832,0.8390461997019374
0.5,24,1,256,256,,0,0.5,0.9371070206682617,0.17163241351913772,2,sum,1,0.9296663660955816,0.8299418604651163,0.8145506419400856,0.845925925925926
0.5,24,1,256,256,,0,0.5,0.9371070206682617,0.17163241351913772,3,sum,1,0.9320709347760745,0.8345534407027818,0.8131241084165478,0.8571428571428571
0.5,24,1,256,256,,0,0.5,0.9371070206682617,0.17163241351913772,4,sum,1,0.9254583709047189,0.8187134502923976,0.7988587731811697,0.8395802098950524
0.5,24,1,256,256,,0,0.5,0.9371070206682617,0.17163241351913772,5,sum,1,0.9305680793507665,0.832729905865315,0.8202567760342369,0.8455882352941176
