alpha,K,layers,hidden_channels,out_channels,norm,dropout,margin,lpl_weight,ratio,seed,aggregation,pos_weight,accuracy,f1,recall,precision
0.9964068612284837,17,1,256,128,,0.44526426798368784,0.8072323185528026,0.10075136279041014,0.1584473318148872,1,sum,1,0.9176435226931169,0.7892307692307692,0.7318116975748931,0.8564273789649416
0.9964068612284837,17,1,256,128,,0.44526426798368784,0.8072323185528026,0.10075136279041014,0.1584473318148872,2,sum,1,0.9077246768860836,0.7689992475545523,0.7289586305278174,0.8136942675159236
0.9964068612284837,17,1,256,128,,0.44526426798368784,0.8072323185528026,0.10075136279041014,0.1584473318148872,3,sum,1,0.9131349564171927,0.7798933739527799,0.7303851640513552,0.8366013071895425
0.9964068612284837,17,1,256,128,,0.44526426798368784,0.8072323185528026,0.10075136279041014,0.1584473318148872,4,sum,1,0.9107303877366997,0.7755102040816326,0.7318116975748931,0.8247588424437299
0.9964068612284837,17,1,256,128,,0.44526426798368784,0.8072323185528026,0.10075136279041014,0.1584473318148872,5,sum,1,0.9095281033964533,0.7707539984767707,0.7218259629101283,0.826797385620915
