K,layers,hidden_channels,out_channels,norm,lr,treatment,dropout,ratio,seed,aggregation,model_type,batch_size,rate_pairs,reliable_mini_batch,clusters,pos_weight,accuracy,f1,recall,precision,losses
5,1,128,256,,0.006701904634512735,removal,0,0.1703675209041654,654,sum,GINConv,10,2,True,100,0.8848157505139655,0.9347760745416291,0.8372093023255814,0.7960057061340942,0.8829113924050633,"[6.8418483436107635, 6.425520956516266, 6.249287307262421, 6.277907848358154, 6.490047425031662, 6.000289767980576, 5.775932878255844, 5.929019629955292, 5.400679916143417, 5.43069788813591, 5.168819934129715, 4.902565032243729, 4.818722665309906, 4.592501580715179, 4.699622958898544, 4.356835871934891, 4.172274947166443, 3.969761073589325, 3.760504812002182, 3.6877018213272095, 3.500049740076065, 3.277007073163986, 3.2223637998104095, 3.144296571612358, 2.901996999979019, 2.6907950192689896, 2.6287194192409515, 2.5151802450418472, 2.330056205391884, 2.3178635239601135, 2.1878038942813873, 2.1410456597805023, 1.9633218199014664, 1.9415639787912369, 1.824528232216835, 1.8447972983121872, 1.7042019069194794, 1.6849825829267502, 1.5652703493833542, 1.5149240419268608, 1.5007783323526382, 1.406438171863556, 1.3916728720068932, 1.3330338522791862, 1.2598215863108635, 1.2317483127117157, 1.1927752643823624, 1.1781157776713371, 1.117979809641838, 1.1159919798374176]"
