alpha,K,layers,hidden_channels,out_channels,norm,dropout,margin,lpl_weight,ratio,seed,aggregation,pos_weight,accuracy,f1,recall,precision
0.8736943955842099,22,3,256,128,graphnorm,0.1369219263148594,0.5533481495913736,0.5616376297689698,0.3416643268199105,1,mean,1,0.7679591223324316,0.6266924564796905,0.9243937232524965,0.4740307242136064
0.8736943955842099,22,3,256,128,graphnorm,0.1369219263148594,0.5533481495913736,0.5616376297689698,0.3416643268199105,2,mean,1,0.7649534114818155,0.6218568665377177,0.9172610556348074,0.4703730797366496
0.8736943955842099,22,3,256,128,graphnorm,0.1369219263148594,0.5533481495913736,0.5616376297689698,0.3416643268199105,3,mean,1,0.763751127141569,0.6199226305609284,0.9144079885877318,0.46891002194586684
0.8736943955842099,22,3,256,128,graphnorm,0.1369219263148594,0.5533481495913736,0.5616376297689698,0.3416643268199105,4,mean,1,0.7625488428013225,0.6179883945841392,0.9115549215406562,0.46744696415508413
0.8736943955842099,22,3,256,128,graphnorm,0.1369219263148594,0.5533481495913736,0.5616376297689698,0.3416643268199105,5,mean,1,0.7697625488428014,0.6295938104448743,0.9286733238231099,0.47622531089978054
