alpha,K,layers,hidden_channels,out_channels,norm,dropout,margin,lpl_weight,ratio,seed,aggregation,pos_weight,accuracy,f1,recall,precision
0.8793493737771763,17,2,128,128,graphnorm,0.23775361637105552,0.5195497901567272,0.5548792276938219,0.13442050105930825,1,sum,1,0.9344755034565675,0.8433908045977011,0.8373751783166904,0.849493487698987
0.8793493737771763,17,2,128,128,graphnorm,0.23775361637105552,0.5195497901567272,0.5548792276938219,0.13442050105930825,2,sum,1,0.9431920649233544,0.8629441624365483,0.8487874465049928,0.8775811209439528
0.8793493737771763,17,2,128,128,graphnorm,0.23775361637105552,0.5195497901567272,0.5548792276938219,0.13442050105930825,3,sum,1,0.9323715058611362,0.8361252731245448,0.818830242510699,0.8541666666666666
0.8793493737771763,17,2,128,128,graphnorm,0.23775361637105552,0.5195497901567272,0.5548792276938219,0.13442050105930825,4,sum,1,0.9404869251577999,0.8567293777134588,0.8445078459343794,0.869309838472834
0.8793493737771763,17,2,128,128,graphnorm,0.23775361637105552,0.5195497901567272,0.5548792276938219,0.13442050105930825,5,sum,1,0.9347760745416291,0.8421818181818181,0.8259629101283881,0.8590504451038575
