alpha,K,layers,hidden_channels,out_channels,norm,dropout,margin,lpl_weight,ratio,seed,aggregation,pos_weight,accuracy,f1,recall,precision
0.9322084770305571,18,1,128,256,graphnorm,0.18752584384403376,0.5769796770761022,0.10225692730750433,0.19576130596903524,1,sum,1,0.9245566576495341,0.8236120871398454,0.8359486447931527,0.8116343490304709
0.9322084770305571,18,1,128,256,graphnorm,0.18752584384403376,0.5769796770761022,0.10225692730750433,0.19576130596903524,2,sum,1,0.9275623685001503,0.8306394940267041,0.8430813124108416,0.8185595567867036
0.9322084770305571,18,1,128,256,graphnorm,0.18752584384403376,0.5769796770761022,0.10225692730750433,0.19576130596903524,3,sum,1,0.9320709347760745,0.8421787709497207,0.8601997146932953,0.8248974008207934
0.9322084770305571,18,1,128,256,graphnorm,0.18752584384403376,0.5769796770761022,0.10225692730750433,0.19576130596903524,4,sum,1,0.9314697926059513,0.8373751783166904,0.8373751783166904,0.8373751783166904
0.9322084770305571,18,1,128,256,graphnorm,0.18752584384403376,0.5769796770761022,0.10225692730750433,0.19576130596903524,5,sum,1,0.9284640817553351,0.8304843304843305,0.8316690442225392,0.829302987197724
