K,layers,hidden_channels,out_channels,norm,lr,treatment,dropout,ratio,seed,aggregation,model_type,batch_size,rate_pairs,clusters,sampling,sampling_k,num_epochs,anomaly_detector,accuracy,f1,recall,precision,losses
5,2,256,64,,0.009636600090368866,removal,0,0.14258706363667265,654,mean,GATConv,256,2,200,nearest_neighbors,50,100,unweighted,0.8966035467388037,0.6808905380333952,0.5235378031383737,0.9734748010610079,"[22.46626091003418, 20.43997883796692, 18.685513377189636, 16.92688286304474, 15.30476462841034, 14.190614819526672, 13.26505583524704, 11.989681482315063, 11.0189288854599, 10.319423496723175, 9.548883020877838, 8.834008991718292, 8.138855278491974, 7.450228214263916, 6.919386148452759, 6.529189229011536, 6.056336313486099, 5.681801617145538, 5.340648770332336, 4.974736392498016, 4.724699884653091, 4.436573892831802, 4.212579727172852, 4.019149422645569, 3.774121433496475, 3.5979374647140503, 3.4101531505584717, 3.2804994881153107, 3.1014261841773987, 3.0014129281044006, 2.814532622694969, 2.7550190538167953, 2.5880915373563766, 2.4876915961503983, 2.4066483080387115, 2.3048666268587112, 2.202159494161606, 2.11341792345047, 2.0475547909736633, 1.947532057762146, 1.9110061526298523, 1.8354548215866089, 1.7506132274866104, 1.689427711069584, 1.6506178230047226, 1.5891904383897781, 1.5583068132400513, 1.489668421447277, 1.4795855358242989, 1.4198629409074783, 1.3891186192631721, 1.3266845345497131, 1.304621621966362, 1.2480667531490326, 1.2271845862269402, 1.1877843514084816, 1.1480264589190483, 1.1256942674517632, 1.0918450057506561, 1.0658390149474144, 1.030961997807026, 1.0327689424157143, 0.9812734201550484, 0.9665554389357567, 0.9301578849554062, 0.913492001593113, 0.8951969295740128, 0.8706153072416782, 0.8492480702698231, 0.8397446498274803, 0.8086345680058002, 0.8032708577811718, 0.7797657325863838, 0.7600129023194313, 0.7426979839801788, 0.7315528020262718, 0.7122092582285404, 0.705317534506321, 0.6900561936199665, 0.6719157658517361, 0.6587997116148472, 0.6397883333265781, 0.6363218240439892, 0.6147274971008301, 0.6041079983115196, 0.6039863675832748, 0.5778131671249866, 0.5657844319939613, 0.5637392289936543, 0.5547804869711399, 0.5448097251355648, 0.5290264524519444, 0.5274495780467987, 0.508228711783886, 0.5047741681337357, 0.49338484928011894, 0.48356466740369797, 0.47635938599705696, 0.4678734019398689, 0.45771661028265953]"
