alpha,K,layers,hidden_channels,out_channels,norm,dropout,margin,lpl_weight,ratio,seed,aggregation,pos_weight,accuracy,f1,recall,precision
0.5,18,1,256,256,,0.17436002936585282,0.5,0.9762849370668762,0.20799821587471218,1,sum,1,0.9248572287345957,0.8219373219373219,0.8231098430813124,0.8207681365576103
0.5,18,1,256,256,,0.17436002936585282,0.5,0.9762849370668762,0.20799821587471218,2,sum,1,0.9266606552449654,0.8224163027656477,0.8059914407988588,0.8395245170876672
0.5,18,1,256,256,,0.17436002936585282,0.5,0.9762849370668762,0.20799821587471218,3,sum,1,0.9251577998196574,0.8212491026561378,0.8159771754636234,0.8265895953757225
0.5,18,1,256,256,,0.17436002936585282,0.5,0.9762849370668762,0.20799821587471218,4,sum,1,0.9218515178839796,0.8158640226628895,0.8216833095577746,0.810126582278481
0.5,18,1,256,256,,0.17436002936585282,0.5,0.9762849370668762,0.20799821587471218,5,sum,1,0.9305680793507665,0.8332129963898917,0.8231098430813124,0.8435672514619883
