K,layers,hidden_channels,out_channels,norm,lr,treatment,dropout,ratio,seed,aggregation,model_type,batch_size,rate_pairs,reliable_mini_batch,clusters,accuracy,f1,recall,precision,losses
3,1,256,64,,0.0046282584481635745,relabeling,0,0.09995200434788334,654,sum,SAGEConv,5,2,True,100,0.9215509467989179,0.8065233506300964,0.776034236804565,0.8395061728395061,"[10.726132065057755, 10.596656948328018, 9.328683704137802, 9.1539306640625, 9.032964140176773, 8.871220111846924, 7.919816896319389, 7.581039145588875, 7.1504673063755035, 7.176048263907433, 6.53545968234539, 6.01142480224371, 5.618318364024162, 5.334307365119457, 5.223155662417412, 4.7426489889621735, 4.503899186849594, 4.164661459624767, 3.8134982362389565, 3.7140161395072937, 3.6068237274885178, 3.2811397537589073, 3.2915053367614746, 3.307780921459198, 2.8264163061976433, 2.7286593317985535, 2.716874487698078, 2.5324904061853886, 2.425574954599142, 2.302390478551388, 2.140720449388027, 2.103068433701992, 2.0277934074401855, 1.910234708338976, 1.9092428125441074, 1.753913363441825, 1.6863209456205368, 1.696662224829197, 1.5324221514165401, 1.5210513211786747, 1.423136804252863, 1.3945162892341614, 1.353750303387642, 1.3505781143903732, 1.3157721348106861, 1.2346953116357327, 1.1835441775619984, 1.1760642491281033, 1.1644194014370441, 1.1658962704241276]"
