alpha,K,layers,hidden_channels,out_channels,norm,dropout,margin,lpl_weight,ratio,seed,aggregation,pos_weight,accuracy,f1,recall,precision
0.5,17,1,256,256,,0.1577071695070111,0.5,0.8438993254219515,0.21288192535092285,1,sum,1,0.92936579501052,0.8334514528703048,0.8388017118402282,0.828169014084507
0.5,17,1,256,256,,0.1577071695070111,0.5,0.8438993254219515,0.21288192535092285,2,sum,1,0.9254583709047189,0.8233618233618234,0.8245363766048502,0.8221906116642959
0.5,17,1,256,256,,0.1577071695070111,0.5,0.8438993254219515,0.21288192535092285,3,sum,1,0.9260595130748422,0.8235294117647058,0.818830242510699,0.8282828282828283
0.5,17,1,256,256,,0.1577071695070111,0.5,0.8438993254219515,0.21288192535092285,4,sum,1,0.9245566576495341,0.8231148696264975,0.833095577746077,0.8133704735376045
0.5,17,1,256,256,,0.1577071695070111,0.5,0.8438993254219515,0.21288192535092285,5,sum,1,0.9308686504358281,0.8333333333333334,0.8202567760342369,0.8468335787923417
