K,layers,hidden_channels,out_channels,norm,lr,treatment,dropout,ratio,seed,aggregation,model_type,batch_size,rate_pairs,clusters,sampling,num_epochs,anomaly_detector,accuracy,f1,recall,precision,losses,test_accuracy,test_f1,test_recall,test_precision
8,3,64,64,,0.005,removal,0,0.1931293714567146,654,mean,GCNConv,1024,10,50,sage,100,nearest_neighbors,nan,0.0,0.0,0.0,"[4.419077396392822, 4.330822587013245, 4.323936343193054, 4.318914175033569, 4.4875346422195435, 4.4140400886535645, 4.157656908035278, 4.278535842895508, 4.078145086765289, 4.165278732776642, 4.048624813556671, 4.062549114227295, 3.981521785259247, 4.176232039928436, 4.125865697860718, 4.03337287902832, 4.0467910170555115, 4.168345332145691, 3.918642044067383, 3.9003824591636658, 3.9910205602645874, 3.7708479166030884, 3.8295395970344543, 3.8201630115509033, 3.7286055088043213, 3.6666985750198364, 3.6031617522239685, 3.5299280285835266, 3.445897340774536, 3.581153690814972, 3.5162408351898193, 3.5175137519836426, 3.500164806842804, 3.374889850616455, 3.6254735589027405, 3.474166750907898, 3.449454426765442, 3.391817629337311, 3.3783794045448303, 3.1962780952453613, 3.152106821537018, 3.2738733291625977, 3.156541109085083, 3.0549780130386353, 3.1941314339637756, 3.1620518565177917, 3.0759450793266296, 3.011543929576874, 3.1135982871055603, 3.0731953978538513, 2.9354878664016724, 2.940445303916931, 2.893157958984375, 2.857137620449066, 2.8095125555992126, 2.7595073580741882, 2.7294284105300903, 2.7269102334976196, 2.6723098754882812, 2.6410003304481506, 2.6142547130584717, 2.676648437976837, 2.57734352350235, 2.5835071206092834, 2.480477273464203, 2.444006860256195, 2.3588992953300476, 2.3629777431488037, 2.3107610940933228, 2.381595730781555, 2.3628615736961365, 2.27675199508667, 2.2385700941085815, 2.2057506442070007, 2.1391944885253906, 2.1412914395332336, 2.0929598808288574, 2.0790457129478455, 2.054270714521408, 2.0549814999103546, 1.9829396605491638, 1.9798465073108673, 2.005312442779541, 1.901816725730896, 1.8755394518375397, 1.884795755147934, 1.8949380218982697, 1.8177403807640076, 1.8429135382175446, 1.778598427772522, 1.7535243332386017, 1.709507167339325, 1.7241071462631226, 1.667565941810608, 1.6117211878299713, 1.6016686856746674, 1.6175349354743958, 1.5799387097358704, 1.5744867026805878, 1.5628147423267365]",0.8851192475646624,0.4588607594936709,0.4131054131054131,0.5160142348754448
