alpha,K,layers,hidden_channels,out_channels,norm,dropout,margin,lpl_weight,ratio,seed,aggregation,pos_weight,accuracy,f1,recall,precision
0.9792202562862451,22,2,128,64,,0.361146212689324,0.28900319498659144,0.6280102004217236,0.11723095734917421,1,sum,1,0.9215509467989179,0.8012185833968012,0.7503566333808844,0.8594771241830066
0.9792202562862451,22,2,128,64,,0.361146212689324,0.28900319498659144,0.6280102004217236,0.11723095734917421,2,sum,1,0.933273219116321,0.8305343511450382,0.776034236804565,0.8932676518883416
0.9792202562862451,22,2,128,64,,0.361146212689324,0.28900319498659144,0.6280102004217236,0.11723095734917421,3,sum,1,0.9278629395852119,0.817629179331307,0.7674750356633381,0.8747967479674796
0.9792202562862451,22,2,128,64,,0.361146212689324,0.28900319498659144,0.6280102004217236,0.11723095734917421,4,sum,1,0.9287646528403968,0.8183908045977012,0.7617689015691869,0.8841059602649006
0.9792202562862451,22,2,128,64,,0.361146212689324,0.28900319498659144,0.6280102004217236,0.11723095734917421,5,sum,1,0.9278629395852119,0.8184568835098336,0.7717546362339515,0.8711755233494364
