K,layers,hidden_channels,out_channels,norm,lr,treatment,dropout,ratio,seed,aggregation,model_type,batch_size,rate_pairs,clusters,sampling,num_epochs,anomaly_detector,accuracy,f1,recall,precision,losses,test_accuracy,test_f1,test_recall,test_precision
19,3,256,128,,0.005,removal,0,0.1588380365694554,654,mean,GATConv,2048,10,50,sage,100,nearest_neighbors,nan,0.0,0.0,0.0,"[2.773740291595459, 2.617595672607422, 2.7479323148727417, 2.707271099090576, 2.665485382080078, 2.7779738903045654, 2.6086660623550415, 2.588692784309387, 2.5396255254745483, 2.5992196798324585, 2.6200666427612305, 2.735453963279724, 2.6341127157211304, 2.630369544029236, 2.5904258489608765, 2.5346094369888306, 2.5801275968551636, 2.4964466094970703, 2.6237951517105103, 2.54136061668396, 2.5864754915237427, 2.4753206968307495, 2.647391438484192, 2.6095855236053467, 2.522304892539978, 2.4909168481826782, 2.570204496383667, 2.5647705793380737, 2.457796573638916, 2.4283746480941772, 2.4359241724014282, 2.497003436088562, 2.4202741384506226, 2.4781123399734497, 2.4493132829666138, 2.4980521202087402, 2.6340620517730713, 2.506776809692383, 2.5211397409439087, 2.5438649654388428, 2.4230785369873047, 2.431365728378296, 2.3657631874084473, 2.434486150741577, 2.3492218255996704, 2.389016032218933, 2.4796446561813354, 2.3900753259658813, 2.325570583343506, 2.3649048805236816, 2.3160512447357178, 2.3139179944992065, 2.375108242034912, 2.3046038150787354, 2.267682909965515, 2.3672155141830444, 2.3438425064086914, 2.3312283754348755, 2.2809600830078125, 2.3167495727539062, 2.2793216705322266, 2.2992807626724243, 2.30397629737854, 2.197150230407715, 2.2600375413894653, 2.2608741521835327, 2.240546464920044, 2.293550729751587, 2.2841895818710327, 2.228368639945984, 2.1731432676315308, 2.2746461629867554, 2.2526978254318237, 2.21975314617157, 2.244971752166748, 2.120625376701355, 2.214016079902649, 2.1475260257720947, 2.2050509452819824, 2.1604511737823486, 2.245365262031555, 2.206607460975647, 2.1263447999954224, 2.1690160036087036, 2.218996524810791, 2.163291573524475, 2.1062101125717163, 2.1381863355636597, 2.105061173439026, 2.136904001235962, 2.106185793876648, 2.133301854133606, 2.141318440437317, 2.078848123550415, 2.042409896850586, 2.140255928039551, 2.0572515726089478, 2.0921833515167236, 2.0676480531692505, 2.0872355699539185]",0.9193819281155525,0.6178343949044586,0.5527065527065527,0.7003610108303249
