K,layers,hidden_channels,out_channels,norm,lr,treatment,dropout,ratio,seed,aggregation,model_type,batch_size,rate_pairs,clusters,sampling,num_epochs,anomaly_detector,accuracy,f1,recall,precision,losses
4,1,128,64,,0.0005778085055307313,removal,0,0.14742606457091623,654,mean,GATConv,512,1,400,shine,100,nearest_neighbors,0.9233543733092876,0.8134601316752011,0.7931526390870185,0.8348348348348348,"[6.507848262786865, 5.981202661991119, 5.734048545360565, 5.912464797496796, 5.670188546180725, 5.767930567264557, 5.760468900203705, 5.686025023460388, 5.744771480560303, 5.66910195350647, 5.976413786411285, 5.730236649513245, 5.728154242038727, 5.524134159088135, 5.896431267261505, 5.60131561756134, 5.7114991545677185, 5.5103108286857605, 5.620895981788635, 5.6021828055381775, 5.3448446393013, 5.545760214328766, 5.543910026550293, 5.617625117301941, 5.49499773979187, 5.526512861251831, 5.761981308460236, 5.443428933620453, 5.398551046848297, 5.4816882610321045, 5.427153766155243, 5.2345134019851685, 5.418745160102844, 5.600901365280151, 5.506290018558502, 5.42870569229126, 5.5057666301727295, 5.6574708223342896, 5.341851890087128, 5.458031475543976, 5.465668976306915, 5.318659961223602, 5.585655212402344, 5.347927451133728, 5.427161693572998, 5.426581501960754, 5.205940425395966, 5.2854979038238525, 5.298968255519867, 5.364812195301056, 5.286502540111542, 5.294087707996368, 5.124178946018219, 5.281010210514069, 5.310625076293945, 5.229740917682648, 5.280202031135559, 5.0703723430633545, 5.355364799499512, 5.175444304943085, 5.196277678012848, 5.209168791770935, 5.153177499771118, 5.154819488525391, 5.245868384838104, 5.047610521316528, 5.158929288387299, 5.078412711620331, 5.1821600794792175, 4.914570569992065, 5.081455230712891, 5.103791773319244, 5.099494934082031, 4.972111642360687, 5.042438983917236, 5.0815370082855225, 5.002853274345398, 4.982177436351776, 5.119153022766113, 5.054072201251984, 4.9800772070884705, 5.006015241146088, 4.9440653920173645, 5.011792778968811, 4.846627175807953, 4.845925450325012, 4.844014525413513, 4.936969995498657, 4.959140181541443, 4.964553594589233, 4.806288123130798, 4.789058446884155, 4.809902310371399, 4.8649842739105225, 4.858392775058746, 4.891820192337036, 4.765400528907776, 4.883345425128937, 4.856678664684296, 4.731156289577484]"
