alpha,K,layers,hidden_channels,out_channels,norm,dropout,margin,lpl_weight,ratio,seed,aggregation,pos_weight,accuracy,f1,recall,precision
0.8167772333462047,19,1,256,128,,0.3223628100171966,0.5532458210966109,0.8663242771592944,0.12729132396603618,1,sum,1,0.9335737902013826,0.8373804267844003,0.81169757489301,0.8647416413373861
0.8167772333462047,19,1,256,128,,0.3223628100171966,0.5532458210966109,0.8663242771592944,0.12729132396603618,2,sum,1,0.9413886384129847,0.8567229977957385,0.8316690442225392,0.8833333333333333
0.8167772333462047,19,1,256,128,,0.3223628100171966,0.5532458210966109,0.8663242771592944,0.12729132396603618,3,sum,1,0.939585211902615,0.8510007412898444,0.818830242510699,0.8858024691358025
0.8167772333462047,19,1,256,128,,0.3223628100171966,0.5532458210966109,0.8663242771592944,0.12729132396603618,4,sum,1,0.9440937781785392,0.861812778603269,0.8273894436519258,0.8992248062015504
0.8167772333462047,19,1,256,128,,0.3223628100171966,0.5532458210966109,0.8663242771592944,0.12729132396603618,5,sum,1,0.9350766456266907,0.8418740849194729,0.8202567760342369,0.8646616541353384
