alpha,K,layers,hidden_channels,out_channels,norm,dropout,margin,lpl_weight,ratio,seed,aggregation,pos_weight,accuracy,f1,recall,precision
0.7550442635179544,19,1,128,256,,0.2285231837876775,0.5295632536112774,0.21340510189316678,0.2698693662078465,1,sum,1,0.9107303877366997,0.8052459016393443,0.8758915834522111,0.7451456310679612
0.7550442635179544,19,1,128,256,,0.2285231837876775,0.5295632536112774,0.21340510189316678,0.2698693662078465,2,sum,1,0.9266606552449654,0.8364611260053619,0.8901569186875892,0.7888748419721872
0.7550442635179544,19,1,128,256,,0.2285231837876775,0.5295632536112774,0.21340510189316678,0.2698693662078465,3,sum,1,0.9179440937781785,0.8190854870775348,0.8815977175463623,0.7648514851485149
0.7550442635179544,19,1,128,256,,0.2285231837876775,0.5295632536112774,0.21340510189316678,0.2698693662078465,4,sum,1,0.9140366696723775,0.8108465608465608,0.8744650499286734,0.7558569667077681
0.7550442635179544,19,1,128,256,,0.2285231837876775,0.5295632536112774,0.21340510189316678,0.2698693662078465,5,sum,1,0.9176435226931169,0.8118131868131868,0.8430813124108416,0.7827814569536424
