alpha,K,layers,hidden_channels,out_channels,norm,dropout,margin,lpl_weight,ratio,seed,aggregation,pos_weight,accuracy,f1,recall,precision
0.8085422541777002,17,1,256,128,,0.36380508709363046,0.5521324126969982,0.7880083229483974,0.13004000524168746,1,sum,1,0.933273219116321,0.8374816983894583,0.8159771754636234,0.8601503759398497
0.8085422541777002,17,1,256,128,,0.36380508709363046,0.5521324126969982,0.7880083229483974,0.13004000524168746,2,sum,1,0.9359783588818755,0.8446389496717724,0.8259629101283881,0.8641791044776119
0.8085422541777002,17,1,256,128,,0.36380508709363046,0.5521324126969982,0.7880083229483974,0.13004000524168746,3,sum,1,0.9431920649233544,0.8617410387710315,0.8402282453637661,0.8843843843843844
0.8085422541777002,17,1,256,128,,0.36380508709363046,0.5521324126969982,0.7880083229483974,0.13004000524168746,4,sum,1,0.9413886384129847,0.8569332355099046,0.833095577746077,0.8821752265861027
0.8085422541777002,17,1,256,128,,0.36380508709363046,0.5521324126969982,0.7880083229483974,0.13004000524168746,5,sum,1,0.937180643222122,0.8468864468864469,0.8245363766048502,0.8704819277108434
