alpha,K,layers,hidden_channels,out_channels,norm,dropout,margin,lpl_weight,ratio,seed,aggregation,pos_weight,accuracy,f1,recall,precision
0.8040936600774664,18,1,256,128,,0.3311486817823764,0.5140807863329092,0.9613796058185392,0.1483092977189019,1,sum,1,0.9380823564773069,0.8517985611510791,0.8445078459343794,0.8592162554426706
0.8040936600774664,18,1,256,128,,0.3311486817823764,0.5140807863329092,0.9613796058185392,0.1483092977189019,2,sum,1,0.9419897805831079,0.8616487455197133,0.8573466476462197,0.8659942363112392
0.8040936600774664,18,1,256,128,,0.3311486817823764,0.5140807863329092,0.9613796058185392,0.1483092977189019,3,sum,1,0.9398857829876766,0.8577524893314367,0.8601997146932953,0.8553191489361702
0.8040936600774664,18,1,256,128,,0.3311486817823764,0.5140807863329092,0.9613796058185392,0.1483092977189019,4,sum,1,0.9380823564773069,0.8509406657018813,0.8388017118402282,0.8634361233480177
0.8040936600774664,18,1,256,128,,0.3311486817823764,0.5140807863329092,0.9613796058185392,0.1483092977189019,5,sum,1,0.9386834986474302,0.853448275862069,0.8473609129814551,0.8596237337192475
