alpha,K,layers,hidden_channels,out_channels,norm,dropout,margin,lpl_weight,ratio,seed,aggregation,pos_weight,accuracy,f1,recall,precision
0.5,24,1,256,256,,0,0.5,0.9103309976433279,0.06985078413177973,1,sum,1,0.9209498046287947,0.7911040508339953,0.7104136947218259,0.8924731182795699
0.5,24,1,256,256,,0,0.5,0.9103309976433279,0.06985078413177973,2,sum,1,0.9227532311391644,0.795869737887212,0.7146932952924394,0.8978494623655914
0.5,24,1,256,256,,0,0.5,0.9103309976433279,0.06985078413177973,3,sum,1,0.9197475202885482,0.7879269261318507,0.7075606276747504,0.8888888888888888
0.5,24,1,256,256,,0,0.5,0.9103309976433279,0.06985078413177973,4,sum,1,0.9185452359483017,0.7847498014297061,0.7047075606276747,0.8853046594982079
0.5,24,1,256,256,,0,0.5,0.9103309976433279,0.06985078413177973,5,sum,1,0.9197475202885482,0.7879269261318507,0.7075606276747504,0.8888888888888888
