alpha,K,layers,hidden_channels,out_channels,norm,dropout,margin,lpl_weight,ratio,seed,aggregation,pos_weight,accuracy,f1,recall,precision
0.8765329963600788,18,1,128,256,graphnorm,0.2078558402798752,0.5065970916456187,0.13033002762029813,0.21508334598487566,1,sum,1,0.9209498046287947,0.8177408177408177,0.8416547788873039,0.7951482479784366
0.8765329963600788,18,1,128,256,graphnorm,0.2078558402798752,0.5065970916456187,0.13033002762029813,0.21508334598487566,2,sum,1,0.9224526600541028,0.8188202247191011,0.8316690442225392,0.8063623789764869
0.8765329963600788,18,1,128,256,graphnorm,0.2078558402798752,0.5065970916456187,0.13033002762029813,0.21508334598487566,3,sum,1,0.9341749323715058,0.8494845360824742,0.8815977175463623,0.8196286472148541
0.8765329963600788,18,1,128,256,graphnorm,0.2078558402798752,0.5065970916456187,0.13033002762029813,0.21508334598487566,4,sum,1,0.9251577998196574,0.8264808362369338,0.8459343794579173,0.8079019073569482
0.8765329963600788,18,1,128,256,graphnorm,0.2078558402798752,0.5065970916456187,0.13033002762029813,0.21508334598487566,5,sum,1,0.9203486624586715,0.8148148148148148,0.8316690442225392,0.7986301369863014
