K,layers,hidden_channels,out_channels,norm,lr,treatment,dropout,ratio,seed,aggregation,model_type,batch_size,rate_pairs,clusters,sampling,num_epochs,anomaly_detector,accuracy,f1,recall,precision,losses,test_accuracy,test_f1,test_recall,test_precision
3,2,256,64,,0.005,removal,0,0.1923055526189986,654,mean,GATConv,2048,10,50,sage,100,nearest_neighbors,nan,0.0,0.0,0.0,"[1.37115478515625, 1.282743215560913, 1.3059410452842712, 1.286315679550171, 1.2797521948814392, 1.2719058990478516, 1.2632876634597778, 1.2626224160194397, 1.2723163962364197, 1.2636929750442505, 1.2295571565628052, 1.232753872871399, 1.240753412246704, 1.226588487625122, 1.2332825064659119, 1.208060085773468, 1.219426691532135, 1.2116256356239319, 1.1887728571891785, 1.196952998638153, 1.1884747743606567, 1.1825976967811584, 1.178889513015747, 1.165910542011261, 1.1605579257011414, 1.1504448652267456, 1.1680567264556885, 1.1578981280326843, 1.1287752985954285, 1.1471976041793823, 1.1205761432647705, 1.1101646423339844, 1.1270393133163452, 1.105573296546936, 1.113209843635559, 1.0911198854446411, 1.1136696338653564, 1.0675330758094788, 1.0626032948493958, 1.0639241337776184, 1.0641947984695435, 1.047891914844513, 1.0504965782165527, 1.0467217564582825, 1.0225274562835693, 1.0431885123252869, 1.0244125723838806, 1.0245827734470367, 1.033410668373108, 1.0064424574375153, 1.0085928440093994, 0.991988867521286, 0.9825111925601959, 0.9729050397872925, 0.9892269670963287, 0.9702766239643097, 0.9727154970169067, 0.9715909659862518, 0.9618598222732544, 0.9572050273418427, 0.943080723285675, 0.9433304965496063, 0.9289838969707489, 0.9378224313259125, 0.9162063598632812, 0.8980793058872223, 0.9138021767139435, 0.8985499143600464, 0.8855783045291901, 0.8887246549129486, 0.8917759358882904, 0.8744658529758453, 0.8695395290851593, 0.8780119717121124, 0.8585957884788513, 0.8436778485774994, 0.8595611453056335, 0.8529660701751709, 0.833647608757019, 0.8209481537342072, 0.8150306940078735, 0.8240618109703064, 0.825866311788559, 0.8162844777107239, 0.8080497682094574, 0.8107299506664276, 0.7897126078605652, 0.7878735661506653, 0.7866552472114563, 0.7852261662483215, 0.7702576518058777, 0.7601090371608734, 0.7721768915653229, 0.7715580761432648, 0.7451303899288177, 0.7512127161026001, 0.7443346083164215, 0.7386268377304077, 0.7326822280883789, 0.7341307103633881]",0.9294591871011085,0.7075208913649025,0.7236467236467237,0.6920980926430518
