K,layers,hidden_channels,out_channels,norm,lr,treatment,dropout,ratio,seed,aggregation,model_type,batch_size,rate_pairs,reliable_mini_batch,clusters,pos_weight,accuracy,f1,recall,precision,losses
6,1,256,64,,0.008392364636018406,removal,0,0.1083561582082886,654,mean,GATConv,10,6,True,100,0.49350585369859623,0.9311692215208897,0.8329686360320934,0.8145506419400856,0.8522388059701492,"[4.806579262018204, 4.452762752771378, 4.315072387456894, 4.193410038948059, 4.087444558739662, 3.934432804584503, 3.7085557132959366, 3.577591598033905, 3.562647819519043, 3.337716057896614, 3.3742271661758423, 3.138209894299507, 2.926328480243683, 2.8451037257909775, 2.660380035638809, 2.536098390817642, 2.3773122131824493, 2.252804785966873, 2.1753886938095093, 1.9972615540027618, 1.892666518688202, 1.8250640481710434, 1.7230529934167862, 1.6381314992904663, 1.495281420648098, 1.482164390385151, 1.3745378479361534, 1.2879599556326866, 1.243281103670597, 1.1865456104278564, 1.1116896346211433, 1.0405369400978088, 0.9951868429780006, 0.970928855240345, 0.9304321855306625, 0.8740522786974907, 0.8290988430380821, 0.8196329772472382, 0.7627623900771141, 0.7363576143980026, 0.7086455188691616, 0.6909638792276382, 0.6653579063713551, 0.6236293576657772, 0.6188562847673893, 0.5853138044476509, 0.5699653699994087, 0.542163148522377, 0.5114615894854069, 0.5027941055595875]"
