alpha,K,layers,hidden_channels,out_channels,norm,dropout,margin,lpl_weight,ratio,seed,aggregation,pos_weight,accuracy,f1,recall,precision
0.5,16,2,256,128,,0.32129766069720817,0.5,0.9571596322562081,0.1780261988285691,1,sum,1,0.92936579501052,0.8366921473245309,0.8587731811697575,0.8157181571815718
0.5,16,2,256,128,,0.32129766069720817,0.5,0.9571596322562081,0.1780261988285691,2,sum,1,0.9350766456266907,0.8506224066390041,0.8773181169757489,0.825503355704698
0.5,16,2,256,128,,0.32129766069720817,0.5,0.9571596322562081,0.1780261988285691,3,sum,1,0.9335737902013826,0.848318462594372,0.8815977175463623,0.8174603174603174
0.5,16,2,256,128,,0.32129766069720817,0.5,0.9571596322562081,0.1780261988285691,4,sum,1,0.935677787796814,0.8503496503496504,0.8673323823109843,0.8340192043895748
0.5,16,2,256,128,,0.32129766069720817,0.5,0.9571596322562081,0.1780261988285691,5,sum,1,0.9326720769461978,0.8437935843793585,0.8630527817403709,0.82537517053206
