K,layers,hidden_channels,out_channels,norm,lr,treatment,dropout,ratio,seed,aggregation,model_type,batch_size,rate_pairs,clusters,sampling,num_epochs,anomaly_detector,accuracy,f1,recall,precision,losses,test_accuracy,test_f1,test_recall,test_precision
4,1,64,256,,0.003417028154853519,removal,0,0.2550274990215773,654,mean,GCNConv,1024,11,300,sage,100,nearest_neighbors,0.6931818181818182,0.8187919463087249,0.6931818181818182,1.0,"[3.7601251006126404, 3.649403691291809, 3.7159841656684875, 3.5829156637191772, 3.620221734046936, 3.5173450112342834, 3.4885358810424805, 3.4696181416511536, 3.5313059091567993, 3.530859887599945, 3.5105021595954895, 3.4012301564216614, 3.2607918977737427, 3.374298632144928, 3.370848000049591, 3.2664695382118225, 3.3052420020103455, 3.242856800556183, 3.2651190161705017, 3.2542355060577393, 3.187196135520935, 3.2206592559814453, 3.1412482261657715, 3.0335810780525208, 3.1038087606430054, 3.0979564785957336, 3.071904957294464, 3.1093884706497192, 3.091567814350128, 3.0563511848449707, 3.009058356285095, 2.9719881415367126, 3.04433810710907, 2.819032669067383, 2.9982582926750183, 2.9298216700553894, 2.9111273288726807, 2.8910565972328186, 2.9039902091026306, 2.7516791224479675, 2.7526975274086, 2.7385448813438416, 2.65906298160553, 2.607803463935852, 2.596648693084717, 2.6616998314857483, 2.679950535297394, 2.607288360595703, 2.5712165236473083, 2.5347262620925903, 2.5045122504234314, 2.531004011631012, 2.561188578605652, 2.471399188041687, 2.5331189036369324, 2.412138819694519, 2.410454571247101, 2.4046883583068848, 2.3790432810783386, 2.3003864884376526, 2.3183189630508423, 2.298049509525299, 2.3049314618110657, 2.3079469203948975, 2.260904371738434, 2.2516664266586304, 2.1595083475112915, 2.2095852494239807, 2.162930905818939, 2.10651034116745, 2.149140238761902, 2.091016113758087, 2.072558104991913, 2.066494256258011, 2.138056218624115, 2.0873249769210815, 2.033484607934952, 1.9850671291351318, 1.9758315980434418, 1.9700393974781036, 1.932155191898346, 1.892728865146637, 1.8940134346485138, 1.8783793151378632, 1.9339632093906403, 1.8320746421813965, 1.8562516272068024, 1.7701861262321472, 1.8380092978477478, 1.8502087891101837, 1.7694751918315887, 1.7025434970855713, 1.7287344634532928, 1.7520873844623566, 1.7136200666427612, 1.6626498401165009, 1.6560016870498657, 1.6930039525032043, 1.6766475141048431, 1.628970742225647]",0.9311692215208897,0.8356066044508256,0.8302425106990015,0.8410404624277457
