K,layers,hidden_channels,out_channels,norm,lr,treatment,dropout,ratio,seed,aggregation,model_type,batch_size,rate_pairs,clusters,sampling,num_epochs,anomaly_detector,accuracy,f1,recall,precision,losses
3,2,64,128,,0.0014216915971292372,removal,0,0.16017691281767732,654,mean,GATConv,1024,6,100,sage,100,nearest_neighbors,0.92936579501052,0.8244958924570575,0.7874465049928673,0.8652037617554859,"[2.92525053024292, 2.719490706920624, 2.7098716497421265, 2.7362301349639893, 2.7350656390190125, 2.744502007961273, 2.7424681186676025, 2.6635119318962097, 2.7127591371536255, 2.665673315525055, 2.689476251602173, 2.6913933157920837, 2.5753697752952576, 2.6805569529533386, 2.813081204891205, 2.731671452522278, 2.70497465133667, 2.6143009066581726, 2.6757203936576843, 2.6473093032836914, 2.7205177545547485, 2.657663881778717, 2.678203761577606, 2.6842697858810425, 2.566242516040802, 2.5570261478424072, 2.5710801482200623, 2.4806966185569763, 2.5900757908821106, 2.534869372844696, 2.613866150379181, 2.563339948654175, 2.5295602083206177, 2.5454739928245544, 2.556717038154602, 2.5767460465431213, 2.530907392501831, 2.472568690776825, 2.3835500478744507, 2.4280277490615845, 2.493566334247589, 2.501151740550995, 2.5072836875915527, 2.4689512252807617, 2.4204236268997192, 2.3836761713027954, 2.408747375011444, 2.412296235561371, 2.4176794290542603, 2.4089909195899963, 2.317042887210846, 2.335883617401123, 2.2759786248207092, 2.3764196038246155, 2.4109818935394287, 2.3622593879699707, 2.3541922569274902, 2.27452951669693, 2.3779149055480957, 2.3503602743148804, 2.269652843475342, 2.295353651046753, 2.2406340837478638, 2.3981648683547974, 2.254261076450348, 2.3253236413002014, 2.2531462907791138, 2.2762011885643005, 2.209000885486603, 2.2376288771629333, 2.237515389919281, 2.223622143268585, 2.191591262817383, 2.2268758416175842, 2.308397591114044, 2.251215636730194, 2.193196177482605, 2.1314643025398254, 2.234494984149933, 2.1256872415542603, 2.159668743610382, 2.172749161720276, 2.2073007822036743, 2.1696033477783203, 2.156709313392639, 2.149219572544098, 2.139694631099701, 2.0637577772140503, 2.06939160823822, 2.108099043369293, 2.030226618051529, 2.0850948691368103, 2.0908355116844177, 2.0721184611320496, 2.056532561779022, 2.0703286826610565, 2.120007663965225, 2.021289050579071, 2.0605383217334747, 1.9814810156822205]"
