K,layers,hidden_channels,out_channels,norm,lr,treatment,dropout,ratio,seed,aggregation,model_type,batch_size,rate_pairs,clusters,sampling,num_epochs,anomaly_detector,accuracy,f1,recall,precision,losses,test_accuracy,test_f1,test_recall,test_precision
5,1,256,64,,0.005,removal,0,0.16711599272693722,654,mean,GATConv,2048,10,50,sage,50,nearest_neighbors,nan,0.0,0.0,0.0,"[7.2410948276519775, 7.540132999420166, 7.115987062454224, 6.966461658477783, 7.22542667388916, 7.13104772567749, 7.099871397018433, 7.126497268676758, 7.120115756988525, 7.183639764785767, 7.196461200714111, 7.115298509597778, 7.129229307174683, 6.96832537651062, 6.787697792053223, 7.02093243598938, 6.924384832382202, 6.822832345962524, 6.68861198425293, 6.706151485443115, 6.985560894012451, 6.642151832580566, 6.825268983840942, 6.735395669937134, 6.746506929397583, 6.600710391998291, 6.664554595947266, 6.7260048389434814, 6.611122131347656, 6.591813087463379, 6.463179588317871, 6.560409307479858, 6.62641716003418, 6.373959302902222, 6.442442178726196, 6.41933536529541, 6.539126873016357, 6.3607728481292725, 6.353589773178101, 6.265110731124878, 6.230250835418701, 6.324028730392456, 6.227060079574585, 6.289238214492798, 5.998626470565796, 6.1148295402526855, 6.1097986698150635, 6.114422082901001, 6.056766033172607, 5.939017057418823]",0.9240846489754787,0.7002652519893899,0.7521367521367521,0.6550868486352357
