alpha,K,layers,hidden_channels,out_channels,norm,dropout,margin,lpl_weight,ratio,seed,aggregation,pos_weight,accuracy,f1,recall,precision
0.5,20,1,256,256,,0.1612541123723438,0.5,0.5391520871683604,0.16810338117284382,1,sum,1,0.9311692215208897,0.8353702372393961,0.8288159771754636,0.8420289855072464
0.5,20,1,256,256,,0.1612541123723438,0.5,0.5391520871683604,0.16810338117284382,2,sum,1,0.9278629395852119,0.8230088495575221,0.7960057061340942,0.8519083969465648
0.5,20,1,256,256,,0.1612541123723438,0.5,0.5391520871683604,0.16810338117284382,3,sum,1,0.9278629395852119,0.8219584569732937,0.7902995720399429,0.8562596599690881
0.5,20,1,256,256,,0.1612541123723438,0.5,0.5391520871683604,0.16810338117284382,4,sum,1,0.9284640817553351,0.8257686676427526,0.8045649072753209,0.8481203007518797
0.5,20,1,256,256,,0.1612541123723438,0.5,0.5391520871683604,0.16810338117284382,5,sum,1,0.9272617974150886,0.8220588235294117,0.797432239657632,0.8482549317147192
