alpha,K,layers,hidden_channels,out_channels,norm,dropout,margin,lpl_weight,ratio,seed,aggregation,pos_weight,accuracy,f1,recall,precision
0.7757291162827575,17,1,256,128,,0.3241161091170019,0.5202580765712279,0.9193952668438651,0.11908467570047099,1,sum,1,0.9383829275623685,0.8473566641846612,0.81169757489301,0.8862928348909658
0.7757291162827575,17,1,256,128,,0.3241161091170019,0.5202580765712279,0.9193952668438651,0.11908467570047099,2,sum,1,0.9413886384129847,0.8558758314855875,0.8259629101283881,0.8880368098159509
0.7757291162827575,17,1,256,128,,0.3241161091170019,0.5202580765712279,0.9193952668438651,0.11908467570047099,3,sum,1,0.9422903516681695,0.857566765578635,0.8245363766048502,0.893353941267388
0.7757291162827575,17,1,256,128,,0.3241161091170019,0.5202580765712279,0.9193952668438651,0.11908467570047099,4,sum,1,0.9440937781785392,0.8614008941877794,0.8245363766048502,0.9017160686427457
0.7757291162827575,17,1,256,128,,0.3241161091170019,0.5202580765712279,0.9193952668438651,0.11908467570047099,5,sum,1,0.9380823564773069,0.8480825958702065,0.8202567760342369,0.8778625954198473
