alpha,K,layers,hidden_channels,out_channels,norm,dropout,margin,lpl_weight,ratio,seed,aggregation,pos_weight,accuracy,f1,recall,precision
0.9101978655100389,21,1,256,128,,0.2750891578264735,0.09341945825322473,0.7887057959625031,0.13559818278406727,1,sum,1,0.9200480913736099,0.8003003003003003,0.760342368045649,0.8446909667194928
0.9101978655100389,21,1,256,128,,0.2750891578264735,0.09341945825322473,0.7887057959625031,0.13559818278406727,2,sum,1,0.9296663660955816,0.8221884498480243,0.7717546362339515,0.8796747967479674
0.9101978655100389,21,1,256,128,,0.2750891578264735,0.09341945825322473,0.7887057959625031,0.13559818278406727,3,sum,1,0.9326720769461978,0.8295281582952816,0.7774607703281027,0.8890701468189234
0.9101978655100389,21,1,256,128,,0.2750891578264735,0.09341945825322473,0.7887057959625031,0.13559818278406727,4,sum,1,0.9338743612864443,0.8343373493975904,0.7902995720399429,0.8835725677830941
0.9101978655100389,21,1,256,128,,0.2750891578264735,0.09341945825322473,0.7887057959625031,0.13559818278406727,5,sum,1,0.9245566576495341,0.8091254752851711,0.7589158345221113,0.8664495114006515
