alpha,K,layers,hidden_channels,out_channels,norm,dropout,margin,lpl_weight,ratio,seed,aggregation,pos_weight,accuracy,f1,recall,precision
0.9533784138459362,18,1,128,64,graphnorm,0.15053993225893844,0.5222567528985601,0.2467509409995545,0.12405060802059771,1,sum,1,0.9221520889690412,0.8033409263477601,0.7546362339514978,0.8587662337662337
0.9533784138459362,18,1,128,64,graphnorm,0.15053993225893844,0.5222567528985601,0.2467509409995545,0.12405060802059771,2,sum,1,0.9347760745416291,0.836719337848006,0.7931526390870185,0.8853503184713376
0.9533784138459362,18,1,128,64,graphnorm,0.15053993225893844,0.5222567528985601,0.2467509409995545,0.12405060802059771,3,sum,1,0.9353772167117523,0.8391922213911742,0.8002853067047075,0.8820754716981132
0.9533784138459362,18,1,128,64,graphnorm,0.15053993225893844,0.5222567528985601,0.2467509409995545,0.12405060802059771,4,sum,1,0.9320709347760745,0.8318452380952381,0.797432239657632,0.8693623639191291
0.9533784138459362,18,1,128,64,graphnorm,0.15053993225893844,0.5222567528985601,0.2467509409995545,0.12405060802059771,5,sum,1,0.9305680793507665,0.8264462809917356,0.7845934379457917,0.873015873015873
