alpha,K,layers,hidden_channels,out_channels,norm,dropout,margin,lpl_weight,ratio,seed,aggregation,pos_weight,accuracy,f1,recall,precision
0.8147120402853898,19,1,256,128,,0.3138543596075042,0.5459366762702349,0.8361694511265612,0.1283674034814272,1,sum,1,0.9359783588818755,0.8446389496717724,0.8259629101283881,0.8641791044776119
0.8147120402853898,19,1,256,128,,0.3138543596075042,0.5459366762702349,0.8361694511265612,0.1283674034814272,2,sum,1,0.9383829275623685,0.8504741064916119,0.8316690442225392,0.8701492537313433
0.8147120402853898,19,1,256,128,,0.3138543596075042,0.5459366762702349,0.8361694511265612,0.1283674034814272,3,sum,1,0.9398857829876766,0.8535871156661786,0.8316690442225392,0.8766917293233083
0.8147120402853898,19,1,256,128,,0.3138543596075042,0.5459366762702349,0.8361694511265612,0.1283674034814272,4,sum,1,0.9443943492636009,0.8628613787991104,0.8302425106990015,0.8981481481481481
0.8147120402853898,19,1,256,128,,0.3138543596075042,0.5459366762702349,0.8361694511265612,0.1283674034814272,5,sum,1,0.9350766456266907,0.8411764705882353,0.8159771754636234,0.8679817905918058
