alpha,K,layers,hidden_channels,out_channels,norm,dropout,margin,lpl_weight,ratio,seed,aggregation,pos_weight,accuracy,f1,recall,precision
0.5,22,1,256,256,,0.055388898564019996,0.5,0.6172178673355575,0.05607462095281529,1,sum,1,0.9158400961827472,0.7674418604651163,0.6590584878744651,0.9184890656063618
0.5,22,1,256,256,,0.055388898564019996,0.5,0.6172178673355575,0.05607462095281529,2,sum,1,0.916741809437932,0.770885028949545,0.6647646219686163,0.9173228346456693
0.5,22,1,256,256,,0.055388898564019996,0.5,0.6172178673355575,0.05607462095281529,3,sum,1,0.9164412383528705,0.771004942339374,0.6676176890156919,0.9122807017543859
0.5,22,1,256,256,,0.055388898564019996,0.5,0.6172178673355575,0.05607462095281529,4,sum,1,0.9143372407574392,0.7638773819386909,0.6576319543509273,0.9110671936758893
0.5,22,1,256,256,,0.055388898564019996,0.5,0.6172178673355575,0.05607462095281529,5,sum,1,0.9131349564171927,0.7589658048373644,0.6490727532097005,0.9136546184738956
