alpha,K,layers,hidden_channels,out_channels,norm,dropout,margin,lpl_weight,ratio,seed,aggregation,pos_weight,accuracy,f1,recall,precision
0.5,21,1,256,256,,0,0.5,0.9216997634254455,0.2152232680354872,1,mean,1,0.9296663660955816,0.8352112676056338,0.8459343794579173,0.8247566063977747
0.5,21,1,256,256,,0,0.5,0.9216997634254455,0.2152232680354872,2,mean,1,0.9269612263300271,0.82899366643209,0.8402282453637661,0.8180555555555555
0.5,21,1,256,256,,0,0.5,0.9216997634254455,0.2152232680354872,3,mean,1,0.9278629395852119,0.828080229226361,0.8245363766048502,0.8316546762589928
0.5,21,1,256,256,,0,0.5,0.9216997634254455,0.2152232680354872,4,mean,1,0.9239555154794109,0.8175919250180245,0.8088445078459344,0.826530612244898
0.5,21,1,256,256,,0,0.5,0.9216997634254455,0.2152232680354872,5,mean,1,0.9284640817553351,0.8326300984528833,0.8445078459343794,0.8210818307905686
