alpha,K,layers,hidden_channels,out_channels,norm,dropout,margin,lpl_weight,ratio,seed,aggregation,pos_weight,accuracy,f1,recall,precision
0.5,21,2,128,128,,0.18540137472783147,0.5,0.19323097830143401,0.2366049682144155,1,sum,1,0.9104298166516381,0.7901408450704225,0.8002853067047075,0.780250347705146
0.5,21,2,128,128,,0.18540137472783147,0.5,0.19323097830143401,0.2366049682144155,2,sum,1,0.9104298166516381,0.7989203778677463,0.8445078459343794,0.7580025608194623
0.5,21,2,128,128,,0.18540137472783147,0.5,0.19323097830143401,0.2366049682144155,3,sum,1,0.9047189660354674,0.7862440997977074,0.8316690442225392,0.7455242966751918
0.5,21,2,128,128,,0.18540137472783147,0.5,0.19323097830143401,0.2366049682144155,4,sum,1,0.9092275323113916,0.7891061452513967,0.8059914407988588,0.7729138166894665
0.5,21,2,128,128,,0.18540137472783147,0.5,0.19323097830143401,0.2366049682144155,5,sum,1,0.9134355275022543,0.7983193277310925,0.8131241084165478,0.7840440165061898
