K,layers,hidden_channels,out_channels,norm,lr,treatment,dropout,ratio,seed,aggregation,model_type,batch_size,rate_pairs,reliable_mini_batch,clusters,pos_weight,accuracy,f1,recall,precision,losses
6,1,256,256,,0.0010301901063467854,removal,0,0.1301392757295599,654,mean,SAGEConv,15,9,True,100,0.7963923028300688,0.9338743612864443,0.8360655737704918,0.8002853067047075,0.875195007800312,"[5.086243212223053, 4.4390469789505005, 4.801933765411377, 4.634614408016205, 4.562234580516815, 4.537284553050995, 4.492750763893127, 4.525058031082153, 4.604933381080627, 4.737679809331894, 4.7370429039001465, 4.4052414894104, 4.67762166261673, 4.619371294975281, 4.304847896099091, 4.682229042053223, 4.340064764022827, 4.3208237290382385, 4.356133729219437, 4.508464068174362, 4.287512391805649, 4.393313765525818, 4.432888299226761, 4.45138755440712, 4.548309326171875, 4.275781452655792, 4.48786073923111, 4.269975483417511, 4.237399876117706, 4.3491761684417725, 4.298317909240723, 4.477929532527924, 4.390286147594452, 4.2552008628845215, 4.184212505817413, 4.203784883022308, 4.2564045786857605, 4.169294059276581, 4.269359469413757, 4.11395937204361, 4.232341021299362, 4.243446439504623, 4.234054386615753, 4.206671744585037, 4.133450746536255, 4.159062564373016, 4.175747334957123, 4.293704152107239, 4.094898998737335, 4.102474212646484]"
