K,layers,hidden_channels,out_channels,norm,lr,treatment,dropout,ratio,seed,aggregation,model_type,batch_size,rate_pairs,clusters,sampling,num_epochs,anomaly_detector,accuracy,f1,recall,precision,losses,test_accuracy,test_f1,test_recall,test_precision
20,2,256,64,,0.005,removal,0,0.1969366556497728,654,mean,GCNConv,1024,10,50,sage,50,nearest_neighbors,nan,0.0,0.0,0.0,"[9.404186487197876, 10.365949630737305, 9.817875862121582, 9.65552806854248, 10.663515567779541, 9.63050889968872, 9.356827735900879, 9.8901846408844, 9.277040481567383, 9.664066314697266, 9.144997000694275, 9.434547185897827, 8.880059957504272, 9.510362148284912, 8.939902782440186, 9.155262231826782, 9.715551376342773, 8.961244344711304, 8.47337257862091, 9.75023889541626, 9.301264643669128, 8.91224217414856, 8.87164032459259, 9.037753105163574, 8.778486728668213, 9.175742268562317, 8.897644400596619, 8.554688334465027, 9.662142872810364, 8.786738395690918, 9.038367509841919, 8.92681896686554, 8.241561651229858, 8.31516981124878, 8.693997621536255, 7.944958329200745, 8.237196803092957, 8.008293867111206, 7.918521285057068, 8.067403316497803, 8.144711971282959, 8.195775151252747, 8.043211221694946, 7.940522909164429, 8.297328114509583, 7.695787191390991, 7.896106719970703, 7.63424551486969, 7.912680506706238, 7.638954997062683]",0.9318105475310715,0.6947368421052632,0.6581196581196581,0.7356687898089171
