alpha,K,layers,hidden_channels,out_channels,norm,dropout,margin,lpl_weight,ratio,seed,aggregation,pos_weight,accuracy,f1,recall,precision
0.5,20,2,256,128,,0.3052400901689146,0.5,0.3640414286689304,0.102186147407598,1,sum,1,0.933273219116321,0.8318181818181818,0.7831669044222539,0.8869143780290791
0.5,20,2,256,128,,0.3052400901689146,0.5,0.3640414286689304,0.102186147407598,2,sum,1,0.9392846408175534,0.8458015267175573,0.7902995720399429,0.909688013136289
0.5,20,2,256,128,,0.3052400901689146,0.5,0.3640414286689304,0.102186147407598,3,sum,1,0.9362789299669372,0.8391502276176024,0.7888730385164051,0.8962722852512156
0.5,20,2,256,128,,0.3052400901689146,0.5,0.3640414286689304,0.102186147407598,4,sum,1,0.9416892094980462,0.8528072837632777,0.8017118402282454,0.9108589951377634
0.5,20,2,256,128,,0.3052400901689146,0.5,0.3640414286689304,0.102186147407598,5,sum,1,0.9353772167117523,0.8379804069329314,0.7931526390870185,0.8881789137380192
