alpha,K,layers,hidden_channels,out_channels,norm,dropout,margin,lpl_weight,ratio,seed,aggregation,pos_weight,accuracy,f1,recall,precision
0.5,19,1,256,256,,0.21653637364154366,0.5,0.871747371659899,0.17257033364508872,1,sum,1,0.931770363691013,0.8339429407461595,0.8131241084165478,0.8558558558558559
0.5,19,1,256,256,,0.21653637364154366,0.5,0.871747371659899,0.17257033364508872,2,sum,1,0.9215509467989179,0.8073800738007381,0.7803138373751783,0.8363914373088684
0.5,19,1,256,256,,0.21653637364154366,0.5,0.871747371659899,0.17257033364508872,3,sum,1,0.9278629395852119,0.8211624441132638,0.7860199714693296,0.859594383775351
0.5,19,1,256,256,,0.21653637364154366,0.5,0.871747371659899,0.17257033364508872,4,sum,1,0.9224526600541028,0.8114035087719298,0.7917261055634808,0.8320839580209896
0.5,19,1,256,256,,0.21653637364154366,0.5,0.871747371659899,0.17257033364508872,5,sum,1,0.92936579501052,0.8244958924570575,0.7874465049928673,0.8652037617554859
