alpha,K,layers,hidden_channels,out_channels,norm,dropout,margin,lpl_weight,ratio,seed,aggregation,pos_weight,accuracy,f1,recall,precision
0.5,21,1,128,256,,0,0.5,0.893835662457344,0.21252789258211988,1,mean,1,0.9062218214607755,0.7739130434782608,0.7617689015691869,0.7864506627393225
0.5,21,1,128,256,,0,0.5,0.893835662457344,0.21252789258211988,2,mean,1,0.8957018334836189,0.7605244996549344,0.7860199714693296,0.7366310160427807
0.5,21,1,128,256,,0,0.5,0.893835662457344,0.21252789258211988,3,mean,1,0.886985272016832,0.7381615598885793,0.7560627674750356,0.7210884353741497
0.5,21,1,128,256,,0,0.5,0.893835662457344,0.21252789258211988,4,mean,1,0.8776675683799219,0.7115520907158044,0.7161198288159771,0.7070422535211267
0.5,21,1,128,256,,0,0.5,0.893835662457344,0.21252789258211988,5,mean,1,0.8827772768259693,0.717391304347826,0.7061340941512125,0.7290132547864506
