alpha,K,layers,hidden_channels,out_channels,norm,dropout,margin,lpl_weight,ratio,seed,aggregation,pos_weight,accuracy,f1,recall,precision
0.5,20,1,256,128,,0,0.5,0.9581480578790037,0.21847736403390336,1,mean,1,0.9200480913736099,0.802962962962963,0.7731811697574893,0.8351309707241911
0.5,20,1,256,128,,0,0.5,0.9581480578790037,0.21847736403390336,2,mean,1,0.919146378118425,0.803218727139722,0.7831669044222539,0.8243243243243243
0.5,20,1,256,128,,0,0.5,0.9581480578790037,0.21847736403390336,3,mean,1,0.9203486624586715,0.8052902277736959,0.7817403708987162,0.8303030303030303
0.5,20,1,256,128,,0,0.5,0.9581480578790037,0.21847736403390336,4,mean,1,0.919146378118425,0.798501872659176,0.760342368045649,0.8406940063091483
0.5,20,1,256,128,,0,0.5,0.9581480578790037,0.21847736403390336,5,mean,1,0.9218515178839796,0.8068350668647846,0.7746077032810271,0.8418604651162791
