alpha,K,layers,hidden_channels,out_channels,norm,dropout,margin,lpl_weight,ratio,seed,aggregation,pos_weight,accuracy,f1,recall,precision
0.5,25,2,256,256,,0.28835043579898334,0.5,0.9042345366260369,0.08910675243650619,1,sum,1,0.9365795010519988,0.8357976653696498,0.7660485021398002,0.9195205479452054
0.5,25,2,256,256,,0.28835043579898334,0.5,0.9042345366260369,0.08910675243650619,2,sum,1,0.9368800721370604,0.8367029548989113,0.7674750356633381,0.9196581196581196
0.5,25,2,256,256,,0.28835043579898334,0.5,0.9042345366260369,0.08910675243650619,3,sum,1,0.9386834986474302,0.8411214953271028,0.7703281027104137,0.9262435677530018
0.5,25,2,256,256,,0.28835043579898334,0.5,0.9042345366260369,0.08910675243650619,4,sum,1,0.9413886384129847,0.8482490272373541,0.7774607703281027,0.9332191780821918
0.5,25,2,256,256,,0.28835043579898334,0.5,0.9042345366260369,0.08910675243650619,5,sum,1,0.9329726480312593,0.8267288267288267,0.7589158345221113,0.9078498293515358
