alpha,K,layers,hidden_channels,out_channels,norm,dropout,margin,lpl_weight,ratio,seed,aggregation,pos_weight,accuracy,f1,recall,precision
0.5,24,1,256,256,,0,0.5,0.9271466348868973,0.175175868010298,1,sum,1,0.9233543733092876,0.8169418521177315,0.81169757489301,0.8222543352601156
0.5,24,1,256,256,,0,0.5,0.9271466348868973,0.175175868010298,2,sum,1,0.933273219116321,0.8405172413793104,0.8345221112696148,0.8465991316931982
0.5,24,1,256,256,,0,0.5,0.9271466348868973,0.175175868010298,3,sum,1,0.9299669371806433,0.8315256688358641,0.8202567760342369,0.843108504398827
0.5,24,1,256,256,,0,0.5,0.9271466348868973,0.175175868010298,4,sum,1,0.9296663660955816,0.8289473684210527,0.8088445078459344,0.8500749625187406
0.5,24,1,256,256,,0,0.5,0.9271466348868973,0.175175868010298,5,sum,1,0.9347760745416291,0.8444444444444444,0.8402282453637661,0.8487031700288185
