alpha,K,layers,hidden_channels,out_channels,norm,dropout,margin,lpl_weight,ratio,seed,aggregation,pos_weight,accuracy,f1,recall,precision
0.7193049903423088,25,1,256,64,,0.12583169670656436,0.5161713420212365,0.9413495828685945,0.1328456900013718,1,sum,1,0.931770363691013,0.8351488743645606,0.8202567760342369,0.8505917159763313
0.7193049903423088,25,1,256,64,,0.12583169670656436,0.5161713420212365,0.9413495828685945,0.1328456900013718,2,sum,1,0.9326720769461978,0.8369723435225619,0.8202567760342369,0.8543833580980683
0.7193049903423088,25,1,256,64,,0.12583169670656436,0.5161713420212365,0.9413495828685945,0.1328456900013718,3,sum,1,0.9323715058611362,0.8375451263537906,0.8273894436519258,0.847953216374269
0.7193049903423088,25,1,256,64,,0.12583169670656436,0.5161713420212365,0.9413495828685945,0.1328456900013718,4,sum,1,0.9359783588818755,0.8453159041394336,0.8302425106990015,0.8609467455621301
0.7193049903423088,25,1,256,64,,0.12583169670656436,0.5161713420212365,0.9413495828685945,0.1328456900013718,5,sum,1,0.9347760745416291,0.8430947216196674,0.8316690442225392,0.8548387096774194
