K,layers,hidden_channels,out_channels,norm,lr,treatment,dropout,ratio,seed,aggregation,model_type,batch_size,rate_pairs,reliable_mini_batch,clusters,accuracy,f1,recall,precision,losses
5,1,64,64,,0.00277369987112947,removal,0,0.17141661447295528,654,mean,GATConv,5,14,True,100,0.9236549443943493,0.8172661870503597,0.8102710413694721,0.8243831640058055,"[16.256069123744965, 16.64933717250824, 15.64194631576538, 15.486022382974625, 15.60604465007782, 15.487868845462799, 14.131103068590164, 14.026874244213104, 14.363814949989319, 13.135160237550735, 13.386262059211731, 13.695706337690353, 13.18137013912201, 12.681983053684235, 11.762203574180603, 11.418949037790298, 11.336497902870178, 11.382493764162064, 10.465395092964172, 10.667805582284927, 10.281489759683609, 9.96160826086998, 9.640364944934845, 9.301411986351013, 8.798441857099533, 8.54365362226963, 8.086729228496552, 8.258352607488632, 7.773318409919739, 6.922324903309345, 7.198744714260101, 6.665003180503845, 6.6290411204099655, 6.436326056718826, 6.35085454583168, 5.9478400349617, 5.594732865691185, 5.5500518232584, 5.478491201996803, 5.146650567650795, 4.88768483325839, 4.992863446474075, 4.993178158998489, 4.665027596056461, 4.438790172338486, 4.247461535036564, 4.342723235487938, 4.053360603749752, 3.748662121593952, 3.7254362255334854]"
