alpha,K,layers,hidden_channels,out_channels,norm,dropout,margin,lpl_weight,ratio,seed,aggregation,pos_weight,accuracy,f1,recall,precision
0.5,15,2,256,128,,0.30580496340374747,0.5,0.8803764117662061,0.15623150024797985,1,sum,1,0.9338743612864443,0.8441926345609065,0.8502139800285307,0.8382559774964838
0.5,15,2,256,128,,0.30580496340374747,0.5,0.8803764117662061,0.15623150024797985,2,sum,1,0.9338743612864443,0.847009735744089,0.8687589158345221,0.8263229308005428
0.5,15,2,256,128,,0.30580496340374747,0.5,0.8803764117662061,0.15623150024797985,3,sum,1,0.9389840697324917,0.8557213930348259,0.8587731811697575,0.8526912181303116
0.5,15,2,256,128,,0.30580496340374747,0.5,0.8803764117662061,0.15623150024797985,4,sum,1,0.9374812143071837,0.8505747126436781,0.8445078459343794,0.8567293777134588
0.5,15,2,256,128,,0.30580496340374747,0.5,0.8803764117662061,0.15623150024797985,5,sum,1,0.9377817853922452,0.8524590163934426,0.8530670470756063,0.8518518518518519
