alpha,K,layers,hidden_channels,out_channels,norm,dropout,margin,lpl_weight,ratio,seed,aggregation,pos_weight,accuracy,f1,recall,precision
0.702484916826071,16,1,256,128,,0.37461208022134845,0.5503274263779973,0.7753745662278779,0.07316387017732173,1,sum,1,0.9311692215208897,0.8157683024939663,0.7232524964336662,0.9354243542435424
0.702484916826071,16,1,256,128,,0.37461208022134845,0.5503274263779973,0.7753745662278779,0.07316387017732173,2,sum,1,0.9377817853922452,0.8340016038492382,0.7417974322396577,0.9523809523809523
0.702484916826071,16,1,256,128,,0.37461208022134845,0.5503274263779973,0.7753745662278779,0.07316387017732173,3,sum,1,0.9326720769461978,0.819935691318328,0.7275320970042796,0.9392265193370166
0.702484916826071,16,1,256,128,,0.37461208022134845,0.5503274263779973,0.7753745662278779,0.07316387017732173,4,sum,1,0.9347760745416291,0.825422365245374,0.7318116975748931,0.9464944649446494
0.702484916826071,16,1,256,128,,0.37461208022134845,0.5503274263779973,0.7753745662278779,0.07316387017732173,5,sum,1,0.9353772167117523,0.8275862068965517,0.7360912981455064,0.945054945054945
