K,layers,hidden_channels,out_channels,norm,lr,treatment,dropout,ratio,seed,aggregation,model_type,batch_size,rate_pairs,clusters,sampling,num_epochs,anomaly_detector,accuracy,f1,recall,precision,losses,test_accuracy,test_f1,test_recall,test_precision
8,1,64,256,,0.006061412009442089,removal,0,0.24049727847116872,654,mean,GCNConv,1024,11,200,sage,100,nearest_neighbors,0.6818181818181818,0.8108108108108109,0.6818181818181818,1.0,"[5.110182881355286, 5.075880408287048, 5.101219534873962, 4.932491779327393, 5.0418877601623535, 4.802571058273315, 4.774962544441223, 4.74999463558197, 4.778019905090332, 4.789469242095947, 4.791607737541199, 4.6625401973724365, 4.338931083679199, 4.519571781158447, 4.557288885116577, 4.368821144104004, 4.425637483596802, 4.374307453632355, 4.363874197006226, 4.287295877933502, 4.209680438041687, 4.265150487422943, 4.128968715667725, 3.9340097308158875, 4.030908226966858, 4.027313053607941, 3.9988595843315125, 4.01716548204422, 4.001560568809509, 3.9000585079193115, 3.847190737724304, 3.805692195892334, 3.8972387313842773, 3.524253010749817, 3.7529154419898987, 3.630789041519165, 3.6259568333625793, 3.5762261152267456, 3.553645431995392, 3.352656304836273, 3.3460792303085327, 3.279332935810089, 3.1713698506355286, 3.0974650979042053, 3.0712215304374695, 3.1358726024627686, 3.1499143838882446, 3.030800938606262, 2.9659690260887146, 2.918505072593689, 2.8551952838897705, 2.8634307384490967, 2.900007903575897, 2.7740330696105957, 2.8181618452072144, 2.665877640247345, 2.6380934715270996, 2.6130932569503784, 2.564754366874695, 2.4694947600364685, 2.476027011871338, 2.42641282081604, 2.4169883728027344, 2.40850967168808, 2.3408799171447754, 2.313365161418915, 2.2068427205085754, 2.2387404441833496, 2.1808201670646667, 2.1028086841106415, 2.1318737268447876, 2.054312914609909, 2.026357203722, 2.0074998140335083, 2.05942839384079, 1.9949686229228973, 1.9305213391780853, 1.8708055913448334, 1.8489099740982056, 1.8301275968551636, 1.7845301628112793, 1.7371991574764252, 1.7245172262191772, 1.702015906572342, 1.7394452691078186, 1.6356728374958038, 1.6456698179244995, 1.558475911617279, 1.6061536371707916, 1.6061443984508514, 1.5298940241336823, 1.46120285987854, 1.4733830392360687, 1.484021246433258, 1.448028951883316, 1.3919695317745209, 1.37735715508461, 1.4019841253757477, 1.3805889785289764, 1.3325773775577545]",0.9326720769461978,0.8379160636758322,0.8259629101283881,0.8502202643171806
