alpha,K,layers,hidden_channels,out_channels,norm,dropout,margin,lpl_weight,ratio,seed,aggregation,pos_weight,accuracy,f1,recall,precision
0.5,22,2,256,256,,0.3436510584738771,0.5,0.8495856437272611,0.06156192446578474,1,sum,1,0.9323715058611362,0.8163265306122449,0.7132667617689016,0.9541984732824428
0.5,22,2,256,256,,0.3436510584738771,0.5,0.8495856437272611,0.06156192446578474,2,sum,1,0.9284640817553351,0.8049180327868852,0.7004279600570613,0.9460500963391136
0.5,22,2,256,256,,0.3436510584738771,0.5,0.8495856437272611,0.06156192446578474,3,sum,1,0.9290652239254583,0.80623973727422,0.7004279600570613,0.9497098646034816
0.5,22,2,256,256,,0.3436510584738771,0.5,0.8495856437272611,0.06156192446578474,4,sum,1,0.9305680793507665,0.8108108108108109,0.7061340941512125,0.9519230769230769
0.5,22,2,256,256,,0.3436510584738771,0.5,0.8495856437272611,0.06156192446578474,5,sum,1,0.9284640817553351,0.8042763157894737,0.6975748930099858,0.9495145631067962
