alpha,K,layers,hidden_channels,out_channels,norm,dropout,margin,lpl_weight,ratio,seed,aggregation,pos_weight,accuracy,f1,recall,precision
0.7263588762449307,18,1,128,256,,0.35933596613393215,0.642466582939236,0.27735338418365296,0.16987846293523404,1,sum,1,0.9224526600541028,0.8151862464183381,0.81169757489301,0.818705035971223
0.7263588762449307,18,1,128,256,,0.35933596613393215,0.642466582939236,0.27735338418365296,0.16987846293523404,2,sum,1,0.9260595130748422,0.8257790368271954,0.8316690442225392,0.819971870604782
0.7263588762449307,18,1,128,256,,0.35933596613393215,0.642466582939236,0.27735338418365296,0.16987846293523404,3,sum,1,0.9194469492034866,0.8093883357041252,0.81169757489301,0.8070921985815603
0.7263588762449307,18,1,128,256,,0.35933596613393215,0.642466582939236,0.27735338418365296,0.16987846293523404,4,sum,1,0.9257589419897806,0.8251946213729653,0.8316690442225392,0.8188202247191011
0.7263588762449307,18,1,128,256,,0.35933596613393215,0.642466582939236,0.27735338418365296,0.16987846293523404,5,sum,1,0.9164412383528705,0.8028368794326242,0.8074179743223966,0.7983074753173484
