K,layers,hidden_channels,out_channels,norm,lr,treatment,dropout,ratio,seed,aggregation,model_type,batch_size,rate_pairs,reliable_mini_batch,clusters,pos_weight,accuracy,f1,recall,precision,losses
5,1,256,64,,0.008683826959601907,removal,0,0.11276859420205722,654,mean,GCNConv,15,9,True,200,0.2675729864743718,0.933273219116321,0.8338323353293413,0.7945791726105563,0.8771653543307086,"[4.2523916363716125, 3.6265475004911423, 3.6054012030363083, 3.4841405749320984, 3.091646283864975, 3.0194567441940308, 2.8605100512504578, 2.6364161670207977, 2.494888089597225, 2.39985828101635, 2.2320358008146286, 1.9932181760668755, 1.8751612231135368, 1.7254922091960907, 1.6401518732309341, 1.5206725895404816, 1.3751469552516937, 1.2541455700993538, 1.1879951506853104, 1.1066534519195557, 1.0142068155109882, 0.9560315646231174, 0.8728436976671219, 0.8390420340001583, 0.7719385474920273, 0.7342530824244022, 0.7099317796528339, 0.6712629161775112, 0.6269147023558617, 0.5870218370109797, 0.568766113370657, 0.5224291682243347, 0.5053580570966005, 0.4845031760632992, 0.4546241033822298, 0.42848311364650726, 0.39782871026545763, 0.40560901165008545, 0.3914003577083349, 0.3584858160465956, 0.34873939864337444, 0.32570989429950714, 0.3325190106406808, 0.3021371439099312, 0.30244382843375206, 0.2904753442853689, 0.27759192511439323, 0.2660744711756706, 0.26360404770821333, 0.25303442496806383]"
