alpha,K,layers,hidden_channels,out_channels,norm,dropout,margin,lpl_weight,ratio,seed,aggregation,pos_weight,accuracy,f1,recall,precision
0.9387946008466233,18,1,128,256,graphnorm,0.1199267408791198,0.5401288211426851,0.22619302789211224,0.10118019520702314,1,sum,1,0.933273219116321,0.8305343511450382,0.776034236804565,0.8932676518883416
0.9387946008466233,18,1,128,256,graphnorm,0.1199267408791198,0.5401288211426851,0.22619302789211224,0.10118019520702314,2,sum,1,0.9353772167117523,0.8360030511060259,0.7817403708987162,0.898360655737705
0.9387946008466233,18,1,128,256,graphnorm,0.1199267408791198,0.5401288211426851,0.22619302789211224,0.10118019520702314,3,sum,1,0.9368800721370604,0.8396946564885496,0.7845934379457917,0.90311986863711
0.9387946008466233,18,1,128,256,graphnorm,0.1199267408791198,0.5401288211426851,0.22619302789211224,0.10118019520702314,4,sum,1,0.9413886384129847,0.851258581235698,0.7960057061340942,0.9147540983606557
0.9387946008466233,18,1,128,256,graphnorm,0.1199267408791198,0.5401288211426851,0.22619302789211224,0.10118019520702314,5,sum,1,0.9350766456266907,0.8353658536585366,0.7817403708987162,0.8968903436988543
