alpha,K,layers,hidden_channels,out_channels,norm,dropout,margin,lpl_weight,ratio,seed,aggregation,pos_weight,accuracy,f1,recall,precision
0.5,21,1,256,256,,0,0.5,0.9537246660018328,0.21681253625910973,1,mean,1,0.9323715058611362,0.8436414176511466,0.8659058487874465,0.8224932249322493
0.5,21,1,256,256,,0,0.5,0.9537246660018328,0.21681253625910973,2,mean,1,0.9236549443943493,0.8213783403656821,0.833095577746077,0.8099861303744799
0.5,21,1,256,256,,0,0.5,0.9537246660018328,0.21681253625910973,3,mean,1,0.9284640817553351,0.8312056737588652,0.8359486447931527,0.8265162200282088
0.5,21,1,256,256,,0,0.5,0.9537246660018328,0.21681253625910973,4,mean,1,0.9242560865644724,0.8227848101265823,0.8345221112696148,0.811373092926491
0.5,21,1,256,256,,0,0.5,0.9537246660018328,0.21681253625910973,5,mean,1,0.9227532311391644,0.8204053109713487,0.8373751783166904,0.8041095890410959
