alpha,K,layers,hidden_channels,out_channels,norm,dropout,margin,lpl_weight,ratio,seed,aggregation,pos_weight,accuracy,f1,recall,precision
0.8425128001490446,19,1,256,128,,0.2966554766850127,0.5731927537558588,0.8369919821465969,0.1437843913640551,1,sum,1,0.9326720769461978,0.8379160636758322,0.8259629101283881,0.8502202643171806
0.8425128001490446,19,1,256,128,,0.2966554766850127,0.5731927537558588,0.8369919821465969,0.1437843913640551,2,sum,1,0.9368800721370604,0.8504273504273504,0.8516405135520685,0.8492176386913229
0.8425128001490446,19,1,256,128,,0.2966554766850127,0.5731927537558588,0.8369919821465969,0.1437843913640551,3,sum,1,0.9380823564773069,0.8534850640113798,0.8559201141226819,0.851063829787234
0.8425128001490446,19,1,256,128,,0.2966554766850127,0.5731927537558588,0.8369919821465969,0.1437843913640551,4,sum,1,0.9416892094980462,0.8592162554426706,0.8445078459343794,0.8744460856720827
0.8425128001490446,19,1,256,128,,0.2966554766850127,0.5731927537558588,0.8369919821465969,0.1437843913640551,5,sum,1,0.937180643222122,0.8490974729241877,0.8388017118402282,0.8596491228070176
