alpha,K,layers,hidden_channels,out_channels,norm,dropout,margin,lpl_weight,ratio,seed,aggregation,pos_weight,accuracy,f1,recall,precision
0.5,23,1,128,128,,0,0.5,0.5,0.15092313980604896,1,sum,1,0.9206492335437331,0.8044444444444444,0.7746077032810271,0.8366718027734977
0.5,23,1,128,128,,0,0.5,0.5,0.15092313980604896,2,sum,1,0.9287646528403968,0.8296189791516895,0.8231098430813124,0.836231884057971
0.5,23,1,128,128,,0,0.5,0.5,0.15092313980604896,3,sum,1,0.9230538022242261,0.8112094395280236,0.7845934379457917,0.8396946564885496
0.5,23,1,128,128,,0,0.5,0.5,0.15092313980604896,4,sum,1,0.9227532311391644,0.8119970738844184,0.7917261055634808,0.8333333333333334
0.5,23,1,128,128,,0,0.5,0.5,0.15092313980604896,5,sum,1,0.9224526600541028,0.8133140376266281,0.8017118402282454,0.8252569750367107
