alpha,K,layers,hidden_channels,out_channels,norm,dropout,margin,lpl_weight,ratio,seed,aggregation,pos_weight,accuracy,f1,recall,precision
0.9610870623524373,18,1,256,128,,0.3368249119486107,0.50721375114184,0.29366924930240607,0.1225216467827535,1,sum,1,0.9359783588818755,0.8411633109619687,0.8045649072753209,0.88125
0.9610870623524373,18,1,256,128,,0.3368249119486107,0.50721375114184,0.29366924930240607,0.1225216467827535,2,sum,1,0.9392846408175534,0.8503703703703703,0.818830242510699,0.884437596302003
0.9610870623524373,18,1,256,128,,0.3368249119486107,0.50721375114184,0.29366924930240607,0.1225216467827535,3,sum,1,0.939585211902615,0.852962692026335,0.8316690442225392,0.8753753753753754
0.9610870623524373,18,1,256,128,,0.3368249119486107,0.50721375114184,0.29366924930240607,0.1225216467827535,4,sum,1,0.9440937781785392,0.8599397590361446,0.8145506419400856,0.9106858054226475
0.9610870623524373,18,1,256,128,,0.3368249119486107,0.50721375114184,0.29366924930240607,0.1225216467827535,5,sum,1,0.939585211902615,0.8514412416851441,0.8216833095577746,0.8834355828220859
