alpha,K,layers,hidden_channels,out_channels,norm,dropout,margin,lpl_weight,ratio,seed,aggregation,pos_weight,accuracy,f1,recall,precision
0.5,22,1,256,256,,0,0.5,0.9482746782717776,0.2315710575864398,1,mean,1,0.9299669371806433,0.837630662020906,0.8573466476462197,0.8188010899182562
0.5,22,1,256,256,,0,0.5,0.9482746782717776,0.2315710575864398,2,mean,1,0.9266606552449654,0.8296089385474861,0.8473609129814551,0.8125854993160054
0.5,22,1,256,256,,0,0.5,0.9482746782717776,0.2315710575864398,3,mean,1,0.9224526600541028,0.8146551724137931,0.8088445078459344,0.8205499276410999
0.5,22,1,256,256,,0,0.5,0.9482746782717776,0.2315710575864398,4,mean,1,0.9233543733092876,0.8202959830866807,0.8302425106990015,0.8105849582172702
0.5,22,1,256,256,,0,0.5,0.9482746782717776,0.2315710575864398,5,mean,1,0.9194469492034866,0.8154269972451791,0.8445078459343794,0.7882822902796272
