alpha,K,layers,hidden_channels,out_channels,norm,dropout,margin,lpl_weight,ratio,seed,aggregation,pos_weight,accuracy,f1,recall,precision
0.5,18,1,256,128,,0.3,0.5,0.9,0.137,1,sum,1,0.9137360985873159,0.7741935483870968,0.7018544935805991,0.8631578947368421
0.5,18,1,256,128,,0.3,0.5,0.9,0.137,2,sum,1,0.9053201082055906,0.7461724415793715,0.6604850213980028,0.8574074074074074
0.5,18,1,256,128,,0.3,0.5,0.9,0.137,3,sum,1,0.9017132551848512,0.7339300244100895,0.6433666191155493,0.8541666666666666
0.5,18,1,256,128,,0.3,0.5,0.9,0.137,4,sum,1,0.9026149684400361,0.7440758293838863,0.6718972895863052,0.8336283185840708
0.5,18,1,256,128,,0.3,0.5,0.9,0.137,5,sum,1,0.9149383829275624,0.773055332798717,0.6875891583452212,0.8827838827838828
