alpha,K,layers,hidden_channels,out_channels,norm,dropout,margin,lpl_weight,ratio,seed,aggregation,pos_weight,accuracy,f1,recall,precision
0.5,15,2,256,128,,0.3267789482129644,0.5,0.9357578199978589,0.1199218074461808,1,sum,1,0.9353772167117523,0.8415622697126013,0.8145506419400856,0.8704268292682927
0.5,15,2,256,128,,0.3267789482129644,0.5,0.9357578199978589,0.1199218074461808,2,sum,1,0.9422903516681695,0.856929955290611,0.8202567760342369,0.8970358814352574
0.5,15,2,256,128,,0.3267789482129644,0.5,0.9357578199978589,0.1199218074461808,3,sum,1,0.9404869251577999,0.8539823008849557,0.8259629101283881,0.8839694656488549
0.5,15,2,256,128,,0.3267789482129644,0.5,0.9357578199978589,0.1199218074461808,4,sum,1,0.9458972046889089,0.8654708520179372,0.8259629101283881,0.9089481946624803
0.5,15,2,256,128,,0.3267789482129644,0.5,0.9357578199978589,0.1199218074461808,5,sum,1,0.9383829275623685,0.8480355819125278,0.8159771754636234,0.8827160493827161
