alpha,K,layers,hidden_channels,out_channels,norm,dropout,margin,lpl_weight,ratio,seed,aggregation,pos_weight,accuracy,f1,recall,precision
0.5,21,1,256,256,,0,0.5,0.9536840907047017,0.22050419486571807,1,mean,1,0.9290652239254583,0.8340365682137834,0.8459343794579173,0.8224687933425797
0.5,21,1,256,256,,0,0.5,0.9536840907047017,0.22050419486571807,2,mean,1,0.9305680793507665,0.8378947368421052,0.8516405135520685,0.824585635359116
0.5,21,1,256,256,,0,0.5,0.9536840907047017,0.22050419486571807,3,mean,1,0.9212503757138564,0.8115107913669065,0.8045649072753209,0.818577648766328
0.5,21,1,256,256,,0,0.5,0.9536840907047017,0.22050419486571807,4,mean,1,0.9236549443943493,0.8211267605633803,0.8316690442225392,0.8108484005563282
0.5,21,1,256,256,,0,0.5,0.9536840907047017,0.22050419486571807,5,mean,1,0.9275623685001503,0.8334485141672425,0.8601997146932953,0.8083109919571045
