K,layers,hidden_channels,out_channels,norm,lr,treatment,dropout,ratio,seed,aggregation,model_type,batch_size,rate_pairs,clusters,sampling,num_epochs,anomaly_detector,accuracy,f1,recall,precision,losses,test_accuracy,test_f1,test_recall,test_precision
5,1,256,256,,0.002992070226136197,removal,0,0.19413393675436907,654,mean,GATConv,512,13,400,sage,100,nearest_neighbors,0.6931818181818182,0.8187919463087249,0.6931818181818182,1.0,"[7.675733745098114, 7.474373161792755, 7.351205587387085, 7.334286212921143, 7.262578070163727, 7.2663684487342834, 7.052012324333191, 6.849594175815582, 6.837231874465942, 6.921245455741882, 6.807030200958252, 6.78022164106369, 6.795465111732483, 6.681620419025421, 6.647873640060425, 6.415732562541962, 6.412208735942841, 6.174370586872101, 6.424452900886536, 6.208759009838104, 6.049064576625824, 6.034945726394653, 6.098115921020508, 5.964727222919464, 5.777022898197174, 5.795495092868805, 5.813809931278229, 5.657302379608154, 5.472797334194183, 5.533489882946014, 5.523985981941223, 5.473090410232544, 5.233106374740601, 5.354703724384308, 5.193308770656586, 5.144615709781647, 5.0056679248809814, 4.969732224941254, 4.903757035732269, 4.881792306900024, 4.833378195762634, 4.690809905529022, 4.675032436847687, 4.690587878227234, 4.5550559759140015, 4.506507992744446, 4.4254907965660095, 4.442292094230652, 4.238519251346588, 4.251736283302307, 4.190834283828735, 4.167448818683624, 4.059513568878174, 3.9840452075004578, 3.9880826473236084, 3.989821434020996, 3.8900442123413086, 3.7916687726974487, 3.723504364490509, 3.646998941898346, 3.6445386111736298, 3.592270106077194, 3.587543159723282, 3.5552036464214325, 3.5507380068302155, 3.4182058572769165, 3.3635897040367126, 3.3821331560611725, 3.247968703508377, 3.3152465522289276, 3.185667723417282, 3.154621720314026, 3.127878963947296, 3.0362123548984528, 3.02077716588974, 2.9517046213150024, 2.970611333847046, 2.8521355390548706, 2.869119793176651, 2.840725392103195, 2.8092870116233826, 2.7790382504463196, 2.7536182701587677, 2.6726314425468445, 2.6610869765281677, 2.645389884710312, 2.558677017688751, 2.516394764184952, 2.466386079788208, 2.4682126343250275, 2.447551190853119, 2.4019432365894318, 2.4311895668506622, 2.3791512548923492, 2.321826756000519, 2.3070599138736725, 2.237868517637253, 2.2616076171398163, 2.2480425238609314, 2.202203392982483]",0.933273219116321,0.8381924198250729,0.8202567760342369,0.856929955290611
