alpha,K,layers,hidden_channels,out_channels,norm,dropout,margin,lpl_weight,ratio,seed,aggregation,pos_weight,accuracy,f1,recall,precision
0.5,15,1,256,256,,0.09437006488186203,0.5,0.5479433952614972,0.1736067869206078,1,sum,1,0.92936579501052,0.8260547742413027,0.7960057061340942,0.8584615384615385
0.5,15,1,256,256,,0.09437006488186203,0.5,0.5479433952614972,0.1736067869206078,2,sum,1,0.9314697926059513,0.8345428156748912,0.8202567760342369,0.8493353028064993
0.5,15,1,256,256,,0.09437006488186203,0.5,0.5479433952614972,0.1736067869206078,3,sum,1,0.9203486624586715,0.8029739776951673,0.7703281027104137,0.8385093167701864
0.5,15,1,256,256,,0.09437006488186203,0.5,0.5479433952614972,0.1736067869206078,4,sum,1,0.9299669371806433,0.8322534197264219,0.8245363766048502,0.8401162790697675
0.5,15,1,256,256,,0.09437006488186203,0.5,0.5479433952614972,0.1736067869206078,5,sum,1,0.9218515178839796,0.8071216617210683,0.776034236804565,0.8408037094281299
