alpha,K,layers,hidden_channels,out_channels,norm,dropout,margin,lpl_weight,ratio,seed,aggregation,pos_weight,accuracy,f1,recall,precision
0.5,21,1,256,256,,0,0.5,0.9008756665237209,0.2067694999834123,1,mean,1,0.9290652239254583,0.8345021037868162,0.8487874465049928,0.8206896551724138
0.5,21,1,256,256,,0,0.5,0.9008756665237209,0.2067694999834123,2,mean,1,0.9188458070333634,0.8037790697674418,0.7888730385164051,0.8192592592592592
0.5,21,1,256,256,,0,0.5,0.9008756665237209,0.2067694999834123,3,mean,1,0.9266606552449654,0.8229317851959361,0.8088445078459344,0.8375184638109305
0.5,21,1,256,256,,0,0.5,0.9008756665237209,0.2067694999834123,4,mean,1,0.9254583709047189,0.8233618233618234,0.8245363766048502,0.8221906116642959
0.5,21,1,256,256,,0,0.5,0.9008756665237209,0.2067694999834123,5,mean,1,0.9275623685001503,0.8299223712067749,0.8388017118402282,0.8212290502793296
