alpha,K,layers,hidden_channels,out_channels,norm,dropout,margin,lpl_weight,ratio,seed,aggregation,pos_weight,accuracy,f1,recall,precision
0.8210688662521123,23,2,256,128,,0.36060308862913243,0.29437012893270725,0.39972223680915,0.09732268029154995,1,sum,1,0.9275623685001503,0.8133230054221534,0.7489300998573466,0.8898305084745762
0.8210688662521123,23,2,256,128,,0.36060308862913243,0.29437012893270725,0.39972223680915,0.09732268029154995,2,sum,1,0.9314697926059513,0.8215962441314554,0.7489300998573466,0.9098786828422877
0.8210688662521123,23,2,256,128,,0.36060308862913243,0.29437012893270725,0.39972223680915,0.09732268029154995,3,sum,1,0.9335737902013826,0.8280155642023346,0.7589158345221113,0.910958904109589
0.8210688662521123,23,2,256,128,,0.36060308862913243,0.29437012893270725,0.39972223680915,0.09732268029154995,4,sum,1,0.9338743612864443,0.8267716535433071,0.7489300998573466,0.9226713532513181
0.8210688662521123,23,2,256,128,,0.36060308862913243,0.29437012893270725,0.39972223680915,0.09732268029154995,5,sum,1,0.9281635106702735,0.8128425998433829,0.7403708987161198,0.9010416666666666
