alpha,K,layers,hidden_channels,out_channels,norm,dropout,margin,lpl_weight,ratio,seed,aggregation,pos_weight,accuracy,f1,recall,precision
0.5,20,1,256,256,,0.16913559234074504,0.5,0.9289232349960476,0.14434256066401857,1,sum,1,0.9287646528403968,0.822205551387847,0.7817403708987162,0.8670886075949367
0.5,20,1,256,256,,0.16913559234074504,0.5,0.9289232349960476,0.14434256066401857,2,sum,1,0.9233543733092876,0.808702175543886,0.7689015691868759,0.8528481012658228
0.5,20,1,256,256,,0.16913559234074504,0.5,0.9289232349960476,0.14434256066401857,3,sum,1,0.9290652239254583,0.8244047619047619,0.7902995720399429,0.8615863141524106
0.5,20,1,256,256,,0.16913559234074504,0.5,0.9289232349960476,0.14434256066401857,4,sum,1,0.9245566576495341,0.8119850187265918,0.7731811697574893,0.8548895899053628
0.5,20,1,256,256,,0.16913559234074504,0.5,0.9289232349960476,0.14434256066401857,5,sum,1,0.9284640817553351,0.8188736681887366,0.7674750356633381,0.8776508972267537
