K,layers,hidden_channels,out_channels,norm,lr,treatment,dropout,ratio,seed,aggregation,model_type,batch_size,rate_pairs,clusters,sampling,num_epochs,anomaly_detector,accuracy,f1,recall,precision,losses,test_accuracy,test_f1,test_recall,test_precision
13,2,256,256,,0.005,removal,0,0.25670480520530214,654,mean,GCNConv,2048,10,50,sage,100,nearest_neighbors,nan,0.0,0.0,0.0,"[2.3510971069335938, 2.3749576807022095, 2.3444693088531494, 2.3904201984405518, 2.271886110305786, 2.3681241273880005, 2.2922240495681763, 2.338154673576355, 2.3789925575256348, 2.175433397293091, 2.315452218055725, 2.3139684200286865, 2.2220996618270874, 2.288212776184082, 2.2694666385650635, 2.256728768348694, 2.1776877641677856, 2.2593958377838135, 2.1689844131469727, 2.2376859188079834, 2.217814326286316, 2.279483914375305, 2.2441070079803467, 2.2503035068511963, 2.205963373184204, 2.2182964086532593, 2.1457741260528564, 2.189087748527527, 2.1700868606567383, 2.1982903480529785, 2.174584984779358, 2.1591068506240845, 2.202280044555664, 2.201607584953308, 2.1438645124435425, 2.1406049728393555, 2.124269127845764, 2.103970170021057, 2.2233015298843384, 2.1288405656814575, 2.067370653152466, 2.118881940841675, 2.159846544265747, 2.1077933311462402, 2.1232964992523193, 2.1360650062561035, 2.081790328025818, 2.095974922180176, 2.1060627698898315, 2.124234914779663, 2.109799027442932, 2.0476012229919434, 2.040975332260132, 2.0767011642456055, 2.009304463863373, 2.0698457956314087, 2.0149754881858826, 2.044479787349701, 1.9850194454193115, 1.9923461079597473, 1.9882878065109253, 2.007584512233734, 1.9901694059371948, 1.9829280376434326, 2.0061519145965576, 1.9893383383750916, 1.955626130104065, 1.9226176142692566, 1.946784794330597, 1.9706271290779114, 1.9127216935157776, 1.924865484237671, 1.9343328475952148, 1.9360679984092712, 1.8848181366920471, 1.8485031127929688, 1.9039487838745117, 1.8967593312263489, 1.91032874584198, 1.8682087659835815, 1.9055023193359375, 1.8600022792816162, 1.8899807929992676, 1.818890929222107, 1.8482912182807922, 1.8469918966293335, 1.8431429266929626, 1.8192639350891113, 1.8850814700126648, 1.8292959928512573, 1.8319252729415894, 1.7715680599212646, 1.7796741127967834, 1.756100058555603, 1.7597793936729431, 1.773597240447998, 1.7723749876022339, 1.765949785709381, 1.7746132612228394, 1.7756574749946594]",0.903258313738663,0.45038167938931295,0.33618233618233617,0.6820809248554913
