alpha,K,layers,hidden_channels,out_channels,norm,dropout,margin,lpl_weight,ratio,seed,aggregation,pos_weight,accuracy,f1,recall,precision
0.8583811719880894,18,1,128,256,graphnorm,0.014544454725544838,0.739442487738852,0.11508616922994165,0.20490921931735984,1,sum,1,0.9233543733092876,0.8220516399162596,0.8402282453637661,0.8046448087431693
0.8583811719880894,18,1,128,256,graphnorm,0.014544454725544838,0.739442487738852,0.11508616922994165,0.20490921931735984,2,sum,1,0.9245566576495341,0.8270158511371468,0.8559201141226819,0.8
0.8583811719880894,18,1,128,256,graphnorm,0.014544454725544838,0.739442487738852,0.11508616922994165,0.20490921931735984,3,sum,1,0.9209498046287947,0.8187456926257753,0.8473609129814551,0.792
0.8583811719880894,18,1,128,256,graphnorm,0.014544454725544838,0.739442487738852,0.11508616922994165,0.20490921931735984,4,sum,1,0.9230538022242261,0.8244170096021948,0.8573466476462197,0.7939233817701453
0.8583811719880894,18,1,128,256,graphnorm,0.014544454725544838,0.739442487738852,0.11508616922994165,0.20490921931735984,5,sum,1,0.912834385332131,0.8010973936899863,0.833095577746077,0.7714663143989432
