alpha,K,layers,hidden_channels,out_channels,norm,dropout,margin,lpl_weight,ratio,seed,aggregation,pos_weight,accuracy,f1,recall,precision
0.5,21,1,256,256,,0,0.5,0.9872224641726369,0.2362289042501541,1,mean,1,0.9275623685001503,0.8336783988957902,0.8616262482168331,0.8074866310160428
0.5,21,1,256,256,,0,0.5,0.9872224641726369,0.2362289042501541,2,mean,1,0.9248572287345957,0.8261474269819193,0.8473609129814551,0.8059701492537313
0.5,21,1,256,256,,0,0.5,0.9872224641726369,0.2362289042501541,3,mean,1,0.92936579501052,0.8357791754018169,0.8530670470756063,0.8191780821917808
0.5,21,1,256,256,,0,0.5,0.9872224641726369,0.2362289042501541,4,mean,1,0.9233543733092876,0.8245010323468686,0.854493580599144,0.7965425531914894
0.5,21,1,256,256,,0,0.5,0.9872224641726369,0.2362289042501541,5,mean,1,0.9212503757138564,0.8210382513661202,0.8573466476462197,0.7876802096985583
