alpha,K,layers,hidden_channels,out_channels,norm,dropout,margin,lpl_weight,ratio,seed,aggregation,pos_weight,accuracy,f1,recall,precision
0.9358867634215009,18,1,256,128,,0.33182247771050766,0.5308739425717456,0.27514151776917406,0.13454884436058925,1,sum,1,0.9347760745416291,0.8419519300801165,0.8245363766048502,0.8601190476190477
0.9358867634215009,18,1,256,128,,0.33182247771050766,0.5308739425717456,0.27514151776917406,0.13454884436058925,2,sum,1,0.9389840697324917,0.8532176428054953,0.8416547788873039,0.8651026392961877
0.9358867634215009,18,1,256,128,,0.33182247771050766,0.5308739425717456,0.27514151776917406,0.13454884436058925,3,sum,1,0.9392846408175534,0.8527696793002916,0.8345221112696148,0.8718330849478391
0.9358867634215009,18,1,256,128,,0.33182247771050766,0.5308739425717456,0.27514151776917406,0.13454884436058925,4,sum,1,0.9404869251577999,0.8544117647058823,0.8288159771754636,0.881638846737481
0.9358867634215009,18,1,256,128,,0.33182247771050766,0.5308739425717456,0.27514151776917406,0.13454884436058925,5,sum,1,0.9383829275623685,0.8504741064916119,0.8316690442225392,0.8701492537313433
