alpha,K,layers,hidden_channels,out_channels,norm,dropout,margin,lpl_weight,ratio,seed,aggregation,pos_weight,accuracy,f1,recall,precision
0.819793004533184,24,1,256,64,,0.16786424519011453,0.4282296773858034,0.9791587991683007,0.1253367057263005,1,sum,1,0.9338743612864443,0.8379970544918999,0.81169757489301,0.8660578386605784
0.819793004533184,24,1,256,64,,0.16786424519011453,0.4282296773858034,0.9791587991683007,0.1253367057263005,2,sum,1,0.9347760745416291,0.8374531835205993,0.797432239657632,0.8817034700315457
0.819793004533184,24,1,256,64,,0.16786424519011453,0.4282296773858034,0.9791587991683007,0.1253367057263005,3,sum,1,0.9365795010519988,0.8451944240645635,0.8216833095577746,0.8700906344410876
0.819793004533184,24,1,256,64,,0.16786424519011453,0.4282296773858034,0.9791587991683007,0.1253367057263005,4,sum,1,0.9347760745416291,0.8384214445271779,0.8031383737517832,0.8769470404984424
0.819793004533184,24,1,256,64,,0.16786424519011453,0.4282296773858034,0.9791587991683007,0.1253367057263005,5,sum,1,0.9290652239254583,0.8236173393124065,0.7860199714693296,0.8649921507064364
