alpha,K,layers,hidden_channels,out_channels,norm,dropout,margin,lpl_weight,ratio,seed,aggregation,pos_weight,accuracy,f1,recall,precision
0.9148503445966172,18,1,256,128,,0.3246151231943627,0.5013351105801558,0.30091533021325906,0.12677115998772062,1,sum,1,0.9377817853922452,0.8483516483516483,0.8259629101283881,0.8719879518072289
0.9148503445966172,18,1,256,128,,0.3246151231943627,0.5013351105801558,0.30091533021325906,0.12677115998772062,2,sum,1,0.9425909227532311,0.8600732600732601,0.8373751783166904,0.8840361445783133
0.9148503445966172,18,1,256,128,,0.3246151231943627,0.5013351105801558,0.30091533021325906,0.12677115998772062,3,sum,1,0.9392846408175534,0.8514705882352941,0.8259629101283881,0.8786039453717754
0.9148503445966172,18,1,256,128,,0.3246151231943627,0.5013351105801558,0.30091533021325906,0.12677115998772062,4,sum,1,0.9455966336038473,0.8650260999254288,0.8273894436519258,0.90625
0.9148503445966172,18,1,256,128,,0.3246151231943627,0.5013351105801558,0.30091533021325906,0.12677115998772062,5,sum,1,0.9398857829876766,0.8540145985401459,0.8345221112696148,0.874439461883408
