alpha,K,layers,hidden_channels,out_channels,norm,dropout,margin,lpl_weight,ratio,seed,aggregation,pos_weight,accuracy,f1,recall,precision
0.7922618600958904,24,1,128,256,,0.3848228283273243,0.6823233140344533,0.940351869358298,0.18899757789560834,1,sum,1,0.9116321009918846,0.7935393258426966,0.8059914407988588,0.7814661134163209
0.7922618600958904,24,1,128,256,,0.3848228283273243,0.6823233140344533,0.940351869358298,0.18899757789560834,2,sum,1,0.916741809437932,0.8053408292340126,0.8174037089871612,0.7936288088642659
0.7922618600958904,24,1,128,256,,0.3848228283273243,0.6823233140344533,0.940351869358298,0.18899757789560834,3,sum,1,0.9146378118425007,0.8011204481792717,0.8159771754636234,0.7867950481430537
0.7922618600958904,24,1,128,256,,0.3848228283273243,0.6823233140344533,0.940351869358298,0.18899757789560834,4,sum,1,0.9185452359483017,0.8087508821453776,0.8174037089871612,0.8002793296089385
0.7922618600958904,24,1,128,256,,0.3848228283273243,0.6823233140344533,0.940351869358298,0.18899757789560834,5,sum,1,0.9116321009918846,0.7949790794979079,0.8131241084165478,0.7776261937244202
