K,layers,hidden_channels,out_channels,norm,lr,treatment,dropout,ratio,seed,aggregation,model_type,batch_size,rate_pairs,clusters,sampling,num_epochs,anomaly_detector,accuracy,f1,recall,precision,losses,test_accuracy,test_f1,test_recall,test_precision
6,2,64,128,,0.005,removal,0,0.22216104974220324,654,mean,GCNConv,4000,10,50,sage,100,nearest_neighbors,nan,0.0,0.0,0.0,"[0.9493113160133362, 0.8973975777626038, 0.8932406902313232, 0.8962060213088989, 0.8947858810424805, 0.888215959072113, 0.8943203091621399, 0.8889978528022766, 0.8878740072250366, 0.8829020261764526, 0.8855319023132324, 0.8813642859458923, 0.8790573477745056, 0.8769568204879761, 0.8824310898780823, 0.8794823884963989, 0.8802979588508606, 0.8774669766426086, 0.8727821111679077, 0.8689531087875366, 0.8697692155838013, 0.8684971332550049, 0.8664585947990417, 0.8697360157966614, 0.8679758310317993, 0.8622725009918213, 0.8612178564071655, 0.8577672839164734, 0.8660186529159546, 0.8582351207733154, 0.8539788126945496, 0.8564615845680237, 0.855674684047699, 0.8510611653327942, 0.8503850102424622, 0.8498861193656921, 0.848063588142395, 0.8460503220558167, 0.8482369780540466, 0.8437544107437134, 0.8418455123901367, 0.839539647102356, 0.8402582406997681, 0.8426258563995361, 0.8332619071006775, 0.8310705423355103, 0.8357719779014587, 0.8314182758331299, 0.8291633129119873, 0.8288248777389526, 0.8256909251213074, 0.8288116455078125, 0.8301743865013123, 0.8235605359077454, 0.8252325654029846, 0.8198992609977722, 0.8150033354759216, 0.8161911368370056, 0.8140250444412231, 0.8156105875968933, 0.8139846920967102, 0.8112484812736511, 0.8087631464004517, 0.809096097946167, 0.8098164796829224, 0.8057079315185547, 0.804995596408844, 0.803717851638794, 0.8033108711242676, 0.8021661043167114, 0.7986036539077759, 0.7957748770713806, 0.7976562976837158, 0.7953060269355774, 0.7918208837509155, 0.7912587523460388, 0.7887454032897949, 0.7852471470832825, 0.7857130765914917, 0.7836964726448059, 0.7820954918861389, 0.7859243154525757, 0.7824815511703491, 0.7764201760292053, 0.7742142081260681, 0.7711966633796692, 0.774469256401062, 0.7729439735412598, 0.7690410614013672, 0.7674481868743896, 0.7645201683044434, 0.7653011679649353, 0.7612059712409973, 0.7633227109909058, 0.7613484859466553, 0.7587184906005859, 0.7563629150390625, 0.7572042942047119, 0.7560524940490723, 0.7534741163253784]",0.9240846489754787,0.6912568306010929,0.7207977207977208,0.6640419947506562
