alpha,K,layers,hidden_channels,out_channels,norm,dropout,margin,lpl_weight,ratio,seed,aggregation,pos_weight,accuracy,f1,recall,precision
0.7489822309888041,17,1,256,128,,0.3325939831269344,0.4738009313246368,0.8049938084061047,0.09883083660693207,1,sum,1,0.9341749323715058,0.8326967150496563,0.7774607703281027,0.8963815789473685
0.7489822309888041,17,1,256,128,,0.3325939831269344,0.4738009313246368,0.8049938084061047,0.09883083660693207,2,sum,1,0.9398857829876766,0.8468606431852986,0.7888730385164051,0.9140495867768595
0.7489822309888041,17,1,256,128,,0.3325939831269344,0.4738009313246368,0.8049938084061047,0.09883083660693207,3,sum,1,0.9389840697324917,0.8449197860962567,0.7888730385164051,0.9095394736842105
0.7489822309888041,17,1,256,128,,0.3325939831269344,0.4738009313246368,0.8049938084061047,0.09883083660693207,4,sum,1,0.9437932070934776,0.8564850345356869,0.7960057061340942,0.9269102990033222
0.7489822309888041,17,1,256,128,,0.3325939831269344,0.4738009313246368,0.8049938084061047,0.09883083660693207,5,sum,1,0.9365795010519988,0.8395437262357415,0.7874465049928673,0.8990228013029316
