K,layers,hidden_channels,out_channels,norm,lr,treatment,dropout,ratio,seed,aggregation,model_type,batch_size,rate_pairs,clusters,sampling,num_epochs,anomaly_detector,accuracy,f1,recall,precision,losses,test_accuracy,test_f1,test_recall,test_precision
7,1,256,64,,0.005,removal,0,0.1293022299349562,654,mean,GATConv,2048,10,50,sage,50,nearest_neighbors,nan,0.0,0.0,0.0,"[4.073262572288513, 4.169981241226196, 3.8913991451263428, 3.8222025632858276, 3.980586528778076, 3.9322811365127563, 3.9077521562576294, 3.9284071922302246, 3.937692642211914, 3.9583847522735596, 3.973238706588745, 3.9477806091308594, 3.9381405115127563, 3.855218768119812, 3.751736879348755, 3.8928563594818115, 3.8457287549972534, 3.7615458965301514, 3.6988693475723267, 3.7289878129959106, 3.869295358657837, 3.6686408519744873, 3.791921854019165, 3.753970742225647, 3.7513715028762817, 3.6819363832473755, 3.738252282142639, 3.760738492012024, 3.6973137855529785, 3.6686800718307495, 3.612749457359314, 3.6631580591201782, 3.7299214601516724, 3.5636377334594727, 3.6161211729049683, 3.6243956089019775, 3.6729655265808105, 3.5713837146759033, 3.567779064178467, 3.5181280374526978, 3.5098116397857666, 3.574820876121521, 3.5167540311813354, 3.563242554664612, 3.378411650657654, 3.4594271183013916, 3.4618114233016968, 3.467011570930481, 3.4387803077697754, 3.356873393058777]",0.9301310043668122,0.6985507246376812,0.6866096866096866,0.7109144542772862
