alpha,K,layers,hidden_channels,out_channels,norm,dropout,margin,lpl_weight,ratio,seed,aggregation,pos_weight,accuracy,f1,recall,precision
0.5,15,1,256,256,,0.08666309880363973,0.5,0.8015714997059951,0.20384923349279668,1,sum,1,0.9242560865644724,0.8181818181818182,0.8088445078459344,0.8277372262773722
0.5,15,1,256,256,,0.08666309880363973,0.5,0.8015714997059951,0.20384923349279668,2,sum,1,0.9320709347760745,0.8412921348314607,0.854493580599144,0.8284923928077456
0.5,15,1,256,256,,0.08666309880363973,0.5,0.8015714997059951,0.20384923349279668,3,sum,1,0.92936579501052,0.8320228734810579,0.8302425106990015,0.833810888252149
0.5,15,1,256,256,,0.08666309880363973,0.5,0.8015714997059951,0.20384923349279668,4,sum,1,0.9263600841599038,0.8243727598566308,0.8202567760342369,0.8285302593659942
0.5,15,1,256,256,,0.08666309880363973,0.5,0.8015714997059951,0.20384923349279668,5,sum,1,0.9263600841599038,0.8238677210639828,0.8174037089871612,0.8304347826086956
