alpha,K,layers,hidden_channels,out_channels,norm,dropout,margin,lpl_weight,ratio,seed,aggregation,pos_weight,accuracy,f1,recall,precision
0.16652033775218955,19,1,64,256,layernorm,0.28209265329852823,0.43479162350465783,0.5921521767781595,0.20438224961950793,1,sum,1,0.9158400961827472,0.7910447761194029,0.7560627674750356,0.8294209702660407
0.16652033775218955,19,1,64,256,layernorm,0.28209265329852823,0.43479162350465783,0.5921521767781595,0.20438224961950793,2,sum,1,0.9224526600541028,0.8119533527696793,0.7945791726105563,0.8301043219076006
0.16652033775218955,19,1,64,256,layernorm,0.28209265329852823,0.43479162350465783,0.5921521767781595,0.20438224961950793,3,sum,1,0.9200480913736099,0.8129395218002813,0.8245363766048502,0.8016643550624133
0.16652033775218955,19,1,64,256,layernorm,0.28209265329852823,0.43479162350465783,0.5921521767781595,0.20438224961950793,4,sum,1,0.9182446648632402,0.7957957957957958,0.7560627674750356,0.8399366085578447
0.16652033775218955,19,1,64,256,layernorm,0.28209265329852823,0.43479162350465783,0.5921521767781595,0.20438224961950793,5,sum,1,0.90892696122633,0.7740492170022372,0.7403708987161198,0.8109375
