alpha,K,layers,hidden_channels,out_channels,norm,dropout,margin,lpl_weight,ratio,seed,aggregation,pos_weight,accuracy,f1,recall,precision
0.5,21,1,256,256,,0,0.5,0.8921043329244093,0.21111882297455353,1,mean,1,0.9299669371806433,0.8362614195361912,0.8487874465049928,0.8240997229916898
0.5,21,1,256,256,,0,0.5,0.8921043329244093,0.21111882297455353,2,mean,1,0.9266606552449654,0.8267045454545454,0.8302425106990015,0.8231966053748232
0.5,21,1,256,256,,0,0.5,0.8921043329244093,0.21111882297455353,3,mean,1,0.9296663660955816,0.8304347826086956,0.8174037089871612,0.8438880706921944
0.5,21,1,256,256,,0,0.5,0.8921043329244093,0.21111882297455353,4,mean,1,0.92936579501052,0.8320228734810579,0.8302425106990015,0.833810888252149
0.5,21,1,256,256,,0,0.5,0.8921043329244093,0.21111882297455353,5,mean,1,0.9272617974150886,0.8295774647887324,0.8402282453637661,0.8191933240611962
