alpha,K,layers,hidden_channels,out_channels,norm,dropout,margin,lpl_weight,ratio,seed,aggregation,pos_weight,accuracy,f1,recall,precision
0.773521804879694,19,1,256,256,,0.16941576090350868,0.4354896046304047,0.45076948255802435,0.10168348266407833,1,sum,1,0.9323715058611362,0.82571649883811,0.760342368045649,0.9033898305084745
0.773521804879694,19,1,256,256,,0.16941576090350868,0.4354896046304047,0.45076948255802435,0.10168348266407833,2,sum,1,0.9365795010519988,0.8363072148952676,0.7689015691868759,0.9166666666666666
0.773521804879694,19,1,256,256,,0.16941576090350868,0.4354896046304047,0.45076948255802435,0.10168348266407833,3,sum,1,0.9353772167117523,0.8313725490196079,0.7560627674750356,0.9233449477351916
0.773521804879694,19,1,256,256,,0.16941576090350868,0.4354896046304047,0.45076948255802435,0.10168348266407833,4,sum,1,0.9329726480312593,0.8275328692962104,0.7631954350927247,0.9037162162162162
0.773521804879694,19,1,256,256,,0.16941576090350868,0.4354896046304047,0.45076948255802435,0.10168348266407833,5,sum,1,0.9329726480312593,0.823993685872139,0.7446504992867332,0.9222614840989399
