alpha,K,layers,hidden_channels,out_channels,norm,dropout,margin,lpl_weight,ratio,seed,aggregation,pos_weight,accuracy,f1,recall,precision
0.5,16,2,256,128,,0.35937466473478624,0.5,0.8913464841347114,0.19855069789395083,1,sum,1,0.9281635106702735,0.836637047163363,0.8730385164051355,0.8031496062992126
0.5,16,2,256,128,,0.35937466473478624,0.5,0.8913464841347114,0.19855069789395083,2,sum,1,0.92936579501052,0.8415374241402562,0.8901569186875892,0.7979539641943734
0.5,16,2,256,128,,0.35937466473478624,0.5,0.8913464841347114,0.19855069789395083,3,sum,1,0.9359783588818755,0.8532046864231564,0.8830242510699001,0.8253333333333334
0.5,16,2,256,128,,0.35937466473478624,0.5,0.8913464841347114,0.19855069789395083,4,sum,1,0.9329726480312593,0.8454608454608454,0.8701854493580599,0.8221024258760108
0.5,16,2,256,128,,0.35937466473478624,0.5,0.8913464841347114,0.19855069789395083,5,sum,1,0.9290652239254583,0.8381344307270233,0.8716119828815977,0.8071334214002642
