K,layers,hidden_channels,out_channels,norm,lr,treatment,dropout,ratio,seed,aggregation,model_type,batch_size,rate_pairs,clusters,sampling,num_epochs,anomaly_detector,accuracy,f1,recall,precision,losses,test_accuracy,test_f1,test_recall,test_precision
14,2,128,64,,0.005,removal,0,0.13793216936278327,654,mean,GCNConv,2048,10,50,sage,50,nearest_neighbors,nan,0.0,0.0,0.0,"[4.712100267410278, 4.818425178527832, 4.616262912750244, 4.744327545166016, 4.667388677597046, 4.7910497188568115, 5.043176651000977, 4.710767984390259, 4.971503496170044, 4.795465707778931, 4.65036153793335, 4.631211519241333, 4.825230360031128, 4.512449502944946, 4.676823377609253, 4.485595464706421, 4.474962949752808, 4.5468223094940186, 4.481672525405884, 4.447816371917725, 4.438670635223389, 4.487605094909668, 4.587843179702759, 4.606888055801392, 4.489341497421265, 4.611534357070923, 4.620845556259155, 4.635686635971069, 4.582563400268555, 4.563778877258301, 4.472261190414429, 4.490988731384277, 4.485204696655273, 4.442555904388428, 4.468327045440674, 4.54559588432312, 4.478644132614136, 4.377665042877197, 4.355200290679932, 4.325169563293457, 4.158018589019775, 4.347143888473511, 4.428427696228027, 4.261204719543457, 4.281854152679443, 4.442385196685791, 4.333986520767212, 4.391664505004883, 4.375150680541992, 4.250054121017456]",0.9086328518642929,0.4962962962962963,0.3817663817663818,0.708994708994709
