K,layers,hidden_channels,out_channels,norm,lr,treatment,dropout,ratio,seed,aggregation,model_type,batch_size,rate_pairs,clusters,sampling,num_epochs,anomaly_detector,accuracy,f1,recall,precision,losses,test_accuracy,test_f1,test_recall,test_precision
16,3,128,256,,0.005,removal,0,0.26745429466891396,654,mean,GCNConv,1024,10,50,sage,100,nearest_neighbors,nan,0.0,0.0,0.0,"[5.854912996292114, 5.958237886428833, 5.277186036109924, 5.4040467739105225, 5.40753436088562, 5.190174698829651, 5.3325347900390625, 5.514927387237549, 5.319274306297302, 5.065615296363831, 5.180601954460144, 5.146676301956177, 5.475234389305115, 5.077822923660278, 5.2086790800094604, 5.2915284633636475, 5.021551847457886, 5.401594400405884, 5.214568734169006, 5.38152551651001, 4.98344087600708, 5.132638335227966, 4.875417947769165, 5.001263499259949, 5.184616208076477, 4.679996967315674, 4.916494846343994, 4.954512000083923, 4.921809077262878, 4.642952919006348, 4.762535095214844, 4.5788397789001465, 4.720437049865723, 4.700628399848938, 4.619732618331909, 4.58718740940094, 4.531180024147034, 4.570296764373779, 4.493506193161011, 4.495027780532837, 4.32813572883606, 4.31348979473114, 4.673693656921387, 4.425277471542358, 4.405111074447632, 4.295972287654877, 4.293949663639069, 4.379966497421265, 4.278740346431732, 4.144441545009613, 4.403723776340485, 4.228685557842255, 4.001598477363586, 4.067831933498383, 4.034753143787384, 4.042844474315643, 4.030912458896637, 4.17488020658493, 3.988556444644928, 3.863673508167267, 3.8540685772895813, 3.8712084889411926, 3.830195665359497, 3.811611294746399, 3.652976393699646, 3.816007614135742, 3.7013320922851562, 3.7841286659240723, 3.706307053565979, 3.667885899543762, 3.534490406513214, 3.5057955980300903, 3.5337299704551697, 3.423571228981018, 3.3788205981254578, 3.44095116853714, 3.2634405493736267, 3.3491072058677673, 3.4113019704818726, 3.1959202885627747, 3.355417549610138, 3.1510620713233948, 3.120513617992401, 3.1658917665481567, 3.113258481025696, 3.177120566368103, 2.993817389011383, 3.011384129524231, 2.9462148547172546, 2.8509292006492615, 2.9624446034431458, 2.933165729045868, 2.8354241847991943, 2.7406387329101562, 2.825193703174591, 2.6672191619873047, 2.654624283313751, 2.636298656463623, 2.670270562171936, 2.632585883140564]",0.923412831709775,0.6815642458100558,0.6951566951566952,0.6684931506849315
