alpha,K,layers,hidden_channels,out_channels,norm,dropout,margin,lpl_weight,ratio,seed,aggregation,pos_weight,accuracy,f1,recall,precision
0.5,17,1,256,256,,0.1127856384487064,0.5,0.8036177132739204,0.13745892790558964,1,sum,1,0.9344755034565675,0.8360902255639098,0.7931526390870185,0.8839427662957074
0.5,17,1,256,256,,0.1127856384487064,0.5,0.8036177132739204,0.13745892790558964,2,sum,1,0.9266606552449654,0.8137404580152672,0.760342368045649,0.8752052545155994
0.5,17,1,256,256,,0.1127856384487064,0.5,0.8036177132739204,0.13745892790558964,3,sum,1,0.9299669371806433,0.8246802106847254,0.7817403708987162,0.8726114649681529
0.5,17,1,256,256,,0.1127856384487064,0.5,0.8036177132739204,0.13745892790558964,4,sum,1,0.9287646528403968,0.8181120491174213,0.760342368045649,0.8853820598006644
0.5,17,1,256,256,,0.1127856384487064,0.5,0.8036177132739204,0.13745892790558964,5,sum,1,0.9227532311391644,0.8039664378337147,0.7517831669044223,0.8639344262295082
