alpha,K,layers,hidden_channels,out_channels,norm,dropout,margin,lpl_weight,ratio,seed,aggregation,pos_weight,accuracy,f1,recall,precision
0.5,17,1,256,256,,0.30966003301938344,0.5,0.6887928079005227,0.15680219240733426,1,sum,1,0.92936579501052,0.8362369337979094,0.8559201141226819,0.8174386920980926
0.5,17,1,256,256,,0.30966003301938344,0.5,0.6887928079005227,0.15680219240733426,2,sum,1,0.931770363691013,0.8437715072264281,0.8744650499286734,0.8151595744680851
0.5,17,1,256,256,,0.30966003301938344,0.5,0.6887928079005227,0.15680219240733426,3,sum,1,0.9338743612864443,0.8467966573816156,0.8673323823109843,0.8272108843537415
0.5,17,1,256,256,,0.30966003301938344,0.5,0.6887928079005227,0.15680219240733426,4,sum,1,0.9350766456266907,0.8497913769123783,0.8716119828815977,0.8290366350067843
0.5,17,1,256,256,,0.30966003301938344,0.5,0.6887928079005227,0.15680219240733426,5,sum,1,0.9302675082657048,0.8377622377622378,0.854493580599144,0.821673525377229
