K,layers,hidden_channels,out_channels,norm,lr,treatment,dropout,ratio,seed,aggregation,model_type,batch_size,rate_pairs,clusters,sampling,num_epochs,anomaly_detector,accuracy,f1,recall,precision,losses,test_accuracy,test_f1,test_recall,test_precision
13,2,128,64,,0.005,removal,0,0.22626745192752956,654,mean,GCNConv,2048,10,50,sage,50,nearest_neighbors,nan,0.0,0.0,0.0,"[3.515135884284973, 3.559802293777466, 3.4159042835235596, 3.5120480060577393, 3.4568358659744263, 3.546183228492737, 3.7203402519226074, 3.482806444168091, 3.665855288505554, 3.5390855073928833, 3.4435771703720093, 3.4299145936965942, 3.583643674850464, 3.3458242416381836, 3.465134382247925, 3.324609160423279, 3.3190895318984985, 3.3694143295288086, 3.323610305786133, 3.2943472862243652, 3.2910534143447876, 3.3245081901550293, 3.3935643434524536, 3.408124804496765, 3.326480984687805, 3.409799814224243, 3.4104602336883545, 3.4300602674484253, 3.390576720237732, 3.375487208366394, 3.308244228363037, 3.3168938159942627, 3.3154382705688477, 3.2755943536758423, 3.302412748336792, 3.357720136642456, 3.299580931663513, 3.2336978912353516, 3.222422480583191, 3.19522762298584, 3.077322840690613, 3.2111159563064575, 3.2655560970306396, 3.1444140672683716, 3.1630423069000244, 3.270809531211853, 3.2009692192077637, 3.242540121078491, 3.228598475456238, 3.1406993865966797]",0.9150151158884783,0.5977742448330684,0.5356125356125356,0.6762589928057554
