alpha,K,layers,hidden_channels,out_channels,norm,dropout,margin,lpl_weight,ratio,seed,aggregation,pos_weight,accuracy,f1,recall,precision
0.9101765225985101,18,1,128,256,graphnorm,0.17179898162218588,0.6027900976568847,0.10367200892430006,0.19272461970415777,1,sum,1,0.9278629395852119,0.8356164383561644,0.8701854493580599,0.8036890645586298
0.9101765225985101,18,1,128,256,graphnorm,0.17179898162218588,0.6027900976568847,0.10367200892430006,0.19272461970415777,2,sum,1,0.9272617974150886,0.8353741496598639,0.8758915834522111,0.7984395318595578
0.9101765225985101,18,1,128,256,graphnorm,0.17179898162218588,0.6027900976568847,0.10367200892430006,0.19272461970415777,3,sum,1,0.9230538022242261,0.8248974008207934,0.8601997146932953,0.7923784494086727
0.9101765225985101,18,1,128,256,graphnorm,0.17179898162218588,0.6027900976568847,0.10367200892430006,0.19272461970415777,4,sum,1,0.931770363691013,0.8437715072264281,0.8744650499286734,0.8151595744680851
0.9101765225985101,18,1,128,256,graphnorm,0.17179898162218588,0.6027900976568847,0.10367200892430006,0.19272461970415777,5,sum,1,0.9263600841599038,0.8311509303928325,0.8601997146932953,0.804
