K,layers,hidden_channels,out_channels,norm,lr,treatment,dropout,ratio,seed,aggregation,model_type,batch_size,rate_pairs,clusters,sampling,num_epochs,anomaly_detector,accuracy,f1,recall,precision,losses,test_accuracy,test_f1,test_recall,test_precision
17,2,128,256,,0.005,removal,0,0.15529045110116166,654,mean,GCNConv,2048,10,50,sage,50,nearest_neighbors,nan,0.0,0.0,0.0,"[5.044809103012085, 4.6493079662323, 4.921946048736572, 4.863401651382446, 4.772938251495361, 4.690014362335205, 4.686722278594971, 4.488993883132935, 4.707510709762573, 4.685732126235962, 4.564485549926758, 4.636456727981567, 4.672728061676025, 4.6519365310668945, 4.51762580871582, 4.509155035018921, 4.510309934616089, 4.676131248474121, 4.697795152664185, 4.8278069496154785, 4.587571144104004, 4.6640965938568115, 4.52341103553772, 4.695306777954102, 4.617055654525757, 4.564674139022827, 4.3940207958221436, 4.518311262130737, 4.583597660064697, 4.531825065612793, 4.53450870513916, 4.438489198684692, 4.536681175231934, 4.465979814529419, 4.518094301223755, 4.314157724380493, 4.482594013214111, 4.411102056503296, 4.384475946426392, 4.226300001144409, 4.2733314037323, 4.205435514450073, 4.318196058273315, 4.411923170089722, 4.352001428604126, 4.359074831008911, 4.315220355987549, 4.5366315841674805, 4.287180185317993, 4.344238758087158]",0.9301310043668122,0.6634304207119741,0.584045584045584,0.7677902621722846
