alpha,K,layers,hidden_channels,out_channels,norm,dropout,margin,lpl_weight,ratio,seed,aggregation,pos_weight,accuracy,f1,recall,precision
0.5,24,2,256,128,,0.29439558264728494,0.5,0.6455353521669704,0.06386770823718074,1,sum,1,0.9146378118425007,0.7633333333333333,0.6533523537803139,0.9178356713426854
0.5,24,2,256,128,,0.29439558264728494,0.5,0.6455353521669704,0.06386770823718074,2,sum,1,0.9110309588217613,0.7491525423728813,0.630527817403709,0.9227557411273486
0.5,24,2,256,128,,0.29439558264728494,0.5,0.6455353521669704,0.06386770823718074,3,sum,1,0.9125338142470695,0.7560771165129925,0.6433666191155493,0.9166666666666666
0.5,24,2,256,128,,0.29439558264728494,0.5,0.6455353521669704,0.06386770823718074,4,sum,1,0.9131349564171927,0.7557058326289096,0.637660485021398,0.9273858921161826
0.5,24,2,256,128,,0.29439558264728494,0.5,0.6455353521669704,0.06386770823718074,5,sum,1,0.9125338142470695,0.7544303797468355,0.637660485021398,0.9235537190082644
