alpha,K,layers,hidden_channels,out_channels,norm,dropout,margin,lpl_weight,ratio,seed,aggregation,pos_weight,accuracy,f1,recall,precision
0.1063579332632898,21,2,128,128,,0.1676053813555226,0.2858122618622682,0.3084457723227903,0.20602044203882403,1,sum,1,0.9251577998196574,0.8191721132897604,0.8045649072753209,0.834319526627219
0.1063579332632898,21,2,128,128,,0.1676053813555226,0.2858122618622682,0.3084457723227903,0.20602044203882403,2,sum,1,0.9176435226931169,0.804005722460658,0.8017118402282454,0.806312769010043
0.1063579332632898,21,2,128,128,,0.1676053813555226,0.2858122618622682,0.3084457723227903,0.20602044203882403,3,sum,1,0.9251577998196574,0.8217609162491052,0.818830242510699,0.8247126436781609
0.1063579332632898,21,2,128,128,,0.1676053813555226,0.2858122618622682,0.3084457723227903,0.20602044203882403,4,sum,1,0.9164412383528705,0.7964860907759883,0.776034236804565,0.8180451127819549
0.1063579332632898,21,2,128,128,,0.1676053813555226,0.2858122618622682,0.3084457723227903,0.20602044203882403,5,sum,1,0.9263600841599038,0.8258706467661692,0.8288159771754636,0.8229461756373938
