alpha,K,layers,hidden_channels,out_channels,norm,dropout,margin,lpl_weight,ratio,seed,aggregation,pos_weight,accuracy,f1,recall,precision
0.5,18,1,256,128,,0,0.5,0.9622044642853534,0.15818720085118174,1,sum,1,0.9218515178839796,0.802731411229135,0.7546362339514978,0.8573743922204214
0.5,18,1,256,128,,0,0.5,0.9622044642853534,0.15818720085118174,2,sum,1,0.9278629395852119,0.8198198198198198,0.7788873038516405,0.8652931854199684
0.5,18,1,256,128,,0,0.5,0.9622044642853534,0.15818720085118174,3,sum,1,0.9239555154794109,0.8096313017306245,0.7674750356633381,0.856687898089172
0.5,18,1,256,128,,0,0.5,0.9622044642853534,0.15818720085118174,4,sum,1,0.9242560865644724,0.8138847858197932,0.7860199714693296,0.8437978560490046
0.5,18,1,256,128,,0,0.5,0.9622044642853534,0.15818720085118174,5,sum,1,0.9260595130748422,0.8153153153153153,0.7746077032810271,0.8605388272583201
