K,layers,hidden_channels,out_channels,norm,lr,treatment,dropout,ratio,seed,aggregation,model_type,batch_size,rate_pairs,clusters,sampling,num_epochs,anomaly_detector,accuracy,f1,recall,precision,losses,test_accuracy,test_f1,test_recall,test_precision
13,1,256,64,,0.005,removal,0,0.14755410636419347,654,mean,GATConv,2048,10,50,sage,50,nearest_neighbors,nan,0.0,0.0,0.0,"[4.591103792190552, 4.803830623626709, 4.399323225021362, 4.356260299682617, 4.5837907791137695, 4.506239414215088, 4.475637674331665, 4.492280721664429, 4.549453496932983, 4.48547887802124, 4.543864727020264, 4.561091661453247, 4.477865219116211, 4.407419681549072, 4.3332178592681885, 4.490483522415161, 4.4164206981658936, 4.281622886657715, 4.241437911987305, 4.365597724914551, 4.4169762134552, 4.1838459968566895, 4.385704517364502, 4.353331804275513, 4.336056709289551, 4.272799253463745, 4.370148658752441, 4.348456382751465, 4.297012805938721, 4.211930751800537, 4.206391334533691, 4.224539756774902, 4.370800733566284, 4.159397125244141, 4.220721960067749, 4.270800590515137, 4.272505283355713, 4.18692421913147, 4.14417839050293, 4.108834981918335, 4.122926235198975, 4.235360145568848, 4.147075414657593, 4.208056926727295, 3.9447039365768433, 4.092442035675049, 4.087319850921631, 4.122592926025391, 4.060249924659729, 3.945155143737793]",0.9274437353039973,0.6974789915966386,0.7094017094017094,0.6859504132231405
