alpha,K,layers,hidden_channels,out_channels,norm,dropout,margin,lpl_weight,ratio,seed,aggregation,pos_weight,accuracy,f1,recall,precision
0.5,15,1,256,256,,0.08716661204395731,0.5,0.562882026262965,0.23491679474207436,1,sum,1,0.9203486624586715,0.8132487667371389,0.8231098430813124,0.8036211699164345
0.5,15,1,256,256,,0.08716661204395731,0.5,0.562882026262965,0.23491679474207436,2,sum,1,0.92936579501052,0.8389307745030843,0.8730385164051355,0.8073878627968337
0.5,15,1,256,256,,0.08716661204395731,0.5,0.562882026262965,0.23491679474207436,3,sum,1,0.9242560865644724,0.8271604938271605,0.8601997146932953,0.7965653896961691
0.5,15,1,256,256,,0.08716661204395731,0.5,0.562882026262965,0.23491679474207436,4,sum,1,0.9215509467989179,0.8183716075156576,0.8388017118402282,0.7989130434782609
0.5,15,1,256,256,,0.08716661204395731,0.5,0.562882026262965,0.23491679474207436,5,sum,1,0.9254583709047189,0.8243626062322946,0.8302425106990015,0.8185654008438819
