alpha,K,layers,hidden_channels,out_channels,norm,dropout,margin,lpl_weight,ratio,seed,aggregation,pos_weight,accuracy,f1,recall,precision
0.5,21,1,256,256,,0.30425755236633145,0.5,0.8149054463288711,0.23400156231906227,1,sum,1,0.9284640817553351,0.8319209039548022,0.8402282453637661,0.8237762237762237
0.5,21,1,256,256,,0.30425755236633145,0.5,0.8149054463288711,0.23400156231906227,2,sum,1,0.9209498046287947,0.8076079005120702,0.7874465049928673,0.8288288288288288
0.5,21,1,256,256,,0.30425755236633145,0.5,0.8149054463288711,0.23400156231906227,3,sum,1,0.9275623685001503,0.8267433501078361,0.8202567760342369,0.8333333333333334
0.5,21,1,256,256,,0.30425755236633145,0.5,0.8149054463288711,0.23400156231906227,4,sum,1,0.9272617974150886,0.8312412831241283,0.8502139800285307,0.8130968622100955
0.5,21,1,256,256,,0.30425755236633145,0.5,0.8149054463288711,0.23400156231906227,5,sum,1,0.9296663660955816,0.832378223495702,0.8288159771754636,0.8359712230215828
