alpha,K,layers,hidden_channels,out_channels,norm,dropout,margin,lpl_weight,ratio,seed,aggregation,pos_weight,accuracy,f1,recall,precision
0.8572097519419571,19,1,64,256,,0.0990745873393648,0.9850351901971239,0.21109117942554062,0.25261286110567904,1,sum,1,0.9065223925458371,0.7780157030692363,0.7774607703281027,0.7785714285714286
0.8572097519419571,19,1,64,256,,0.0990745873393648,0.9850351901971239,0.21109117942554062,0.25261286110567904,2,sum,1,0.893297264803126,0.7546648237733241,0.7788873038516405,0.7319034852546917
0.8572097519419571,19,1,64,256,,0.0990745873393648,0.9850351901971239,0.21109117942554062,0.25261286110567904,3,sum,1,0.9104298166516381,0.7802359882005899,0.7546362339514978,0.8076335877862595
0.8572097519419571,19,1,64,256,,0.0990745873393648,0.9850351901971239,0.21109117942554062,0.25261286110567904,4,sum,1,0.9110309588217613,0.7861271676300579,0.776034236804565,0.7964860907759883
0.8572097519419571,19,1,64,256,,0.0990745873393648,0.9850351901971239,0.21109117942554062,0.25261286110567904,5,sum,1,0.9053201082055906,0.7745168217609163,0.7717546362339515,0.7772988505747126
