alpha,K,layers,hidden_channels,out_channels,norm,dropout,margin,lpl_weight,ratio,seed,aggregation,pos_weight,accuracy,f1,recall,precision
0.6657525509521636,24,1,32,16,,0.4037753840193045,0.05733944238003663,0.25218014872944067,0.008726542122833636,1,sum,1,0.9008115419296664,0.6950092421441775,0.536376604850214,0.9868766404199475
0.6657525509521636,24,1,32,16,,0.4037753840193045,0.05733944238003663,0.25218014872944067,0.008726542122833636,2,sum,1,0.9020138262699129,0.6998158379373849,0.5420827389443652,0.987012987012987
0.6657525509521636,24,1,32,16,,0.4037753840193045,0.05733944238003663,0.25218014872944067,0.008726542122833636,3,sum,1,0.9023143973549744,0.7015610651974288,0.5449358059914408,0.9845360824742269
0.6657525509521636,24,1,32,16,,0.4037753840193045,0.05733944238003663,0.25218014872944067,0.008726542122833636,4,sum,1,0.9011121130147279,0.6962142197599261,0.5378031383737518,0.9869109947643979
0.6657525509521636,24,1,32,16,,0.4037753840193045,0.05733944238003663,0.25218014872944067,0.008726542122833636,5,sum,1,0.9020138262699129,0.6975881261595547,0.536376604850214,0.9973474801061007
