alpha,K,layers,hidden_channels,out_channels,norm,dropout,margin,lpl_weight,ratio,seed,aggregation,pos_weight,accuracy,f1,recall,precision
0.9995917686737816,18,1,128,256,graphnorm,0.17363144884107826,0.5385306559566222,0.1321492303546542,0.15864843011459676,1,sum,1,0.9287646528403968,0.8271334792122538,0.8088445078459344,0.8462686567164179
0.9995917686737816,18,1,128,256,graphnorm,0.17363144884107826,0.5385306559566222,0.1321492303546542,0.15864843011459676,2,sum,1,0.9338743612864443,0.8408104196816208,0.8288159771754636,0.8531571218795888
0.9995917686737816,18,1,128,256,graphnorm,0.17363144884107826,0.5385306559566222,0.1321492303546542,0.15864843011459676,3,sum,1,0.937180643222122,0.8490974729241877,0.8388017118402282,0.8596491228070176
0.9995917686737816,18,1,128,256,graphnorm,0.17363144884107826,0.5385306559566222,0.1321492303546542,0.15864843011459676,4,sum,1,0.9347760745416291,0.8424110384894699,0.8273894436519258,0.8579881656804734
0.9995917686737816,18,1,128,256,graphnorm,0.17363144884107826,0.5385306559566222,0.1321492303546542,0.15864843011459676,5,sum,1,0.9302675082657048,0.8299120234604106,0.8074179743223966,0.8536953242835595
