alpha,K,layers,hidden_channels,out_channels,norm,dropout,margin,lpl_weight,ratio,seed,aggregation,pos_weight,accuracy,f1,recall,precision
0.5,25,1,256,256,,0,0.5,0.9388145060191293,0.1674928372319939,1,sum,1,0.9260595130748422,0.8201754385964912,0.8002853067047075,0.841079460269865
0.5,25,1,256,256,,0,0.5,0.9388145060191293,0.1674928372319939,2,sum,1,0.9350766456266907,0.8411764705882353,0.8159771754636234,0.8679817905918058
0.5,25,1,256,256,,0,0.5,0.9388145060191293,0.1674928372319939,3,sum,1,0.9281635106702735,0.8254200146092038,0.8059914407988588,0.8458083832335329
0.5,25,1,256,256,,0,0.5,0.9388145060191293,0.1674928372319939,4,sum,1,0.9260595130748422,0.8193832599118943,0.7960057061340942,0.8441754916792739
0.5,25,1,256,256,,0,0.5,0.9388145060191293,0.1674928372319939,5,sum,1,0.9287646528403968,0.8286334056399133,0.8174037089871612,0.8401759530791789
