alpha,K,layers,hidden_channels,out_channels,norm,dropout,margin,lpl_weight,ratio,seed,aggregation,pos_weight,accuracy,f1,recall,precision
0.5,21,1,256,256,,0,0.5,0.9533905979973246,0.2105117139398842,1,mean,1,0.9257589419897806,0.8290657439446367,0.854493580599144,0.8051075268817204
0.5,21,1,256,256,,0,0.5,0.9533905979973246,0.2105117139398842,2,mean,1,0.9281635106702735,0.8306165839829908,0.8359486447931527,0.8253521126760563
0.5,21,1,256,256,,0,0.5,0.9533905979973246,0.2105117139398842,3,mean,1,0.9320709347760745,0.8359941944847605,0.8216833095577746,0.8508124076809453
0.5,21,1,256,256,,0,0.5,0.9533905979973246,0.2105117139398842,4,mean,1,0.9269612263300271,0.8270462633451957,0.8288159771754636,0.8252840909090909
0.5,21,1,256,256,,0,0.5,0.9533905979973246,0.2105117139398842,5,mean,1,0.9275623685001503,0.8294409058740269,0.8359486447931527,0.8230337078651685
