K,layers,hidden_channels,out_channels,norm,lr,treatment,dropout,ratio,seed,aggregation,model_type,batch_size,rate_pairs,clusters,sampling,num_epochs,anomaly_detector,accuracy,f1,recall,precision,losses,test_accuracy,test_f1,test_recall,test_precision
9,2,128,256,,0.005,removal,0,0.2047117762209913,654,mean,GCNConv,2048,10,50,sage,100,nearest_neighbors,0.5454545454545454,0.7058823529411765,0.5454545454545454,1.0,"[2.4867687225341797, 2.3217155933380127, 2.355366587638855, 2.416469097137451, 2.3995420932769775, 2.3168320655822754, 2.3563400506973267, 2.286577343940735, 2.2949150800704956, 2.307596802711487, 2.2772809267044067, 2.2894558906555176, 2.3135701417922974, 2.31958544254303, 2.2371175289154053, 2.2839877605438232, 2.244433045387268, 2.271531343460083, 2.278738021850586, 2.3569180965423584, 2.348098397254944, 2.2792670726776123, 2.2446343898773193, 2.2810784578323364, 2.260738968849182, 2.2350484132766724, 2.159243106842041, 2.2415093183517456, 2.2013384103775024, 2.2181551456451416, 2.198724389076233, 2.183846116065979, 2.1968047618865967, 2.1788536310195923, 2.2193188667297363, 2.1479841470718384, 2.1892077922821045, 2.1591527462005615, 2.140647292137146, 2.060152053833008, 2.0929579734802246, 2.09171986579895, 2.085638165473938, 2.131927251815796, 2.0775944590568542, 2.0825270414352417, 2.0914262533187866, 2.103258967399597, 2.0661805868148804, 2.099610447883606, 2.0574871301651, 2.0708597898483276, 2.0092055797576904, 1.991068422794342, 1.9947270154953003, 2.021241247653961, 2.0015005469322205, 1.9697009325027466, 2.049521803855896, 2.025394082069397, 1.9258952140808105, 1.96669203042984, 1.916398525238037, 1.979278802871704, 1.934028148651123, 1.941267967224121, 1.9792153239250183, 1.9261851906776428, 1.855676531791687, 1.9497503638267517, 1.902355670928955, 1.8605880737304688, 1.8949886560440063, 1.9098183512687683, 1.8774343132972717, 1.8838754296302795, 1.8318599462509155, 1.8637701272964478, 1.8148759603500366, 1.7995795011520386, 1.7968656420707703, 1.8094323873519897, 1.7812476754188538, 1.7701429724693298, 1.7739489674568176, 1.758061408996582, 1.7867271304130554, 1.7944665551185608, 1.7548198699951172, 1.6931950449943542, 1.733979046344757, 1.7438238859176636, 1.7070739269256592, 1.7242502570152283, 1.6932429075241089, 1.6781904697418213, 1.6651813983917236, 1.686302900314331, 1.6968052387237549, 1.6389321684837341]",0.9260595130748422,0.8078125,0.7375178316690443,0.8929188255613126
