alpha,K,layers,hidden_channels,out_channels,norm,dropout,margin,lpl_weight,ratio,seed,aggregation,pos_weight,accuracy,f1,recall,precision
0.5,14,2,256,256,,0,0.5,0.5,0.21005417335242707,1,sum,1,0.9188458070333634,0.8060344827586207,0.8002853067047075,0.8118668596237337
0.5,14,2,256,256,,0,0.5,0.5,0.21005417335242707,2,sum,1,0.9287646528403968,0.8348432055749129,0.854493580599144,0.8160762942779292
0.5,14,2,256,256,,0,0.5,0.5,0.21005417335242707,3,sum,1,0.9299669371806433,0.8360309641097818,0.8473609129814551,0.825
0.5,14,2,256,256,,0,0.5,0.5,0.21005417335242707,4,sum,1,0.9281635106702735,0.8284278535534817,0.8231098430813124,0.8338150289017341
0.5,14,2,256,256,,0,0.5,0.5,0.21005417335242707,5,sum,1,0.9275623685001503,0.8296819787985866,0.8373751783166904,0.8221288515406162
