alpha,K,layers,hidden_channels,out_channels,norm,dropout,margin,lpl_weight,ratio,seed,aggregation,pos_weight,accuracy,f1,recall,precision
0.7505570360980751,17,1,256,128,layernorm,0.445225745351139,0.11643118801996183,0.5906827059487197,0.1686840462569985,1,mean,1,0.9272617974150886,0.8124031007751938,0.7475035663338089,0.8896434634974533
0.7505570360980751,17,1,256,128,layernorm,0.445225745351139,0.11643118801996183,0.5906827059487197,0.1686840462569985,2,mean,1,0.9269612263300271,0.814927646610815,0.7631954350927247,0.8741830065359477
0.7505570360980751,17,1,256,128,layernorm,0.445225745351139,0.11643118801996183,0.5906827059487197,0.1686840462569985,3,mean,1,0.935677787796814,0.8383685800604229,0.7917261055634808,0.8908507223113965
0.7505570360980751,17,1,256,128,layernorm,0.445225745351139,0.11643118801996183,0.5906827059487197,0.1686840462569985,4,mean,1,0.9245566576495341,0.8064764841942945,0.746077032810271,0.87751677852349
0.7505570360980751,17,1,256,128,layernorm,0.445225745351139,0.11643118801996183,0.5906827059487197,0.1686840462569985,5,mean,1,0.9278629395852119,0.8153846153846154,0.7560627674750356,0.8848080133555927
