alpha,K,layers,hidden_channels,out_channels,norm,dropout,margin,lpl_weight,ratio,seed,aggregation,pos_weight,accuracy,f1,recall,precision
0.7282489573673966,17,2,32,256,,0.201876998550727,0.6522933826136967,0.811520808692656,0.07525193770212929,1,sum,1,0.915238954012624,0.7714748784440842,0.6790299572039943,0.8930581613508443
0.7282489573673966,17,2,32,256,,0.201876998550727,0.6522933826136967,0.811520808692656,0.07525193770212929,2,sum,1,0.9245566576495341,0.7957689178193653,0.6975748930099858,0.9261363636363636
0.7282489573673966,17,2,32,256,,0.201876998550727,0.6522933826136967,0.811520808692656,0.07525193770212929,3,sum,1,0.9212503757138564,0.7862969004893964,0.6875891583452212,0.9180952380952381
0.7282489573673966,17,2,32,256,,0.201876998550727,0.6522933826136967,0.811520808692656,0.07525193770212929,4,sum,1,0.9161406672678089,0.774818401937046,0.6847360912981455,0.8921933085501859
0.7282489573673966,17,2,32,256,,0.201876998550727,0.6522933826136967,0.811520808692656,0.07525193770212929,5,sum,1,0.9212503757138564,0.7859477124183006,0.6861626248216833,0.9196940726577438
