alpha,K,layers,hidden_channels,out_channels,norm,dropout,margin,lpl_weight,ratio,seed,aggregation,pos_weight,accuracy,f1,recall,precision
0.5,20,1,256,256,,0.16210766527964152,0.5,0.9642718154271639,0.1780533822418267,1,sum,1,0.9290652239254583,0.8287373004354136,0.8145506419400856,0.843426883308715
0.5,20,1,256,256,,0.16210766527964152,0.5,0.9642718154271639,0.1780533822418267,2,sum,1,0.9275623685001503,0.8197456993268512,0.7817403708987162,0.8616352201257862
0.5,20,1,256,256,,0.16210766527964152,0.5,0.9642718154271639,0.1780533822418267,3,sum,1,0.9323715058611362,0.8354059985369422,0.8145506419400856,0.8573573573573574
0.5,20,1,256,256,,0.16210766527964152,0.5,0.9642718154271639,0.1780533822418267,4,sum,1,0.9272617974150886,0.8228404099560761,0.8017118402282454,0.8451127819548873
0.5,20,1,256,256,,0.16210766527964152,0.5,0.9642718154271639,0.1780533822418267,5,sum,1,0.9287646528403968,0.8296189791516895,0.8231098430813124,0.836231884057971
