alpha,K,layers,hidden_channels,out_channels,norm,dropout,margin,lpl_weight,ratio,seed,aggregation,pos_weight,accuracy,f1,recall,precision
0.7252679820291076,22,1,256,64,layernorm,0.3106350870694073,0.3914634522268414,0.5916378514116362,0.11847660851636621,1,sum,1,0.9224526600541028,0.8162393162393162,0.8174037089871612,0.8150782361308677
0.7252679820291076,22,1,256,64,layernorm,0.3106350870694073,0.3914634522268414,0.5916378514116362,0.11847660851636621,2,sum,1,0.9242560865644724,0.8205128205128205,0.8216833095577746,0.8193456614509246
0.7252679820291076,22,1,256,64,layernorm,0.3106350870694073,0.3914634522268414,0.5916378514116362,0.11847660851636621,3,sum,1,0.9266606552449654,0.8262108262108262,0.8273894436519258,0.8250355618776671
0.7252679820291076,22,1,256,64,layernorm,0.3106350870694073,0.3914634522268414,0.5916378514116362,0.11847660851636621,4,sum,1,0.9272617974150886,0.8276353276353277,0.8288159771754636,0.8264580369843528
0.7252679820291076,22,1,256,64,layernorm,0.3106350870694073,0.3914634522268414,0.5916378514116362,0.11847660851636621,5,sum,1,0.9236549443943493,0.8190883190883191,0.8202567760342369,0.817923186344239
