alpha,K,layers,hidden_channels,out_channels,norm,dropout,margin,lpl_weight,ratio,seed,aggregation,pos_weight,accuracy,f1,recall,precision
0.5,21,1,256,256,,0,0.5,0.9745303418790797,0.2099342706029429,1,mean,1,0.9299669371806433,0.8367203924316748,0.8516405135520685,0.8223140495867769
0.5,21,1,256,256,,0,0.5,0.9745303418790797,0.2099342706029429,2,mean,1,0.9299669371806433,0.8312816799420709,0.818830242510699,0.8441176470588235
0.5,21,1,256,256,,0,0.5,0.9745303418790797,0.2099342706029429,3,mean,1,0.9251577998196574,0.8207343412526998,0.8131241084165478,0.8284883720930233
0.5,21,1,256,256,,0,0.5,0.9745303418790797,0.2099342706029429,4,mean,1,0.9248572287345957,0.8241912798874824,0.8359486447931527,0.812760055478502
0.5,21,1,256,256,,0,0.5,0.9745303418790797,0.2099342706029429,5,mean,1,0.9266606552449654,0.8279266572637518,0.8373751783166904,0.8186889818688982
