alpha,K,layers,hidden_channels,out_channels,norm,dropout,margin,lpl_weight,ratio,seed,aggregation,pos_weight,accuracy,f1,recall,precision
0.888846074099013,20,1,16,128,,0.29652384889939953,0.560360965638879,0.3723324204516107,0.1460244166952314,1,sum,1,0.8860835587616471,0.7091327705295472,0.6590584878744651,0.7674418604651163
0.888846074099013,20,1,16,128,,0.29652384889939953,0.560360965638879,0.3723324204516107,0.1460244166952314,2,sum,1,0.876765855124737,0.6879756468797564,0.644793152639087,0.7373572593800979
0.888846074099013,20,1,16,128,,0.29652384889939953,0.560360965638879,0.3723324204516107,0.1460244166952314,3,sum,1,0.8827772768259693,0.6986089644513137,0.644793152639087,0.7622259696458684
0.888846074099013,20,1,16,128,,0.29652384889939953,0.560360965638879,0.3723324204516107,0.1460244166952314,4,sum,1,0.8713555755936279,0.6737804878048781,0.630527817403709,0.723404255319149
0.888846074099013,20,1,16,128,,0.29652384889939953,0.560360965638879,0.3723324204516107,0.1460244166952314,5,sum,1,0.8860835587616471,0.7100229533282326,0.6619115549215406,0.7656765676567657
