K,layers,hidden_channels,out_channels,norm,lr,treatment,dropout,ratio,seed,aggregation,model_type,batch_size,rate_pairs,clusters,sampling,num_epochs,anomaly_detector,accuracy,f1,recall,precision,losses,test_accuracy,test_f1,test_recall,test_precision
22,2,128,256,,0.005,removal,0,0.16221617858187407,654,mean,GCNConv,1024,10,50,sage,50,nearest_neighbors,nan,0.0,0.0,0.0,"[12.377992630004883, 12.22336483001709, 10.912379264831543, 11.282742500305176, 11.760018825531006, 10.986309289932251, 11.44771122932434, 11.015289306640625, 11.520544052124023, 11.365933418273926, 10.660414695739746, 10.289044857025146, 11.148885726928711, 11.596844673156738, 10.647826671600342, 9.887108564376831, 11.484436750411987, 10.38165831565857, 10.203256845474243, 11.01256012916565, 10.29897689819336, 10.553068399429321, 10.082457304000854, 9.272695541381836, 9.727265357971191, 10.278586149215698, 9.908945798873901, 9.93648910522461, 9.942339897155762, 10.198651552200317, 9.28485894203186, 10.171521425247192, 9.844661951065063, 10.149166107177734, 9.446523189544678, 10.168444156646729, 9.272716522216797, 9.725844860076904, 10.150241374969482, 9.753774642944336, 9.446420669555664, 9.023020267486572, 10.656198263168335, 9.1361985206604, 9.119249105453491, 9.064533948898315, 9.198764562606812, 9.62094259262085, 9.093026757240295, 9.210470795631409]",0.9297950957339604,0.6718995290423861,0.6096866096866097,0.7482517482517482
