K,layers,hidden_channels,out_channels,norm,lr,treatment,dropout,ratio,seed,aggregation,model_type,batch_size,rate_pairs,clusters,sampling,num_epochs,anomaly_detector,accuracy,f1,recall,precision,losses,test_accuracy,test_f1,test_recall,test_precision
16,2,128,128,,0.005,removal,0,0.2182227810151534,654,mean,GATConv,2048,10,50,sage,100,nearest_neighbors,nan,0.0,0.0,0.0,"[2.762166738510132, 2.4574731588363647, 2.4880876541137695, 2.453810453414917, 2.436486840248108, 2.5262609720230103, 2.461167097091675, 2.4208168983459473, 2.388804078102112, 2.3288263082504272, 2.38344943523407, 2.435902714729309, 2.461760401725769, 2.454822063446045, 2.4089120626449585, 2.376716375350952, 2.312532067298889, 2.4387983083724976, 2.495468854904175, 2.3497437238693237, 2.338943123817444, 2.298854112625122, 2.3900684118270874, 2.407413601875305, 2.3521870374679565, 2.3898907899856567, 2.383941650390625, 2.2848782539367676, 2.283328056335449, 2.3427623510360718, 2.258542537689209, 2.3487353324890137, 2.3049827814102173, 2.271561622619629, 2.3109411001205444, 2.2746158838272095, 2.205517292022705, 2.3136783838272095, 2.2648048400878906, 2.239397168159485, 2.192816734313965, 2.160774350166321, 2.2286293506622314, 2.1970311403274536, 2.183565139770508, 2.1935118436813354, 2.2028844356536865, 2.202730655670166, 2.17454993724823, 2.1996912956237793, 2.192113995552063, 2.2134742736816406, 2.2269668579101562, 2.1287237405776978, 2.148259162902832, 2.1664551496505737, 2.1737606525421143, 2.1953009366989136, 2.1285425424575806, 2.0791326761245728, 2.086793303489685, 2.0839431285858154, 2.144077181816101, 2.0985580682754517, 2.1262409687042236, 2.1067160964012146, 2.0762758255004883, 2.090705394744873, 2.1121609210968018, 2.0926547050476074, 2.0697473287582397, 2.0811597108840942, 2.0741230249404907, 2.052234172821045, 2.039363920688629, 1.9799456000328064, 2.0983047485351562, 2.0150451064109802, 2.0822793841362, 2.0073389410972595, 2.0276200771331787, 2.0063456892967224, 1.9999408721923828, 2.0242795944213867, 1.9435676336288452, 1.974880337715149, 1.9677432775497437, 1.9941837191581726, 1.9801859855651855, 1.9613219499588013, 1.939964771270752, 1.926353931427002, 1.9484710693359375, 1.9633055329322815, 1.9259408712387085, 1.9007320404052734, 1.8934601545333862, 1.8895429968833923, 1.9456404447555542, 1.8635683059692383]",0.9230769230769231,0.6617429837518464,0.6381766381766382,0.6871165644171779
