alpha,K,layers,hidden_channels,out_channels,norm,dropout,margin,lpl_weight,ratio,seed,aggregation,pos_weight,accuracy,f1,recall,precision
0.5,17,1,256,256,,0,0.5,0.6651650863460107,0.17984143895253235,1,sum,1,0.9218515178839796,0.8085419734904271,0.7831669044222539,0.8356164383561644
0.5,17,1,256,256,,0,0.5,0.6651650863460107,0.17984143895253235,2,sum,1,0.9269612263300271,0.8253055355859095,0.818830242510699,0.8318840579710145
0.5,17,1,256,256,,0,0.5,0.6651650863460107,0.17984143895253235,3,sum,1,0.9284640817553351,0.825,0.8002853067047075,0.8512898330804249
0.5,17,1,256,256,,0,0.5,0.6651650863460107,0.17984143895253235,4,sum,1,0.9263600841599038,0.8228488792480115,0.81169757489301,0.8343108504398827
0.5,17,1,256,256,,0,0.5,0.6651650863460107,0.17984143895253235,5,sum,1,0.9251577998196574,0.8202166064981949,0.8102710413694721,0.8304093567251462
