alpha,K,layers,hidden_channels,out_channels,norm,dropout,margin,lpl_weight,ratio,seed,aggregation,pos_weight,accuracy,f1,recall,precision
0.1384529700262781,23,1,128,64,,0.2950230318692544,0.42390801681284346,0.15316901869193533,0.49709522205244494,1,sum,1,0.852419597234746,0.7249299719887955,0.9229671897289586,0.5968634686346863
0.1384529700262781,23,1,128,64,,0.2950230318692544,0.42390801681284346,0.15316901869193533,0.49709522205244494,2,sum,1,0.8473098887886985,0.7146067415730337,0.9072753209700428,0.5894346617238183
0.1384529700262781,23,1,128,64,,0.2950230318692544,0.42390801681284346,0.15316901869193533,0.49709522205244494,3,sum,1,0.8593327321911632,0.7334851936218679,0.9186875891583453,0.6104265402843602
0.1384529700262781,23,1,128,64,,0.2950230318692544,0.42390801681284346,0.15316901869193533,0.49709522205244494,4,sum,1,0.8647430117222723,0.7392815758980301,0.9101283880171184,0.6224390243902439
0.1384529700262781,23,1,128,64,,0.2950230318692544,0.42390801681284346,0.15316901869193533,0.49709522205244494,5,sum,1,0.8644424406372107,0.7382472431804992,0.9072753209700428,0.6223091976516634
