alpha,K,layers,hidden_channels,out_channels,norm,dropout,margin,lpl_weight,ratio,seed,aggregation,pos_weight,accuracy,f1,recall,precision
0.9598792334401266,18,1,128,256,graphnorm,0.16760549851341588,0.6161324101078931,0.146982735572795,0.10930606887957348,1,sum,1,0.931770363691013,0.8294515401953418,0.7874465049928673,0.8761904761904762
0.9598792334401266,18,1,128,256,graphnorm,0.16760549851341588,0.6161324101078931,0.146982735572795,0.10930606887957348,2,sum,1,0.9326720769461978,0.8330849478390462,0.797432239657632,0.8720748829953198
0.9598792334401266,18,1,128,256,graphnorm,0.16760549851341588,0.6161324101078931,0.146982735572795,0.10930606887957348,3,sum,1,0.9335737902013826,0.8337095560571859,0.7902995720399429,0.8821656050955414
0.9598792334401266,18,1,128,256,graphnorm,0.16760549851341588,0.6161324101078931,0.146982735572795,0.10930606887957348,4,sum,1,0.9365795010519988,0.8405139833711263,0.7931526390870185,0.8938906752411575
0.9598792334401266,18,1,128,256,graphnorm,0.16760549851341588,0.6161324101078931,0.146982735572795,0.10930606887957348,5,sum,1,0.9281635106702735,0.8209737827715355,0.7817403708987162,0.8643533123028391
