alpha,K,layers,hidden_channels,out_channels,norm,dropout,margin,lpl_weight,ratio,seed,aggregation,pos_weight,accuracy,f1,recall,precision
0.9181808209276847,18,1,256,128,,0.3187357951033413,0.47203734080925663,0.28465682302422496,0.11458209702885976,1,sum,1,0.9290652239254583,0.822289156626506,0.7788873038516405,0.8708133971291866
0.9181808209276847,18,1,256,128,,0.3187357951033413,0.47203734080925663,0.28465682302422496,0.11458209702885976,2,sum,1,0.9383829275623685,0.8438690022848438,0.7902995720399429,0.9052287581699346
0.9181808209276847,18,1,256,128,,0.3187357951033413,0.47203734080925663,0.28465682302422496,0.11458209702885976,3,sum,1,0.9362789299669372,0.8401206636500754,0.7945791726105563,0.8912
0.9181808209276847,18,1,256,128,,0.3187357951033413,0.47203734080925663,0.28465682302422496,0.11458209702885976,4,sum,1,0.935677787796814,0.8395802098950524,0.7988587731811697,0.8846761453396524
0.9181808209276847,18,1,256,128,,0.3187357951033413,0.47203734080925663,0.28465682302422496,0.11458209702885976,5,sum,1,0.9347760745416291,0.8344774980930587,0.7803138373751783,0.8967213114754098
