alpha,K,layers,hidden_channels,out_channels,norm,dropout,margin,lpl_weight,ratio,seed,aggregation,pos_weight,accuracy,f1,recall,precision
0.5,16,2,256,128,,0.30744498465344827,0.5,0.9516551653827638,0.015137404606828775,1,sum,1,0.9032161106101593,0.7040441176470589,0.5463623395149786,0.9896640826873385
0.5,16,2,256,128,,0.30744498465344827,0.5,0.9516551653827638,0.015137404606828775,2,sum,1,0.9056206792906523,0.7124542124542125,0.5549215406562055,0.9948849104859335
0.5,16,2,256,128,,0.30744498465344827,0.5,0.9516551653827638,0.015137404606828775,3,sum,1,0.907424105801022,0.718978102189781,0.5620542082738944,0.9974683544303797
0.5,16,2,256,128,,0.30744498465344827,0.5,0.9516551653827638,0.015137404606828775,4,sum,1,0.9053201082055906,0.7118023787740164,0.5549215406562055,0.9923469387755102
0.5,16,2,256,128,,0.30744498465344827,0.5,0.9516551653827638,0.015137404606828775,5,sum,1,0.9059212503757138,0.7136322049405307,0.5563480741797432,0.9948979591836735
