alpha,K,layers,hidden_channels,out_channels,norm,dropout,margin,lpl_weight,ratio,seed,aggregation,pos_weight,accuracy,f1,recall,precision
0.862623428927021,25,1,256,64,,0.3139916928174971,0.34900645314777634,0.7181535956117584,0.11394836244339085,1,sum,1,0.9290652239254583,0.8195718654434251,0.7646219686162625,0.8830313014827018
0.862623428927021,25,1,256,64,,0.3139916928174971,0.34900645314777634,0.7181535956117584,0.11394836244339085,2,sum,1,0.9389840697324917,0.8451563691838292,0.7902995720399429,0.9081967213114754
0.862623428927021,25,1,256,64,,0.3139916928174971,0.34900645314777634,0.7181535956117584,0.11394836244339085,3,sum,1,0.9368800721370604,0.8409090909090909,0.7917261055634808,0.8966074313408724
0.862623428927021,25,1,256,64,,0.3139916928174971,0.34900645314777634,0.7181535956117584,0.11394836244339085,4,sum,1,0.9344755034565675,0.8338414634146342,0.7803138373751783,0.8952536824877251
0.862623428927021,25,1,256,64,,0.3139916928174971,0.34900645314777634,0.7181535956117584,0.11394836244339085,5,sum,1,0.9305680793507665,0.8261851015801355,0.7831669044222539,0.8742038216560509
