alpha,K,layers,hidden_channels,out_channels,norm,dropout,margin,lpl_weight,ratio,seed,aggregation,pos_weight,accuracy,f1,recall,precision
0.8604710482106749,18,2,128,128,graphnorm,0.13207263422805093,0.6738980796111027,0.26475346556971446,0.10467833604319479,1,sum,1,0.9353772167117523,0.8389513108614233,0.7988587731811697,0.8832807570977917
0.8604710482106749,18,2,128,128,graphnorm,0.13207263422805093,0.6738980796111027,0.26475346556971446,0.10467833604319479,2,sum,1,0.9389840697324917,0.8470233609645818,0.8017118402282454,0.8977635782747604
0.8604710482106749,18,2,128,128,graphnorm,0.13207263422805093,0.6738980796111027,0.26475346556971446,0.10467833604319479,3,sum,1,0.9344755034565675,0.834597875569044,0.7845934379457917,0.8914100486223663
0.8604710482106749,18,2,128,128,graphnorm,0.13207263422805093,0.6738980796111027,0.26475346556971446,0.10467833604319479,4,sum,1,0.9398857829876766,0.8489425981873112,0.8017118402282454,0.9020866773675762
0.8604710482106749,18,2,128,128,graphnorm,0.13207263422805093,0.6738980796111027,0.26475346556971446,0.10467833604319479,5,sum,1,0.9338743612864443,0.8330804248861912,0.7831669044222539,0.8897893030794165
