alpha,K,layers,hidden_channels,out_channels,norm,dropout,margin,lpl_weight,ratio,seed,aggregation,pos_weight,accuracy,f1,recall,precision
0.5,25,2,256,256,,0.3032949224168637,0.5,0.8724680202657331,0.12382734183515594,1,sum,1,0.9359783588818755,0.843956043956044,0.8216833095577746,0.8674698795180723
0.5,25,2,256,256,,0.3032949224168637,0.5,0.8724680202657331,0.12382734183515594,2,sum,1,0.9416892094980462,0.8579795021961932,0.8359486447931527,0.881203007518797
0.5,25,2,256,256,,0.3032949224168637,0.5,0.8724680202657331,0.12382734183515594,3,sum,1,0.9392846408175534,0.8531976744186046,0.8373751783166904,0.8696296296296296
0.5,25,2,256,256,,0.3032949224168637,0.5,0.8724680202657331,0.12382734183515594,4,sum,1,0.9413886384129847,0.8575602629656683,0.8373751783166904,0.8787425149700598
0.5,25,2,256,256,,0.3032949224168637,0.5,0.8724680202657331,0.12382734183515594,5,sum,1,0.9326720769461978,0.8367346938775511,0.818830242510699,0.8554396423248882
