alpha,K,layers,hidden_channels,out_channels,norm,dropout,margin,lpl_weight,ratio,seed,aggregation,pos_weight,accuracy,f1,recall,precision
0.5,15,2,256,128,,0.3413181628856612,0.5,0.9891323767466882,0.13267720554001167,1,sum,1,0.9362789299669372,0.8459302325581395,0.8302425106990015,0.8622222222222222
0.5,15,2,256,128,,0.3413181628856612,0.5,0.9891323767466882,0.13267720554001167,2,sum,1,0.9416892094980462,0.858806404657933,0.8416547788873039,0.8766716196136701
0.5,15,2,256,128,,0.3413181628856612,0.5,0.9891323767466882,0.13267720554001167,3,sum,1,0.939585211902615,0.8538181818181818,0.8373751783166904,0.870919881305638
0.5,15,2,256,128,,0.3413181628856612,0.5,0.9891323767466882,0.13267720554001167,4,sum,1,0.9437932070934776,0.8623988226637234,0.8359486447931527,0.8905775075987842
0.5,15,2,256,128,,0.3413181628856612,0.5,0.9891323767466882,0.13267720554001167,5,sum,1,0.9374812143071837,0.8490566037735849,0.8345221112696148,0.8641063515509602
