K,layers,hidden_channels,out_channels,norm,lr,treatment,dropout,ratio,seed,aggregation,model_type,batch_size,rate_pairs,reliable_mini_batch,clusters,accuracy,f1,recall,precision,losses
7,2,128,256,,0.002354567732874162,removal,0,0.09559786627495744,654,sum,GINConv,15,5,True,300,0.9206492335437331,0.7850162866449512,0.6875891583452212,0.9146110056925996,"[21.011710047721863, 20.00654685497284, 20.580134630203247, 19.137430608272552, 18.737154334783554, 18.76368761062622, 18.675891160964966, 17.892053842544556, 17.820125728845596, 17.923514783382416, 17.132424414157867, 17.024181723594666, 16.70298421382904, 16.786074995994568, 16.622943371534348, 15.670199871063232, 15.944367825984955, 15.887425422668457, 14.974037855863571, 14.96474203467369, 13.92146548628807, 14.439544796943665, 14.07569733262062, 13.77142870426178, 13.422758370637894, 13.048915565013885, 12.408409506082535, 12.459770292043686, 12.085692644119263, 11.534470528364182, 11.301428943872452, 10.741582870483398, 10.72323852777481, 10.708481818437576, 10.378222316503525, 9.911869645118713, 9.736041873693466, 9.282064333558083, 9.001588493585587, 8.791010811924934, 8.586886554956436, 8.378534197807312, 8.434263199567795, 7.693700343370438, 7.526494145393372, 7.237540900707245, 6.967552274465561, 6.68489807844162, 6.955423265695572, 6.2684923112392426]"
