alpha,K,layers,hidden_channels,out_channels,norm,dropout,margin,lpl_weight,ratio,seed,aggregation,pos_weight,accuracy,f1,recall,precision
0.5,24,1,256,256,,0.17187503726029804,0.5,0.8268121217758405,0.17855132591751877,1,sum,1,0.9314697926059513,0.8362068965517241,0.8302425106990015,0.8422575976845152
0.5,24,1,256,256,,0.17187503726029804,0.5,0.8268121217758405,0.17855132591751877,2,sum,1,0.9200480913736099,0.806966618287373,0.7931526390870185,0.8212703101920237
0.5,24,1,256,256,,0.17187503726029804,0.5,0.8268121217758405,0.17855132591751877,3,sum,1,0.9275623685001503,0.8252356780275562,0.81169757489301,0.8392330383480826
0.5,24,1,256,256,,0.17187503726029804,0.5,0.8268121217758405,0.17855132591751877,4,sum,1,0.9257589419897806,0.8208846990572879,0.8074179743223966,0.8348082595870207
0.5,24,1,256,256,,0.17187503726029804,0.5,0.8268121217758405,0.17855132591751877,5,sum,1,0.9278629395852119,0.8243045387994143,0.8031383737517832,0.8466165413533835
