alpha,K,layers,hidden_channels,out_channels,norm,dropout,margin,lpl_weight,ratio,seed,aggregation,pos_weight,accuracy,f1,recall,precision
0.8608907104923864,22,1,256,64,,0.2823216726384085,0.5267093602014276,0.9513080432799474,0.13313072535193324,1,sum,1,0.9236549443943493,0.8115727002967359,0.7803138373751783,0.8454404945904173
0.8608907104923864,22,1,256,64,,0.2823216726384085,0.5267093602014276,0.9513080432799474,0.13313072535193324,2,sum,1,0.9326720769461978,0.83601756954612,0.8145506419400856,0.8586466165413534
0.8608907104923864,22,1,256,64,,0.2823216726384085,0.5267093602014276,0.9513080432799474,0.13313072535193324,3,sum,1,0.9350766456266907,0.841642228739003,0.818830242510699,0.8657616892911011
0.8608907104923864,22,1,256,64,,0.2823216726384085,0.5267093602014276,0.9513080432799474,0.13313072535193324,4,sum,1,0.9323715058611362,0.8354059985369422,0.8145506419400856,0.8573573573573574
0.8608907104923864,22,1,256,64,,0.2823216726384085,0.5267093602014276,0.9513080432799474,0.13313072535193324,5,sum,1,0.9326720769461978,0.8362573099415205,0.8159771754636234,0.8575712143928036
