alpha,K,layers,hidden_channels,out_channels,norm,dropout,margin,lpl_weight,ratio,seed,aggregation,pos_weight,accuracy,f1,recall,precision
0.5,17,1,256,128,,0.3,0.5,0.9,0.13,1,sum,1,0.9188458070333634,0.782608695652174,0.6932952924393724,0.8983364140480592
0.5,17,1,256,128,,0.3,0.5,0.9,0.13,2,sum,1,0.90892696122633,0.7530562347188264,0.6590584878744651,0.8783269961977186
0.5,17,1,256,128,,0.3,0.5,0.9,0.13,3,sum,1,0.9095281033964533,0.7570621468926554,0.6690442225392297,0.8717472118959108
0.5,17,1,256,128,,0.3,0.5,0.9,0.13,4,sum,1,0.9095281033964533,0.7574536663980661,0.6704707560627675,0.8703703703703703
0.5,17,1,256,128,,0.3,0.5,0.9,0.13,5,sum,1,0.9086263901412684,0.7516339869281046,0.6562054208273894,0.8795411089866156
