K,layers,hidden_channels,out_channels,norm,lr,treatment,dropout,ratio,seed,aggregation,model_type,batch_size,rate_pairs,clusters,sampling,num_epochs,anomaly_detector,accuracy,f1,recall,precision,losses
5,1,64,256,,0.008426636936669762,removal,0,0.09921769368511124,654,mean,GCNConv,512,1,400,shine,100,nearest_neighbors,0.9389840697324917,0.8449197860962567,0.7888730385164051,0.9095394736842105,"[6.5622881054878235, 6.27939385175705, 6.084185719490051, 6.026020407676697, 5.686739563941956, 5.515159785747528, 5.5636162757873535, 5.424024343490601, 5.2227946519851685, 4.963525414466858, 4.867969036102295, 4.632206976413727, 4.449059724807739, 4.358633995056152, 4.192474722862244, 3.999753177165985, 3.9137890934944153, 3.8056227266788483, 3.6928926408290863, 3.4936412572860718, 3.4619566202163696, 3.2075165510177612, 3.1341602504253387, 3.00452721118927, 2.901483118534088, 2.787427455186844, 2.680408000946045, 2.5983747839927673, 2.4178900718688965, 2.3467991650104523, 2.311701774597168, 2.257357358932495, 2.1081006228923798, 2.089463472366333, 1.9509432911872864, 1.876184567809105, 1.8628617078065872, 1.7997209131717682, 1.7520388066768646, 1.638432964682579, 1.5661146193742752, 1.5587884485721588, 1.4956089556217194, 1.4380218535661697, 1.4086569845676422, 1.3446261435747147, 1.2994818091392517, 1.251817673444748, 1.2258083075284958, 1.201626256108284, 1.1628262251615524, 1.1737113296985626, 1.1050411760807037, 1.0525762438774109, 1.0100338608026505, 1.02204991877079, 1.0002376735210419, 0.9763661772012711, 0.9458878636360168, 0.903387688100338, 0.9090099334716797, 0.8474802225828171, 0.8578148558735847, 0.819777749478817, 0.820222407579422, 0.7850425392389297, 0.780214436352253, 0.7524803355336189, 0.7472763359546661, 0.7176247239112854, 0.6964579671621323, 0.6889639794826508, 0.6686181500554085, 0.6386249363422394, 0.6555079147219658, 0.6355824768543243, 0.621858648955822, 0.6206561326980591, 0.6002406850457191, 0.583930067718029, 0.5782508328557014, 0.5543637424707413, 0.5530225858092308, 0.5289777368307114, 0.5227554887533188, 0.5231357216835022, 0.5089513286948204, 0.49986008554697037, 0.5028687119483948, 0.475029781460762, 0.48698534071445465, 0.4672688692808151, 0.4702497869729996, 0.44881825894117355, 0.4284321516752243, 0.4407970458269119, 0.42856239899992943, 0.4293329007923603, 0.4156290367245674, 0.4087526835501194]"
