K,layers,hidden_channels,out_channels,norm,lr,treatment,dropout,ratio,seed,aggregation,model_type,batch_size,rate_pairs,clusters,sampling,num_epochs,anomaly_detector,accuracy,f1,recall,precision,losses,test_accuracy,test_f1,test_recall,test_precision
6,1,64,256,,0.005,removal,0,0.2833313420991177,654,mean,GCNConv,2048,10,50,sage,50,nearest_neighbors,nan,0.0,0.0,0.0,"[2.4899743795394897, 2.414515972137451, 2.321130633354187, 2.351120710372925, 2.4013084173202515, 2.278879165649414, 2.380945086479187, 2.325852394104004, 2.2857306003570557, 2.3269715309143066, 2.3260618448257446, 2.3483095169067383, 2.2109384536743164, 2.297964572906494, 2.294460654258728, 2.285253643989563, 2.2497971057891846, 2.2276796102523804, 2.219568371772766, 2.2358838319778442, 2.3004915714263916, 2.249250054359436, 2.2740412950515747, 2.164711117744446, 2.1682010889053345, 2.1587804555892944, 2.1306402683258057, 2.2079365253448486, 2.2051433324813843, 2.105041027069092, 2.1216427087783813, 2.105991840362549, 2.1304792165756226, 2.1371227502822876, 2.159282088279724, 2.1779195070266724, 2.1335337162017822, 2.1415106058120728, 2.1402872800827026, 2.0657845735549927, 2.0781461000442505, 2.0733258724212646, 2.071621298789978, 2.0909260511398315, 2.0603652000427246, 2.03961580991745, 2.0004719495773315, 2.0324199199676514, 1.9931674003601074, 2.0074432492256165]",0.9203896540141082,0.7055900621118012,0.8091168091168092,0.6255506607929515
