K,layers,hidden_channels,out_channels,norm,lr,treatment,dropout,ratio,seed,aggregation,model_type,batch_size,rate_pairs,clusters,sampling,num_epochs,anomaly_detector,accuracy,f1,recall,precision,losses
3,2,64,256,,0.0016043536874544807,removal,0,0.142009708424496,654,mean,GATConv,512,10,100,sage,100,nearest_neighbors,0.9329726480312593,0.8334578043315908,0.7960057061340942,0.8746081504702194,"[5.025605261325836, 4.907134652137756, 4.855853855609894, 4.885543167591095, 4.983447015285492, 4.810479998588562, 4.771614074707031, 4.812712550163269, 4.763570845127106, 4.769443511962891, 4.637329697608948, 4.728956520557404, 4.7431657910346985, 4.491744339466095, 4.602690935134888, 4.450668811798096, 4.449591040611267, 4.494077205657959, 4.612933099269867, 4.430011987686157, 4.497470676898956, 4.395418763160706, 4.288966238498688, 4.325233101844788, 4.3076565861701965, 4.265564560890198, 4.16908460855484, 4.291337847709656, 4.1248010993003845, 4.142375946044922, 4.179127097129822, 4.067212462425232, 4.114915549755096, 4.083776950836182, 4.096439361572266, 3.9994674921035767, 3.9560598731040955, 3.987468957901001, 3.907410740852356, 3.9117144346237183, 3.8123700320720673, 3.8651495575904846, 3.7725181579589844, 3.754452735185623, 3.7487846314907074, 3.781549096107483, 3.6980973184108734, 3.702298551797867, 3.6521486043930054, 3.648377776145935, 3.576737493276596, 3.558631956577301, 3.488221287727356, 3.491981476545334, 3.4845291078090668, 3.469441920518875, 3.4786091446876526, 3.418120861053467, 3.433072865009308, 3.391214281320572, 3.3572035431861877, 3.311260938644409, 3.2640827894210815, 3.3002375662326813, 3.242881566286087, 3.2324159145355225, 3.26422980427742, 3.214541107416153, 3.164180338382721, 3.154921382665634, 3.109835833311081, 3.0588358938694, 3.036557197570801, 2.9690679013729095, 3.016672819852829, 2.9514024555683136, 2.994911879301071, 2.943352848291397, 2.905557334423065, 2.857063204050064, 2.8532864451408386, 2.826718181371689, 2.864654004573822, 2.8326295018196106, 2.7920497953891754, 2.7909083664417267, 2.7402856647968292, 2.7474817037582397, 2.6708597242832184, 2.731165498495102, 2.660784035921097, 2.669299155473709, 2.6581564843654633, 2.647160530090332, 2.5747218132019043, 2.54131156206131, 2.5392302572727203, 2.5208652019500732, 2.4715949296951294, 2.48679256439209]"
