alpha,K,layers,hidden_channels,out_channels,norm,dropout,margin,lpl_weight,ratio,seed,aggregation,pos_weight,accuracy,f1,recall,precision
0.6195319464178678,24,1,256,32,,0.09327846496453371,0.41055132355254603,0.9285347953798286,0.1605547081272366,1,sum,1,0.9215509467989179,0.8193771626297578,0.8445078459343794,0.7956989247311828
0.6195319464178678,24,1,256,32,,0.09327846496453371,0.41055132355254603,0.9285347953798286,0.1605547081272366,2,sum,1,0.9242560865644724,0.8230337078651685,0.8359486447931527,0.8105117565698479
0.6195319464178678,24,1,256,32,,0.09327846496453371,0.41055132355254603,0.9285347953798286,0.1605547081272366,3,sum,1,0.9248572287345957,0.8261474269819193,0.8473609129814551,0.8059701492537313
0.6195319464178678,24,1,256,32,,0.09327846496453371,0.41055132355254603,0.9285347953798286,0.1605547081272366,4,sum,1,0.9260595130748422,0.827247191011236,0.8402282453637661,0.8146611341632088
0.6195319464178678,24,1,256,32,,0.09327846496453371,0.41055132355254603,0.9285347953798286,0.1605547081272366,5,sum,1,0.9215509467989179,0.8170988086895585,0.8316690442225392,0.803030303030303
