alpha,K,layers,hidden_channels,out_channels,norm,dropout,margin,lpl_weight,ratio,seed,aggregation,pos_weight,accuracy,f1,recall,precision
0.8507253262439899,17,1,256,256,,0.2516473119418046,0.5221723585375334,0.6422800865903974,0.3972003795706752,1,mean,1,0.7084460474902314,0.5658012533572068,0.9015691868758916,0.41226353555120676
0.8507253262439899,17,1,256,256,,0.2516473119418046,0.5221723585375334,0.6422800865903974,0.3972003795706752,2,mean,1,0.7120529005109708,0.5711727842435094,0.9101283880171184,0.41617742987606
0.8507253262439899,17,1,256,256,,0.2516473119418046,0.5221723585375334,0.6422800865903974,0.3972003795706752,3,mean,1,0.7132551848512173,0.5729632945389436,0.912981455064194,0.41748206131767773
0.8507253262439899,17,1,256,256,,0.2516473119418046,0.5221723585375334,0.6422800865903974,0.3972003795706752,4,mean,1,0.7168620378719567,0.5783348254252462,0.9215406562054208,0.42139595564253096
0.8507253262439899,17,1,256,256,,0.2516473119418046,0.5221723585375334,0.6422800865903974,0.3972003795706752,5,mean,1,0.71746318004208,0.5792300805729633,0.9229671897289586,0.42204827136333983
