alpha,K,layers,hidden_channels,out_channels,norm,dropout,margin,lpl_weight,ratio,seed,aggregation,pos_weight,accuracy,f1,recall,precision
0.5,20,2,256,128,,0.20269511449510053,0.5,0.5782413390591777,0.2178855628274629,1,sum,1,0.9212503757138564,0.8236877523553163,0.8730385164051355,0.7796178343949045
0.5,20,2,256,128,,0.20269511449510053,0.5,0.5782413390591777,0.2178855628274629,2,sum,1,0.9302675082657048,0.8415300546448088,0.8787446504992867,0.8073394495412844
0.5,20,2,256,128,,0.20269511449510053,0.5,0.5782413390591777,0.2178855628274629,3,sum,1,0.9362789299669372,0.8545953360768176,0.8887303851640513,0.8229854689564069
0.5,20,2,256,128,,0.20269511449510053,0.5,0.5782413390591777,0.2178855628274629,4,sum,1,0.9257589419897806,0.8307059629883482,0.8644793152639088,0.7994722955145118
0.5,20,2,256,128,,0.20269511449510053,0.5,0.5782413390591777,0.2178855628274629,5,sum,1,0.9245566576495341,0.8293677770224337,0.8701854493580599,0.7922077922077922
