K,layers,hidden_channels,out_channels,norm,lr,treatment,dropout,ratio,seed,aggregation,model_type,batch_size,rate_pairs,clusters,sampling,num_epochs,anomaly_detector,accuracy,f1,recall,precision,losses,test_accuracy,test_f1,test_recall,test_precision
5,1,256,256,,0.001715541657214771,removal,0,0.23274299689194536,654,mean,GATConv,768,15,400,sage,100,nearest_neighbors,0.6704545454545454,0.8027210884353742,0.6704545454545454,1.0,"[5.484982967376709, 4.978528141975403, 5.14446759223938, 5.046885013580322, 5.301279067993164, 5.150934398174286, 4.939523696899414, 5.264941930770874, 4.953379452228546, 5.18304443359375, 5.036236941814423, 5.041478455066681, 5.141938269138336, 5.083860814571381, 4.927581310272217, 4.950633347034454, 4.801458179950714, 4.971258521080017, 4.821152746677399, 4.91577535867691, 4.845544457435608, 4.82540500164032, 4.863812983036041, 4.690195798873901, 4.647883236408234, 4.766426742076874, 4.835346519947052, 4.973781168460846, 4.634633183479309, 4.63764101266861, 4.765535414218903, 4.723620057106018, 4.563659131526947, 4.711747169494629, 4.565244734287262, 4.612352430820465, 4.55926638841629, 4.554958403110504, 4.613914132118225, 4.450152695178986, 4.278794944286346, 4.454888820648193, 4.371970295906067, 4.366246044635773, 4.30152702331543, 4.5299535393714905, 4.3372785449028015, 4.2478161454200745, 4.304393649101257, 4.335172176361084, 4.359722077846527, 4.325895249843597, 4.204449772834778, 4.17454069852829, 4.215672492980957, 4.2710877656936646, 4.2576904296875, 4.046087801456451, 4.221504032611847, 4.144272089004517, 4.102989554405212, 4.06842565536499, 4.031014919281006, 3.934408128261566, 4.11320036649704, 3.9943005442619324, 3.9384148120880127, 3.891537666320801, 3.866395950317383, 3.8631685972213745, 4.017230570316315, 3.902987539768219, 3.9188393354415894, 3.8271219730377197, 3.8189517855644226, 3.8013786673545837, 3.7748116850852966, 3.828166961669922, 3.7924569249153137, 3.6668251156806946, 3.7396126985549927, 3.658115267753601, 3.719681441783905, 3.745453357696533, 3.639943540096283, 3.6241952180862427, 3.5528368949890137, 3.7399820685386658, 3.6491096019744873, 3.5538705587387085, 3.55964195728302, 3.5185965299606323, 3.5258954763412476, 3.5035493969917297, 3.5521700382232666, 3.4628143310546875, 3.5353694558143616, 3.511544704437256, 3.343310296535492, 3.339276969432831]",0.9335737902013826,0.8376193975018369,0.8131241084165478,0.8636363636363636
