alpha,K,layers,hidden_channels,out_channels,norm,dropout,margin,lpl_weight,ratio,seed,aggregation,pos_weight,accuracy,f1,recall,precision
0.5,20,1,256,256,,0.05588663336557563,0.5,0.39150913983530633,0.24481717100158287,1,sum,1,0.9158400961827472,0.8055555555555556,0.8273894436519258,0.7848443843031123
0.5,20,1,256,256,,0.05588663336557563,0.5,0.39150913983530633,0.24481717100158287,2,sum,1,0.9323715058611362,0.8442906574394463,0.8701854493580599,0.8198924731182796
0.5,20,1,256,256,,0.05588663336557563,0.5,0.39150913983530633,0.24481717100158287,3,sum,1,0.9266606552449654,0.8305555555555556,0.8530670470756063,0.8092016238159675
0.5,20,1,256,256,,0.05588663336557563,0.5,0.39150913983530633,0.24481717100158287,4,sum,1,0.9227532311391644,0.8238519533927348,0.8573466476462197,0.7928759894459103
0.5,20,1,256,256,,0.05588663336557563,0.5,0.39150913983530633,0.24481717100158287,5,sum,1,0.9251577998196574,0.8255080588647512,0.8402282453637661,0.8112947658402204
