K,layers,hidden_channels,out_channels,norm,lr,treatment,dropout,ratio,seed,aggregation,model_type,batch_size,rate_pairs,clusters,sampling,num_epochs,anomaly_detector,accuracy,f1,recall,precision,losses,test_accuracy,test_f1,test_recall,test_precision
4,1,256,256,,0.005,removal,0,0.2454057518453753,654,mean,GCNConv,2048,10,50,sage,100,nearest_neighbors,nan,0.0,0.0,0.0,"[1.6414955854415894, 1.4979990124702454, 1.4547514915466309, 1.470660150051117, 1.4932898879051208, 1.4258797764778137, 1.4718800783157349, 1.4448878169059753, 1.424280822277069, 1.4452472925186157, 1.4498019218444824, 1.4531206488609314, 1.3756237626075745, 1.4132401943206787, 1.4095675945281982, 1.4107009768486023, 1.391406238079071, 1.3711878061294556, 1.3682413697242737, 1.382172703742981, 1.4047234058380127, 1.3768819570541382, 1.3923079371452332, 1.332916796207428, 1.3278812766075134, 1.3235642313957214, 1.3074235916137695, 1.3421422839164734, 1.3413901329040527, 1.2915135622024536, 1.293273687362671, 1.2904086709022522, 1.3032694458961487, 1.2864364385604858, 1.3132402896881104, 1.3200057744979858, 1.2845081090927124, 1.2891497611999512, 1.2920093536376953, 1.2480219006538391, 1.2562285661697388, 1.2445485591888428, 1.2495359182357788, 1.250859797000885, 1.2288177013397217, 1.2215499877929688, 1.200449526309967, 1.2136163115501404, 1.1930820941925049, 1.193416714668274, 1.1606788635253906, 1.1870082020759583, 1.1928402781486511, 1.1788293719291687, 1.1430648565292358, 1.1438209414482117, 1.1452201008796692, 1.1458394527435303, 1.1382511854171753, 1.13445383310318, 1.1190300583839417, 1.104870080947876, 1.1032389402389526, 1.1252363920211792, 1.0747817754745483, 1.0802289247512817, 1.0875909328460693, 1.083850920200348, 1.0795972347259521, 1.0402785539627075, 1.0760972499847412, 1.0601865649223328, 1.0471557974815369, 1.0439815521240234, 1.0306945443153381, 1.003001093864441, 1.0028389692306519, 1.0090124309062958, 1.0122259259223938, 1.0001773238182068, 0.9846764504909515, 0.9673658311367035, 0.9760634005069733, 0.9819505214691162, 0.9631666541099548, 0.9539373219013214, 0.9456994533538818, 0.9414321482181549, 0.9449184834957123, 0.9258274137973785, 0.9227213561534882, 0.904085248708725, 0.9222625494003296, 0.9009993374347687, 0.8966272175312042, 0.8969932198524475, 0.8789964616298676, 0.8851768672466278, 0.8776043355464935, 0.8823808133602142]",0.9210614712798119,0.7116564417177914,0.8262108262108262,0.625
