alpha,K,layers,hidden_channels,out_channels,norm,dropout,margin,lpl_weight,ratio,seed,aggregation,pos_weight,accuracy,f1,recall,precision
0.7166925056788076,17,1,256,128,layernorm,0.4914394622530219,0.12206855891550072,0.5248681013903858,0.15089728451682954,1,mean,1,0.9287646528403968,0.8237918215613383,0.7902995720399429,0.860248447204969
0.7166925056788076,17,1,256,128,layernorm,0.4914394622530219,0.12206855891550072,0.5248681013903858,0.15089728451682954,2,mean,1,0.9329726480312593,0.8346923647146034,0.8031383737517832,0.8688271604938271
0.7166925056788076,17,1,256,128,layernorm,0.4914394622530219,0.12206855891550072,0.5248681013903858,0.15089728451682954,3,mean,1,0.9284640817553351,0.8207831325301205,0.7774607703281027,0.8692185007974481
0.7166925056788076,17,1,256,128,layernorm,0.4914394622530219,0.12206855891550072,0.5248681013903858,0.15089728451682954,4,mean,1,0.9263600841599038,0.8212983223924143,0.8031383737517832,0.8402985074626865
0.7166925056788076,17,1,256,128,layernorm,0.4914394622530219,0.12206855891550072,0.5248681013903858,0.15089728451682954,5,mean,1,0.9221520889690412,0.806572068707991,0.7703281027104137,0.8463949843260188
