alpha,K,layers,hidden_channels,out_channels,norm,dropout,margin,lpl_weight,ratio,seed,aggregation,pos_weight,accuracy,f1,recall,precision
0.4758968263201495,17,1,128,256,layernorm,0.4966609649029633,0.8556824902069837,0.5083545024679824,0.19731952386945545,1,mean,1,0.8698527201683198,0.6832479882955377,0.666191155492154,0.7012012012012012
0.4758968263201495,17,1,128,256,layernorm,0.4966609649029633,0.8556824902069837,0.5083545024679824,0.19731952386945545,2,mean,1,0.868951006913135,0.6651305683563749,0.6176890156918687,0.7204658901830283
0.4758968263201495,17,1,128,256,layernorm,0.4966609649029633,0.8556824902069837,0.5083545024679824,0.19731952386945545,3,mean,1,0.8725578599338744,0.6797583081570997,0.6419400855920114,0.7223113964686998
0.4758968263201495,17,1,128,256,layernorm,0.4966609649029633,0.8556824902069837,0.5083545024679824,0.19731952386945545,4,mean,1,0.8755635707844905,0.7008670520231214,0.6918687589158345,0.7101024890190337
0.4758968263201495,17,1,128,256,layernorm,0.4966609649029633,0.8556824902069837,0.5083545024679824,0.19731952386945545,5,mean,1,0.8737601442741209,0.6851574212893553,0.651925820256776,0.721958925750395
