K,layers,hidden_channels,out_channels,norm,lr,treatment,dropout,ratio,seed,aggregation,model_type,batch_size,rate_pairs,clusters,sampling,num_epochs,anomaly_detector,accuracy,f1,recall,precision,losses,test_accuracy,test_f1,test_recall,test_precision
7,1,256,256,,0.005,removal,0,0.16738283795419973,654,mean,GCNConv,1024,10,50,sage,100,nearest_neighbors,0.625,0.7692307692307693,0.625,1.0,"[4.868331789970398, 4.786673545837402, 4.838518381118774, 4.678304195404053, 4.760403513908386, 4.563213586807251, 4.544763803482056, 4.525372743606567, 4.568949103355408, 4.579079270362854, 4.573451042175293, 4.4506542682647705, 4.171896457672119, 4.3480130434036255, 4.375996887683868, 4.208651602268219, 4.2657225131988525, 4.210932433605194, 4.211189448833466, 4.1551952958106995, 4.087899088859558, 4.137684524059296, 4.008189082145691, 3.840968906879425, 3.9473702907562256, 3.9420160055160522, 3.9323596954345703, 3.940305233001709, 3.938535153865814, 3.8493757843971252, 3.7971760034561157, 3.762613534927368, 3.8502397537231445, 3.5151718854904175, 3.746176064014435, 3.62565153837204, 3.631161689758301, 3.594006657600403, 3.5842737555503845, 3.3785810470581055, 3.398770749568939, 3.3323991298675537, 3.234737515449524, 3.1583285331726074, 3.1476930975914, 3.2230016589164734, 3.255523383617401, 3.139446973800659, 3.0727126598358154, 3.0351316928863525, 2.9753236174583435, 2.9987627267837524, 3.0507428646087646, 2.9205101132392883, 2.9764310717582703, 2.8269039392471313, 2.800576329231262, 2.7890878319740295, 2.7467769980430603, 2.6522161960601807, 2.6737403869628906, 2.62345027923584, 2.6247472167015076, 2.6246978640556335, 2.5568790435791016, 2.5375062823295593, 2.4225651621818542, 2.466924548149109, 2.415243089199066, 2.332304537296295, 2.366718292236328, 2.294514536857605, 2.2668513655662537, 2.2501771450042725, 2.321964681148529, 2.25837641954422, 2.1822551488876343, 2.123666822910309, 2.106765866279602, 2.086030066013336, 2.038143426179886, 1.9931731522083282, 1.9834929406642914, 1.960383951663971, 2.011864125728607, 1.8990804851055145, 1.9136175513267517, 1.8166255354881287, 1.8742684721946716, 1.883575439453125, 1.7965789139270782, 1.719742327928543, 1.7323994040489197, 1.758529394865036, 1.7115645110607147, 1.6512000858783722, 1.634211391210556, 1.669328659772873, 1.6481487452983856, 1.5918441116809845]",0.9311692215208897,0.8279489105935387,0.7860199714693296,0.8746031746031746
