alpha,K,layers,hidden_channels,out_channels,norm,dropout,margin,lpl_weight,ratio,seed,aggregation,pos_weight,accuracy,f1,recall,precision
0.8082671827006753,22,1,256,64,,0.27661795663217426,0.5059044519767165,0.7073888022824659,0.21644417281660389,1,sum,1,0.915238954012624,0.8144736842105263,0.8830242510699001,0.7557997557997558
0.8082671827006753,22,1,256,64,,0.27661795663217426,0.5059044519767165,0.7073888022824659,0.21644417281660389,2,sum,1,0.9194469492034866,0.8222811671087533,0.884450784593438,0.7682775712515489
0.8082671827006753,22,1,256,64,,0.27661795663217426,0.5059044519767165,0.7073888022824659,0.21644417281660389,3,sum,1,0.9218515178839796,0.8264352469959947,0.8830242510699001,0.7766624843161857
0.8082671827006753,22,1,256,64,,0.27661795663217426,0.5059044519767165,0.7073888022824659,0.21644417281660389,4,sum,1,0.9107303877366997,0.8049901510177282,0.8744650499286734,0.745742092457421
0.8082671827006753,22,1,256,64,,0.27661795663217426,0.5059044519767165,0.7073888022824659,0.21644417281660389,5,sum,1,0.9194469492034866,0.8222811671087533,0.884450784593438,0.7682775712515489
