K,layers,hidden_channels,out_channels,norm,lr,treatment,dropout,ratio,seed,aggregation,model_type,batch_size,rate_pairs,clusters,sampling,num_epochs,anomaly_detector,accuracy,f1,recall,precision,losses,test_accuracy,test_f1,test_recall,test_precision
12,1,256,64,,0.005,removal,0,0.2762923608004937,654,mean,GATConv,1024,10,50,sage,100,nearest_neighbors,nan,0.0,0.0,0.0,"[5.552058935165405, 4.870689868927002, 5.012709736824036, 4.9430108070373535, 4.948265433311462, 4.796117544174194, 5.053299069404602, 4.921570897102356, 4.846753835678101, 4.910133600234985, 4.869227290153503, 4.7842570543289185, 4.811602234840393, 4.720116376876831, 4.493603229522705, 4.6916316747665405, 4.6661518812179565, 4.513279438018799, 4.682742238044739, 4.559118151664734, 4.413496196269989, 4.442652583122253, 4.401073336601257, 4.369112312793732, 4.502979040145874, 4.2402812242507935, 4.423577547073364, 4.411186575889587, 4.352452516555786, 4.393933475017548, 4.222336411476135, 4.16995108127594, 4.277338147163391, 4.116465389728546, 4.174388825893402, 3.9791623950004578, 3.9933111667633057, 3.9795379042625427, 4.148914039134979, 4.115349173545837, 3.961016893386841, 3.937208414077759, 3.7606905698776245, 3.854023814201355, 3.7799177765846252, 3.7540926337242126, 3.71355277299881, 3.6753576397895813, 3.82543021440506, 3.7406396865844727, 3.464429795742035, 3.446377694606781, 3.497838318347931, 3.4950807690620422, 3.487422466278076, 3.459006667137146, 3.448532283306122, 3.3613823652267456, 3.3320316076278687, 3.219345986843109, 3.29217928647995, 3.3111873865127563, 3.2736056447029114, 3.1291738748550415, 3.0233904123306274, 3.0656626224517822, 3.1428345441818237, 3.0119898915290833, 2.9199635982513428, 3.036274492740631, 3.0109975934028625, 2.878603994846344, 2.7213879823684692, 2.7607810497283936, 2.7948004007339478, 2.7152265906333923, 2.6503236889839172, 2.7914161682128906, 2.5163103342056274, 2.531889259815216, 2.5198002457618713, 2.402220904827118, 2.542578339576721, 2.5004736185073853, 2.3743937611579895, 2.436170518398285, 2.37068510055542, 2.3364278078079224, 2.355522334575653, 2.3277297019958496, 2.186846226453781, 2.209522306919098, 2.205950677394867, 2.213291585445404, 2.173698306083679, 2.0934242606163025, 2.020307183265686, 2.096067935228348, 2.00097993016243, 1.998593032360077]",0.9123278468256634,0.6167400881057269,0.5982905982905983,0.6363636363636364
