alpha,K,layers,hidden_channels,out_channels,norm,dropout,margin,lpl_weight,ratio,seed,aggregation,pos_weight,accuracy,f1,recall,precision
0.7614744195752956,24,1,256,64,,0.4142214479106909,0.3570391777677932,0.560087692557128,0.2713057496366601,1,sum,1,0.9173429516080553,0.819197896120973,0.8887303851640513,0.7597560975609756
0.7614744195752956,24,1,256,64,,0.4142214479106909,0.3570391777677932,0.560087692557128,0.2713057496366601,2,sum,1,0.9137360985873159,0.8118032786885246,0.8830242510699001,0.7512135922330098
0.7614744195752956,24,1,256,64,,0.4142214479106909,0.3570391777677932,0.560087692557128,0.2713057496366601,3,sum,1,0.9137360985873159,0.8122956180510137,0.8858773181169758,0.75
0.7614744195752956,24,1,256,64,,0.4142214479106909,0.3570391777677932,0.560087692557128,0.2713057496366601,4,sum,1,0.9101292455665765,0.8062216461438756,0.8873038516405135,0.7387173396674585
0.7614744195752956,24,1,256,64,,0.4142214479106909,0.3570391777677932,0.560087692557128,0.2713057496366601,5,sum,1,0.9071235347159603,0.8015414258188824,0.8901569186875892,0.7289719626168224
