alpha,K,layers,hidden_channels,out_channels,norm,dropout,margin,lpl_weight,ratio,seed,aggregation,pos_weight,accuracy,f1,recall,precision
0.5,20,1,256,128,,0.10412938973152897,0.5,0.585329125297589,0.19467608705090328,1,sum,1,0.9212503757138564,0.8030075187969925,0.7617689015691869,0.848966613672496
0.5,20,1,256,128,,0.10412938973152897,0.5,0.585329125297589,0.19467608705090328,2,sum,1,0.9203486624586715,0.8058608058608059,0.7845934379457917,0.8283132530120482
0.5,20,1,256,128,,0.10412938973152897,0.5,0.585329125297589,0.19467608705090328,3,sum,1,0.9242560865644724,0.811377245508982,0.7731811697574893,0.8535433070866142
0.5,20,1,256,128,,0.10412938973152897,0.5,0.585329125297589,0.19467608705090328,4,sum,1,0.9206492335437331,0.8053097345132744,0.7788873038516405,0.833587786259542
0.5,20,1,256,128,,0.10412938973152897,0.5,0.585329125297589,0.19467608705090328,5,sum,1,0.9176435226931169,0.7982326951399117,0.7731811697574893,0.8249619482496194
