alpha,K,layers,hidden_channels,out_channels,norm,dropout,margin,lpl_weight,ratio,seed,aggregation,pos_weight,accuracy,f1,recall,precision
0.5,21,1,256,256,,0,0.5,0.9136269631230162,0.1970465070002868,1,mean,1,0.9284640817553351,0.83,0.8288159771754636,0.8311874105865522
0.5,21,1,256,256,,0,0.5,0.9136269631230162,0.1970465070002868,2,mean,1,0.9260595130748422,0.8219971056439942,0.8102710413694721,0.8340675477239354
0.5,21,1,256,256,,0,0.5,0.9136269631230162,0.1970465070002868,3,mean,1,0.9245566576495341,0.8177196804647785,0.8031383737517832,0.8328402366863905
0.5,21,1,256,256,,0,0.5,0.9136269631230162,0.1970465070002868,4,mean,1,0.9251577998196574,0.8209920920201293,0.8145506419400856,0.827536231884058
0.5,21,1,256,256,,0,0.5,0.9136269631230162,0.1970465070002868,5,mean,1,0.9257589419897806,0.821917808219178,0.8131241084165478,0.8309037900874635
