alpha,K,layers,hidden_channels,out_channels,norm,dropout,margin,lpl_weight,ratio,seed,aggregation,pos_weight,accuracy,f1,recall,precision
0.934718663339422,22,1,128,256,graphnorm,0.07181496338341184,0.5570564866024741,0.23085296607182643,0.1218323356594336,1,sum,1,0.9311692215208897,0.829992576095026,0.797432239657632,0.8653250773993808
0.934718663339422,22,1,128,256,graphnorm,0.07181496338341184,0.5570564866024741,0.23085296607182643,0.1218323356594336,2,sum,1,0.9362789299669372,0.8429629629629629,0.81169757489301,0.8767334360554699
0.934718663339422,22,1,128,256,graphnorm,0.07181496338341184,0.5570564866024741,0.23085296607182643,0.1218323356594336,3,sum,1,0.9404869251577999,0.852017937219731,0.8131241084165478,0.8948194662480377
0.934718663339422,22,1,128,256,graphnorm,0.07181496338341184,0.5570564866024741,0.23085296607182643,0.1218323356594336,4,sum,1,0.9323715058611362,0.8334566987416728,0.8031383737517832,0.8661538461538462
0.934718663339422,22,1,128,256,graphnorm,0.07181496338341184,0.5570564866024741,0.23085296607182643,0.1218323356594336,5,sum,1,0.931770363691013,0.8314773570898293,0.7988587731811697,0.8668730650154799
