alpha,K,layers,hidden_channels,out_channels,norm,dropout,margin,lpl_weight,ratio,seed,aggregation,pos_weight,accuracy,f1,recall,precision
0.5,24,2,256,256,,0.08458839754488862,0.5,0.832667910440603,0.2288857195527835,1,sum,1,0.9260595130748422,0.8206997084548106,0.8031383737517832,0.8390461997019374
0.5,24,2,256,256,,0.08458839754488862,0.5,0.832667910440603,0.2288857195527835,2,sum,1,0.9173429516080553,0.8028673835125448,0.7988587731811697,0.8069164265129684
0.5,24,2,256,256,,0.08458839754488862,0.5,0.832667910440603,0.2288857195527835,3,sum,1,0.9251577998196574,0.8173147468818782,0.7945791726105563,0.8413897280966768
0.5,24,2,256,256,,0.08458839754488862,0.5,0.832667910440603,0.2288857195527835,4,sum,1,0.915238954012624,0.7977044476327116,0.7931526390870185,0.8023088023088023
