alpha,K,layers,hidden_channels,out_channels,norm,dropout,margin,lpl_weight,ratio,seed,aggregation,pos_weight,accuracy,f1,recall,precision
0.5,18,2,256,256,,0.026149565292220768,0.5,0.28106199364345485,0.231863738130766,1,sum,1,0.9212503757138564,0.8149717514124294,0.8231098430813124,0.806993006993007
0.5,18,2,256,256,,0.026149565292220768,0.5,0.28106199364345485,0.231863738130766,2,sum,1,0.9260595130748422,0.8294036061026352,0.8530670470756063,0.8070175438596491
0.5,18,2,256,256,,0.026149565292220768,0.5,0.28106199364345485,0.231863738130766,3,sum,1,0.9248572287345957,0.8226950354609929,0.8273894436519258,0.8180535966149506
0.5,18,2,256,256,,0.026149565292220768,0.5,0.28106199364345485,0.231863738130766,4,sum,1,0.9299669371806433,0.8371767994409504,0.854493580599144,0.8205479452054795
0.5,18,2,256,256,,0.026149565292220768,0.5,0.28106199364345485,0.231863738130766,5,sum,1,0.9266606552449654,0.8307905686546463,0.854493580599144,0.8083670715249662
