alpha,K,layers,hidden_channels,out_channels,norm,dropout,margin,lpl_weight,ratio,seed,aggregation,pos_weight,accuracy,f1,recall,precision
0.5,15,2,256,128,,0.2767940879312831,0.5,0.8753883076174733,0.16454457403535172,1,sum,1,0.931770363691013,0.8409250175192712,0.8559201141226819,0.8264462809917356
0.5,15,2,256,128,,0.2767940879312831,0.5,0.8753883076174733,0.16454457403535172,2,sum,1,0.9302675082657048,0.8386648122392212,0.8601997146932953,0.8181818181818182
0.5,15,2,256,128,,0.2767940879312831,0.5,0.8753883076174733,0.16454457403535172,3,sum,1,0.9380823564773069,0.8541076487252125,0.8601997146932953,0.8481012658227848
0.5,15,2,256,128,,0.2767940879312831,0.5,0.8753883076174733,0.16454457403535172,4,sum,1,0.9392846408175534,0.8565340909090909,0.8601997146932953,0.8528995756718529
0.5,15,2,256,128,,0.2767940879312831,0.5,0.8753883076174733,0.16454457403535172,5,sum,1,0.9338743612864443,0.8450704225352113,0.8559201141226819,0.8344923504867872
