alpha,K,layers,hidden_channels,out_channels,norm,dropout,margin,lpl_weight,ratio,seed,aggregation,pos_weight,accuracy,f1,recall,precision
0.5,20,1,256,256,,0.1751071205970476,0.5,0.8834006010076969,0.20403913353774322,1,sum,1,0.9257589419897806,0.8229390681003584,0.818830242510699,0.8270893371757925
0.5,20,1,256,256,,0.1751071205970476,0.5,0.8834006010076969,0.20403913353774322,2,sum,1,0.9251577998196574,0.8173147468818782,0.7945791726105563,0.8413897280966768
0.5,20,1,256,256,,0.1751071205970476,0.5,0.8834006010076969,0.20403913353774322,3,sum,1,0.9260595130748422,0.8214804063860668,0.8074179743223966,0.8360413589364845
0.5,20,1,256,256,,0.1751071205970476,0.5,0.8834006010076969,0.20403913353774322,4,sum,1,0.92936579501052,0.8329779673063256,0.8359486447931527,0.830028328611898
0.5,20,1,256,256,,0.1751071205970476,0.5,0.8834006010076969,0.20403913353774322,5,sum,1,0.9248572287345957,0.8201438848920863,0.8131241084165478,0.8272859216255443
