K,layers,hidden_channels,out_channels,norm,lr,treatment,dropout,ratio,seed,aggregation,model_type,batch_size,rate_pairs,reliable_mini_batch,clusters,pos_weight,accuracy,f1,recall,precision,losses
6,1,256,64,,0.00022345786057639816,removal,0,0.12843926753802837,654,mean,GCNConv,15,8,True,200,0.21116454565718734,0.9203486624586715,0.7984790874524715,0.7489300998573466,0.8550488599348535,"[5.833938390016556, 4.539844900369644, 4.217913001775742, 4.195325404405594, 3.8389762192964554, 3.895676553249359, 3.834096238017082, 3.7851133942604065, 3.7660505920648575, 3.9658577293157578, 3.8972533494234085, 3.7123252600431442, 3.7567708790302277, 3.7730581015348434, 3.84747414290905, 3.7805565893650055, 3.8055146783590317, 3.7082952857017517, 3.7709443867206573, 3.8137844055891037, 3.7439963668584824, 3.67645762860775, 3.6372819989919662, 3.78859905898571, 3.653503805398941, 3.693743795156479, 3.8658629953861237, 3.7903459519147873, 3.7714128643274307, 3.7999034970998764, 3.856669098138809, 3.624662220478058, 3.7864284217357635, 3.661083161830902, 3.737462729215622, 3.6309458762407303, 3.5699809193611145, 3.8011262714862823, 3.7580029517412186, 3.707931309938431, 3.6977330148220062, 3.5637154281139374, 3.7748957723379135, 3.4779094457626343, 3.6602604389190674, 3.6456755250692368, 3.6481412947177887, 3.631361961364746, 3.6663151383399963, 3.6111699640750885]"
