alpha,K,layers,hidden_channels,out_channels,norm,dropout,margin,lpl_weight,ratio,seed,aggregation,pos_weight,accuracy,f1,recall,precision
0.5,16,1,256,256,,0.30167308576446206,0.5,0.8947901585934168,0.18744227182595108,1,sum,1,0.9257589419897806,0.819047619047619,0.797432239657632,0.8418674698795181
0.5,16,1,256,256,,0.30167308576446206,0.5,0.8947901585934168,0.18744227182595108,2,sum,1,0.9335737902013826,0.8402024584237165,0.8288159771754636,0.8519061583577713
0.5,16,1,256,256,,0.30167308576446206,0.5,0.8947901585934168,0.18744227182595108,3,sum,1,0.9263600841599038,0.8241206030150754,0.818830242510699,0.8294797687861272
0.5,16,1,256,256,,0.30167308576446206,0.5,0.8947901585934168,0.18744227182595108,4,sum,1,0.9284640817553351,0.8260233918128655,0.8059914407988588,0.8470764617691154
0.5,16,1,256,256,,0.30167308576446206,0.5,0.8947901585934168,0.18744227182595108,5,sum,1,0.9284640817553351,0.826530612244898,0.8088445078459344,0.8450074515648286
