alpha,K,layers,hidden_channels,out_channels,norm,dropout,margin,lpl_weight,ratio,seed,aggregation,pos_weight,accuracy,f1,recall,precision
0.5,21,2,128,128,,0.3923667998232622,0.5,0.6464860710580038,0.22322780592984637,1,sum,1,0.9164412383528705,0.8031161473087819,0.8088445078459344,0.7974683544303798
0.5,21,2,128,128,,0.3923667998232622,0.5,0.6464860710580038,0.22322780592984637,2,sum,1,0.9032161106101593,0.7803547066848567,0.8159771754636234,0.7477124183006536
0.5,21,2,128,128,,0.3923667998232622,0.5,0.6464860710580038,0.22322780592984637,3,sum,1,0.9116321009918846,0.7941176470588235,0.8088445078459344,0.7799174690508941
0.5,21,2,128,128,,0.3923667998232622,0.5,0.6464860710580038,0.22322780592984637,4,sum,1,0.911331529906823,0.7888332140300645,0.7860199714693296,0.7916666666666666
0.5,21,2,128,128,,0.3923667998232622,0.5,0.6464860710580038,0.22322780592984637,5,sum,1,0.9038172527802826,0.7774687065368567,0.797432239657632,0.7584803256445047
