alpha,K,layers,hidden_channels,out_channels,norm,dropout,margin,lpl_weight,ratio,seed,aggregation,pos_weight,accuracy,f1,recall,precision
0.9850249277130546,22,1,256,64,layernorm,0.35906322378231775,0.3126685757462305,0.6034466073381723,0.18187949522632424,1,sum,1,0.9248572287345957,0.8261474269819193,0.8473609129814551,0.8059701492537313
0.9850249277130546,22,1,256,64,layernorm,0.35906322378231775,0.3126685757462305,0.6034466073381723,0.18187949522632424,2,sum,1,0.933273219116321,0.843441466854725,0.8530670470756063,0.8340306834030683
0.9850249277130546,22,1,256,64,layernorm,0.35906322378231775,0.3126685757462305,0.6034466073381723,0.18187949522632424,3,sum,1,0.9311692215208897,0.8367783321454028,0.8373751783166904,0.8361823361823362
0.9850249277130546,22,1,256,64,layernorm,0.35906322378231775,0.3126685757462305,0.6034466073381723,0.18187949522632424,4,sum,1,0.9311692215208897,0.8388458831808585,0.8502139800285307,0.8277777777777777
0.9850249277130546,22,1,256,64,layernorm,0.35906322378231775,0.3126685757462305,0.6034466073381723,0.18187949522632424,5,sum,1,0.9284640817553351,0.8314447592067988,0.8373751783166904,0.8255977496483825
