alpha,K,layers,hidden_channels,out_channels,norm,dropout,margin,lpl_weight,ratio,seed,aggregation,pos_weight,accuracy,f1,recall,precision
0.5,20,2,256,256,,0,0.5,0.8881199091958546,0.2486976073347479,1,sum,1,0.9155395250976857,0.8058051140290255,0.8316690442225392,0.7815013404825737
0.5,20,2,256,256,,0,0.5,0.8881199091958546,0.2486976073347479,2,sum,1,0.9260595130748422,0.8333333333333334,0.8773181169757489,0.7935483870967742
0.5,20,2,256,256,,0,0.5,0.8881199091958546,0.2486976073347479,3,sum,1,0.9248572287345957,0.8259052924791086,0.8459343794579173,0.8068027210884354
0.5,20,2,256,256,,0,0.5,0.8881199091958546,0.2486976073347479,4,sum,1,0.9182446648632402,0.8108484005563282,0.8316690442225392,0.7910447761194029
0.5,20,2,256,256,,0,0.5,0.8881199091958546,0.2486976073347479,5,sum,1,0.9278629395852119,0.8340248962655602,0.8601997146932953,0.8093959731543624
