alpha,K,layers,hidden_channels,out_channels,norm,dropout,margin,lpl_weight,ratio,seed,aggregation,pos_weight,accuracy,f1,recall,precision
0.5,16,1,128,128,,0,0.5,0.5,0.173257913140642,1,sum,1,0.916741809437932,0.8,0.7902995720399429,0.8099415204678363
0.5,16,1,128,128,,0,0.5,0.5,0.173257913140642,2,sum,1,0.9221520889690412,0.813803019410496,0.8074179743223966,0.8202898550724638
0.5,16,1,128,128,,0,0.5,0.5,0.173257913140642,3,sum,1,0.9224526600541028,0.8054298642533937,0.7617689015691869,0.8544
0.5,16,1,128,128,,0,0.5,0.5,0.173257913140642,4,sum,1,0.9164412383528705,0.794074074074074,0.7646219686162625,0.8258859784283513
0.5,16,1,128,128,,0,0.5,0.5,0.173257913140642,5,sum,1,0.9209498046287947,0.8070432868672047,0.7845934379457917,0.8308157099697885
