K,layers,hidden_channels,out_channels,norm,lr,treatment,dropout,ratio,seed,aggregation,model_type,batch_size,rate_pairs,clusters,sampling,sampling_k,num_epochs,anomaly_detector,accuracy,f1,recall,precision,losses
3,1,128,256,,0.006715015762675343,removal,0,0.09152500446352124,654,mean,GCNConv,512,10,200,nearest_neighbors,75,50,unweighted,0.9020138262699129,0.7014652014652014,0.5463623395149786,0.979539641943734,"[7.094164311885834, 6.733770668506622, 6.300166010856628, 6.402507126331329, 6.153172671794891, 5.903033077716827, 5.761407673358917, 5.458004713058472, 5.304553985595703, 5.170631229877472, 5.013149678707123, 4.8040629625320435, 4.649675130844116, 4.599684119224548, 4.362753391265869, 4.208765923976898, 4.051968276500702, 4.021338939666748, 3.8426918983459473, 3.7507777214050293, 3.6187203228473663, 3.431842088699341, 3.3953515887260437, 3.3315955102443695, 3.182455986738205, 3.089676856994629, 3.0468109250068665, 2.9045247733592987, 2.8328156173229218, 2.7153005599975586, 2.6820566058158875, 2.586516320705414, 2.498893767595291, 2.421593099832535, 2.3746936321258545, 2.281214714050293, 2.2391476333141327, 2.1906529366970062, 2.1177731454372406, 2.0602590441703796, 2.0156604051589966, 1.972238838672638, 1.9243588149547577, 1.8714876174926758, 1.8260699808597565, 1.749530017375946, 1.7314078658819199, 1.700862094759941, 1.6715195178985596, 1.622386485338211]"
