alpha,K,layers,hidden_channels,out_channels,norm,dropout,margin,lpl_weight,ratio,seed,aggregation,pos_weight,accuracy,f1,recall,precision
0.5,15,1,256,256,,0.11496154839605126,0.5,0.7542776670625972,0.20183303068890499,1,sum,1,0.9194469492034866,0.8071942446043165,0.8002853067047075,0.8142235123367199
0.5,15,1,256,256,,0.11496154839605126,0.5,0.7542776670625972,0.20183303068890499,2,sum,1,0.9296663660955816,0.8359046283309958,0.8502139800285307,0.8220689655172414
0.5,15,1,256,256,,0.11496154839605126,0.5,0.7542776670625972,0.20183303068890499,3,sum,1,0.9239555154794109,0.8219563687543983,0.833095577746077,0.8111111111111111
0.5,15,1,256,256,,0.11496154839605126,0.5,0.7542776670625972,0.20183303068890499,4,sum,1,0.9281635106702735,0.8320449754040758,0.8445078459343794,0.8199445983379502
0.5,15,1,256,256,,0.11496154839605126,0.5,0.7542776670625972,0.20183303068890499,5,sum,1,0.9275623685001503,0.8252356780275562,0.81169757489301,0.8392330383480826
