alpha,K,layers,hidden_channels,out_channels,norm,dropout,margin,lpl_weight,ratio,seed,aggregation,pos_weight,accuracy,f1,recall,precision
0.7899955643018197,25,1,128,256,,0.32535084039199325,0.5229325009667736,0.7314633127128733,0.15390590145435493,1,sum,1,0.9311692215208897,0.8314937454010302,0.8059914407988588,0.8586626139817629
0.7899955643018197,25,1,128,256,,0.32535084039199325,0.5229325009667736,0.7314633127128733,0.15390590145435493,2,sum,1,0.9422903516681695,0.8584070796460177,0.8302425106990015,0.8885496183206106
0.7899955643018197,25,1,128,256,,0.32535084039199325,0.5229325009667736,0.7314633127128733,0.15390590145435493,3,sum,1,0.931770363691013,0.8346686088856519,0.8174037089871612,0.8526785714285714
0.7899955643018197,25,1,128,256,,0.32535084039199325,0.5229325009667736,0.7314633127128733,0.15390590145435493,4,sum,1,0.9365795010519988,0.8451944240645635,0.8216833095577746,0.8700906344410876
0.7899955643018197,25,1,128,256,,0.32535084039199325,0.5229325009667736,0.7314633127128733,0.15390590145435493,5,sum,1,0.931770363691013,0.8289374529012811,0.7845934379457917,0.8785942492012779
