K,layers,hidden_channels,out_channels,norm,lr,treatment,dropout,ratio,seed,aggregation,model_type,batch_size,rate_pairs,clusters,sampling,num_epochs,anomaly_detector,accuracy,f1,recall,precision,losses,test_accuracy,test_f1,test_recall,test_precision
4,1,256,64,,0.0052229990267233075,removal,0,0.2551301111100439,654,mean,GCNConv,768,13,400,sage,100,nearest_neighbors,0.6931818181818182,0.8187919463087249,0.6931818181818182,1.0,"[4.8745808601379395, 4.502120018005371, 4.614158451557159, 4.512331485748291, 4.376094996929169, 4.312463939189911, 4.392542898654938, 4.436696290969849, 4.2014389634132385, 3.987165629863739, 4.1023029088974, 4.070277690887451, 4.021912455558777, 4.1274402141571045, 3.9342134594917297, 3.9263333678245544, 3.7399492263793945, 3.725349485874176, 3.688610076904297, 3.6161321997642517, 3.6078558564186096, 3.414628803730011, 3.5016350150108337, 3.419755697250366, 3.300045609474182, 3.2583202719688416, 3.326856791973114, 3.1041621565818787, 3.14599472284317, 3.1081604957580566, 3.0665329694747925, 3.0047624111175537, 2.924696445465088, 2.8083430528640747, 2.867917835712433, 2.782070279121399, 2.728154718875885, 2.6615018248558044, 2.6709936261177063, 2.636894404888153, 2.554276794195175, 2.524992138147354, 2.4366052448749542, 2.464618533849716, 2.3272287845611572, 2.346423625946045, 2.267965942621231, 2.2424949407577515, 2.1753844022750854, 2.190926045179367, 2.1249263286590576, 2.0526584684848785, 2.0633499920368195, 2.0359571278095245, 1.9711399376392365, 2.0354188084602356, 1.9108885824680328, 1.9341430366039276, 1.8486373722553253, 1.8138807117938995, 1.7776522934436798, 1.739769846200943, 1.7333434224128723, 1.7197396755218506, 1.6762994229793549, 1.6362493336200714, 1.6082080900669098, 1.5855214595794678, 1.546885460615158, 1.5245627164840698, 1.521894484758377, 1.4847112596035004, 1.4582149386405945, 1.4245294332504272, 1.432385265827179, 1.4083904027938843, 1.3966284692287445, 1.3755306601524353, 1.3232886344194412, 1.3176173120737076, 1.3193821012973785, 1.2571947425603867, 1.250107392668724, 1.2430042028427124, 1.2270439565181732, 1.210703507065773, 1.188341274857521, 1.1594123244285583, 1.1613024473190308, 1.1322035193443298, 1.1313402354717255, 1.098362922668457, 1.0787580758333206, 1.092186376452446, 1.0479964762926102, 1.0284619629383087, 1.0251746624708176, 1.034810021519661, 1.0031473934650421, 1.0028775483369827]",0.9149383829275624,0.8,0.8074179743223966,0.7927170868347339
