alpha,K,layers,hidden_channels,out_channels,norm,dropout,margin,lpl_weight,ratio,seed,aggregation,pos_weight,accuracy,f1,recall,precision
0.5,19,1,128,256,,0.24884245927696774,0.5,0.8251567228877792,0.18577502092322967,1,sum,1,0.9233543733092876,0.811529933481153,0.7831669044222539,0.8420245398773006
0.5,19,1,128,256,,0.24884245927696774,0.5,0.8251567228877792,0.18577502092322967,2,sum,1,0.9185452359483017,0.8017556693489393,0.7817403708987162,0.8228228228228228
0.5,19,1,128,256,,0.24884245927696774,0.5,0.8251567228877792,0.18577502092322967,3,sum,1,0.916741809437932,0.800862688713156,0.7945791726105563,0.8072463768115942
0.5,19,1,128,256,,0.24884245927696774,0.5,0.8251567228877792,0.18577502092322967,4,sum,1,0.9239555154794109,0.8167994207096307,0.8045649072753209,0.8294117647058824
0.5,19,1,128,256,,0.24884245927696774,0.5,0.8251567228877792,0.18577502092322967,5,sum,1,0.919146378118425,0.807444523979957,0.8045649072753209,0.8103448275862069
