alpha,K,layers,hidden_channels,out_channels,norm,dropout,margin,lpl_weight,ratio,seed,aggregation,pos_weight,accuracy,f1,recall,precision
0.5,21,1,256,128,,0.17788136419134898,0.5,0.979528056078213,0.18720513207649347,1,sum,1,0.9284640817553351,0.8226527570789866,0.7874465049928673,0.8611544461778471
0.5,21,1,256,128,,0.17788136419134898,0.5,0.979528056078213,0.18720513207649347,2,sum,1,0.9185452359483017,0.8005886681383371,0.776034236804565,0.8267477203647416
0.5,21,1,256,128,,0.17788136419134898,0.5,0.979528056078213,0.18720513207649347,3,sum,1,0.9299669371806433,0.830298616168973,0.8131241084165478,0.8482142857142857
0.5,21,1,256,128,,0.17788136419134898,0.5,0.979528056078213,0.18720513207649347,4,sum,1,0.9122332431620078,0.779788838612368,0.7375178316690443,0.8272
0.5,21,1,256,128,,0.17788136419134898,0.5,0.979528056078213,0.18720513207649347,5,sum,1,0.9266606552449654,0.8200589970501475,0.7931526390870185,0.8488549618320611
