alpha,K,layers,hidden_channels,out_channels,norm,dropout,margin,lpl_weight,ratio,seed,aggregation,pos_weight,accuracy,f1,recall,precision
0.5,18,1,256,256,,0,0.5,0.9494048397525677,0.20813581347263088,1,mean,1,0.9269612263300271,0.8294736842105264,0.8430813124108416,0.8162983425414365
0.5,18,1,256,256,,0,0.5,0.9494048397525677,0.20813581347263088,2,mean,1,0.9263600841599038,0.8241206030150754,0.818830242510699,0.8294797687861272
0.5,18,1,256,256,,0,0.5,0.9494048397525677,0.20813581347263088,3,mean,1,0.9272617974150886,0.8271428571428572,0.8259629101283881,0.8283261802575107
0.5,18,1,256,256,,0,0.5,0.9494048397525677,0.20813581347263088,4,mean,1,0.9275623685001503,0.8289567068843151,0.833095577746077,0.8248587570621468
0.5,18,1,256,256,,0,0.5,0.9494048397525677,0.20813581347263088,5,mean,1,0.9254583709047189,0.8255977496483825,0.8373751783166904,0.8141470180305131
