K,layers,hidden_channels,out_channels,norm,lr,treatment,dropout,ratio,seed,aggregation,model_type,batch_size,rate_pairs,clusters,sampling,num_epochs,anomaly_detector,accuracy,f1,recall,precision,losses,test_accuracy,test_f1,test_recall,test_precision
22,1,128,256,,0.005,removal,0,0.22654433638035826,654,mean,GATConv,2048,10,50,sage,100,nearest_neighbors,nan,0.0,0.0,0.0,"[3.457875967025757, 2.6736257076263428, 2.727618932723999, 2.7254542112350464, 2.7392181158065796, 2.676216721534729, 2.6867496967315674, 2.5910712480545044, 2.7306185960769653, 2.8711154460906982, 2.6777273416519165, 2.8011497259140015, 2.649232506752014, 2.552025079727173, 2.6536524295806885, 2.766993522644043, 2.5700443983078003, 2.64812970161438, 2.841562867164612, 2.6647626161575317, 2.554762601852417, 2.5883063077926636, 2.7132946252822876, 2.478143811225891, 2.565055727958679, 2.55214524269104, 2.495255708694458, 2.5596343278884888, 2.59742271900177, 2.470056176185608, 2.502461791038513, 2.479149580001831, 2.4878655672073364, 2.5967700481414795, 2.5744221210479736, 2.563049793243408, 2.5774354934692383, 2.656256675720215, 2.5326597690582275, 2.431320071220398, 2.446662425994873, 2.460072159767151, 2.525964617729187, 2.503242254257202, 2.4906485080718994, 2.4482600688934326, 2.3968889713287354, 2.435117483139038, 2.431883215904236, 2.4961793422698975, 2.347960352897644, 2.4050095081329346, 2.5592448711395264, 2.454974412918091, 2.3343502283096313, 2.423755407333374, 2.3625733852386475, 2.339398503303528, 2.362386703491211, 2.403384208679199, 2.4515507221221924, 2.333876609802246, 2.3747284412384033, 2.390370726585388, 2.229004144668579, 2.3171240091323853, 2.3551753759384155, 2.292037010192871, 2.3643994331359863, 2.2304540872573853, 2.3822911977767944, 2.322636365890503, 2.2846438884735107, 2.335209012031555, 2.3145134449005127, 2.231841206550598, 2.24214768409729, 2.2633590698242188, 2.2588109970092773, 2.217560291290283, 2.1991913318634033, 2.241795539855957, 2.225996732711792, 2.2144620418548584, 2.2237775325775146, 2.2261533737182617, 2.2081992626190186, 2.1701897382736206, 2.1926392316818237, 2.1798874139785767, 2.1572420597076416, 2.1054303646087646, 2.136262536048889, 2.2258028984069824, 2.1367273330688477, 2.148335814476013, 2.1283546686172485, 2.1201794147491455, 2.1682745218276978, 2.1225467920303345]",0.9338259993281828,0.7081481481481482,0.6809116809116809,0.7376543209876543
