alpha,K,layers,hidden_channels,out_channels,norm,dropout,margin,lpl_weight,ratio,seed,aggregation,pos_weight,accuracy,f1,recall,precision
0.5,18,2,256,256,,0.08449342985367678,0.5,0.37618117982291027,0.24946718442251162,1,sum,1,0.9182446648632402,0.8100558659217877,0.8273894436519258,0.7934336525307798
0.5,18,2,256,256,,0.08449342985367678,0.5,0.37618117982291027,0.24946718442251162,2,sum,1,0.9287646528403968,0.8366643694004136,0.8659058487874465,0.8093333333333333
0.5,18,2,256,256,,0.08449342985367678,0.5,0.37618117982291027,0.24946718442251162,3,sum,1,0.9194469492034866,0.8166894664842681,0.8516405135520685,0.7844940867279895
0.5,18,2,256,256,,0.08449342985367678,0.5,0.37618117982291027,0.24946718442251162,4,sum,1,0.9239555154794109,0.8258774948382657,0.8559201141226819,0.7978723404255319
0.5,18,2,256,256,,0.08449342985367678,0.5,0.37618117982291027,0.24946718442251162,5,sum,1,0.9284640817553351,0.8360881542699724,0.8659058487874465,0.8082556591211718
