K,layers,hidden_channels,out_channels,norm,lr,treatment,dropout,ratio,seed,aggregation,model_type,batch_size,rate_pairs,clusters,sampling,num_epochs,anomaly_detector,accuracy,f1,recall,precision,losses,test_accuracy,test_f1,test_recall,test_precision
3,1,128,128,,0.005,removal,0,0.2606483727067406,654,mean,GATConv,1024,10,50,sage,100,nearest_neighbors,0.6590909090909091,0.7945205479452054,0.6590909090909091,1.0,"[3.1693045496940613, 3.0293111205101013, 2.9655297994613647, 3.0356268286705017, 2.9770255088806152, 2.917038083076477, 2.9661004543304443, 2.9430676102638245, 2.828137457370758, 2.764192581176758, 2.7766812443733215, 2.7445623874664307, 2.7711610794067383, 2.7511922121047974, 2.5831587314605713, 2.6587955355644226, 2.5973618626594543, 2.5489203929901123, 2.4693493843078613, 2.4900542497634888, 2.465564727783203, 2.46929395198822, 2.4830033779144287, 2.3096684217453003, 2.334303617477417, 2.339929163455963, 2.21405953168869, 2.314343810081482, 2.2566550374031067, 2.2127333879470825, 2.214434564113617, 2.1672986149787903, 2.1393436193466187, 2.119004011154175, 2.0838602781295776, 2.047829568386078, 2.0424179434776306, 2.0167353749275208, 2.007210612297058, 1.9424060881137848, 1.9041327834129333, 1.8650420308113098, 1.8791399896144867, 1.7814795076847076, 1.7889765799045563, 1.8033430874347687, 1.7255500555038452, 1.7284508049488068, 1.709229439496994, 1.6566959023475647, 1.6524483263492584, 1.6553569734096527, 1.609997421503067, 1.5789626240730286, 1.5504287481307983, 1.5952831208705902, 1.5485876500606537, 1.4990007281303406, 1.4744467437267303, 1.5125497877597809, 1.4352355599403381, 1.4330142438411713, 1.407373994588852, 1.407199114561081, 1.419458419084549, 1.3615770041942596, 1.3447588086128235, 1.359816998243332, 1.2991276979446411, 1.2961357533931732, 1.2626766562461853, 1.2448014914989471, 1.2319160103797913, 1.2253015339374542, 1.2584188282489777, 1.2091328799724579, 1.1615756750106812, 1.1737689673900604, 1.1729552447795868, 1.106065809726715, 1.124941498041153, 1.115751713514328, 1.0923592448234558, 1.075352668762207, 1.0738247632980347, 1.0565578937530518, 1.0286654829978943, 1.0221230685710907, 1.029424637556076, 1.0033753365278244, 0.9984045922756195, 0.998851478099823, 0.9908945113420486, 0.9449895024299622, 0.95675989985466, 0.9258151054382324, 0.9208496659994125, 0.9081729203462601, 0.9086428731679916, 0.8929045796394348]",0.9299669371806433,0.8317689530685921,0.8216833095577746,0.8421052631578947
