alpha,K,layers,hidden_channels,out_channels,norm,dropout,margin,lpl_weight,ratio,seed,aggregation,pos_weight,accuracy,f1,recall,precision
0.5,20,1,256,256,,0,0.5,0.9714424566718571,0.2014577487294304,1,mean,1,0.9281635106702735,0.8334494773519163,0.8530670470756063,0.8147138964577657
0.5,20,1,256,256,,0,0.5,0.9714424566718571,0.2014577487294304,2,mean,1,0.9230538022242261,0.8160919540229885,0.8102710413694721,0.8219971056439942
0.5,20,1,256,256,,0,0.5,0.9714424566718571,0.2014577487294304,3,mean,1,0.9290652239254583,0.8316690442225392,0.8316690442225392,0.8316690442225392
0.5,20,1,256,256,,0,0.5,0.9714424566718571,0.2014577487294304,4,mean,1,0.9263600841599038,0.8253741981468282,0.8259629101283881,0.8247863247863247
0.5,20,1,256,256,,0,0.5,0.9714424566718571,0.2014577487294304,5,mean,1,0.9260595130748422,0.8257790368271954,0.8316690442225392,0.819971870604782
