alpha,K,layers,hidden_channels,out_channels,norm,dropout,margin,lpl_weight,ratio,seed,aggregation,pos_weight,accuracy,f1,recall,precision
0.5,15,2,256,128,,0.3179452508138386,0.5,0.9738680884034048,0.1832857904618893,1,sum,1,0.9284640817553351,0.8340306834030683,0.8530670470756063,0.8158253751705321
0.5,15,2,256,128,,0.3179452508138386,0.5,0.9738680884034048,0.1832857904618893,2,sum,1,0.9311692215208897,0.8434723171565277,0.8801711840228246,0.8097112860892388
0.5,15,2,256,128,,0.3179452508138386,0.5,0.9738680884034048,0.1832857904618893,3,sum,1,0.9326720769461978,0.8459422283356258,0.8773181169757489,0.8167330677290837
0.5,15,2,256,128,,0.3179452508138386,0.5,0.9738680884034048,0.1832857904618893,4,sum,1,0.9380823564773069,0.8565459610027855,0.8773181169757489,0.8367346938775511
0.5,15,2,256,128,,0.3179452508138386,0.5,0.9738680884034048,0.1832857904618893,5,sum,1,0.9353772167117523,0.8501742160278746,0.8701854493580599,0.8310626702997275
