K,layers,hidden_channels,out_channels,norm,lr,treatment,dropout,ratio,seed,aggregation,model_type,batch_size,rate_pairs,reliable_mini_batch,clusters,accuracy,f1,recall,precision,losses
6,1,64,64,,0.0030008234153499494,relabeling,0,0.1297294898813285,654,mean,GCNConv,10,9,True,100,0.890892696122633,0.7487889273356402,0.7717546362339515,0.7271505376344086,"[8.154732167720795, 7.278369277715683, 7.241196274757385, 7.094075471162796, 7.0463109612464905, 7.065867066383362, 6.671263813972473, 6.612941533327103, 6.884535729885101, 6.401169270277023, 6.337801963090897, 6.567093163728714, 6.160638511180878, 6.225025832653046, 6.055873841047287, 6.134032189846039, 5.967229723930359, 5.998636871576309, 6.156391590833664, 5.723716706037521, 5.721851229667664, 5.60221266746521, 5.746426999568939, 5.444509774446487, 5.30109041929245, 5.18624073266983, 4.935888797044754, 5.100952118635178, 4.847388595342636, 5.031014949083328, 4.765160113573074, 4.651787668466568, 4.83296537399292, 4.616329103708267, 4.609922140836716, 4.543523490428925, 4.428710460662842, 4.269079491496086, 4.158646285533905, 4.058850705623627, 4.0911301374435425, 3.916500687599182, 4.14853173494339, 3.9263588786125183, 3.804037868976593, 3.9748267382383347, 3.5713623762130737, 3.447802945971489, 3.509858176112175, 3.4222304224967957]"
