K,layers,hidden_channels,out_channels,norm,lr,treatment,dropout,ratio,seed,aggregation,model_type,batch_size,rate_pairs,clusters,sampling,num_epochs,anomaly_detector,accuracy,f1,recall,precision,losses,test_accuracy,test_f1,test_recall,test_precision
4,1,64,256,,0.006860408592381269,removal,0,0.2550180805199668,654,mean,GCNConv,1024,14,400,sage,100,nearest_neighbors,0.6931818181818182,0.8187919463087249,0.6931818181818182,1.0,"[3.7397345304489136, 3.636055588722229, 3.6802162528038025, 3.523241341114044, 3.540839672088623, 3.4154752492904663, 3.3699376583099365, 3.3192614912986755, 3.3569628596305847, 3.330269157886505, 3.283715605735779, 3.16058349609375, 3.014816105365753, 3.0862887501716614, 3.0670385360717773, 2.9371825456619263, 2.947790026664734, 2.8651615977287292, 2.852040648460388, 2.8391740322113037, 2.741899073123932, 2.7415125370025635, 2.6604697704315186, 2.550905764102936, 2.5722039341926575, 2.5429598093032837, 2.499016046524048, 2.499856412410736, 2.454964280128479, 2.4153433442115784, 2.3480093479156494, 2.2842032313346863, 2.3124139308929443, 2.1422306299209595, 2.2405936121940613, 2.1674572825431824, 2.1176898777484894, 2.0863965451717377, 2.075432240962982, 1.9532020390033722, 1.927152931690216, 1.9062994420528412, 1.8373148739337921, 1.7775075435638428, 1.7621977627277374, 1.7698610424995422, 1.7563100755214691, 1.6986584663391113, 1.665497213602066, 1.6209399998188019, 1.5918089151382446, 1.5919477343559265, 1.5724620521068573, 1.5198047459125519, 1.5412733554840088, 1.459664762020111, 1.4429370164871216, 1.4233790934085846, 1.3976023197174072, 1.3334624469280243, 1.3255318701267242, 1.3218842446804047, 1.307088851928711, 1.286760002374649, 1.256851315498352, 1.2418164014816284, 1.1792368590831757, 1.19551420211792, 1.1619434654712677, 1.1315354406833649, 1.141511231660843, 1.1001955568790436, 1.0839478373527527, 1.0695243775844574, 1.097328245639801, 1.0576289594173431, 1.0310629159212112, 0.9968735128641129, 0.9911482632160187, 0.9780889749526978, 0.9569685906171799, 0.9307510256767273, 0.9234643429517746, 0.9122023284435272, 0.9275298565626144, 0.8782678544521332, 0.8786866664886475, 0.836527019739151, 0.8573648631572723, 0.8622393608093262, 0.8229749351739883, 0.7857179790735245, 0.7986834645271301, 0.7981061786413193, 0.7804137021303177, 0.753409668803215, 0.7481009811162949, 0.7581855803728104, 0.7465996891260147, 0.7227773070335388]",0.9302675082657048,0.8359264497878359,0.8430813124108416,0.8288920056100981
