alpha,K,layers,hidden_channels,out_channels,norm,dropout,margin,lpl_weight,ratio,seed,aggregation,pos_weight,accuracy,f1,recall,precision
0.5,15,1,256,256,,0.001943837091517027,0.5,0.3246652892728724,0.17994876094699358,1,sum,1,0.9176435226931169,0.8020231213872833,0.7917261055634808,0.8125915080527086
0.5,15,1,256,256,,0.001943837091517027,0.5,0.3246652892728724,0.17994876094699358,2,sum,1,0.9224526600541028,0.814388489208633,0.8074179743223966,0.8214804063860668
0.5,15,1,256,256,,0.001943837091517027,0.5,0.3246652892728724,0.17994876094699358,3,sum,1,0.9233543733092876,0.8150833937635968,0.8017118402282454,0.8289085545722714
0.5,15,1,256,256,,0.001943837091517027,0.5,0.3246652892728724,0.17994876094699358,4,sum,1,0.92936579501052,0.8293391430646333,0.8145506419400856,0.8446745562130178
0.5,15,1,256,256,,0.001943837091517027,0.5,0.3246652892728724,0.17994876094699358,5,sum,1,0.9260595130748422,0.8180473372781065,0.7888730385164051,0.8494623655913979
