alpha,K,layers,hidden_channels,out_channels,norm,dropout,margin,lpl_weight,ratio,seed,aggregation,pos_weight,accuracy,f1,recall,precision
0.891080833612819,20,1,256,128,,0.34793218831768075,0.5254599290417187,0.34392989872079044,0.13233185779156573,1,sum,1,0.9365795010519988,0.845872899926954,0.8259629101283881,0.8667664670658682
0.891080833612819,20,1,256,128,,0.34793218831768075,0.5254599290417187,0.34392989872079044,0.13233185779156573,2,sum,1,0.9407874962428614,0.8569353667392883,0.8416547788873039,0.8727810650887574
0.891080833612819,20,1,256,128,,0.34793218831768075,0.5254599290417187,0.34392989872079044,0.13233185779156573,3,sum,1,0.939585211902615,0.8542422044960116,0.8402282453637661,0.8687315634218289
0.891080833612819,20,1,256,128,,0.34793218831768075,0.5254599290417187,0.34392989872079044,0.13233185779156573,4,sum,1,0.9416892094980462,0.8567208271787297,0.8273894436519258,0.888208269525268
0.891080833612819,20,1,256,128,,0.34793218831768075,0.5254599290417187,0.34392989872079044,0.13233185779156573,5,sum,1,0.9380823564773069,0.8498542274052479,0.8316690442225392,0.8688524590163934
