alpha,K,layers,hidden_channels,out_channels,norm,dropout,margin,lpl_weight,ratio,seed,aggregation,pos_weight,accuracy,f1,recall,precision
0.5,23,1,128,128,,0.487492641019187,0.5,0.8853534141201075,0.15024121278996022,1,sum,1,0.9179440937781785,0.7994121969140338,0.776034236804565,0.8242424242424242
0.5,23,1,128,128,,0.487492641019187,0.5,0.8853534141201075,0.15024121278996022,2,sum,1,0.9185452359483017,0.8002947678703022,0.7746077032810271,0.8277439024390244
0.5,23,1,128,128,,0.487492641019187,0.5,0.8853534141201075,0.15024121278996022,3,sum,1,0.9179440937781785,0.8005843681519357,0.7817403708987162,0.8203592814371258
0.5,23,1,128,128,,0.487492641019187,0.5,0.8853534141201075,0.15024121278996022,4,sum,1,0.916741809437932,0.7961736571008095,0.7717546362339515,0.8221884498480243
0.5,23,1,128,128,,0.487492641019187,0.5,0.8853534141201075,0.15024121278996022,5,sum,1,0.9182446648632402,0.7979197622585439,0.7660485021398002,0.8325581395348837
