alpha,K,layers,hidden_channels,out_channels,norm,dropout,margin,lpl_weight,ratio,seed,aggregation,pos_weight,accuracy,f1,recall,precision
0.311961106951932,23,1,16,128,,0.17132348810605932,0.5505202806694312,0.832399363565861,0.2506859085789052,1,sum,1,0.865043582807334,0.6849122807017544,0.6961483594864479,0.6740331491712708
0.311961106951932,23,1,16,128,,0.17132348810605932,0.5505202806694312,0.832399363565861,0.2506859085789052,2,sum,1,0.8695521490832582,0.693502824858757,0.7004279600570613,0.6867132867132867
0.311961106951932,23,1,16,128,,0.17132348810605932,0.5505202806694312,0.832399363565861,0.2506859085789052,3,sum,1,0.8740607153591824,0.7030474840538625,0.7075606276747504,0.6985915492957746
0.311961106951932,23,1,16,128,,0.17132348810605932,0.5505202806694312,0.832399363565861,0.2506859085789052,4,sum,1,0.8752629996994289,0.7003610108303249,0.6918687589158345,0.7090643274853801
0.311961106951932,23,1,16,128,,0.17132348810605932,0.5505202806694312,0.832399363565861,0.2506859085789052,5,sum,1,0.8695521490832582,0.6882183908045977,0.6833095577746077,0.6931982633863966
