alpha,K,layers,hidden_channels,out_channels,norm,dropout,margin,lpl_weight,ratio,seed,aggregation,pos_weight,accuracy,f1,recall,precision
0.5,21,1,256,256,,0,0.5,0.8938768598801463,0.22455725689133685,1,mean,1,0.9284640817553351,0.8342618384401114,0.854493580599144,0.8149659863945579
0.5,21,1,256,256,,0,0.5,0.8938768598801463,0.22455725689133685,2,mean,1,0.9263600841599038,0.8273431994362227,0.8373751783166904,0.8175487465181058
0.5,21,1,256,256,,0,0.5,0.8938768598801463,0.22455725689133685,3,mean,1,0.9275623685001503,0.826992103374013,0.8216833095577746,0.8323699421965318
0.5,21,1,256,256,,0,0.5,0.8938768598801463,0.22455725689133685,4,mean,1,0.9227532311391644,0.8170818505338078,0.818830242510699,0.8153409090909091
0.5,21,1,256,256,,0,0.5,0.8938768598801463,0.22455725689133685,5,mean,1,0.9230538022242261,0.8212290502793296,0.8388017118402282,0.8043775649794802
