alpha,K,layers,hidden_channels,out_channels,norm,dropout,margin,lpl_weight,ratio,seed,aggregation,pos_weight,accuracy,f1,recall,precision
0.5,17,1,256,256,,0.09285210009742997,0.5,0.8469405714710273,0.20549975202343648,1,sum,1,0.9206492335437331,0.8122332859174964,0.8145506419400856,0.8099290780141843
0.5,17,1,256,256,,0.09285210009742997,0.5,0.8469405714710273,0.20549975202343648,2,sum,1,0.9311692215208897,0.8381625441696113,0.8459343794579173,0.8305322128851541
0.5,17,1,256,256,,0.09285210009742997,0.5,0.8469405714710273,0.20549975202343648,3,sum,1,0.9290652239254583,0.8314285714285714,0.8302425106990015,0.8326180257510729
0.5,17,1,256,256,,0.09285210009742997,0.5,0.8469405714710273,0.20549975202343648,4,sum,1,0.9263600841599038,0.8285514345696291,0.8445078459343794,0.8131868131868132
0.5,17,1,256,256,,0.09285210009742997,0.5,0.8469405714710273,0.20549975202343648,5,sum,1,0.9287646528403968,0.8293736501079914,0.8216833095577746,0.8372093023255814
