K,layers,hidden_channels,out_channels,norm,lr,treatment,dropout,ratio,seed,aggregation,model_type,batch_size,rate_pairs,clusters,sampling,num_epochs,anomaly_detector,accuracy,f1,recall,precision,losses,test_accuracy,test_f1,test_recall,test_precision
14,2,64,128,,0.005,removal,0,0.27213409059615434,654,mean,GATConv,1024,10,50,sage,100,nearest_neighbors,nan,0.0,0.0,0.0,"[5.706042766571045, 5.011257648468018, 4.964791655540466, 5.4491530656814575, 5.078295946121216, 5.306755065917969, 5.3524322509765625, 5.117552757263184, 4.954071760177612, 4.763219118118286, 5.218907594680786, 4.93285346031189, 4.812601447105408, 4.992594242095947, 5.37339723110199, 4.880673885345459, 4.999305248260498, 4.897946238517761, 4.914992094039917, 4.871894717216492, 5.040977954864502, 4.83186411857605, 4.904907584190369, 4.845470428466797, 4.659810423851013, 4.614767670631409, 4.567479372024536, 4.436265468597412, 4.680128455162048, 4.490807056427002, 4.734325170516968, 4.451580762863159, 4.4494271874427795, 4.33368992805481, 4.507614612579346, 4.60181188583374, 4.323720216751099, 4.1980456709861755, 4.029977917671204, 4.16926383972168, 4.181775808334351, 4.170022487640381, 4.309206902980804, 4.214856147766113, 4.123543560504913, 3.943562626838684, 4.015108287334442, 4.017882704734802, 3.940559148788452, 3.992925524711609, 3.745113253593445, 3.8445963263511658, 3.6522090435028076, 3.909072697162628, 3.963072180747986, 3.7759368419647217, 3.739128291606903, 3.5714515447616577, 3.756403625011444, 3.684094548225403, 3.5045790672302246, 3.603023052215576, 3.4238763451576233, 3.7625683546066284, 3.4552043676376343, 3.5413596630096436, 3.352039396762848, 3.381525754928589, 3.2968034148216248, 3.2970946431159973, 3.2638508081436157, 3.2145673632621765, 3.1440253257751465, 3.192074418067932, 3.259423077106476, 3.1878167390823364, 3.100663661956787, 2.9288800954818726, 3.1119723320007324, 2.904888093471527, 2.9312856793403625, 2.933865010738373, 2.9486342668533325, 2.884635627269745, 2.8596984148025513, 2.795668363571167, 2.772751808166504, 2.6562930941581726, 2.639505684375763, 2.655557930469513, 2.5292755365371704, 2.578779876232147, 2.5427005887031555, 2.506165623664856, 2.462466537952423, 2.450389266014099, 2.5095006227493286, 2.354488730430603, 2.3781383633613586, 2.264687478542328]",0.9029224051058112,0.5841726618705037,0.5783475783475783,0.5901162790697675
