K,layers,hidden_channels,out_channels,norm,lr,treatment,dropout,ratio,seed,aggregation,model_type,batch_size,rate_pairs,clusters,sampling,sampling_k,num_epochs,anomaly_detector,accuracy,f1,recall,precision,losses
3,1,64,128,,0.00038533804714985503,removal,0,0.17925325582353763,654,mean,GATConv,256,1,100,nearest_neighbors,25,100,nearest_neighbors,0.9236549443943493,0.8,0.724679029957204,0.8927943760984183,"[20.564181923866272, 19.719277143478394, 19.710602283477783, 19.523640513420105, 18.954607009887695, 19.333983778953552, 19.142266988754272, 19.30488955974579, 19.110286951065063, 18.918658137321472, 18.88448703289032, 18.76119089126587, 18.814228534698486, 18.522761940956116, 18.315502285957336, 18.772984623908997, 18.781354546546936, 18.58473563194275, 18.38137412071228, 18.50195598602295, 18.281447410583496, 18.135045766830444, 17.935864686965942, 18.318238139152527, 17.9193035364151, 17.915698051452637, 17.777348399162292, 17.800376057624817, 17.458308219909668, 17.815550684928894, 17.748127341270447, 17.374945163726807, 17.493858575820923, 17.245928168296814, 17.239190220832825, 17.219160199165344, 16.953131794929504, 17.143636465072632, 17.32634150981903, 16.902515530586243, 16.884251952171326, 16.875454664230347, 16.880346298217773, 16.733707189559937, 16.514804244041443, 16.64648139476776, 16.469621658325195, 16.286027312278748, 16.51077973842621, 16.37580966949463, 16.468172788619995, 16.369715332984924, 16.307774901390076, 16.085103392601013, 15.997315645217896, 16.198673129081726, 15.866219878196716, 15.770398020744324, 16.004573225975037, 15.885019540786743, 15.774156332015991, 15.67617154121399, 15.691927194595337, 15.813344717025757, 15.337597727775574, 15.44593060016632, 15.37512743473053, 15.147940278053284, 15.358748435974121, 15.023774027824402, 15.075096011161804, 15.203757166862488, 15.284890174865723, 14.914538264274597, 14.923763513565063, 14.946845889091492, 14.844219088554382, 14.803257703781128, 14.692018508911133, 14.593928575515747, 14.627323627471924, 14.436509490013123, 14.464110851287842, 14.361096501350403, 14.326522171497345, 14.083376944065094, 14.113968312740326, 14.13854694366455, 14.26007354259491, 14.045626401901245, 13.867011964321136, 14.146215200424194, 13.799312949180603, 13.91905790567398, 13.724928081035614, 13.645313620567322, 13.697918236255646, 13.650997161865234, 13.569866240024567, 13.534528911113739]"
