alpha,K,layers,hidden_channels,out_channels,norm,dropout,margin,lpl_weight,ratio,seed,aggregation,pos_weight,accuracy,f1,recall,precision
0.5,18,1,256,256,,0.158087334762919,0.5,0.8340330595936789,0.17498428861899062,1,sum,1,0.9326720769461978,0.8355359765051396,0.81169757489301,0.8608169440242057
0.5,18,1,256,256,,0.158087334762919,0.5,0.8340330595936789,0.17498428861899062,2,sum,1,0.9251577998196574,0.8148698884758364,0.7817403708987162,0.8509316770186336
0.5,18,1,256,256,,0.158087334762919,0.5,0.8340330595936789,0.17498428861899062,3,sum,1,0.9284640817553351,0.8231797919762258,0.7902995720399429,0.8589147286821706
0.5,18,1,256,256,,0.158087334762919,0.5,0.8340330595936789,0.17498428861899062,4,sum,1,0.92936579501052,0.8300795372378886,0.818830242510699,0.841642228739003
0.5,18,1,256,256,,0.158087334762919,0.5,0.8340330595936789,0.17498428861899062,5,sum,1,0.9320709347760745,0.8355167394468704,0.818830242510699,0.8528974739970282
