K,layers,hidden_channels,out_channels,norm,lr,treatment,dropout,ratio,seed,aggregation,model_type,batch_size,rate_pairs,clusters,sampling,num_epochs,anomaly_detector,accuracy,f1,recall,precision,losses
6,1,256,128,,0.006142798191852552,removal,0,0.13112670486907255,654,mean,GCNConv,20,3,50,cluster,100,nearest_neighbors,0.9350766456266907,0.8404726735598228,0.81169757489301,0.8713629402756509,"[2.936877965927124, 2.596199333667755, 2.522243618965149, 2.599973499774933, 2.5290327668190002, 2.561892330646515, 2.4538769125938416, 2.615079700946808, 2.6581667065620422, 2.5313488841056824, 2.388114333152771, 2.553019165992737, 2.4328673481941223, 2.5747563242912292, 2.463763177394867, 2.3663328886032104, 2.372202694416046, 2.435193657875061, 2.318158984184265, 2.4220154881477356, 2.2748315930366516, 2.362562835216522, 2.4579487442970276, 2.2809595465660095, 2.265711188316345, 2.171617090702057, 2.206996202468872, 2.204075515270233, 2.251071512699127, 2.3411757946014404, 2.1285935044288635, 2.052210748195648, 2.111579656600952, 2.0912638306617737, 2.132605254650116, 2.0781726241111755, 2.0193952918052673, 2.0123040080070496, 2.0591830611228943, 1.9745153784751892, 1.9651554226875305, 2.045075476169586, 1.950656235218048, 1.9006656408309937, 1.924092173576355, 1.8931313753128052, 1.8596903681755066, 1.8797041177749634, 1.8378400206565857, 1.7668370008468628, 1.788213312625885, 1.7821886539459229, 1.747931957244873, 1.8315623998641968, 1.7245229482650757, 1.7186710238456726, 1.6595943570137024, 1.6638071537017822, 1.6264104843139648, 1.697835385799408, 1.5797381699085236, 1.6095964312553406, 1.5620912909507751, 1.5483081340789795, 1.5692199766635895, 1.470849186182022, 1.511060208082199, 1.4499328434467316, 1.4420990645885468, 1.4367149472236633, 1.4184812605381012, 1.4302014112472534, 1.3710123002529144, 1.4123457372188568, 1.3597801625728607, 1.4223067164421082, 1.4186955392360687, 1.2897446751594543, 1.2851558327674866, 1.2477924823760986, 1.22337144613266, 1.2206961512565613, 1.2798245549201965, 1.2514408826828003, 1.2453454732894897, 1.1671693623065948, 1.141187310218811, 1.123373657464981, 1.1084061563014984, 1.1041034162044525, 1.122976005077362, 1.0732564330101013, 1.0410116910934448, 1.0310994982719421, 1.0258147716522217, 1.0643198192119598, 1.0228936970233917, 0.9828071594238281, 0.9879423081874847, 0.9649903476238251]"
