alpha,K,layers,hidden_channels,out_channels,norm,dropout,margin,lpl_weight,ratio,seed,aggregation,pos_weight,accuracy,f1,recall,precision
0.5,13,2,256,256,,0,0.5,0.5,0.2086826302898332,1,sum,1,0.9170423805229937,0.8034188034188035,0.8045649072753209,0.802275960170697
0.5,13,2,256,256,,0,0.5,0.5,0.2086826302898332,2,sum,1,0.935677787796814,0.8507670850767085,0.8701854493580599,0.8321964529331515
0.5,13,2,256,256,,0,0.5,0.5,0.2086826302898332,3,sum,1,0.9266606552449654,0.8252148997134671,0.8216833095577746,0.8287769784172662
0.5,13,2,256,256,,0,0.5,0.5,0.2086826302898332,4,sum,1,0.9263600841599038,0.8258706467661692,0.8288159771754636,0.8229461756373938
0.5,13,2,256,256,,0,0.5,0.5,0.2086826302898332,5,sum,1,0.9305680793507665,0.8360539389638041,0.8402282453637661,0.8319209039548022
