alpha,K,layers,hidden_channels,out_channels,norm,dropout,margin,lpl_weight,ratio,seed,aggregation,pos_weight,accuracy,f1,recall,precision
0.387014473395099,20,2,256,128,,0.2220978599815331,0.3619588028541399,0.27607995571965294,0.19701207001328297,1,sum,1,0.9251577998196574,0.8217609162491052,0.818830242510699,0.8247126436781609
0.387014473395099,20,2,256,128,,0.2220978599815331,0.3619588028541399,0.27607995571965294,0.19701207001328297,2,sum,1,0.9236549443943493,0.8218793828892006,0.8359486447931527,0.8082758620689655
0.387014473395099,20,2,256,128,,0.2220978599815331,0.3619588028541399,0.27607995571965294,0.19701207001328297,3,sum,1,0.9308686504358281,0.8393854748603352,0.8573466476462197,0.8221614227086184
0.387014473395099,20,2,256,128,,0.2220978599815331,0.3619588028541399,0.27607995571965294,0.19701207001328297,4,sum,1,0.9287646528403968,0.8334504567814477,0.8459343794579173,0.8213296398891967
0.387014473395099,20,2,256,128,,0.2220978599815331,0.3619588028541399,0.27607995571965294,0.19701207001328297,5,sum,1,0.9272617974150886,0.8288543140028288,0.8359486447931527,0.8218793828892006
