alpha,K,layers,hidden_channels,out_channels,norm,dropout,margin,lpl_weight,ratio,seed,aggregation,pos_weight,accuracy,f1,recall,precision
0.5,20,1,256,256,,0.1796496626972014,0.5,0.9362854599900586,0.1826091062619931,1,sum,1,0.9308686504358281,0.8347701149425287,0.8288159771754636,0.8408104196816208
0.5,20,1,256,256,,0.1796496626972014,0.5,0.9362854599900586,0.1826091062619931,2,sum,1,0.9248572287345957,0.8153618906942393,0.7874465049928673,0.8453292496171516
0.5,20,1,256,256,,0.1796496626972014,0.5,0.9362854599900586,0.1826091062619931,3,sum,1,0.9275623685001503,0.822140221402214,0.7945791726105563,0.8516819571865444
0.5,20,1,256,256,,0.1796496626972014,0.5,0.9362854599900586,0.1826091062619931,4,sum,1,0.9266606552449654,0.823953823953824,0.8145506419400856,0.8335766423357664
0.5,20,1,256,256,,0.1796496626972014,0.5,0.9362854599900586,0.1826091062619931,5,sum,1,0.9314697926059513,0.834061135371179,0.8174037089871612,0.8514115898959881
