K,layers,hidden_channels,out_channels,norm,lr,treatment,dropout,ratio,seed,aggregation,model_type,batch_size,rate_pairs,reliable_mini_batch,clusters,pos_weight,accuracy,f1,recall,precision,losses
5,1,256,128,,0.002626179480278751,removal,0,0.1504063116346831,654,mean,GATConv,15,8,True,500,0.2914216210438467,0.9308686504358281,0.8316251830161054,0.8102710413694721,0.8541353383458646,"[14.12713898718357, 13.619230061769485, 12.818435199558735, 12.511829480528831, 11.7485191822052, 10.746046215295792, 11.254860669374466, 10.139160044491291, 10.059052854776382, 9.392468459904194, 9.10462075471878, 8.463809214532375, 8.055898495018482, 7.834634527564049, 7.552041411399841, 6.984855115413666, 6.735904760658741, 6.339491486549377, 6.137524850666523, 5.761409312486649, 5.368062861263752, 5.156188748776913, 4.849006228148937, 4.763817071914673, 4.276335407979786, 4.205952189862728, 3.993669707328081, 3.760165683925152, 3.632018730044365, 3.5559510737657547, 3.3420296385884285, 3.134885113686323, 3.065211184322834, 2.8212637156248093, 2.7480854466557503, 2.6719115041196346, 2.566320391371846, 2.4963007122278214, 2.4256634786725044, 2.2418498806655407, 2.0679765213280916, 2.142178662121296, 2.008574800565839, 1.8638171656057239, 1.839416558854282, 1.8299956731498241, 1.6837331769056618, 1.6883113123476505, 1.58405127748847, 1.5269710086286068]"
