alpha,K,layers,hidden_channels,out_channels,norm,dropout,margin,lpl_weight,ratio,seed,aggregation,pos_weight,accuracy,f1,recall,precision
0.5,21,1,256,256,,0.21623608720335305,0.5,0.6627636630937137,0.17519251575558567,1,sum,1,0.9248572287345957,0.8159057437407953,0.7902995720399429,0.8432267884322678
0.5,21,1,256,256,,0.21623608720335305,0.5,0.6627636630937137,0.17519251575558567,2,sum,1,0.9275623685001503,0.8262436914203316,0.8174037089871612,0.8352769679300291
0.5,21,1,256,256,,0.21623608720335305,0.5,0.6627636630937137,0.17519251575558567,3,sum,1,0.9287646528403968,0.8305932809149392,0.8288159771754636,0.832378223495702
0.5,21,1,256,256,,0.21623608720335305,0.5,0.6627636630937137,0.17519251575558567,4,sum,1,0.919146378118425,0.8035062089116143,0.7845934379457917,0.8233532934131736
0.5,21,1,256,256,,0.21623608720335305,0.5,0.6627636630937137,0.17519251575558567,5,sum,1,0.9269612263300271,0.8209285187914517,0.7945791726105563,0.8490853658536586
