alpha,K,layers,hidden_channels,out_channels,norm,dropout,margin,lpl_weight,ratio,seed,aggregation,pos_weight,accuracy,f1,recall,precision
0.5,23,1,256,256,,0,0.5,0.9883690396361724,0.1859355485594698,1,sum,1,0.9248572287345957,0.8183139534883721,0.8031383737517832,0.8340740740740741
0.5,23,1,256,256,,0,0.5,0.9883690396361724,0.1859355485594698,2,sum,1,0.9281635106702735,0.8289191123836793,0.8259629101283881,0.8318965517241379
0.5,23,1,256,256,,0,0.5,0.9883690396361724,0.1859355485594698,3,sum,1,0.9296663660955816,0.8309248554913294,0.8202567760342369,0.8418740849194729
0.5,23,1,256,256,,0,0.5,0.9883690396361724,0.1859355485594698,4,sum,1,0.9215509467989179,0.8120950323974082,0.8045649072753209,0.8197674418604651
0.5,23,1,256,256,,0,0.5,0.9883690396361724,0.1859355485594698,5,sum,1,0.9314697926059513,0.8378378378378378,0.8402282453637661,0.8354609929078014
