alpha,K,layers,hidden_channels,out_channels,norm,dropout,margin,lpl_weight,ratio,seed,aggregation,pos_weight,accuracy,f1,recall,precision
0.9878028673998274,24,2,128,128,,0.0019497877423501064,0.169606980544577,0.21893299791088483,0.04669295761409681,1,sum,1,0.9122332431620078,0.7487091222030982,0.6205420827389444,0.9436008676789588
0.9878028673998274,24,2,128,128,,0.0019497877423501064,0.169606980544577,0.21893299791088483,0.04669295761409681,2,sum,1,0.9206492335437331,0.773972602739726,0.644793152639087,0.9678800856531049
0.9878028673998274,24,2,128,128,,0.0019497877423501064,0.169606980544577,0.21893299791088483,0.04669295761409681,3,sum,1,0.916741809437932,0.7618228718830611,0.6319543509272468,0.9588744588744589
0.9878028673998274,24,2,128,128,,0.0019497877423501064,0.169606980544577,0.21893299791088483,0.04669295761409681,4,sum,1,0.9137360985873159,0.7493449781659388,0.6119828815977175,0.9662162162162162
0.9878028673998274,24,2,128,128,,0.0019497877423501064,0.169606980544577,0.21893299791088483,0.04669295761409681,5,sum,1,0.9164412383528705,0.761986301369863,0.6348074179743224,0.9528907922912205
