alpha,K,layers,hidden_channels,out_channels,norm,dropout,margin,lpl_weight,ratio,seed,aggregation,pos_weight,accuracy,f1,recall,precision
0.9343193501860212,24,1,256,64,,0.4481139130170047,0.7353150218927383,0.4538860827008077,0.20396336790127145,1,sum,1,0.912834385332131,0.795774647887324,0.8059914407988588,0.7858136300417247
0.9343193501860212,24,1,256,64,,0.4481139130170047,0.7353150218927383,0.4538860827008077,0.20396336790127145,2,sum,1,0.9092275323113916,0.7870239774330042,0.7960057061340942,0.7782426778242678
0.9343193501860212,24,1,256,64,,0.4481139130170047,0.7353150218927383,0.4538860827008077,0.20396336790127145,3,sum,1,0.9143372407574392,0.7948164146868251,0.7874465049928673,0.8023255813953488
0.9343193501860212,24,1,256,64,,0.4481139130170047,0.7353150218927383,0.4538860827008077,0.20396336790127145,4,sum,1,0.919146378118425,0.807444523979957,0.8045649072753209,0.8103448275862069
0.9343193501860212,24,1,256,64,,0.4481139130170047,0.7353150218927383,0.4538860827008077,0.20396336790127145,5,sum,1,0.9095281033964533,0.7832973362131029,0.776034236804565,0.7906976744186046
