alpha,K,layers,hidden_channels,out_channels,norm,dropout,margin,lpl_weight,ratio,seed,aggregation,pos_weight,accuracy,f1,recall,precision
0.7887024777821563,19,1,256,256,,0.07224947340728335,0.4660215830603709,0.20276888277608351,0.10227652386965301,1,sum,1,0.9296663660955816,0.8186046511627907,0.7532097004279601,0.8964346349745331
0.7887024777821563,19,1,256,256,,0.07224947340728335,0.4660215830603709,0.20276888277608351,0.10227652386965301,2,sum,1,0.9308686504358281,0.8197492163009404,0.746077032810271,0.9095652173913044
0.7887024777821563,19,1,256,256,,0.07224947340728335,0.4660215830603709,0.20276888277608351,0.10227652386965301,3,sum,1,0.9341749323715058,0.8287724784988272,0.7560627674750356,0.916955017301038
0.7887024777821563,19,1,256,256,,0.07224947340728335,0.4660215830603709,0.20276888277608351,0.10227652386965301,4,sum,1,0.9344755034565675,0.8307453416149069,0.7631954350927247,0.9114139693356048
0.7887024777821563,19,1,256,256,,0.07224947340728335,0.4660215830603709,0.20276888277608351,0.10227652386965301,5,sum,1,0.9302675082657048,0.8170347003154574,0.738944365192582,0.9135802469135802
