K,layers,hidden_channels,out_channels,norm,lr,treatment,dropout,ratio,seed,aggregation,model_type,batch_size,rate_pairs,clusters,sampling,num_epochs,anomaly_detector,accuracy,f1,recall,precision,losses
3,2,128,128,,0.0035286375641952845,removal,0,0.10421381136309513,654,mean,GATConv,512,2,200,cluster,100,nearest_neighbors,0.9311692215208897,0.8242517267843438,0.7660485021398002,0.8920265780730897,"[13.070521146059036, 13.488261461257935, 12.566480129957199, 12.024684309959412, 11.681131035089493, 11.110063627362251, 10.617884159088135, 10.095357894897461, 10.02786771953106, 9.790182009339333, 9.551844298839569, 8.788219809532166, 8.276197329163551, 8.03399783372879, 7.739225447177887, 7.407636910676956, 6.850746214389801, 6.610821038484573, 6.618871346116066, 5.999628111720085, 5.882357254624367, 5.567741096019745, 5.307189226150513, 5.010553643107414, 5.046040952205658, 4.549069032073021, 4.564102590084076, 4.2783723920583725, 4.139706388115883, 4.047530978918076, 3.7312930077314377, 3.5488188341259956, 3.4155782610177994, 3.4261147901415825, 3.2402780577540398, 3.1117317900061607, 3.081394225358963, 2.8172121196985245, 2.7331055104732513, 2.7677333652973175, 2.611518293619156, 2.5391949266195297, 2.4299639835953712, 2.312298506498337, 2.4119705855846405, 2.2391179502010345, 2.1357278674840927, 2.0649346224963665, 1.9737894721329212, 1.8838085383176804, 1.8557642214000225, 1.8702948093414307, 1.8447284996509552, 1.7136266604065895, 1.668438546359539, 1.6341587342321873, 1.6276342049241066, 1.5539452359080315, 1.559935200959444, 1.5090105570852757, 1.4432989805936813, 1.363975040614605, 1.3336738422513008, 1.3190396912395954, 1.2795042395591736, 1.2357760481536388, 1.2044022046029568, 1.2372118011116982, 1.1634750552475452, 1.1277919299900532, 1.1779117658734322, 1.0923968218266964, 1.0300473533570766, 1.0196889340877533, 1.0225546211004257, 0.9717133790254593, 0.9783213026821613, 0.9827950410544872, 0.9461073502898216, 0.9124449249356985, 0.8901752643287182, 0.8413777500391006, 0.842695327475667, 0.8341303411871195, 0.8340027946978807, 0.8083263766020536, 0.7789760064333677, 0.7927530016750097, 0.7593053355813026, 0.731188328936696, 0.7211643159389496, 0.7104851361364126, 0.69229537807405, 0.6872326415032148, 0.678544644266367, 0.6747943535447121, 0.6612660326063633, 0.6264881826937199, 0.6262959223240614, 0.603453204035759]"
