alpha,K,layers,hidden_channels,out_channels,norm,dropout,margin,lpl_weight,ratio,seed,aggregation,pos_weight,accuracy,f1,recall,precision
0.5,20,1,256,256,,0,0.5,0.8820882175466349,0.22589004597047035,1,mean,1,0.9254583709047189,0.8277777777777777,0.8502139800285307,0.8064952638700947
0.5,20,1,256,256,,0,0.5,0.8820882175466349,0.22589004597047035,2,mean,1,0.9224526600541028,0.819327731092437,0.8345221112696148,0.8046767537826685
0.5,20,1,256,256,,0,0.5,0.8820882175466349,0.22589004597047035,3,mean,1,0.9263600841599038,0.8253741981468282,0.8259629101283881,0.8247863247863247
0.5,20,1,256,256,,0,0.5,0.8820882175466349,0.22589004597047035,4,mean,1,0.9248572287345957,0.8204022988505747,0.8145506419400856,0.8263386396526773
0.5,20,1,256,256,,0,0.5,0.8820882175466349,0.22589004597047035,5,mean,1,0.9248572287345957,0.8221906116642959,0.8245363766048502,0.8198581560283688
