K,layers,hidden_channels,out_channels,norm,lr,treatment,dropout,ratio,seed,aggregation,model_type,batch_size,rate_pairs,reliable_mini_batch,clusters,accuracy,f1,recall,precision,losses
2,2,128,256,,0.007605893372126252,removal,0,0.1300628516455854,654,sum,GCNConv,10,4,True,300,0.9284640817553351,0.816923076923077,0.7574893009985735,0.8864774624373957,"[14.575400918722153, 12.164166241884232, 10.65859380364418, 9.334755438845605, 8.174978375434875, 7.0510989129543304, 5.90407408028841, 5.276751019060612, 4.668848000466824, 4.218700997531414, 3.5628066956996918, 3.1102529396303, 2.990663655102253, 2.607882410287857, 2.384304542094469, 2.038033451884985, 2.0920358784496784, 1.8168250545859337, 1.683291295543313, 1.5307351425290108, 1.462962076999247, 1.3932213485240936, 1.2660484351217747, 1.2037599012255669, 1.105664680711925, 1.0901298858225346, 0.9808115859050304, 0.9445334859192371, 0.9042785549536347, 0.8158635413274169, 0.8260029787197709, 0.7810718854889274, 0.7335859443992376, 0.6841707844287157, 0.639833287044894, 0.6242035069735721, 0.5964363254606724, 0.5749314222484827, 0.5637846868485212, 0.5544398399069905, 0.515153887681663, 0.4899765723384917, 0.465026484336704, 0.4538865415379405, 0.43242791946977377, 0.4516308307647705, 0.424067220184952, 0.39018697245046496, 0.3724970263428986, 0.36314457654953003]"
