alpha,K,layers,hidden_channels,out_channels,norm,dropout,margin,lpl_weight,ratio,seed,aggregation,pos_weight,accuracy,f1,recall,precision
0.5,20,1,256,256,,0.15765677114777363,0.5,0.9384900192068576,0.16385875000208322,1,sum,1,0.9323715058611362,0.8361252731245448,0.818830242510699,0.8541666666666666
0.5,20,1,256,256,,0.15765677114777363,0.5,0.9384900192068576,0.16385875000208322,2,sum,1,0.9266606552449654,0.8173652694610778,0.7788873038516405,0.8598425196850393
0.5,20,1,256,256,,0.15765677114777363,0.5,0.9384900192068576,0.16385875000208322,3,sum,1,0.9260595130748422,0.8164179104477612,0.7803138373751783,0.8560250391236307
0.5,20,1,256,256,,0.15765677114777363,0.5,0.9384900192068576,0.16385875000208322,4,sum,1,0.9314697926059513,0.8303571428571429,0.7960057061340942,0.8678071539657853
0.5,20,1,256,256,,0.15765677114777363,0.5,0.9384900192068576,0.16385875000208322,5,sum,1,0.9296663660955816,0.826151560178306,0.7931526390870185,0.862015503875969
