K,layers,hidden_channels,out_channels,norm,lr,treatment,dropout,ratio,seed,aggregation,model_type,batch_size,rate_pairs,clusters,sampling,sampling_k,num_epochs,anomaly_detector,accuracy,f1,recall,precision,losses
5,1,256,128,,0.002955210605848991,removal,0,0.1332823804630453,654,mean,GATConv,1024,1,400,cluster,25,100,nearest_neighbors,0.9335737902013826,0.8319391634980988,0.7803138373751783,0.8908794788273615,"[19.274933576583862, 18.374187767505646, 18.252315998077393, 17.760049045085907, 17.79748922586441, 16.75279211997986, 16.305912673473358, 15.84510213136673, 15.875012218952179, 15.105672925710678, 14.967433422803879, 14.32791382074356, 14.475651174783707, 13.765624701976776, 13.023549675941467, 12.780081897974014, 12.193054735660553, 12.07812313735485, 12.13597509264946, 11.079502522945404, 10.381740659475327, 10.359124571084976, 9.929722666740417, 9.637795448303223, 9.20200976729393, 9.035555392503738, 8.794568195939064, 8.403634041547775, 8.039623990654945, 7.726991206407547, 7.38192979991436, 7.113099455833435, 6.909359857439995, 6.608925357460976, 6.454059734940529, 6.172948509454727, 6.078877344727516, 5.670495584607124, 5.3946738094091415, 5.242326080799103, 5.2486336678266525, 4.955894194543362, 4.8472959995269775, 4.738593354821205, 4.558439001441002, 4.508794069290161, 4.382019132375717, 4.1066170781850815, 4.04299009591341, 3.8714744597673416, 3.682839021086693, 3.679403103888035, 3.560231387615204, 3.409964583814144, 3.277796894311905, 3.082592688500881, 3.1249406412243843, 3.018606446683407, 2.9540052115917206, 2.8268166333436966, 2.745472826063633, 2.880546435713768, 2.6532084345817566, 2.633762910962105, 2.5064107552170753, 2.4571717754006386, 2.350778043270111, 2.3624426275491714, 2.2666468247771263, 2.281081795692444, 2.1655965372920036, 2.1422247663140297, 2.0454889871180058, 2.0319700688123703, 1.9601103216409683, 1.8878763169050217, 1.908731833100319, 1.8978640735149384, 1.8216714039444923, 1.7616651728749275, 1.7226611897349358, 1.6649800688028336, 1.7098535783588886, 1.6057369112968445, 1.5996824353933334, 1.5611617192626, 1.5453884117305279, 1.4716999381780624, 1.4551407098770142, 1.4196134358644485, 1.4174109622836113, 1.3703360296785831, 1.3719732984900475, 1.3286573179066181, 1.2702404242008924, 1.27912088483572, 1.2277013063430786, 1.179877675138414, 1.2066914811730385, 1.1828509625047445]"
