alpha,K,layers,hidden_channels,out_channels,norm,dropout,margin,lpl_weight,ratio,seed,aggregation,pos_weight,accuracy,f1,recall,precision
0.9264651895188648,18,1,128,256,graphnorm,0.11660273986215024,0.5495858345447954,0.22084761326634111,0.10366443731266294,1,sum,1,0.9248572287345957,0.8037676609105181,0.7303851640513552,0.893542757417103
0.9264651895188648,18,1,128,256,graphnorm,0.11660273986215024,0.5495858345447954,0.22084761326634111,0.10366443731266294,2,sum,1,0.9266606552449654,0.809076682316119,0.7375178316690443,0.8960138648180243
0.9264651895188648,18,1,128,256,graphnorm,0.11660273986215024,0.5495858345447954,0.22084761326634111,0.10366443731266294,3,sum,1,0.9305680793507665,0.8176795580110497,0.738944365192582,0.9151943462897526
0.9264651895188648,18,1,128,256,graphnorm,0.11660273986215024,0.5495858345447954,0.22084761326634111,0.10366443731266294,4,sum,1,0.9314697926059513,0.8215962441314554,0.7489300998573466,0.9098786828422877
0.9264651895188648,18,1,128,256,graphnorm,0.11660273986215024,0.5495858345447954,0.22084761326634111,0.10366443731266294,5,sum,1,0.9302675082657048,0.8198757763975155,0.7532097004279601,0.899488926746167
