alpha,K,layers,hidden_channels,out_channels,norm,dropout,margin,lpl_weight,ratio,seed,aggregation,pos_weight,accuracy,f1,recall,precision
0.5,21,1,256,256,,0,0.5,0.938293647521308,0.21415867588715343,1,mean,1,0.9305680793507665,0.8381219341275403,0.8530670470756063,0.8236914600550964
0.5,21,1,256,256,,0,0.5,0.938293647521308,0.21415867588715343,2,mean,1,0.9236549443943493,0.8203677510608204,0.8273894436519258,0.8134642356241234
0.5,21,1,256,256,,0,0.5,0.938293647521308,0.21415867588715343,3,mean,1,0.9302675082657048,0.8347578347578347,0.8359486447931527,0.833570412517781
0.5,21,1,256,256,,0,0.5,0.938293647521308,0.21415867588715343,4,mean,1,0.9269612263300271,0.8263045032165832,0.8245363766048502,0.828080229226361
0.5,21,1,256,256,,0,0.5,0.938293647521308,0.21415867588715343,5,mean,1,0.9248572287345957,0.8241912798874824,0.8359486447931527,0.812760055478502
