K,layers,hidden_channels,out_channels,norm,lr,treatment,dropout,ratio,seed,aggregation,model_type,batch_size,rate_pairs,clusters,sampling,num_epochs,anomaly_detector,accuracy,f1,recall,precision,losses,test_accuracy,test_f1,test_recall,test_precision
7,1,64,256,,0.006714787999317895,removal,0,0.2595404584482248,654,mean,GCNConv,256,12,200,sage,100,nearest_neighbors,0.6363636363636364,0.7777777777777778,0.6363636363636364,1.0,"[17.008455753326416, 17.141412377357483, 16.572208523750305, 15.526200413703918, 15.073594808578491, 14.358396768569946, 13.75415813922882, 12.861142218112946, 12.256713330745697, 11.731342196464539, 11.194115936756134, 10.55965393781662, 10.074329674243927, 9.543112099170685, 9.012370645999908, 8.718883991241455, 8.075980305671692, 7.782088994979858, 7.328772842884064, 6.984039545059204, 6.554043650627136, 6.268982023000717, 5.836879581212997, 5.477381378412247, 5.203030675649643, 5.028534233570099, 4.7480824291706085, 4.524620205163956, 4.266603589057922, 4.050097435712814, 3.8479617834091187, 3.6918831914663315, 3.560633197426796, 3.405250057578087, 3.291677325963974, 3.1121168732643127, 3.0158984661102295, 2.8546309918165207, 2.7638797760009766, 2.6123154312372208, 2.5409155786037445, 2.446913421154022, 2.3655297309160233, 2.268050953745842, 2.2115210443735123, 2.132644146680832, 2.050109475851059, 2.0124386698007584, 1.9244225770235062, 1.852301374077797, 1.8229596763849258, 1.7470810115337372, 1.6666992828249931, 1.6507329791784286, 1.5927528589963913, 1.5359877347946167, 1.5138747990131378, 1.444645844399929, 1.4478671997785568, 1.399059735238552, 1.3259275704622269, 1.3098061606287956, 1.2755732089281082, 1.2245835661888123, 1.2315182015299797, 1.1771607995033264, 1.1551582664251328, 1.1297202035784721, 1.086664929986, 1.0719472169876099, 1.0283657982945442, 1.015744723379612, 0.9875306859612465, 0.9815927967429161, 0.947684720158577, 0.930648684501648, 0.9061440005898476, 0.9051281958818436, 0.8657737784087658, 0.8476202972233295, 0.8405637890100479, 0.8044528402388096, 0.7935217395424843, 0.7917590886354446, 0.7641191445291042, 0.759747426956892, 0.7298122271895409, 0.7142334952950478, 0.7073730863630772, 0.696643553674221, 0.6835495978593826, 0.6723499409854412, 0.6619855239987373, 0.6397906579077244, 0.6349169388413429, 0.6262111775577068, 0.6101646684110165, 0.5989650525152683, 0.5934121496975422, 0.5830809436738491]",0.9284640817553351,0.8257686676427526,0.8045649072753209,0.8481203007518797
