alpha,K,layers,hidden_channels,out_channels,norm,dropout,margin,lpl_weight,ratio,seed,aggregation,pos_weight,accuracy,f1,recall,precision
0.5,15,1,256,256,,0.07363756409832709,0.5,0.01867156718546642,0.19540641990681057,1,mean,1,0.9233543733092876,0.8161499639509733,0.8074179743223966,0.8250728862973761
0.5,15,1,256,256,,0.07363756409832709,0.5,0.01867156718546642,0.19540641990681057,2,mean,1,0.9257589419897806,0.8152580403889305,0.7774607703281027,0.8569182389937107
0.5,15,1,256,256,,0.07363756409832709,0.5,0.01867156718546642,0.19540641990681057,3,mean,1,0.9227532311391644,0.8097705403404886,0.7803138373751783,0.8415384615384616
0.5,15,1,256,256,,0.07363756409832709,0.5,0.01867156718546642,0.19540641990681057,4,mean,1,0.9110309588217613,0.7817109144542773,0.7560627674750356,0.8091603053435115
0.5,15,1,256,256,,0.07363756409832709,0.5,0.01867156718546642,0.19540641990681057,5,mean,1,0.9263600841599038,0.8241206030150754,0.818830242510699,0.8294797687861272
