K,layers,hidden_channels,out_channels,norm,lr,treatment,dropout,ratio,seed,aggregation,model_type,batch_size,rate_pairs,clusters,sampling,sampling_k,num_epochs,anomaly_detector,accuracy,f1,recall,precision,losses
2,1,64,128,,0.007793765682495805,removal,0,0.1287140007415697,654,mean,GCNConv,1024,1,300,cluster,75,50,nearest_neighbors,0.9341749323715058,0.835214446952596,0.7917261055634808,0.8837579617834395,"[8.277511298656464, 7.381217509508133, 7.000712692737579, 6.7108473777771, 5.875721275806427, 5.515616461634636, 5.2613355666399, 4.826553761959076, 4.2713987827301025, 4.005789339542389, 3.6085454672574997, 3.4050891548395157, 3.2622130662202835, 2.986377514898777, 2.721058338880539, 2.581425815820694, 2.4329173639416695, 2.2953656166791916, 2.178881421685219, 2.011130541563034, 1.8822577819228172, 1.7882018685340881, 1.7162604182958603, 1.5715065076947212, 1.501121163368225, 1.4387465789914131, 1.3385946452617645, 1.2934463322162628, 1.2385257184505463, 1.1526377126574516, 1.165719784796238, 1.1124042384326458, 1.0390024669468403, 1.0009874068200588, 0.931496124714613, 0.9010949991643429, 0.8705828599631786, 0.8427416682243347, 0.8129341788589954, 0.7669874280691147, 0.7498638220131397, 0.7338679879903793, 0.6984089110046625, 0.6733361836522818, 0.6453313529491425, 0.6224249806255102, 0.6040631718933582, 0.5935454946011305, 0.5653272364288568, 0.5543245635926723]"
