alpha,K,layers,hidden_channels,out_channels,norm,dropout,margin,lpl_weight,ratio,seed,aggregation,pos_weight,accuracy,f1,recall,precision
0.5,17,2,256,128,,0.15335157637362962,0.5,0.9645376844358128,0.15058943555035445,1,sum,1,0.92936579501052,0.8255382331106161,0.7931526390870185,0.8606811145510835
0.5,17,2,256,128,,0.15335157637362962,0.5,0.9645376844358128,0.15058943555035445,2,sum,1,0.9257589419897806,0.8155339805825242,0.7788873038516405,0.8557993730407524
0.5,17,2,256,128,,0.15335157637362962,0.5,0.9645376844358128,0.15058943555035445,3,sum,1,0.9284640817553351,0.8215892053973014,0.7817403708987162,0.8657187993680885
0.5,17,2,256,128,,0.15335157637362962,0.5,0.9645376844358128,0.15058943555035445,4,sum,1,0.9260595130748422,0.8136363636363636,0.7660485021398002,0.8675282714054927
0.5,17,2,256,128,,0.15335157637362962,0.5,0.9645376844358128,0.15058943555035445,5,sum,1,0.9266606552449654,0.8208516886930984,0.797432239657632,0.8456883509833586
