alpha,K,layers,hidden_channels,out_channels,norm,dropout,margin,lpl_weight,ratio,seed,aggregation,pos_weight,accuracy,f1,recall,precision
0.5,20,1,256,256,,0.1632806905170603,0.5,0.8846732390689146,0.17014114318448345,1,sum,1,0.9305680793507665,0.8292682926829268,0.8002853067047075,0.8604294478527608
0.5,20,1,256,256,,0.1632806905170603,0.5,0.8846732390689146,0.17014114318448345,2,sum,1,0.9245566576495341,0.8139362490733877,0.7831669044222539,0.8472222222222222
0.5,20,1,256,256,,0.1632806905170603,0.5,0.8846732390689146,0.17014114318448345,3,sum,1,0.9275623685001503,0.8205510052122115,0.7860199714693296,0.8582554517133957
0.5,20,1,256,256,,0.1632806905170603,0.5,0.8846732390689146,0.17014114318448345,4,sum,1,0.9260595130748422,0.8191176470588235,0.7945791726105563,0.8452200303490136
0.5,20,1,256,256,,0.1632806905170603,0.5,0.8846732390689146,0.17014114318448345,5,sum,1,0.9302675082657048,0.8284023668639053,0.7988587731811697,0.8602150537634409
