alpha,K,layers,hidden_channels,out_channels,norm,dropout,margin,lpl_weight,ratio,seed,aggregation,pos_weight,accuracy,f1,recall,precision
0.9169100322678714,18,1,256,128,,0.3218713307559307,0.5057018170414276,0.2915273740437696,0.13571293880008017,1,sum,1,0.9341749323715058,0.8421052631578947,0.833095577746077,0.8513119533527697
0.9169100322678714,18,1,256,128,,0.3218713307559307,0.5057018170414276,0.2915273740437696,0.13571293880008017,2,sum,1,0.9389840697324917,0.8530050687907313,0.8402282453637661,0.8661764705882353
0.9169100322678714,18,1,256,128,,0.3218713307559307,0.5057018170414276,0.2915273740437696,0.13571293880008017,3,sum,1,0.939585211902615,0.8544532947139754,0.8416547788873039,0.8676470588235294
0.9169100322678714,18,1,256,128,,0.3218713307559307,0.5057018170414276,0.2915273740437696,0.13571293880008017,4,sum,1,0.9440937781785392,0.8626292466765141,0.833095577746077,0.8943338437978561
0.9169100322678714,18,1,256,128,,0.3218713307559307,0.5057018170414276,0.2915273740437696,0.13571293880008017,5,sum,1,0.9404869251577999,0.8556851311953353,0.8373751783166904,0.8748137108792846
