alpha,K,layers,hidden_channels,out_channels,norm,dropout,margin,lpl_weight,ratio,seed,aggregation,pos_weight,accuracy,f1,recall,precision
0.7121356642230035,21,2,64,64,graphnorm,0.2488557870400587,0.988201108323254,0.7806023745781782,0.16636845731065703,1,sum,1,0.9059212503757138,0.7529597474348856,0.6804564907275321,0.842756183745583
0.7121356642230035,21,2,64,64,graphnorm,0.2488557870400587,0.988201108323254,0.7806023745781782,0.16636845731065703,2,sum,1,0.9083258190562068,0.7600314712824547,0.6890156918687589,0.8473684210526315
0.7121356642230035,21,2,64,64,graphnorm,0.2488557870400587,0.988201108323254,0.7806023745781782,0.16636845731065703,3,sum,1,0.9149383829275624,0.7752184273232724,0.6961483594864479,0.8745519713261649
0.7121356642230035,21,2,64,64,graphnorm,0.2488557870400587,0.988201108323254,0.7806023745781782,0.16636845731065703,4,sum,1,0.907424105801022,0.7532051282051282,0.6704707560627675,0.8592321755027422
0.7121356642230035,21,2,64,64,graphnorm,0.2488557870400587,0.988201108323254,0.7806023745781782,0.16636845731065703,5,sum,1,0.9137360985873159,0.7741935483870968,0.7018544935805991,0.8631578947368421
