alpha,K,layers,hidden_channels,out_channels,norm,dropout,margin,lpl_weight,ratio,seed,aggregation,pos_weight,accuracy,f1,recall,precision
0.643588877545358,17,1,256,128,layernorm,0.4889471108381383,0.13879993850750005,0.6301797710116347,0.13611551728506505,1,mean,1,0.931770363691013,0.8276385725132878,0.7774607703281027,0.8847402597402597
0.643588877545358,17,1,256,128,layernorm,0.4889471108381383,0.13879993850750005,0.6301797710116347,0.13611551728506505,2,mean,1,0.939585211902615,0.8478425435276306,0.7988587731811697,0.9032258064516129
0.643588877545358,17,1,256,128,layernorm,0.4889471108381383,0.13879993850750005,0.6301797710116347,0.13611551728506505,3,mean,1,0.9335737902013826,0.8373804267844003,0.81169757489301,0.8647416413373861
0.643588877545358,17,1,256,128,layernorm,0.4889471108381383,0.13879993850750005,0.6301797710116347,0.13611551728506505,4,mean,1,0.9365795010519988,0.8373168851195065,0.7746077032810271,0.9110738255033557
0.643588877545358,17,1,256,128,layernorm,0.4889471108381383,0.13879993850750005,0.6301797710116347,0.13611551728506505,5,mean,1,0.9215509467989179,0.8003060443764346,0.746077032810271,0.863036303630363
