alpha,K,layers,hidden_channels,out_channels,norm,dropout,margin,lpl_weight,ratio,seed,aggregation,pos_weight,accuracy,f1,recall,precision
0.8946452469537429,18,1,128,256,graphnorm,0.11093327193442329,0.5101669247302982,0.2615466719095662,0.1080959876549445,1,sum,1,0.9218515178839796,0.7978227060653188,0.7318116975748931,0.8769230769230769
0.8946452469537429,18,1,128,256,graphnorm,0.11093327193442329,0.5101669247302982,0.2615466719095662,0.1080959876549445,2,sum,1,0.931770363691013,0.8219607843137255,0.7475035663338089,0.9128919860627178
0.8946452469537429,18,1,128,256,graphnorm,0.11093327193442329,0.5101669247302982,0.2615466719095662,0.1080959876549445,3,sum,1,0.92936579501052,0.8179705654531371,0.7532097004279601,0.8949152542372881
0.8946452469537429,18,1,128,256,graphnorm,0.11093327193442329,0.5101669247302982,0.2615466719095662,0.1080959876549445,4,sum,1,0.9296663660955816,0.8169014084507042,0.7446504992867332,0.9046793760831889
0.8946452469537429,18,1,128,256,graphnorm,0.11093327193442329,0.5101669247302982,0.2615466719095662,0.1080959876549445,5,sum,1,0.9272617974150886,0.8126934984520123,0.7489300998573466,0.8883248730964467
