alpha,K,layers,hidden_channels,out_channels,norm,dropout,margin,lpl_weight,ratio,seed,aggregation,pos_weight,accuracy,f1,recall,precision
0.3069864315307804,24,1,128,64,,0.36543481767817376,0.17487130238756207,0.25554917109268604,0.3241265926695435,1,sum,1,0.9116321009918846,0.8055555555555556,0.8687589158345221,0.750924784217016
0.3069864315307804,24,1,128,64,,0.36543481767817376,0.17487130238756207,0.25554917109268604,0.3241265926695435,2,sum,1,0.9029155395250977,0.789850357839948,0.8659058487874465,0.7260765550239234
0.3069864315307804,24,1,128,64,,0.36543481767817376,0.17487130238756207,0.25554917109268604,0.3241265926695435,3,sum,1,0.9038172527802826,0.7911227154046997,0.8644793152639088,0.7292418772563177
0.3069864315307804,24,1,128,64,,0.36543481767817376,0.17487130238756207,0.25554917109268604,0.3241265926695435,4,sum,1,0.9065223925458371,0.7973941368078176,0.8730385164051355,0.7338129496402878
0.3069864315307804,24,1,128,64,,0.36543481767817376,0.17487130238756207,0.25554917109268604,0.3241265926695435,5,sum,1,0.9107303877366997,0.8065146579804561,0.8830242510699001,0.7422062350119905
