alpha,K,layers,hidden_channels,out_channels,norm,dropout,margin,lpl_weight,ratio,seed,aggregation,pos_weight,accuracy,f1,recall,precision
0.8268199369685912,24,1,256,64,,0.17360021091958355,0.46241892167896553,0.9686838708376634,0.15765432477330862,1,sum,1,0.9296663660955816,0.833570412517781,0.8359486447931527,0.8312056737588652
0.8268199369685912,24,1,256,64,,0.17360021091958355,0.46241892167896553,0.9686838708376634,0.15765432477330862,2,sum,1,0.933273219116321,0.8423295454545454,0.8459343794579173,0.8387553041018387
0.8268199369685912,24,1,256,64,,0.17360021091958355,0.46241892167896553,0.9686838708376634,0.15765432477330862,3,sum,1,0.9362789299669372,0.8490028490028491,0.8502139800285307,0.8477951635846372
0.8268199369685912,24,1,256,64,,0.17360021091958355,0.46241892167896553,0.9686838708376634,0.15765432477330862,4,sum,1,0.9314697926059513,0.8394366197183099,0.8502139800285307,0.8289290681502086
0.8268199369685912,24,1,256,64,,0.17360021091958355,0.46241892167896553,0.9686838708376634,0.15765432477330862,5,sum,1,0.9278629395852119,0.8297872340425532,0.8345221112696148,0.8251057827926658
