K,layers,hidden_channels,out_channels,norm,lr,treatment,dropout,ratio,seed,aggregation,model_type,batch_size,rate_pairs,clusters,sampling,num_epochs,anomaly_detector,accuracy,f1,recall,precision,losses,test_accuracy,test_f1,test_recall,test_precision
6,1,256,256,,0.004899901459442413,removal,0,0.1225611787518219,654,mean,GCNConv,1024,14,300,sage,100,nearest_neighbors,0.5795454545454546,0.7338129496402878,0.5795454545454546,1.0,"[4.601280093193054, 4.497713327407837, 4.5442328453063965, 4.394389033317566, 4.462589740753174, 4.285321474075317, 4.261770486831665, 4.2249035239219666, 4.292244911193848, 4.282147765159607, 4.267847895622253, 4.149793207645416, 3.9124425649642944, 4.073249459266663, 4.083895266056061, 3.937729835510254, 3.978001117706299, 3.9181727170944214, 3.924480617046356, 3.888062059879303, 3.8129554986953735, 3.856697916984558, 3.72737580537796, 3.5849941968917847, 3.672111392021179, 3.662763774394989, 3.643262207508087, 3.6551347970962524, 3.645429849624634, 3.5714151859283447, 3.5156723260879517, 3.4768834114074707, 3.5505853295326233, 3.264092445373535, 3.466141700744629, 3.370659112930298, 3.3554959297180176, 3.321367383003235, 3.3103010654449463, 3.1240386962890625, 3.134040355682373, 3.0876457691192627, 2.992022693157196, 2.9222527146339417, 2.9158371090888977, 2.9726016521453857, 2.994044840335846, 2.8988020420074463, 2.838848054409027, 2.7992432713508606, 2.75072979927063, 2.769478499889374, 2.7937827110290527, 2.6894895434379578, 2.738048732280731, 2.601867437362671, 2.582457661628723, 2.573628604412079, 2.5303338170051575, 2.4385629892349243, 2.450012743473053, 2.416724979877472, 2.423662781715393, 2.4123960733413696, 2.352330982685089, 2.3374881744384766, 2.2336520552635193, 2.272444009780884, 2.2214051485061646, 2.1522339582443237, 2.1832635402679443, 2.1177353858947754, 2.0929981470108032, 2.0748447477817535, 2.1411842107772827, 2.0794742703437805, 2.009743183851242, 1.961214154958725, 1.9432065188884735, 1.928436815738678, 1.8849619626998901, 1.8427544236183167, 1.832259327173233, 1.8112679719924927, 1.8590070605278015, 1.755101889371872, 1.773712158203125, 1.6821878552436829, 1.7327244281768799, 1.7414268553256989, 1.6657112836837769, 1.5942491590976715, 1.606206089258194, 1.6294228732585907, 1.5893745720386505, 1.5340987741947174, 1.5171485543251038, 1.552474170923233, 1.530441403388977, 1.481073021888733]",0.9266606552449654,0.8108527131782945,0.746077032810271,0.8879456706281834
