alpha,K,layers,hidden_channels,out_channels,norm,dropout,margin,lpl_weight,ratio,seed,aggregation,pos_weight,accuracy,f1,recall,precision
0.9630017568099384,21,1,256,64,,0.12818388045828236,0.4620092988445184,0.9741859684639083,0.16417874961090584,1,sum,1,0.9284640817553351,0.8328651685393258,0.8459343794579173,0.8201936376210235
0.9630017568099384,21,1,256,64,,0.12818388045828236,0.4620092988445184,0.9741859684639083,0.16417874961090584,2,sum,1,0.931770363691013,0.839802399435427,0.8487874465049928,0.8310055865921788
0.9630017568099384,21,1,256,64,,0.12818388045828236,0.4620092988445184,0.9741859684639083,0.16417874961090584,3,sum,1,0.9326720769461978,0.8404558404558404,0.8416547788873039,0.8392603129445235
0.9630017568099384,21,1,256,64,,0.12818388045828236,0.4620092988445184,0.9741859684639083,0.16417874961090584,4,sum,1,0.9299669371806433,0.8348688873139617,0.8402282453637661,0.8295774647887324
0.9630017568099384,21,1,256,64,,0.12818388045828236,0.4620092988445184,0.9741859684639083,0.16417874961090584,5,sum,1,0.9263600841599038,0.8258706467661692,0.8288159771754636,0.8229461756373938
