alpha,K,layers,hidden_channels,out_channels,norm,dropout,margin,lpl_weight,ratio,seed,aggregation,pos_weight,accuracy,f1,recall,precision
0.5,16,2,256,128,,0,0.5,0.5089002440944113,0.08089859476666938,1,sum,1,0.912834385332131,0.7755417956656346,0.7146932952924394,0.8477157360406091
0.5,16,2,256,128,,0,0.5,0.5089002440944113,0.08089859476666938,2,sum,1,0.9146378118425007,0.7801857585139319,0.7189728958630528,0.8527918781725888
0.5,16,2,256,128,,0,0.5,0.5089002440944113,0.08089859476666938,3,sum,1,0.9182446648632402,0.7894736842105263,0.7275320970042796,0.8629441624365483
0.5,16,2,256,128,,0,0.5,0.5089002440944113,0.08089859476666938,4,sum,1,0.9122332431620078,0.7739938080495357,0.7132667617689016,0.8460236886632826
0.5,16,2,256,128,,0,0.5,0.5089002440944113,0.08089859476666938,5,sum,1,0.9116321009918846,0.7724458204334366,0.7118402282453637,0.8443316412859561
