alpha,K,layers,hidden_channels,out_channels,norm,dropout,margin,lpl_weight,ratio,seed,aggregation,pos_weight,accuracy,f1,recall,precision
0.5,22,1,256,256,,0,0.5,0.9863827204372158,0.2113696065495527,1,mean,1,0.9251577998196574,0.8274428274428275,0.8516405135520685,0.8045822102425876
0.5,22,1,256,256,,0,0.5,0.9863827204372158,0.2113696065495527,2,mean,1,0.9281635106702735,0.830135039090263,0.833095577746077,0.8271954674220963
0.5,22,1,256,256,,0,0.5,0.9863827204372158,0.2113696065495527,3,mean,1,0.9278629395852119,0.8283261802575107,0.8259629101283881,0.830703012912482
0.5,22,1,256,256,,0,0.5,0.9863827204372158,0.2113696065495527,4,mean,1,0.9287646528403968,0.8334504567814477,0.8459343794579173,0.8213296398891967
0.5,22,1,256,256,,0,0.5,0.9863827204372158,0.2113696065495527,5,mean,1,0.9272617974150886,0.829817158931083,0.8416547788873039,0.8183079056865464
