alpha,K,layers,hidden_channels,out_channels,norm,dropout,margin,lpl_weight,ratio,seed,aggregation,pos_weight,accuracy,f1,recall,precision
0.5898285636680747,19,2,64,64,graphnorm,0.23678538277588718,0.7833145679589952,0.7329361721463812,0.10838916697581022,1,sum,1,0.912834385332131,0.7698412698412699,0.6918687589158345,0.8676207513416816
0.5898285636680747,19,2,64,64,graphnorm,0.23678538277588718,0.7833145679589952,0.7329361721463812,0.10838916697581022,2,sum,1,0.9149383829275624,0.7752184273232724,0.6961483594864479,0.8745519713261649
0.5898285636680747,19,2,64,64,graphnorm,0.23678538277588718,0.7833145679589952,0.7329361721463812,0.10838916697581022,3,sum,1,0.9131349564171927,0.7711797307996833,0.6947218259629101,0.8665480427046264
0.5898285636680747,19,2,64,64,graphnorm,0.23678538277588718,0.7833145679589952,0.7329361721463812,0.10838916697581022,4,sum,1,0.911331529906823,0.7656870532168387,0.6875891583452212,0.8637992831541219
0.5898285636680747,19,2,64,64,graphnorm,0.23678538277588718,0.7833145679589952,0.7329361721463812,0.10838916697581022,5,sum,1,0.9137360985873159,0.7734806629834254,0.6990014265335235,0.8657243816254417
