alpha,K,layers,hidden_channels,out_channels,norm,dropout,margin,lpl_weight,ratio,seed,aggregation,pos_weight,accuracy,f1,recall,precision
0.5,22,1,256,256,,0,0.5,0.9569561781243979,0.22133139716553699,1,mean,1,0.9290652239254583,0.834733893557423,0.8502139800285307,0.8198074277854195
0.5,22,1,256,256,,0,0.5,0.9569561781243979,0.22133139716553699,2,mean,1,0.9254583709047189,0.8272980501392758,0.8473609129814551,0.8081632653061225
0.5,22,1,256,256,,0,0.5,0.9569561781243979,0.22133139716553699,3,mean,1,0.9290652239254583,0.8319088319088319,0.833095577746077,0.8307254623044097
0.5,22,1,256,256,,0,0.5,0.9569561781243979,0.22133139716553699,4,mean,1,0.9224526600541028,0.8188202247191011,0.8316690442225392,0.8063623789764869
0.5,22,1,256,256,,0,0.5,0.9569561781243979,0.22133139716553699,5,mean,1,0.9269612263300271,0.8304256803907886,0.8487874465049928,0.8128415300546448
