K,layers,hidden_channels,out_channels,norm,lr,treatment,dropout,ratio,seed,aggregation,model_type,batch_size,rate_pairs,clusters,sampling,sampling_k,num_epochs,anomaly_detector,accuracy,f1,recall,precision,losses
2,1,64,128,,0.0009225369076412693,removal,0,0.14834281740794386,654,mean,GCNConv,1024,1,300,neighbor,75,100,unweighted,0.9011121130147279,0.7017225747960109,0.5520684736091298,0.9626865671641791,"[2.4507418274879456, 2.132960021495819, 2.0120700299739838, 2.0185678601264954, 2.0463422536849976, 2.00247260928154, 1.9747025072574615, 2.0135304927825928, 2.088279515504837, 1.9358654618263245, 1.9710267186164856, 1.9564633965492249, 1.9797581732273102, 1.9611316621303558, 1.8969505727291107, 1.9279236793518066, 1.9827191531658173, 1.9280372262001038, 1.954907387495041, 1.9304167926311493, 1.956053078174591, 1.9459399580955505, 1.8553623855113983, 1.9433694779872894, 1.918709397315979, 1.9318117499351501, 1.8766999244689941, 1.8565211594104767, 1.8685035407543182, 1.8670387864112854, 1.8766136169433594, 1.908488690853119, 1.8653879165649414, 1.8704149425029755, 1.8870492279529572, 1.8985156416893005, 1.8594104051589966, 1.8674681782722473, 1.8751730620861053, 1.851575642824173, 1.8394609987735748, 1.805830717086792, 1.845585972070694, 1.9065495431423187, 1.846206158399582, 1.8124333322048187, 1.8571357727050781, 1.7978157997131348, 1.8232041597366333, 1.7581283152103424, 1.8029074370861053, 1.862875074148178, 1.7855734527111053, 1.736887276172638, 1.7926746010780334, 1.7825592458248138, 1.7610800862312317, 1.819028377532959, 1.7758746147155762, 1.7107824385166168, 1.7929798364639282, 1.7649642527103424, 1.7768192291259766, 1.780310869216919, 1.7696496546268463, 1.810032069683075, 1.7388773560523987, 1.7511667609214783, 1.7578456401824951, 1.7166676819324493, 1.705801546573639, 1.706937164068222, 1.7199861407279968, 1.6956695914268494, 1.643017739057541, 1.690679132938385, 1.6740975677967072, 1.666027992963791, 1.6469504535198212, 1.6450583636760712, 1.6980984210968018, 1.636463224887848, 1.6238931119441986, 1.6360439658164978, 1.6415364742279053, 1.6449311673641205, 1.6604223549365997, 1.6365871131420135, 1.6538264155387878, 1.6353266537189484, 1.6182510256767273, 1.623107671737671, 1.6213959753513336, 1.6411802172660828, 1.6863125264644623, 1.596739798784256, 1.5967154204845428, 1.6337712109088898, 1.6374154090881348, 1.577273041009903]"
