alpha,K,layers,hidden_channels,out_channels,norm,dropout,margin,lpl_weight,ratio,seed,aggregation,pos_weight,accuracy,f1,recall,precision
0.9402719878069119,18,1,256,128,,0.3261378195421698,0.5038361740629207,0.282075508369649,0.12812802941804172,1,sum,1,0.935677787796814,0.8440233236151603,0.8259629101283881,0.8628912071535022
0.9402719878069119,18,1,256,128,,0.3261378195421698,0.5038361740629207,0.282075508369649,0.12812802941804172,2,sum,1,0.9383829275623685,0.8502556610664719,0.8302425106990015,0.8712574850299402
0.9402719878069119,18,1,256,128,,0.3261378195421698,0.5038361740629207,0.282075508369649,0.12812802941804172,3,sum,1,0.941088067327923,0.856093979441997,0.8316690442225392,0.8819969742813918
0.9402719878069119,18,1,256,128,,0.3261378195421698,0.5038361740629207,0.282075508369649,0.12812802941804172,4,sum,1,0.943492636008416,0.8607407407407407,0.8288159771754636,0.8952234206471494
0.9402719878069119,18,1,256,128,,0.3261378195421698,0.5038361740629207,0.282075508369649,0.12812802941804172,5,sum,1,0.9386834986474302,0.8510948905109489,0.8316690442225392,0.8714499252615845
