alpha,K,layers,hidden_channels,out_channels,norm,dropout,margin,lpl_weight,ratio,seed,aggregation,pos_weight,accuracy,f1,recall,precision
0.5,23,1,128,256,,0,0.5,0.706466680365053,0.18091078701300478,1,sum,1,0.9173429516080553,0.7997086671522214,0.7831669044222539,0.8169642857142857
0.5,23,1,128,256,,0,0.5,0.706466680365053,0.18091078701300478,2,sum,1,0.9218515178839796,0.8166431593794076,0.8259629101283881,0.8075313807531381
0.5,23,1,128,256,,0,0.5,0.706466680365053,0.18091078701300478,3,sum,1,0.9194469492034866,0.8088445078459344,0.8088445078459344,0.8088445078459344
0.5,23,1,128,256,,0,0.5,0.706466680365053,0.18091078701300478,4,sum,1,0.919146378118425,0.8112280701754386,0.8245363766048502,0.7983425414364641
0.5,23,1,128,256,,0,0.5,0.706466680365053,0.18091078701300478,5,sum,1,0.9194469492034866,0.8049490538573508,0.7888730385164051,0.8216939078751857
