K,layers,hidden_channels,out_channels,norm,lr,treatment,dropout,ratio,seed,aggregation,model_type,batch_size,rate_pairs,reliable_mini_batch,clusters,accuracy,f1,recall,precision,losses
3,1,128,256,,0.004464884937827364,removal,0,0.17131094046584508,654,mean,SAGEConv,15,7,True,100,0.9320709347760745,0.8313432835820895,0.7945791726105563,0.8716744913928013,"[4.490076065063477, 4.129433274269104, 4.131499856710434, 3.9832152724266052, 3.960286170244217, 3.956302285194397, 3.9186985790729523, 3.8788885176181793, 3.7633589804172516, 3.796868622303009, 3.7081109285354614, 3.657869726419449, 3.5896564722061157, 3.4603314101696014, 3.3649495244026184, 3.5442047715187073, 3.3533689975738525, 3.1096686720848083, 3.2751554250717163, 3.197981208562851, 2.9689939618110657, 2.9702755212783813, 2.9064076244831085, 2.84710356593132, 2.8282403349876404, 2.783473014831543, 2.7850078642368317, 2.6363788843154907, 2.591764956712723, 2.5185353755950928, 2.472881317138672, 2.409431129693985, 2.3546323478221893, 2.2531711757183075, 2.2562556713819504, 2.2149539291858673, 2.165686324238777, 2.1571988463401794, 2.075301945209503, 2.0414516627788544, 1.987384095788002, 1.9374494701623917, 1.9299585670232773, 1.884897992014885, 1.8317674100399017, 1.7911196202039719, 1.7441051304340363, 1.752842128276825, 1.6572865396738052, 1.651017427444458]"
