K,layers,hidden_channels,out_channels,norm,lr,treatment,dropout,ratio,seed,aggregation,model_type,batch_size,rate_pairs,clusters,sampling,num_epochs,anomaly_detector,accuracy,f1,recall,precision,losses,test_accuracy,test_f1,test_recall,test_precision
4,1,256,256,,0.005,removal,0,0.16803923796124237,654,mean,GCNConv,1024,10,50,sage,100,nearest_neighbors,nan,0.0,0.0,0.0,"[3.306728720664978, 3.1885408759117126, 3.154401421546936, 3.0554113388061523, 3.1106032133102417, 3.0593115091323853, 3.0158716440200806, 2.9604551196098328, 3.0481619238853455, 2.971592605113983, 2.996848464012146, 2.9376957416534424, 2.777565658092499, 2.8533886671066284, 2.7953023314476013, 2.7366198301315308, 2.741578996181488, 2.693909764289856, 2.684926211833954, 2.6808812618255615, 2.656680166721344, 2.570632517337799, 2.5543405413627625, 2.4560863375663757, 2.489993095397949, 2.4591932892799377, 2.4414364099502563, 2.521304666996002, 2.4675431847572327, 2.4290945529937744, 2.386458456516266, 2.3958138823509216, 2.3983763456344604, 2.2238852977752686, 2.3185081481933594, 2.231516480445862, 2.251457393169403, 2.1542022228240967, 2.1406174898147583, 2.1071466207504272, 2.0476369857788086, 2.028387635946274, 1.9923851191997528, 1.953301191329956, 1.9189066588878632, 1.931686282157898, 1.95180281996727, 1.893849104642868, 1.8763067424297333, 1.8061266243457794, 1.80026513338089, 1.8092252016067505, 1.8129020929336548, 1.74562606215477, 1.791565090417862, 1.714358925819397, 1.6702182292938232, 1.6674339175224304, 1.6516336798667908, 1.5556322932243347, 1.5649226605892181, 1.568341225385666, 1.547710120677948, 1.5300686061382294, 1.5209732949733734, 1.4789422154426575, 1.4183929860591888, 1.4480150938034058, 1.4075425863265991, 1.3808166086673737, 1.4130564033985138, 1.346091866493225, 1.3158727288246155, 1.3289454877376556, 1.3506324887275696, 1.3209799826145172, 1.3107091188430786, 1.297002375125885, 1.2686015665531158, 1.2217053472995758, 1.2215853035449982, 1.188736379146576, 1.1621888875961304, 1.148157000541687, 1.17258620262146, 1.1233325004577637, 1.1351003050804138, 1.08283731341362, 1.115074247121811, 1.1307035982608795, 1.0800288021564484, 1.0222126245498657, 1.029127523303032, 1.0267033874988556, 1.0308921784162521, 0.9936324656009674, 0.9599584490060806, 0.9959895014762878, 0.9755887389183044, 0.9261673837900162]",0.9392846408175534,0.8614540466392319,0.8958630527817404,0.8295904887714664
