alpha,K,layers,hidden_channels,out_channels,norm,dropout,margin,lpl_weight,ratio,seed,aggregation,pos_weight,accuracy,f1,recall,precision
0.7092391958502295,17,1,256,128,,0.32220571346619736,0.4524085201541144,0.7819410461840528,0.06936554220744934,1,sum,1,0.9251577998196574,0.7980535279805353,0.7018544935805991,0.924812030075188
0.7092391958502295,17,1,256,128,,0.32220571346619736,0.4524085201541144,0.7819410461840528,0.06936554220744934,2,sum,1,0.9326720769461978,0.8187702265372169,0.7218259629101283,0.9457943925233645
0.7092391958502295,17,1,256,128,,0.32220571346619736,0.4524085201541144,0.7819410461840528,0.06936554220744934,3,sum,1,0.9305680793507665,0.8117359413202934,0.7104136947218259,0.9467680608365019
0.7092391958502295,17,1,256,128,,0.32220571346619736,0.4524085201541144,0.7819410461840528,0.06936554220744934,4,sum,1,0.9296663660955816,0.810064935064935,0.7118402282453637,0.9397363465160076
0.7092391958502295,17,1,256,128,,0.32220571346619736,0.4524085201541144,0.7819410461840528,0.06936554220744934,5,sum,1,0.9299669371806433,0.8116410670978172,0.7161198288159771,0.9365671641791045
