alpha,K,layers,hidden_channels,out_channels,norm,dropout,margin,lpl_weight,ratio,seed,aggregation,pos_weight,accuracy,f1,recall,precision
0.5,14,2,256,256,,0,0.5,0.5,0.19546029968349246,1,sum,1,0.9245566576495341,0.8182476466328747,0.8059914407988588,0.8308823529411765
0.5,14,2,256,256,,0,0.5,0.5,0.19546029968349246,2,sum,1,0.9257589419897806,0.8236973590292648,0.8231098430813124,0.8242857142857143
0.5,14,2,256,256,,0,0.5,0.5,0.19546029968349246,3,sum,1,0.9287646528403968,0.8301075268817204,0.8259629101283881,0.8342939481268011
0.5,14,2,256,256,,0,0.5,0.5,0.19546029968349246,4,sum,1,0.9272617974150886,0.8253968253968254,0.8159771754636234,0.8350364963503649
0.5,14,2,256,256,,0,0.5,0.5,0.19546029968349246,5,sum,1,0.9179440937781785,0.8045812455261274,0.8017118402282454,0.8074712643678161
