alpha,K,layers,hidden_channels,out_channels,norm,dropout,margin,lpl_weight,ratio,seed,aggregation,pos_weight,accuracy,f1,recall,precision
0.5,15,2,256,128,,0.3254361645440806,0.5,0.9450660372312297,0.1344321285375336,1,sum,1,0.9365795010519988,0.8469905728788978,0.833095577746077,0.8613569321533924
0.5,15,2,256,128,,0.3254361645440806,0.5,0.9450660372312297,0.1344321285375336,2,sum,1,0.9407874962428614,0.8569353667392883,0.8416547788873039,0.8727810650887574
0.5,15,2,256,128,,0.3254361645440806,0.5,0.9450660372312297,0.1344321285375336,3,sum,1,0.9380823564773069,0.8513708513708513,0.8416547788873039,0.8613138686131386
0.5,15,2,256,128,,0.3254361645440806,0.5,0.9450660372312297,0.1344321285375336,4,sum,1,0.9431920649233544,0.8609271523178808,0.8345221112696148,0.8890577507598785
0.5,15,2,256,128,,0.3254361645440806,0.5,0.9450660372312297,0.1344321285375336,5,sum,1,0.9389840697324917,0.8523636363636363,0.8359486447931527,0.8694362017804155
