alpha,K,layers,hidden_channels,out_channels,norm,dropout,margin,lpl_weight,ratio,seed,aggregation,pos_weight,accuracy,f1,recall,precision
0.5,15,1,256,256,,0.08252375209088525,0.5,0.02462281776937303,0.1579167977188087,1,sum,1,0.9251577998196574,0.8170462894930198,0.7931526390870185,0.8424242424242424
0.5,15,1,256,256,,0.08252375209088525,0.5,0.02462281776937303,0.1579167977188087,2,sum,1,0.9272617974150886,0.8236151603498543,0.8059914407988588,0.842026825633383
0.5,15,1,256,256,,0.08252375209088525,0.5,0.02462281776937303,0.1579167977188087,3,sum,1,0.9299669371806433,0.8244159758854559,0.7803138373751783,0.8738019169329073
0.5,15,1,256,256,,0.08252375209088525,0.5,0.02462281776937303,0.1579167977188087,4,sum,1,0.9302675082657048,0.8284023668639053,0.7988587731811697,0.8602150537634409
0.5,15,1,256,256,,0.08252375209088525,0.5,0.02462281776937303,0.1579167977188087,5,sum,1,0.9275623685001503,0.8239590942293645,0.8045649072753209,0.844311377245509
