alpha,K,layers,hidden_channels,out_channels,norm,dropout,margin,lpl_weight,ratio,seed,aggregation,pos_weight,accuracy,f1,recall,precision
0.9081709082633833,18,1,128,256,graphnorm,0.057319405772836986,0.5660409795718992,0.23798612300016792,0.12530432040904124,1,sum,1,0.9323715058611362,0.8361252731245448,0.818830242510699,0.8541666666666666
0.9081709082633833,18,1,128,256,graphnorm,0.057319405772836986,0.5660409795718992,0.23798612300016792,0.12530432040904124,2,sum,1,0.9386834986474302,0.8513119533527697,0.833095577746077,0.8703427719821163
0.9081709082633833,18,1,128,256,graphnorm,0.057319405772836986,0.5660409795718992,0.23798612300016792,0.12530432040904124,3,sum,1,0.9383829275623685,0.8480355819125278,0.8159771754636234,0.8827160493827161
0.9081709082633833,18,1,128,256,graphnorm,0.057319405772836986,0.5660409795718992,0.23798612300016792,0.12530432040904124,4,sum,1,0.9362789299669372,0.8429629629629629,0.81169757489301,0.8767334360554699
0.9081709082633833,18,1,128,256,graphnorm,0.057319405772836986,0.5660409795718992,0.23798612300016792,0.12530432040904124,5,sum,1,0.9269612263300271,0.8217168011738811,0.7988587731811697,0.8459214501510574
