alpha,K,layers,hidden_channels,out_channels,norm,dropout,margin,lpl_weight,ratio,seed,aggregation,pos_weight,accuracy,f1,recall,precision
0.5,15,2,256,128,,0.34532883349074756,0.5,0.9277565608716296,0.16261357101936388,1,sum,1,0.9335737902013826,0.8442565186751233,0.854493580599144,0.8342618384401114
0.5,15,2,256,128,,0.34532883349074756,0.5,0.9277565608716296,0.16261357101936388,2,sum,1,0.9359783588818755,0.8501055594651654,0.8616262482168331,0.8388888888888889
0.5,15,2,256,128,,0.34532883349074756,0.5,0.9277565608716296,0.16261357101936388,3,sum,1,0.9359783588818755,0.8515679442508711,0.8716119828815977,0.832425068119891
0.5,15,2,256,128,,0.34532883349074756,0.5,0.9277565608716296,0.16261357101936388,4,sum,1,0.935677787796814,0.8482269503546099,0.8530670470756063,0.843441466854725
0.5,15,2,256,128,,0.34532883349074756,0.5,0.9277565608716296,0.16261357101936388,5,sum,1,0.9362789299669372,0.8502824858757062,0.8587731811697575,0.8419580419580419
