alpha,K,layers,hidden_channels,out_channels,norm,dropout,margin,lpl_weight,ratio,seed,aggregation,pos_weight,accuracy,f1,recall,precision
0.5,15,2,256,128,,0.33270134535020524,0.5,0.9540655038600618,0.12596625508329187,1,sum,1,0.9392846408175534,0.8512518409425626,0.8245363766048502,0.8797564687975646
0.5,15,2,256,128,,0.33270134535020524,0.5,0.9540655038600618,0.12596625508329187,2,sum,1,0.941088067327923,0.855457227138643,0.8273894436519258,0.8854961832061069
0.5,15,2,256,128,,0.33270134535020524,0.5,0.9540655038600618,0.12596625508329187,3,sum,1,0.9401863540727382,0.8531365313653136,0.8245363766048502,0.8837920489296636
0.5,15,2,256,128,,0.33270134535020524,0.5,0.9540655038600618,0.12596625508329187,4,sum,1,0.9452960625187857,0.8641791044776119,0.8259629101283881,0.9061032863849765
0.5,15,2,256,128,,0.33270134535020524,0.5,0.9540655038600618,0.12596625508329187,5,sum,1,0.9374812143071837,0.8475073313782991,0.8245363766048502,0.8717948717948718
