K,layers,hidden_channels,out_channels,norm,lr,treatment,dropout,ratio,seed,aggregation,model_type,batch_size,rate_pairs,clusters,sampling,sampling_k,num_epochs,anomaly_detector,accuracy,f1,recall,precision,losses
3,2,128,256,,0.006282076166815306,removal,0,0.12654007340073745,654,mean,GCNConv,1024,10,400,nearest_neighbors,50,50,nearest_neighbors,0.9320709347760745,0.8340675477239354,0.8102710413694721,0.859304084720121,"[4.650255441665649, 4.37236750125885, 4.5518715381622314, 4.3959678411483765, 4.116434454917908, 4.134779334068298, 4.128045916557312, 3.8639078736305237, 3.955762565135956, 3.7970786094665527, 3.767639636993408, 3.704972743988037, 3.687502920627594, 3.550879120826721, 3.484642803668976, 3.494389832019806, 3.347915470600128, 3.4549912214279175, 3.2208311557769775, 3.250927150249481, 3.195568025112152, 3.0946640968322754, 3.0557901263237, 3.0049095153808594, 2.9378578066825867, 2.9122012853622437, 2.7921730875968933, 2.775861382484436, 2.783733367919922, 2.7422701716423035, 2.6492379903793335, 2.578212797641754, 2.545715034008026, 2.5240739583969116, 2.4704886078834534, 2.467000424861908, 2.3961487412452698, 2.3122509717941284, 2.321178615093231, 2.291743218898773, 2.2102054953575134, 2.1727282404899597, 2.1226291954517365, 2.096789538860321, 2.141014039516449, 2.0139684975147247, 2.043570816516876, 2.009157121181488, 1.9791371524333954, 1.9235411584377289]"
