alpha,K,layers,hidden_channels,out_channels,norm,dropout,margin,lpl_weight,ratio,seed,aggregation,pos_weight,accuracy,f1,recall,precision
0.5,21,1,256,256,,0,0.5,0.9740611839739222,0.22866972681556041,1,mean,1,0.9290652239254583,0.8379120879120879,0.8701854493580599,0.8079470198675497
0.5,21,1,256,256,,0,0.5,0.9740611839739222,0.22866972681556041,2,mean,1,0.931770363691013,0.840253342716397,0.8516405135520685,0.8291666666666667
0.5,21,1,256,256,,0,0.5,0.9740611839739222,0.22866972681556041,3,mean,1,0.9236549443943493,0.8198581560283688,0.8245363766048502,0.8152327221438646
0.5,21,1,256,256,,0,0.5,0.9740611839739222,0.22866972681556041,4,mean,1,0.9218515178839796,0.8161244695898161,0.8231098430813124,0.8092566619915849
0.5,21,1,256,256,,0,0.5,0.9740611839739222,0.22866972681556041,5,mean,1,0.9272617974150886,0.8314763231197771,0.8516405135520685,0.8122448979591836
