alpha,K,layers,hidden_channels,out_channels,norm,dropout,margin,lpl_weight,ratio,seed,aggregation,pos_weight,accuracy,f1,recall,precision
0.5,16,2,128,256,,0.40524752145969967,0.5,0.12077243505172225,0.21162230963376,1,sum,1,0.911331529906823,0.7926914968376669,0.8045649072753209,0.7811634349030471
0.5,16,2,128,256,,0.40524752145969967,0.5,0.12077243505172225,0.21162230963376,2,sum,1,0.9110309588217613,0.7888730385164051,0.7888730385164051,0.7888730385164051
0.5,16,2,128,256,,0.40524752145969967,0.5,0.12077243505172225,0.21162230963376,3,sum,1,0.9182446648632402,0.8070921985815603,0.81169757489301,0.8025387870239774
0.5,16,2,128,256,,0.40524752145969967,0.5,0.12077243505172225,0.21162230963376,4,sum,1,0.9017132551848512,0.7708479327259986,0.7845934379457917,0.7575757575757576
0.5,16,2,128,256,,0.40524752145969967,0.5,0.12077243505172225,0.21162230963376,5,sum,1,0.9020138262699129,0.7634252539912917,0.7503566333808844,0.7769571639586411
