alpha,K,layers,hidden_channels,out_channels,norm,dropout,margin,lpl_weight,ratio,seed,aggregation,pos_weight,accuracy,f1,recall,precision
0.5,25,2,256,128,,0.3113610651720869,0.5,0.21982659139300859,0.24354783945831643,1,sum,1,0.9188458070333634,0.8085106382978723,0.8131241084165478,0.8039492242595204
0.5,25,2,256,128,,0.3113610651720869,0.5,0.21982659139300859,0.24354783945831643,2,sum,1,0.9233543733092876,0.8208011243851019,0.833095577746077,0.8088642659279779
0.5,25,2,256,128,,0.3113610651720869,0.5,0.21982659139300859,0.24354783945831643,3,sum,1,0.9215509467989179,0.815024805102764,0.8202567760342369,0.8098591549295775
0.5,25,2,256,128,,0.3113610651720869,0.5,0.21982659139300859,0.24354783945831643,4,sum,1,0.916741809437932,0.8047921071176886,0.8145506419400856,0.7952646239554317
0.5,25,2,256,128,,0.3113610651720869,0.5,0.21982659139300859,0.24354783945831643,5,sum,1,0.9269612263300271,0.8248017303532804,0.8159771754636234,0.8338192419825073
