alpha,K,layers,hidden_channels,out_channels,norm,dropout,margin,lpl_weight,ratio,seed,aggregation,pos_weight,accuracy,f1,recall,precision
0.5,24,1,256,256,,0.17601122274098585,0.5,0.9081891798191986,0.1664570566294811,1,sum,1,0.9290652239254583,0.829232995658466,0.8174037089871612,0.8414096916299559
0.5,24,1,256,256,,0.17601122274098585,0.5,0.9081891798191986,0.1664570566294811,2,sum,1,0.9245566576495341,0.8139362490733877,0.7831669044222539,0.8472222222222222
0.5,24,1,256,256,,0.17601122274098585,0.5,0.9081891798191986,0.1664570566294811,3,sum,1,0.9296663660955816,0.827178729689808,0.7988587731811697,0.8575803981623277
0.5,24,1,256,256,,0.17601122274098585,0.5,0.9081891798191986,0.1664570566294811,4,sum,1,0.9281635106702735,0.8246515040352165,0.8017118402282454,0.8489425981873112
0.5,24,1,256,256,,0.17601122274098585,0.5,0.9081891798191986,0.1664570566294811,5,sum,1,0.9302675082657048,0.8309037900874635,0.8131241084165478,0.849478390461997
