K,layers,hidden_channels,out_channels,norm,lr,treatment,dropout,ratio,seed,aggregation,model_type,batch_size,rate_pairs,clusters,sampling,num_epochs,anomaly_detector,accuracy,f1,recall,precision,losses
5,1,256,128,,0.007585973480034442,removal,0,0.13723977407996327,654,mean,GCNConv,20,12,50,cluster,100,nearest_neighbors,0.933273219116321,0.8416547788873039,0.8416547788873039,0.8416547788873039,"[2.7396746277809143, 2.410317063331604, 2.3330756425857544, 2.4047836661338806, 2.3330036401748657, 2.358270764350891, 2.2590877413749695, 2.3955878019332886, 2.4269731044769287, 2.3116983771324158, 2.168770670890808, 2.302512526512146, 2.2059014439582825, 2.324722170829773, 2.209954619407654, 2.1215174198150635, 2.116510570049286, 2.1848868131637573, 2.0657578110694885, 2.14095139503479, 2.0125908851623535, 2.0811327695846558, 2.14980548620224, 1.99172043800354, 1.978948175907135, 1.8872965574264526, 1.9078195691108704, 1.905565619468689, 1.9308088421821594, 1.9942350387573242, 1.817911684513092, 1.7415754795074463, 1.7800927758216858, 1.752157986164093, 1.7820478677749634, 1.7336605191230774, 1.6765793561935425, 1.6534578502178192, 1.695681393146515, 1.6157169938087463, 1.5971899032592773, 1.660541146993637, 1.5731097757816315, 1.5244905352592468, 1.531864196062088, 1.503108412027359, 1.4694179892539978, 1.478942632675171, 1.4396157264709473, 1.378060758113861, 1.3816596865653992, 1.3760338723659515, 1.3428808450698853, 1.394634187221527, 1.3104374706745148, 1.2999030947685242, 1.2504477202892303, 1.2444411218166351, 1.213495284318924, 1.2564717829227448, 1.1704192161560059, 1.1868199408054352, 1.1456856429576874, 1.1294576227664948, 1.1352128088474274, 1.0612763464450836, 1.0923329591751099, 1.0386189818382263, 1.0370573997497559, 1.0244275629520416, 1.0064896047115326, 1.0087986588478088, 0.9671443998813629, 0.9983106851577759, 0.9524072408676147, 0.9946534931659698, 0.9858038127422333, 0.8990392982959747, 0.8938897252082825, 0.8605165779590607, 0.8448299467563629, 0.8419110774993896, 0.8773999214172363, 0.8577748239040375, 0.8486472368240356, 0.7970258146524429, 0.778461754322052, 0.7609704434871674, 0.7528328895568848, 0.7469809502363205, 0.7554355710744858, 0.7237987220287323, 0.7018380910158157, 0.6949562132358551, 0.6895374059677124, 0.7142270058393478, 0.6849789917469025, 0.6586497724056244, 0.6593202203512192, 0.644266277551651]"
