alpha,K,layers,hidden_channels,out_channels,norm,dropout,margin,lpl_weight,ratio,seed,aggregation,pos_weight,accuracy,f1,recall,precision
0.5,22,1,256,128,,0.0461742222279756,0.5,0.7204858162695366,0.218397691180944,1,sum,1,0.9170423805229937,0.8,0.7874465049928673,0.812960235640648
0.5,22,1,256,128,,0.0461742222279756,0.5,0.7204858162695366,0.218397691180944,2,sum,1,0.9254583709047189,0.8218390804597702,0.8159771754636234,0.8277858176555717
0.5,22,1,256,128,,0.0461742222279756,0.5,0.7204858162695366,0.218397691180944,3,sum,1,0.9194469492034866,0.8069164265129684,0.7988587731811697,0.8151382823871907
0.5,22,1,256,128,,0.0461742222279756,0.5,0.7204858162695366,0.218397691180944,4,sum,1,0.9254583709047189,0.8226037195994278,0.8202567760342369,0.8249641319942611
0.5,22,1,256,128,,0.0461742222279756,0.5,0.7204858162695366,0.218397691180944,5,sum,1,0.9287646528403968,0.8303507516105941,0.8273894436519258,0.8333333333333334
