alpha,K,layers,hidden_channels,out_channels,norm,dropout,margin,lpl_weight,ratio,seed,aggregation,pos_weight,accuracy,f1,recall,precision
0.5,22,1,128,256,,0,0.5,0.9899261214142089,0.19442743081710878,1,sum,1,0.9242560865644724,0.8197424892703863,0.8174037089871612,0.8220946915351507
0.5,22,1,128,256,,0,0.5,0.9899261214142089,0.19442743081710878,2,sum,1,0.9137360985873159,0.7980295566502463,0.8088445078459344,0.7875
0.5,22,1,128,256,,0,0.5,0.9899261214142089,0.19442743081710878,3,sum,1,0.9227532311391644,0.817859673990078,0.8231098430813124,0.8126760563380282
0.5,22,1,128,256,,0,0.5,0.9899261214142089,0.19442743081710878,4,sum,1,0.9158400961827472,0.8014184397163121,0.8059914407988588,0.7968970380818053
0.5,22,1,128,256,,0,0.5,0.9899261214142089,0.19442743081710878,5,sum,1,0.9197475202885482,0.8096935138987883,0.8102710413694721,0.8091168091168092
