alpha,K,layers,hidden_channels,out_channels,norm,dropout,margin,lpl_weight,ratio,seed,aggregation,pos_weight,accuracy,f1,recall,precision
0.10960262606727297,22,2,128,128,,0.17805937652001128,0.25757195347733575,0.1930494266010275,0.24785836079053508,1,sum,1,0.9185452359483017,0.8165199729180772,0.8601997146932953,0.7770618556701031
0.10960262606727297,22,2,128,128,,0.17805937652001128,0.25757195347733575,0.1930494266010275,0.24785836079053508,2,sum,1,0.919146378118425,0.8112280701754386,0.8245363766048502,0.7983425414364641
0.10960262606727297,22,2,128,128,,0.17805937652001128,0.25757195347733575,0.1930494266010275,0.24785836079053508,3,sum,1,0.9227532311391644,0.8209059233449477,0.8402282453637661,0.8024523160762943
0.10960262606727297,22,2,128,128,,0.17805937652001128,0.25757195347733575,0.1930494266010275,0.24785836079053508,4,sum,1,0.9239555154794109,0.8224561403508772,0.8359486447931527,0.8093922651933702
0.10960262606727297,22,2,128,128,,0.17805937652001128,0.25757195347733575,0.1930494266010275,0.24785836079053508,5,sum,1,0.9239555154794109,0.8249134948096886,0.8502139800285307,0.8010752688172043
