alpha,K,layers,hidden_channels,out_channels,norm,dropout,margin,lpl_weight,ratio,seed,aggregation,pos_weight,accuracy,f1,recall,precision
0.5,15,1,256,256,,0.08515787660267503,0.5,0.5681358002161863,0.21509226935774842,1,sum,1,0.9194469492034866,0.8069164265129684,0.7988587731811697,0.8151382823871907
0.5,15,1,256,256,,0.08515787660267503,0.5,0.5681358002161863,0.21509226935774842,2,sum,1,0.9311692215208897,0.840195394277739,0.8587731811697575,0.8224043715846995
0.5,15,1,256,256,,0.08515787660267503,0.5,0.5681358002161863,0.21509226935774842,3,sum,1,0.9281635106702735,0.832280701754386,0.8459343794579173,0.819060773480663
0.5,15,1,256,256,,0.08515787660267503,0.5,0.5681358002161863,0.21509226935774842,4,sum,1,0.9230538022242261,0.8214783821478382,0.8402282453637661,0.8035470668485676
0.5,15,1,256,256,,0.08515787660267503,0.5,0.5681358002161863,0.21509226935774842,5,sum,1,0.9284640817553351,0.8328651685393258,0.8459343794579173,0.8201936376210235
