alpha,K,layers,hidden_channels,out_channels,norm,dropout,margin,lpl_weight,ratio,seed,aggregation,pos_weight,accuracy,f1,recall,precision
0.9206890521348466,18,1,128,256,graphnorm,0.10530480480672419,0.4969854548325412,0.3073033907777835,0.10293719181903205,1,sum,1,0.9227532311391644,0.798114689709348,0.724679029957204,0.8881118881118881
0.9206890521348466,18,1,128,256,graphnorm,0.10530480480672419,0.4969854548325412,0.3073033907777835,0.10293719181903205,2,sum,1,0.9272617974150886,0.809748427672956,0.7346647646219686,0.9019264448336253
0.9206890521348466,18,1,128,256,graphnorm,0.10530480480672419,0.4969854548325412,0.3073033907777835,0.10293719181903205,3,sum,1,0.9299669371806433,0.8161010260457774,0.7375178316690443,0.9134275618374559
0.9206890521348466,18,1,128,256,graphnorm,0.10530480480672419,0.4969854548325412,0.3073033907777835,0.10293719181903205,4,sum,1,0.9290652239254583,0.8153364632237872,0.7432239657631954,0.902946273830156
0.9206890521348466,18,1,128,256,graphnorm,0.10530480480672419,0.4969854548325412,0.3073033907777835,0.10293719181903205,5,sum,1,0.9254583709047189,0.80625,0.7360912981455064,0.8911917098445595
