alpha,K,layers,hidden_channels,out_channels,norm,dropout,margin,lpl_weight,ratio,seed,aggregation,pos_weight,accuracy,f1,recall,precision
0.5,17,2,256,128,,0.10339280713887355,0.5,0.563666114589805,0.09221965357769032,1,mean,1,0.9086263901412684,0.7441077441077442,0.630527817403709,0.9075975359342916
0.5,17,2,256,128,,0.10339280713887355,0.5,0.563666114589805,0.09221965357769032,2,mean,1,0.9143372407574392,0.7658175842235004,0.6647646219686163,0.9031007751937985
0.5,17,2,256,128,,0.10339280713887355,0.5,0.563666114589805,0.09221965357769032,3,mean,1,0.916741809437932,0.7749796913078798,0.6804564907275321,0.9
0.5,17,2,256,128,,0.10339280713887355,0.5,0.563666114589805,0.09221965357769032,4,mean,1,0.9026149684400361,0.7244897959183674,0.6077032810271041,0.8968421052631579
0.5,17,2,256,128,,0.10339280713887355,0.5,0.563666114589805,0.09221965357769032,5,mean,1,0.9158400961827472,0.7701149425287356,0.6690442225392297,0.90715667311412
