K,layers,hidden_channels,out_channels,norm,lr,treatment,dropout,ratio,seed,aggregation,model_type,batch_size,rate_pairs,reliable_mini_batch,clusters,accuracy,f1,recall,precision,losses
5,1,128,64,,0.0023516533471276617,removal,0,0.12626891347973132,654,sum,GATConv,10,2,True,100,0.9368800721370604,0.8432835820895522,0.8059914407988588,0.8841940532081377,"[9.019247949123383, 8.481492459774017, 8.37949389219284, 8.317508578300476, 8.288748949766159, 8.177484810352325, 7.879216223955154, 7.822157084941864, 8.04880666732788, 7.735618531703949, 8.141836047172546, 7.841626286506653, 7.579642593860626, 7.597028195858002, 7.479617476463318, 7.436867773532867, 7.317258179187775, 7.20651388168335, 7.327781617641449, 7.060992926359177, 7.0021854639053345, 7.095290124416351, 7.053864240646362, 7.046252906322479, 6.705182790756226, 6.9649830758571625, 6.725992798805237, 6.582271695137024, 6.6222124099731445, 6.5695518255233765, 6.434874624013901, 6.187583684921265, 6.16679972410202, 6.236268579959869, 6.208645015954971, 5.975029468536377, 5.865178793668747, 5.977047175168991, 5.718256622552872, 5.6526250541210175, 5.641641288995743, 5.580197304487228, 5.558564901351929, 5.290309518575668, 5.366440445184708, 5.199624866247177, 5.158403605222702, 5.008450627326965, 4.816014587879181, 4.823056161403656]"
5,1,128,64,,0.0023516533471276617,removal,0,0.12626891347973132,114,sum,GATConv,10,2,True,100,0.9326720769461978,0.8310708898944194,0.7860199714693296,0.8816,"[8.72092980146408, 8.091891825199127, 7.940693616867065, 7.9832287430763245, 8.181756436824799, 7.92965430021286, 7.604931503534317, 7.636291861534119, 7.665859937667847, 7.483406364917755, 7.873540461063385, 7.704764306545258, 7.350997984409332, 7.367803305387497, 7.1389912366867065, 7.295836865901947, 7.167095482349396, 6.969285249710083, 7.078346848487854, 6.928927481174469, 6.903187692165375, 6.878822863101959, 6.744024038314819, 6.727950096130371, 6.450145840644836, 6.631303131580353, 6.639774352312088, 6.439202785491943, 6.334636151790619, 6.331992566585541, 6.104219317436218, 6.009629458189011, 6.021798133850098, 5.975493133068085, 5.801263183355331, 5.629466235637665, 5.685367405414581, 5.6843986213207245, 5.42891737818718, 5.404430091381073, 5.507042735815048, 5.284967929124832, 5.40400892496109, 5.136228263378143, 5.009184628725052, 5.0042509734630585, 5.039124250411987, 4.789577156305313, 4.6554379761219025, 4.6072432696819305]"
