alpha,K,layers,hidden_channels,out_channels,norm,dropout,margin,lpl_weight,ratio,seed,aggregation,pos_weight,accuracy,f1,recall,precision
0.9330571434947511,18,1,128,256,graphnorm,0.20488178327439832,0.7075453492295414,0.14130440454308196,0.1772986112338643,1,sum,1,0.9194469492034866,0.8104667609618105,0.8174037089871612,0.8036465638148668
0.9330571434947511,18,1,128,256,graphnorm,0.20488178327439832,0.7075453492295414,0.14130440454308196,0.1772986112338643,2,sum,1,0.9179440937781785,0.8059701492537313,0.8088445078459344,0.8031161473087819
0.9330571434947511,18,1,128,256,graphnorm,0.20488178327439832,0.7075453492295414,0.14130440454308196,0.1772986112338643,3,sum,1,0.9209498046287947,0.8133427963094393,0.8174037089871612,0.809322033898305
0.9330571434947511,18,1,128,256,graphnorm,0.20488178327439832,0.7075453492295414,0.14130440454308196,0.1772986112338643,4,sum,1,0.9245566576495341,0.8228652081863091,0.8316690442225392,0.8142458100558659
0.9330571434947511,18,1,128,256,graphnorm,0.20488178327439832,0.7075453492295414,0.14130440454308196,0.1772986112338643,5,sum,1,0.9149383829275624,0.798576512455516,0.8002853067047075,0.796875
