alpha,K,layers,hidden_channels,out_channels,norm,dropout,margin,lpl_weight,ratio,seed,aggregation,pos_weight,accuracy,f1,recall,precision
0.5,16,1,256,256,,0.06241178260575271,0.5,0.7302482713168736,0.19080318137080432,1,sum,1,0.9251577998196574,0.8183807439824945,0.8002853067047075,0.8373134328358209
0.5,16,1,256,256,,0.06241178260575271,0.5,0.7302482713168736,0.19080318137080432,2,sum,1,0.933273219116321,0.8412017167381974,0.8388017118402282,0.8436154949784792
0.5,16,1,256,256,,0.06241178260575271,0.5,0.7302482713168736,0.19080318137080432,3,sum,1,0.9290652239254583,0.8302158273381295,0.8231098430813124,0.8374455732946299
0.5,16,1,256,256,,0.06241178260575271,0.5,0.7302482713168736,0.19080318137080432,4,sum,1,0.9287646528403968,0.8320340184266478,0.8373751783166904,0.8267605633802817
0.5,16,1,256,256,,0.06241178260575271,0.5,0.7302482713168736,0.19080318137080432,5,sum,1,0.9257589419897806,0.8187820983125459,0.7960057061340942,0.8429003021148036
