K,layers,hidden_channels,out_channels,norm,lr,treatment,dropout,ratio,seed,aggregation,model_type,batch_size,rate_pairs,reliable_mini_batch,clusters,accuracy,f1,recall,precision,losses
2,1,256,128,,0.00411166404069638,relabeling,0,0.15999197744588287,654,sum,SAGEConv,10,6,True,100,0.886985272016832,0.7539267015706806,0.8216833095577746,0.6964933494558646,"[4.615847572684288, 3.9113530218601227, 3.6901583671569824, 3.772559732198715, 3.5746910125017166, 3.40894378721714, 3.2484467923641205, 3.2671291828155518, 3.1675689965486526, 3.1168350726366043, 2.9580933153629303, 2.875083342194557, 2.9501466006040573, 2.9286204129457474, 2.711900845170021, 2.571370556950569, 2.577095329761505, 2.498366266489029, 2.4310796707868576, 2.358991712331772, 2.4660654067993164, 2.2801035195589066, 2.195103347301483, 2.120161294937134, 2.1002371311187744, 2.0078676640987396, 1.9514818042516708, 1.9687447026371956, 1.8500993996858597, 1.7857377752661705, 1.7395064234733582, 1.6527466922998428, 1.6605365425348282, 1.6159124746918678, 1.7091362699866295, 1.5099258050322533, 1.4823846966028214, 1.4358207061886787, 1.430905506014824, 1.354424811899662, 1.380089409649372, 1.3146648108959198, 1.2898266166448593, 1.2566483691334724, 1.2576431781053543, 1.238397240638733, 1.2045046463608742, 1.1683501452207565, 1.1454084664583206, 1.1569597646594048]"
