alpha,K,layers,hidden_channels,out_channels,norm,dropout,margin,lpl_weight,ratio,seed,aggregation,pos_weight,accuracy,f1,recall,precision
0.7373392971288555,20,1,256,256,,0.15167801877895917,0.569380018655964,0.23415554343197423,0.06401396026585776,1,sum,1,0.9320709347760745,0.8165584415584416,0.717546362339515,0.9472693032015066
0.7373392971288555,20,1,256,256,,0.15167801877895917,0.569380018655964,0.23415554343197423,0.06401396026585776,2,sum,1,0.9266606552449654,0.800978792822186,0.7004279600570613,0.9352380952380952
0.7373392971288555,20,1,256,256,,0.15167801877895917,0.569380018655964,0.23415554343197423,0.06401396026585776,3,sum,1,0.9311692215208897,0.8136696501220505,0.7132667617689016,0.946969696969697
0.7373392971288555,20,1,256,256,,0.15167801877895917,0.569380018655964,0.23415554343197423,0.06401396026585776,4,sum,1,0.9296663660955816,0.8075657894736842,0.7004279600570613,0.9533980582524272
0.7373392971288555,20,1,256,256,,0.15167801877895917,0.569380018655964,0.23415554343197423,0.06401396026585776,5,sum,1,0.9281635106702735,0.8061638280616383,0.7089871611982882,0.9342105263157895
