K,layers,hidden_channels,out_channels,norm,lr,treatment,dropout,ratio,seed,aggregation,model_type,batch_size,rate_pairs,clusters,sampling,num_epochs,anomaly_detector,accuracy,f1,recall,precision,losses,test_accuracy,test_f1,test_recall,test_precision
3,2,128,256,,0.005,removal,0,0.19528164208036153,654,mean,GCNConv,2048,10,50,sage,100,nearest_neighbors,nan,0.0,0.0,0.0,"[1.6184388399124146, 1.2955145239830017, 1.2904254794120789, 1.3180062174797058, 1.3003605008125305, 1.2713874578475952, 1.29679673910141, 1.2546611428260803, 1.256602704524994, 1.2659209370613098, 1.2553864121437073, 1.257993459701538, 1.2544543743133545, 1.2482333779335022, 1.2209290266036987, 1.2056219577789307, 1.2281699180603027, 1.2250999212265015, 1.2152897119522095, 1.2295269966125488, 1.217415452003479, 1.2116501331329346, 1.2001778483390808, 1.1936018466949463, 1.1783816814422607, 1.1714537739753723, 1.1525343656539917, 1.1496647000312805, 1.1572418808937073, 1.1517242193222046, 1.142928123474121, 1.1218992471694946, 1.1084717512130737, 1.1245433688163757, 1.116974949836731, 1.1083515286445618, 1.110551357269287, 1.097335934638977, 1.0897812843322754, 1.0580092072486877, 1.0728721618652344, 1.0477855205535889, 1.059215784072876, 1.071500539779663, 1.0470844507217407, 1.0431270003318787, 1.052355408668518, 1.0456714630126953, 1.0324838757514954, 1.0282360911369324, 1.0085285902023315, 1.0001673102378845, 0.9911963641643524, 0.9772951304912567, 0.9843383729457855, 0.980160653591156, 0.9699416160583496, 0.9638971090316772, 0.9819279909133911, 0.9855750799179077, 0.9455299377441406, 0.9595485925674438, 0.925675094127655, 0.9395371079444885, 0.9190571308135986, 0.9153801202774048, 0.918678879737854, 0.8868799209594727, 0.8902485966682434, 0.908868134021759, 0.88578861951828, 0.8718783855438232, 0.8846126794815063, 0.8855292499065399, 0.8638779520988464, 0.8681559264659882, 0.8658061623573303, 0.8713958561420441, 0.8386939167976379, 0.8304367065429688, 0.8212912380695343, 0.819701611995697, 0.8181771636009216, 0.8040109574794769, 0.8008005619049072, 0.7864614725112915, 0.7912555932998657, 0.8073918521404266, 0.7865760326385498, 0.7723295986652374, 0.7784871160984039, 0.7780551016330719, 0.7604887187480927, 0.7558183372020721, 0.7533981204032898, 0.7485674917697906, 0.7431406080722809, 0.7453466057777405, 0.7488556206226349, 0.7224625945091248]",0.92072556264696,0.6066666666666667,0.5185185185185185,0.7309236947791165
