K,layers,hidden_channels,out_channels,norm,lr,treatment,dropout,ratio,seed,aggregation,model_type,batch_size,rate_pairs,clusters,sampling,num_epochs,anomaly_detector,accuracy,f1,recall,precision,losses
4,1,128,128,,0.003670661465783564,removal,0,0.15465967625838498,654,mean,GCNConv,20,5,100,cluster,100,nearest_neighbors,0.9338743612864443,0.8424068767908309,0.8388017118402282,0.8460431654676259,"[4.041213691234589, 3.7643749117851257, 3.7581284046173096, 3.726974308490753, 3.6899219155311584, 3.607253670692444, 3.603622794151306, 3.5958818197250366, 3.5332878828048706, 3.519210159778595, 3.563707947731018, 3.507805585861206, 3.4506919384002686, 3.504127860069275, 3.3971871733665466, 3.408941864967346, 3.320314347743988, 3.291678786277771, 3.3035577535629272, 3.2270824909210205, 3.216856002807617, 3.211389124393463, 3.210683226585388, 3.154167979955673, 3.077138900756836, 3.075358808040619, 3.043942093849182, 2.964086174964905, 2.973835289478302, 3.0139089822769165, 2.966366231441498, 2.865466594696045, 2.87731796503067, 2.8344578742980957, 2.8508417308330536, 2.785872608423233, 2.749518930912018, 2.7971947491168976, 2.702321410179138, 2.7246264219284058, 2.6839391887187958, 2.6125980019569397, 2.6210505664348602, 2.5425459146499634, 2.5322644114494324, 2.489709734916687, 2.4949766397476196, 2.392973482608795, 2.4257726669311523, 2.3658235371112823, 2.32594496011734, 2.3265315294265747, 2.2871026396751404, 2.243381291627884, 2.269686996936798, 2.199164241552353, 2.1864659190177917, 2.196805238723755, 2.184212327003479, 2.1082664132118225, 2.101831704378128, 2.0406768023967743, 2.026126801967621, 1.9834012389183044, 1.993971347808838, 1.9520540535449982, 1.9314644038677216, 1.9002793431282043, 1.8864477574825287, 1.9043700993061066, 1.8172833621501923, 1.7780415713787079, 1.7861019968986511, 1.749669373035431, 1.7416674196720123, 1.7191446423530579, 1.7210033535957336, 1.6822627484798431, 1.6457213908433914, 1.6392396092414856, 1.5893347561359406, 1.6402876377105713, 1.5569172501564026, 1.5554735362529755, 1.5266363024711609, 1.5207253694534302, 1.5383150577545166, 1.487857311964035, 1.4862115979194641, 1.4220164716243744, 1.4109711647033691, 1.4128809571266174, 1.3738524615764618, 1.3829192519187927, 1.3434179723262787, 1.3805247694253922, 1.3251657336950302, 1.2974582314491272, 1.2608664780855179, 1.3022752404212952]"
