alpha,K,layers,hidden_channels,out_channels,norm,dropout,margin,lpl_weight,ratio,seed,aggregation,pos_weight,accuracy,f1,recall,precision
0.8093260214978563,17,1,128,128,layernorm,0.010328873842943004,0.21791619538085982,0.5615482950779818,0.18732746545905724,1,mean,1,0.9230538022242261,0.8009331259720062,0.7346647646219686,0.8803418803418803
0.8093260214978563,17,1,128,128,layernorm,0.010328873842943004,0.21791619538085982,0.5615482950779818,0.18732746545905724,2,mean,1,0.9215509467989179,0.7965705378020265,0.7289586305278174,0.8780068728522337
0.8093260214978563,17,1,128,128,layernorm,0.010328873842943004,0.21791619538085982,0.5615482950779818,0.18732746545905724,3,mean,1,0.9308686504358281,0.8246951219512195,0.7717546362339515,0.8854337152209493
0.8093260214978563,17,1,128,128,layernorm,0.010328873842943004,0.21791619538085982,0.5615482950779818,0.18732746545905724,4,mean,1,0.9176435226931169,0.7875968992248062,0.724679029957204,0.8624787775891342
0.8093260214978563,17,1,128,128,layernorm,0.010328873842943004,0.21791619538085982,0.5615482950779818,0.18732746545905724,5,mean,1,0.9158400961827472,0.780564263322884,0.7104136947218259,0.8660869565217392
