alpha,K,layers,hidden_channels,out_channels,norm,dropout,margin,lpl_weight,ratio,seed,aggregation,pos_weight,accuracy,f1,recall,precision
0.5,20,1,256,256,,0.1671283222972871,0.5,0.7964463739196673,0.18229007226535315,1,sum,1,0.9281635106702735,0.8236162361623616,0.7960057061340942,0.8532110091743119
0.5,20,1,256,256,,0.1671283222972871,0.5,0.7964463739196673,0.18229007226535315,2,sum,1,0.9287646528403968,0.8258633357825128,0.8017118402282454,0.8515151515151516
0.5,20,1,256,256,,0.1671283222972871,0.5,0.7964463739196673,0.18229007226535315,3,sum,1,0.9299669371806433,0.8295537673738113,0.8088445078459344,0.8513513513513513
0.5,20,1,256,256,,0.1671283222972871,0.5,0.7964463739196673,0.18229007226535315,4,sum,1,0.9320709347760745,0.8357558139534884,0.8202567760342369,0.8518518518518519
0.5,20,1,256,256,,0.1671283222972871,0.5,0.7964463739196673,0.18229007226535315,5,sum,1,0.9329726480312593,0.8356669123065585,0.8088445078459344,0.864329268292683
