K,layers,hidden_channels,out_channels,norm,lr,treatment,dropout,ratio,seed,aggregation,model_type,batch_size,rate_pairs,clusters,sampling,num_epochs,anomaly_detector,accuracy,f1,recall,precision,losses,test_accuracy,test_f1,test_recall,test_precision
7,3,256,128,,0.005,removal,0,0.18589295845207637,654,mean,GATConv,2048,10,50,sage,100,nearest_neighbors,nan,0.0,0.0,0.0,"[2.0817896127700806, 1.8909406065940857, 1.9311867356300354, 1.9101268649101257, 1.9216842651367188, 1.9129509925842285, 1.8546434044837952, 1.8460290431976318, 1.8428500294685364, 1.8407767415046692, 1.8710780143737793, 1.905613362789154, 1.8605464100837708, 1.8457761406898499, 1.8467063903808594, 1.8047938346862793, 1.821670413017273, 1.7771375179290771, 1.8284339904785156, 1.8129989504814148, 1.8100721836090088, 1.7420750856399536, 1.84231698513031, 1.8110789060592651, 1.7965389490127563, 1.7817070484161377, 1.7640159130096436, 1.7761508226394653, 1.7423102855682373, 1.7254814505577087, 1.7554258704185486, 1.7584916353225708, 1.73808354139328, 1.7379055619239807, 1.7072147130966187, 1.7302163243293762, 1.7973238229751587, 1.7084158062934875, 1.7101701498031616, 1.738241970539093, 1.6987043023109436, 1.6938468217849731, 1.6396803855895996, 1.671519160270691, 1.6506934762001038, 1.657954454421997, 1.6552024483680725, 1.6401315927505493, 1.6074780821800232, 1.6212129592895508, 1.6018025279045105, 1.595693588256836, 1.6087237000465393, 1.6071082949638367, 1.557732343673706, 1.602007806301117, 1.5784975290298462, 1.5800496339797974, 1.5531371235847473, 1.5552435517311096, 1.5444889068603516, 1.5624676942825317, 1.5661880373954773, 1.4964320659637451, 1.5223320722579956, 1.533508062362671, 1.5138832330703735, 1.5294427871704102, 1.5233335494995117, 1.50002521276474, 1.4585257172584534, 1.5039918422698975, 1.4861221313476562, 1.4456576108932495, 1.4826068878173828, 1.426379919052124, 1.4558680653572083, 1.4350746273994446, 1.4275664687156677, 1.4174861907958984, 1.4464882612228394, 1.4154831171035767, 1.3733670115470886, 1.3950603008270264, 1.4054150581359863, 1.38374525308609, 1.3504562377929688, 1.3760780096054077, 1.3365870714187622, 1.3647353649139404, 1.344661295413971, 1.336612045764923, 1.347671091556549, 1.314136266708374, 1.3027693033218384, 1.329521119594574, 1.2821786999702454, 1.3057218194007874, 1.2741344571113586, 1.2956793904304504]",0.923412831709775,0.6586826347305389,0.6267806267806267,0.694006309148265
