alpha,K,layers,hidden_channels,out_channels,norm,dropout,margin,lpl_weight,ratio,seed,aggregation,pos_weight,accuracy,f1,recall,precision
0.8351734073679122,25,1,64,64,,0.1219219300474225,0.36679210238239424,0.8783107016586729,0.16921280806948877,1,sum,1,0.9209498046287947,0.8103821196827685,0.8017118402282454,0.8192419825072886
0.8351734073679122,25,1,64,64,,0.1219219300474225,0.36679210238239424,0.8783107016586729,0.16921280806948877,2,sum,1,0.9236549443943493,0.8185714285714286,0.8174037089871612,0.8197424892703863
0.8351734073679122,25,1,64,64,,0.1219219300474225,0.36679210238239424,0.8783107016586729,0.16921280806948877,3,sum,1,0.92936579501052,0.8298334540188269,0.8174037089871612,0.8426470588235294
0.8351734073679122,25,1,64,64,,0.1219219300474225,0.36679210238239424,0.8783107016586729,0.16921280806948877,4,sum,1,0.9230538022242261,0.8155619596541787,0.8074179743223966,0.8238719068413392
0.8351734073679122,25,1,64,64,,0.1219219300474225,0.36679210238239424,0.8783107016586729,0.16921280806948877,5,sum,1,0.9194469492034866,0.8057971014492754,0.7931526390870185,0.8188512518409425
