alpha,K,layers,hidden_channels,out_channels,norm,dropout,margin,lpl_weight,ratio,seed,aggregation,pos_weight,accuracy,f1,recall,precision
0.625476735215391,18,2,128,64,graphnorm,0.3007602313527743,0.5783259306873706,0.6721926625539282,0.25913165980014496,1,sum,1,0.9101292455665765,0.8072211476466795,0.8930099857346647,0.7364705882352941
0.625476735215391,18,2,128,64,graphnorm,0.3007602313527743,0.5783259306873706,0.6721926625539282,0.25913165980014496,2,sum,1,0.9071235347159603,0.8038095238095239,0.9029957203994294,0.7242562929061785
0.625476735215391,18,2,128,64,graphnorm,0.3007602313527743,0.5783259306873706,0.6721926625539282,0.25913165980014496,3,sum,1,0.9254583709047189,0.8357615894039735,0.9001426533523538,0.7799752781211372
0.625476735215391,18,2,128,64,graphnorm,0.3007602313527743,0.5783259306873706,0.6721926625539282,0.25913165980014496,4,sum,1,0.90892696122633,0.8056446440025657,0.8958630527817404,0.7319347319347319
0.625476735215391,18,2,128,64,graphnorm,0.3007602313527743,0.5783259306873706,0.6721926625539282,0.25913165980014496,5,sum,1,0.9176435226931169,0.8192612137203166,0.8858773181169758,0.7619631901840491
