alpha,K,layers,hidden_channels,out_channels,norm,dropout,margin,lpl_weight,ratio,seed,aggregation,pos_weight,accuracy,f1,recall,precision
0.5,25,2,128,128,,0,0.5,0.5,0.1538262397491297,1,sum,1,0.9206492335437331,0.808972503617945,0.797432239657632,0.8208516886930984
0.5,25,2,128,128,,0,0.5,0.5,0.1538262397491297,2,sum,1,0.9260595130748422,0.8227665706051873,0.8145506419400856,0.8311499272197962
0.5,25,2,128,128,,0,0.5,0.5,0.1538262397491297,3,sum,1,0.9209498046287947,0.8032909498878086,0.7660485021398002,0.8443396226415094
0.5,25,2,128,128,,0,0.5,0.5,0.1538262397491297,4,sum,1,0.9161406672678089,0.7950036737692873,0.7717546362339515,0.8196969696969697
0.5,25,2,128,128,,0,0.5,0.5,0.1538262397491297,5,sum,1,0.9299669371806433,0.8288023512123439,0.8045649072753209,0.8545454545454545
