K,layers,hidden_channels,out_channels,norm,lr,treatment,dropout,ratio,seed,aggregation,model_type,batch_size,rate_pairs,reliable_mini_batch,clusters,accuracy,f1,recall,precision,losses
6,1,256,256,,0.008554037661011905,removal,0,0.13900132606065319,654,sum,GINConv,5,10,True,100,0.9284640817553351,0.8215892053973014,0.7817403708987162,0.8657187993680885,"[18.98719948530197, 17.610481321811676, 16.826755583286285, 15.939273297786713, 15.65987116098404, 13.151790387928486, 13.154668092727661, 11.675175696611404, 10.128882199525833, 9.571096986532211, 8.574738204479218, 7.367631331086159, 6.686349228024483, 6.022367045283318, 5.449117362499237, 4.864581897854805, 4.451957136392593, 3.9424434453248978, 3.7531086802482605, 3.5311523899435997, 3.127215038985014, 2.944752372801304, 2.6867524534463882, 2.574568435549736, 2.4388145208358765, 2.169675849378109, 2.0759937912225723, 1.9685959294438362, 1.7374719306826591, 1.7686368077993393, 1.6267671436071396, 1.547666970640421, 1.4084807932376862, 1.3971389345824718, 1.3113211430609226, 1.328306406736374, 1.2174895256757736, 1.1653713658452034, 1.0829201973974705, 1.0365008786320686, 0.9931123740971088, 0.9751609638333321, 0.9514931533485651, 0.8985472302883863, 0.8373801372945309, 0.825600728392601, 0.797837233170867, 0.7960738930851221, 0.7669084575027227, 0.7455706875771284]"
