alpha,K,layers,hidden_channels,out_channels,norm,dropout,margin,lpl_weight,ratio,seed,aggregation,pos_weight,accuracy,f1,recall,precision
0.5,16,2,256,128,,0.2908499187664013,0.5,0.8395436964623704,0.07287896468503481,1,sum,1,0.9377817853922452,0.835583796664019,0.7503566333808844,0.942652329749104
0.5,16,2,256,128,,0.2908499187664013,0.5,0.8395436964623704,0.07287896468503481,2,sum,1,0.9389840697324917,0.8387609213661636,0.7532097004279601,0.946236559139785
0.5,16,2,256,128,,0.2908499187664013,0.5,0.8395436964623704,0.07287896468503481,3,sum,1,0.9362789299669372,0.8312101910828026,0.7446504992867332,0.9405405405405406
0.5,16,2,256,128,,0.2908499187664013,0.5,0.8395436964623704,0.07287896468503481,4,sum,1,0.9380823564773069,0.835725677830941,0.7475035663338089,0.9475587703435805
0.5,16,2,256,128,,0.2908499187664013,0.5,0.8395436964623704,0.07287896468503481,5,sum,1,0.9392846408175534,0.8396825396825397,0.7546362339514978,0.9463327370304114
