alpha,K,layers,hidden_channels,out_channels,norm,dropout,margin,lpl_weight,ratio,seed,aggregation,pos_weight,accuracy,f1,recall,precision
0.5,15,2,256,128,,0.3168180644371233,0.5,0.929315337885472,0.1537048780119411,1,sum,1,0.9362789299669372,0.849645390070922,0.854493580599144,0.844851904090268
0.5,15,2,256,128,,0.3168180644371233,0.5,0.929315337885472,0.1537048780119411,2,sum,1,0.9392846408175534,0.8569405099150141,0.8630527817403709,0.8509142053445851
0.5,15,2,256,128,,0.3168180644371233,0.5,0.929315337885472,0.1537048780119411,3,sum,1,0.939585211902615,0.858151023288638,0.8673323823109843,0.8491620111731844
0.5,15,2,256,128,,0.3168180644371233,0.5,0.929315337885472,0.1537048780119411,4,sum,1,0.9437932070934776,0.8647866955892987,0.8530670470756063,0.8768328445747801
0.5,15,2,256,128,,0.3168180644371233,0.5,0.929315337885472,0.1537048780119411,5,sum,1,0.9374812143071837,0.8518518518518519,0.8530670470756063,0.8506401137980085
