alpha,K,layers,hidden_channels,out_channels,norm,dropout,margin,lpl_weight,ratio,seed,aggregation,pos_weight,accuracy,f1,recall,precision
0.5,16,1,256,256,,0.09407814718524977,0.5,0.7340121790579767,0.19543403034885795,1,sum,1,0.9224526600541028,0.8151862464183381,0.81169757489301,0.818705035971223
0.5,16,1,256,256,,0.09407814718524977,0.5,0.7340121790579767,0.19543403034885795,2,sum,1,0.9290652239254583,0.8319088319088319,0.833095577746077,0.8307254623044097
0.5,16,1,256,256,,0.09407814718524977,0.5,0.7340121790579767,0.19543403034885795,3,sum,1,0.9236549443943493,0.8151382823871907,0.7988587731811697,0.8320950965824666
0.5,16,1,256,256,,0.09407814718524977,0.5,0.7340121790579767,0.19543403034885795,4,sum,1,0.9224526600541028,0.819327731092437,0.8345221112696148,0.8046767537826685
0.5,16,1,256,256,,0.09407814718524977,0.5,0.7340121790579767,0.19543403034885795,5,sum,1,0.9281635106702735,0.8271872740419378,0.8159771754636234,0.8387096774193549
