K,layers,hidden_channels,out_channels,norm,lr,treatment,dropout,ratio,seed,aggregation,model_type,batch_size,rate_pairs,clusters,sampling,num_epochs,anomaly_detector,accuracy,f1,recall,precision,losses,test_accuracy,test_f1,test_recall,test_precision
11,1,128,256,,0.005,removal,0,0.272954664572835,654,mean,GCNConv,2048,10,50,sage,100,nearest_neighbors,nan,0.0,0.0,0.0,"[2.8381978273391724, 2.220233678817749, 2.1333594918251038, 2.164312243461609, 2.2186501026153564, 2.094179928302765, 2.2100175619125366, 2.121168851852417, 2.1232012510299683, 2.1424195766448975, 2.1282984018325806, 2.165221691131592, 2.026224672794342, 2.1330912113189697, 2.1298385858535767, 2.1120680570602417, 2.076846957206726, 2.0595065355300903, 2.054164409637451, 2.0618852376937866, 2.174008369445801, 2.104599714279175, 2.129622220993042, 1.9936425685882568, 2.0311848521232605, 2.0196961760520935, 1.981616735458374, 2.051305890083313, 2.0620055198669434, 1.955307960510254, 1.9883943796157837, 1.9678279757499695, 1.9782710075378418, 2.040709376335144, 2.029044508934021, 2.040457010269165, 2.02684485912323, 2.044440984725952, 2.015352249145508, 1.942508339881897, 1.9549334049224854, 1.9644816517829895, 1.9723016619682312, 1.9869682788848877, 1.963729441165924, 1.9376983046531677, 1.8957924842834473, 1.9313283562660217, 1.9064545035362244, 1.9388577938079834, 1.8564389944076538, 1.9134634733200073, 1.973999261856079, 1.928364336490631, 1.8497514128684998, 1.8749496340751648, 1.8646502494812012, 1.8555097579956055, 1.8513633012771606, 1.866283118724823, 1.875301480293274, 1.8247276544570923, 1.8423001170158386, 1.8559612035751343, 1.760093092918396, 1.8105076551437378, 1.8244029879570007, 1.804107666015625, 1.8253201842308044, 1.7434301376342773, 1.8312470316886902, 1.8015908002853394, 1.7650244235992432, 1.7895833849906921, 1.7785504460334778, 1.7148051261901855, 1.7199004292488098, 1.7384775280952454, 1.7472506165504456, 1.7242298126220703, 1.7046599984169006, 1.703932285308838, 1.7015752792358398, 1.7120896577835083, 1.688278615474701, 1.686510145664215, 1.679755449295044, 1.663684606552124, 1.6626814603805542, 1.645836591720581, 1.6373845934867859, 1.601508378982544, 1.631701409816742, 1.6373234391212463, 1.6097133159637451, 1.6192396879196167, 1.5944379568099976, 1.5969061255455017, 1.6042828559875488, 1.5922216773033142]",0.9318105475310715,0.6992592592592592,0.6723646723646723,0.7283950617283951
