alpha,K,layers,hidden_channels,out_channels,norm,dropout,margin,lpl_weight,ratio,seed,aggregation,pos_weight,accuracy,f1,recall,precision
0.8526188912139729,23,1,256,64,,0.18718613630425382,0.4974328070480645,0.7457703892065282,0.14366996477997632,1,sum,1,0.9308686504358281,0.8326055312954876,0.8159771754636234,0.849925705794948
0.8526188912139729,23,1,256,64,,0.18718613630425382,0.4974328070480645,0.7457703892065282,0.14366996477997632,2,sum,1,0.9323715058611362,0.8373101952277657,0.8259629101283881,0.8489736070381232
0.8526188912139729,23,1,256,64,,0.18718613630425382,0.4974328070480645,0.7457703892065282,0.14366996477997632,3,sum,1,0.9323715058611362,0.8373101952277657,0.8259629101283881,0.8489736070381232
0.8526188912139729,23,1,256,64,,0.18718613630425382,0.4974328070480645,0.7457703892065282,0.14366996477997632,4,sum,1,0.9347760745416291,0.8407923697725606,0.8174037089871612,0.8655589123867069
0.8526188912139729,23,1,256,64,,0.18718613630425382,0.4974328070480645,0.7457703892065282,0.14366996477997632,5,sum,1,0.9248572287345957,0.8188405797101449,0.8059914407988588,0.8321060382916053
