alpha,K,layers,hidden_channels,out_channels,norm,dropout,margin,lpl_weight,ratio,seed,aggregation,pos_weight,accuracy,f1,recall,precision
0.5,15,2,256,256,,0.33542847518578645,0.5,0.9230244187922835,0.14239794813621648,1,sum,1,0.9314697926059513,0.8376068376068376,0.8388017118402282,0.8364153627311522
0.5,15,2,256,256,,0.33542847518578645,0.5,0.9230244187922835,0.14239794813621648,2,sum,1,0.9374812143071837,0.8535211267605634,0.8644793152639088,0.8428372739916551
0.5,15,2,256,256,,0.33542847518578645,0.5,0.9230244187922835,0.14239794813621648,3,sum,1,0.9374812143071837,0.8505747126436781,0.8445078459343794,0.8567293777134588
0.5,15,2,256,256,,0.33542847518578645,0.5,0.9230244187922835,0.14239794813621648,4,sum,1,0.939585211902615,0.8569395017793594,0.8587731811697575,0.8551136363636364
0.5,15,2,256,256,,0.33542847518578645,0.5,0.9230244187922835,0.14239794813621648,5,sum,1,0.9305680793507665,0.8351177730192719,0.8345221112696148,0.8357142857142857
