alpha,K,layers,hidden_channels,out_channels,norm,dropout,margin,lpl_weight,ratio,seed,aggregation,pos_weight,accuracy,f1,recall,precision
0.31466553959323823,24,1,128,64,,0.37112086777612324,0.3177944906322938,0.2581756284363828,0.3246825692534914,1,sum,1,0.8944995491433724,0.7760051052967454,0.8673323823109843,0.7020785219399538
0.31466553959323823,24,1,128,64,,0.37112086777612324,0.3177944906322938,0.2581756284363828,0.3246825692534914,2,sum,1,0.8972046889089269,0.7813299232736572,0.8716119828815977,0.7079953650057937
0.31466553959323823,24,1,128,64,,0.37112086777612324,0.3177944906322938,0.2581756284363828,0.3246825692534914,3,sum,1,0.8999098286744815,0.7866752081998719,0.8758915834522111,0.713953488372093
0.31466553959323823,24,1,128,64,,0.37112086777612324,0.3177944906322938,0.2581756284363828,0.3246825692534914,4,sum,1,0.8978058310790502,0.7834394904458599,0.8773181169757489,0.7077100115074798
0.31466553959323823,24,1,128,64,,0.37112086777612324,0.3177944906322938,0.2581756284363828,0.3246825692534914,5,sum,1,0.8954012623985572,0.7789072426937739,0.8744650499286734,0.702176403207331
