alpha,K,layers,hidden_channels,out_channels,norm,dropout,margin,lpl_weight,ratio,seed,aggregation,pos_weight,accuracy,f1,recall,precision
0.5,18,1,256,256,,0.15582469200779964,0.5,0.8788685041727063,0.18544449069216867,1,sum,1,0.9323715058611362,0.8382458662832495,0.8316690442225392,0.8449275362318841
0.5,18,1,256,256,,0.15582469200779964,0.5,0.8788685041727063,0.18544449069216867,2,sum,1,0.9275623685001503,0.8194756554307117,0.7803138373751783,0.862776025236593
0.5,18,1,256,256,,0.15582469200779964,0.5,0.8788685041727063,0.18544449069216867,3,sum,1,0.9290652239254583,0.8304597701149425,0.8245363766048502,0.8364688856729378
0.5,18,1,256,256,,0.15582469200779964,0.5,0.8788685041727063,0.18544449069216867,4,sum,1,0.92936579501052,0.8295866569978245,0.8159771754636234,0.8436578171091446
0.5,18,1,256,256,,0.15582469200779964,0.5,0.8788685041727063,0.18544449069216867,5,sum,1,0.9233543733092876,0.8123620309050773,0.7874465049928673,0.8389057750759878
