alpha,K,layers,hidden_channels,out_channels,norm,dropout,margin,lpl_weight,ratio,seed,aggregation,pos_weight,accuracy,f1,recall,precision
0.5,19,1,256,256,,0.23113611005519796,0.5,0.8653939211041362,0.20166113379994138,1,sum,1,0.92936579501052,0.8308135349172067,0.8231098430813124,0.8386627906976745
0.5,19,1,256,256,,0.23113611005519796,0.5,0.8653939211041362,0.20166113379994138,2,sum,1,0.9206492335437331,0.8064516129032258,0.7845934379457917,0.8295625942684767
0.5,19,1,256,256,,0.23113611005519796,0.5,0.8653939211041362,0.20166113379994138,3,sum,1,0.9272617974150886,0.8261494252873564,0.8202567760342369,0.8321273516642547
0.5,19,1,256,256,,0.23113611005519796,0.5,0.8653939211041362,0.20166113379994138,4,sum,1,0.9248572287345957,0.8241912798874824,0.8359486447931527,0.812760055478502
0.5,19,1,256,256,,0.23113611005519796,0.5,0.8653939211041362,0.20166113379994138,5,sum,1,0.9308686504358281,0.8335745296671491,0.8216833095577746,0.8458149779735683
