alpha,K,layers,hidden_channels,out_channels,norm,dropout,margin,lpl_weight,ratio,seed,aggregation,pos_weight,accuracy,f1,recall,precision
0.5,17,1,256,256,,0.18935551058170433,0.5,0.7493280381187025,0.21791933116898457,1,sum,1,0.9281635106702735,0.830376153300213,0.8345221112696148,0.826271186440678
0.5,17,1,256,256,,0.18935551058170433,0.5,0.7493280381187025,0.21791933116898457,2,sum,1,0.9236549443943493,0.818830242510699,0.818830242510699,0.818830242510699
0.5,17,1,256,256,,0.18935551058170433,0.5,0.7493280381187025,0.21791933116898457,3,sum,1,0.9251577998196574,0.8222698072805139,0.8216833095577746,0.8228571428571428
0.5,17,1,256,256,,0.18935551058170433,0.5,0.7493280381187025,0.21791933116898457,4,sum,1,0.9200480913736099,0.8129395218002813,0.8245363766048502,0.8016643550624133
0.5,17,1,256,256,,0.18935551058170433,0.5,0.7493280381187025,0.21791933116898457,5,sum,1,0.92936579501052,0.8317823908375089,0.8288159771754636,0.8347701149425287
