alpha,K,layers,hidden_channels,out_channels,norm,dropout,margin,lpl_weight,ratio,seed,aggregation,pos_weight,accuracy,f1,recall,precision
0.5,23,1,256,256,,0,0.5,0.8104307874026602,0.17648445533362672,1,sum,1,0.9287646528403968,0.8278867102396514,0.8131241084165478,0.8431952662721893
0.5,23,1,256,256,,0,0.5,0.8104307874026602,0.17648445533362672,2,sum,1,0.933273219116321,0.8386627906976745,0.8231098430813124,0.8548148148148148
0.5,23,1,256,256,,0,0.5,0.8104307874026602,0.17648445533362672,3,sum,1,0.9314697926059513,0.8333333333333334,0.8131241084165478,0.8545727136431784
0.5,23,1,256,256,,0,0.5,0.8104307874026602,0.17648445533362672,4,sum,1,0.9248572287345957,0.818577648766328,0.8045649072753209,0.8330871491875923
0.5,23,1,256,256,,0,0.5,0.8104307874026602,0.17648445533362672,5,sum,1,0.9290652239254583,0.8287373004354136,0.8145506419400856,0.843426883308715
