alpha,K,layers,hidden_channels,out_channels,norm,dropout,margin,lpl_weight,ratio,seed,aggregation,pos_weight,accuracy,f1,recall,precision
0.5,21,1,256,256,,0,0.5,0.8888347496546786,0.21254086571508793,1,mean,1,0.9305680793507665,0.8392484342379958,0.8601997146932953,0.8192934782608695
0.5,21,1,256,256,,0,0.5,0.8888347496546786,0.21254086571508793,2,mean,1,0.9236549443943493,0.8172661870503597,0.8102710413694721,0.8243831640058055
0.5,21,1,256,256,,0,0.5,0.8888347496546786,0.21254086571508793,3,mean,1,0.9302675082657048,0.8330935251798561,0.8259629101283881,0.8403483309143687
0.5,21,1,256,256,,0,0.5,0.8888347496546786,0.21254086571508793,4,mean,1,0.9266606552449654,0.8262108262108262,0.8273894436519258,0.8250355618776671
0.5,21,1,256,256,,0,0.5,0.8888347496546786,0.21254086571508793,5,mean,1,0.92936579501052,0.833922261484099,0.8416547788873039,0.8263305322128851
