alpha,K,layers,hidden_channels,out_channels,norm,dropout,margin,lpl_weight,ratio,seed,aggregation,pos_weight,accuracy,f1,recall,precision
0.5,20,1,256,256,,0.16956791927947049,0.5,0.9152171617631586,0.16787311694216023,1,sum,1,0.9299669371806433,0.8315256688358641,0.8202567760342369,0.843108504398827
0.5,20,1,256,256,,0.16956791927947049,0.5,0.9152171617631586,0.16787311694216023,2,sum,1,0.9281635106702735,0.8176964149504196,0.7646219686162625,0.8786885245901639
0.5,20,1,256,256,,0.16956791927947049,0.5,0.9152171617631586,0.16787311694216023,3,sum,1,0.9305680793507665,0.8277404921700223,0.7917261055634808,0.8671875
0.5,20,1,256,256,,0.16956791927947049,0.5,0.9152171617631586,0.16787311694216023,4,sum,1,0.9272617974150886,0.8223201174743024,0.7988587731811697,0.8472012102874432
0.5,20,1,256,256,,0.16956791927947049,0.5,0.9152171617631586,0.16787311694216023,5,sum,1,0.9311692215208897,0.8289768483943242,0.7917261055634808,0.8699059561128527
