alpha,K,layers,hidden_channels,out_channels,norm,dropout,margin,lpl_weight,ratio,seed,aggregation,pos_weight,accuracy,f1,recall,precision
0.5,18,1,256,256,,0.2568651338410522,0.5,0.9964798538833226,0.17225119174823308,1,sum,1,0.9314697926059513,0.8313609467455622,0.8017118402282454,0.8632872503840245
0.5,18,1,256,256,,0.2568651338410522,0.5,0.9964798538833226,0.17225119174823308,2,sum,1,0.9206492335437331,0.8029850746268656,0.7674750356633381,0.8419405320813772
0.5,18,1,256,256,,0.2568651338410522,0.5,0.9964798538833226,0.17225119174823308,3,sum,1,0.9209498046287947,0.8035847647498133,0.7674750356633381,0.8432601880877743
0.5,18,1,256,256,,0.2568651338410522,0.5,0.9964798538833226,0.17225119174823308,4,sum,1,0.92936579501052,0.8280907095830286,0.8074179743223966,0.8498498498498499
0.5,18,1,256,256,,0.2568651338410522,0.5,0.9964798538833226,0.17225119174823308,5,sum,1,0.9308686504358281,0.8308823529411765,0.8059914407988588,0.8573596358118362
