alpha,K,layers,hidden_channels,out_channels,norm,dropout,margin,lpl_weight,ratio,seed,aggregation,pos_weight,accuracy,f1,recall,precision
0.5,15,2,256,128,,0.17772178348135775,0.5,0.7167658015374022,0.2547706915340559,1,sum,1,0.9188458070333634,0.8209549071618037,0.8830242510699001,0.7670384138785625
0.5,15,2,256,128,,0.17772178348135775,0.5,0.7167658015374022,0.2547706915340559,2,sum,1,0.9215509467989179,0.8288524590163935,0.9015691868758916,0.7669902912621359
0.5,15,2,256,128,,0.17772178348135775,0.5,0.7167658015374022,0.2547706915340559,3,sum,1,0.9227532311391644,0.8319162851536952,0.9072753209700428,0.7681159420289855
0.5,15,2,256,128,,0.17772178348135775,0.5,0.7167658015374022,0.2547706915340559,4,sum,1,0.9239555154794109,0.8287068381855112,0.8730385164051355,0.788659793814433
0.5,15,2,256,128,,0.17772178348135775,0.5,0.7167658015374022,0.2547706915340559,5,sum,1,0.9269612263300271,0.8372404554588078,0.891583452211127,0.7891414141414141
