alpha,K,layers,hidden_channels,out_channels,norm,dropout,margin,lpl_weight,ratio,seed,aggregation,pos_weight,accuracy,f1,recall,precision
0.8496382339758042,19,1,256,128,,0.33968358048845837,0.5159973485998276,0.2699291719042105,0.15531054514033674,1,sum,1,0.9326720769461978,0.8404558404558404,0.8416547788873039,0.8392603129445235
0.8496382339758042,19,1,256,128,,0.33968358048845837,0.5159973485998276,0.2699291719042105,0.15531054514033674,2,sum,1,0.9386834986474302,0.8551136363636364,0.8587731811697575,0.8514851485148515
0.8496382339758042,19,1,256,128,,0.33968358048845837,0.5159973485998276,0.2699291719042105,0.15531054514033674,3,sum,1,0.9389840697324917,0.8542713567839196,0.8487874465049928,0.8598265895953757
0.8496382339758042,19,1,256,128,,0.33968358048845837,0.5159973485998276,0.2699291719042105,0.15531054514033674,4,sum,1,0.9389840697324917,0.8527918781725888,0.8388017118402282,0.8672566371681416
0.8496382339758042,19,1,256,128,,0.33968358048845837,0.5159973485998276,0.2699291719042105,0.15531054514033674,5,sum,1,0.9383829275623685,0.8536759457530335,0.8530670470756063,0.8542857142857143
