alpha,K,layers,hidden_channels,out_channels,norm,dropout,margin,lpl_weight,ratio,seed,aggregation,pos_weight,accuracy,f1,recall,precision
0.5,18,1,256,256,,0.22607219900983616,0.5,0.8713449528254928,0.06679467401541603,1,sum,1,0.9221520889690412,0.789259560618389,0.6918687589158345,0.9185606060606061
0.5,18,1,256,256,,0.22607219900983616,0.5,0.8713449528254928,0.06679467401541603,2,sum,1,0.9155395250976857,0.7691043549712407,0.6676176890156919,0.9069767441860465
0.5,18,1,256,256,,0.22607219900983616,0.5,0.8713449528254928,0.06679467401541603,3,sum,1,0.9185452359483017,0.7794955248169243,0.6833095577746077,0.9071969696969697
0.5,18,1,256,256,,0.22607219900983616,0.5,0.8713449528254928,0.06679467401541603,4,sum,1,0.9140366696723775,0.7659574468085106,0.6676176890156919,0.8982725527831094
0.5,18,1,256,256,,0.22607219900983616,0.5,0.8713449528254928,0.06679467401541603,5,sum,1,0.9158400961827472,0.7708674304418985,0.6718972895863052,0.9040307101727447
