alpha,K,layers,hidden_channels,out_channels,norm,dropout,margin,lpl_weight,ratio,seed,aggregation,pos_weight,accuracy,f1,recall,precision
0.5,22,1,256,256,,0,0.5,0.67143357939257,0.13888909690827486,1,sum,1,0.8902915539525098,0.7508532423208191,0.7845934379457917,0.7198952879581152
0.5,22,1,256,256,,0,0.5,0.67143357939257,0.13888909690827486,2,sum,1,0.9041178238653441,0.7822525597269625,0.8174037089871612,0.75
0.5,22,1,256,256,,0,0.5,0.67143357939257,0.13888909690827486,3,sum,1,0.8993086865043582,0.7713310580204779,0.8059914407988588,0.7395287958115183
0.5,22,1,256,256,,0,0.5,0.67143357939257,0.13888909690827486,4,sum,1,0.9035166816952209,0.7808873720136519,0.8159771754636234,0.7486910994764397
0.5,22,1,256,256,,0,0.5,0.67143357939257,0.13888909690827486,5,sum,1,0.8938984069732492,0.7590443686006826,0.7931526390870185,0.7277486910994765
