alpha,K,layers,hidden_channels,out_channels,norm,dropout,margin,lpl_weight,ratio,seed,aggregation,pos_weight,accuracy,f1,recall,precision
0.24812726656492962,25,1,32,64,,0.12802256379354862,0.5054259570675598,0.9641033959836528,0.3923970781856013,1,sum,1,0.8590321611061016,0.7103150092649784,0.8202567760342369,0.6263616557734205
0.24812726656492962,25,1,32,64,,0.12802256379354862,0.5054259570675598,0.9641033959836528,0.3923970781856013,2,sum,1,0.8707544334235047,0.7345679012345679,0.8487874465049928,0.6474428726877041
0.24812726656492962,25,1,32,64,,0.12802256379354862,0.5054259570675598,0.9641033959836528,0.3923970781856013,3,sum,1,0.8692515779981965,0.7296457426973275,0.8373751783166904,0.6464757709251101
0.24812726656492962,25,1,32,64,,0.12802256379354862,0.5054259570675598,0.9641033959836528,0.3923970781856013,4,sum,1,0.8662458671475805,0.7314423657211828,0.8644793152639088,0.6338912133891214
0.24812726656492962,25,1,32,64,,0.12802256379354862,0.5054259570675598,0.9641033959836528,0.3923970781856013,5,sum,1,0.868951006913135,0.72264631043257,0.8102710413694721,0.6521239954075775
