alpha,K,layers,hidden_channels,out_channels,norm,dropout,margin,lpl_weight,ratio,seed,aggregation,pos_weight,accuracy,f1,recall,precision
0.5,15,2,256,128,,0.2927474229151577,0.5,0.9893785053228624,0.1372104311143898,1,sum,1,0.9392846408175534,0.8536231884057971,0.8402282453637661,0.8674521354933726
0.5,15,2,256,128,,0.2927474229151577,0.5,0.9893785053228624,0.1372104311143898,2,sum,1,0.9413886384129847,0.859408795962509,0.8502139800285307,0.8688046647230321
0.5,15,2,256,128,,0.2927474229151577,0.5,0.9893785053228624,0.1372104311143898,3,sum,1,0.9413886384129847,0.8602150537634409,0.8559201141226819,0.8645533141210374
0.5,15,2,256,128,,0.2927474229151577,0.5,0.9893785053228624,0.1372104311143898,4,sum,1,0.9398857829876766,0.8542274052478134,0.8359486447931527,0.8733233979135618
0.5,15,2,256,128,,0.2927474229151577,0.5,0.9893785053228624,0.1372104311143898,5,sum,1,0.9353772167117523,0.8449891852919971,0.8359486447931527,0.8542274052478134
