alpha,K,layers,hidden_channels,out_channels,norm,dropout,margin,lpl_weight,ratio,seed,aggregation,pos_weight,accuracy,f1,recall,precision
0.5,18,2,256,128,,0.36615893553681733,0.5,0.11300651514695709,0.07927063790077021,1,sum,1,0.9344755034565675,0.8286163522012578,0.7517831669044223,0.9229422066549913
0.5,18,2,256,128,,0.36615893553681733,0.5,0.11300651514695709,0.07927063790077021,2,sum,1,0.939585211902615,0.8413575374901342,0.760342368045649,0.941696113074205
0.5,18,2,256,128,,0.36615893553681733,0.5,0.11300651514695709,0.07927063790077021,3,sum,1,0.9359783588818755,0.8318863456985004,0.7517831669044223,0.931095406360424
0.5,18,2,256,128,,0.36615893553681733,0.5,0.11300651514695709,0.07927063790077021,4,sum,1,0.9398857829876766,0.8420221169036335,0.760342368045649,0.9433628318584071
0.5,18,2,256,128,,0.36615893553681733,0.5,0.11300651514695709,0.07927063790077021,5,sum,1,0.9374812143071837,0.8354430379746836,0.7532097004279601,0.9378330373001776
