K,layers,hidden_channels,out_channels,norm,lr,treatment,dropout,ratio,seed,aggregation,model_type,batch_size,rate_pairs,clusters,sampling,sampling_k,num_epochs,anomaly_detector,accuracy,f1,recall,precision,losses
7,2,128,256,,0.0005573444875115068,removal,0,0.12203452930114453,654,mean,GATConv,512,2,50,neighbor,50,50,nearest_neighbors,0.9269612263300271,0.8085106382978723,0.7318116975748931,0.903169014084507,"[8.03020465373993, 7.384199500083923, 7.573039412498474, 7.735574007034302, 7.520751595497131, 7.6844494342803955, 7.6617573499679565, 7.500002384185791, 7.541805922985077, 7.612862706184387, 7.570692658424377, 7.66989541053772, 7.423251152038574, 7.680709004402161, 7.428976953029633, 7.548241972923279, 7.469051837921143, 7.501548767089844, 7.413203835487366, 7.35916393995285, 7.41813987493515, 7.360062777996063, 7.4268559217453, 7.4198503494262695, 7.539157271385193, 7.53708279132843, 7.460950970649719, 7.4302679896354675, 7.359032988548279, 7.2523475885391235, 7.329661011695862, 7.423502147197723, 7.24972540140152, 7.499768376350403, 7.251619577407837, 7.235579311847687, 7.354844331741333, 7.346496224403381, 7.30220502614975, 7.4573365449905396, 7.3307488560676575, 7.294307172298431, 7.111402988433838, 7.304968059062958, 7.13009238243103, 7.136915683746338, 7.262994050979614, 7.135722815990448, 7.09558629989624, 7.257971167564392]"
