alpha,K,layers,hidden_channels,out_channels,norm,dropout,margin,lpl_weight,ratio,seed,aggregation,pos_weight,accuracy,f1,recall,precision
0.5,19,1,256,256,,0,0.5,0.4367662779802886,0.2053151224083271,1,sum,1,0.9281635106702735,0.8289191123836793,0.8259629101283881,0.8318965517241379
0.5,19,1,256,256,,0,0.5,0.4367662779802886,0.2053151224083271,2,sum,1,0.9320709347760745,0.8385714285714285,0.8373751783166904,0.8397711015736766
0.5,19,1,256,256,,0,0.5,0.4367662779802886,0.2053151224083271,3,sum,1,0.9242560865644724,0.8184438040345822,0.8102710413694721,0.826783114992722
0.5,19,1,256,256,,0,0.5,0.4367662779802886,0.2053151224083271,4,sum,1,0.9149383829275624,0.798576512455516,0.8002853067047075,0.796875
0.5,19,1,256,256,,0,0.5,0.4367662779802886,0.2053151224083271,5,sum,1,0.9269612263300271,0.8272921108742004,0.8302425106990015,0.8243626062322946
