alpha,K,layers,hidden_channels,out_channels,norm,dropout,margin,lpl_weight,ratio,seed,aggregation,pos_weight,accuracy,f1,recall,precision
0.5136486146961865,18,2,128,64,,0.15587297075901174,0.9416788720779039,0.5785350432549009,0.35452190018523794,1,sum,1,0.8884881274421401,0.7665198237885462,0.8687589158345221,0.6858108108108109
0.5136486146961865,18,2,128,64,,0.15587297075901174,0.9416788720779039,0.5785350432549009,0.35452190018523794,2,sum,1,0.8785692816351067,0.7512315270935961,0.8701854493580599,0.6608884073672806
0.5136486146961865,18,2,128,64,,0.15587297075901174,0.9416788720779039,0.5785350432549009,0.35452190018523794,3,sum,1,0.8981064021641119,0.7791530944625407,0.8530670470756063,0.7170263788968825
0.5136486146961865,18,2,128,64,,0.15587297075901174,0.9416788720779039,0.5785350432549009,0.35452190018523794,4,sum,1,0.8809738503155996,0.7543424317617866,0.8673323823109843,0.6673984632272228
0.5136486146961865,18,2,128,64,,0.15587297075901174,0.9416788720779039,0.5785350432549009,0.35452190018523794,5,sum,1,0.8833784189960926,0.7544303797468355,0.8502139800285307,0.6780432309442548
