alpha,K,layers,hidden_channels,out_channels,norm,dropout,margin,lpl_weight,ratio,seed,aggregation,pos_weight,accuracy,f1,recall,precision
0.8185206454654063,19,1,256,128,,0.3248596709398839,0.5513155532958798,0.8641382111496511,0.13963507469869957,1,sum,1,0.9323715058611362,0.8373101952277657,0.8259629101283881,0.8489736070381232
0.8185206454654063,19,1,256,128,,0.3248596709398839,0.5513155532958798,0.8641382111496511,0.13963507469869957,2,sum,1,0.9392846408175534,0.8561253561253561,0.8573466476462197,0.8549075391180654
0.8185206454654063,19,1,256,128,,0.3248596709398839,0.5513155532958798,0.8641382111496511,0.13963507469869957,3,sum,1,0.9389840697324917,0.8538516918646508,0.8459343794579173,0.8619186046511628
0.8185206454654063,19,1,256,128,,0.3248596709398839,0.5513155532958798,0.8641382111496511,0.13963507469869957,4,sum,1,0.9443943492636009,0.8638704930095659,0.8373751783166904,0.89209726443769
0.8185206454654063,19,1,256,128,,0.3248596709398839,0.5513155532958798,0.8641382111496511,0.13963507469869957,5,sum,1,0.9347760745416291,0.8435472242249459,0.8345221112696148,0.8527696793002916
