alpha,K,layers,hidden_channels,out_channels,norm,dropout,margin,lpl_weight,ratio,seed,aggregation,pos_weight,accuracy,f1,recall,precision
0.2231760400219388,23,1,128,64,,0.1397377658988535,0.30913824977399984,0.15890274845028324,0.35469608841276334,1,sum,1,0.8899909828674482,0.7735148514851485,0.891583452211127,0.6830601092896175
0.2231760400219388,23,1,128,64,,0.1397377658988535,0.30913824977399984,0.15890274845028324,0.35469608841276334,2,sum,1,0.9017132551848512,0.7929069031032299,0.8930099857346647,0.7129840546697038
0.2231760400219388,23,1,128,64,,0.1397377658988535,0.30913824977399984,0.15890274845028324,0.35469608841276334,3,sum,1,0.8993086865043582,0.787571337983513,0.8858773181169758,0.708904109589041
0.2231760400219388,23,1,128,64,,0.1397377658988535,0.30913824977399984,0.15890274845028324,0.35469608841276334,4,sum,1,0.8941989780583108,0.7780580075662042,0.8801711840228246,0.6971751412429379
0.2231760400219388,23,1,128,64,,0.1397377658988535,0.30913824977399984,0.15890274845028324,0.35469608841276334,5,sum,1,0.8963029756537421,0.7815072830905636,0.8801711840228246,0.7027334851936219
