alpha,K,layers,hidden_channels,out_channels,norm,dropout,margin,lpl_weight,ratio,seed,aggregation,pos_weight,accuracy,f1,recall,precision
0.6554290766558593,17,2,128,256,,0.14153208018575295,0.38495556831916355,0.26033014639451835,0.12891632753808385,1,sum,1,0.9212503757138564,0.8021148036253777,0.7574893009985735,0.8523274478330658
0.6554290766558593,17,2,128,256,,0.14153208018575295,0.38495556831916355,0.26033014639451835,0.12891632753808385,2,sum,1,0.9230538022242261,0.8054711246200608,0.7560627674750356,0.8617886178861789
0.6554290766558593,17,2,128,256,,0.14153208018575295,0.38495556831916355,0.26033014639451835,0.12891632753808385,3,sum,1,0.9263600841599038,0.8159278737791135,0.7746077032810271,0.861904761904762
0.6554290766558593,17,2,128,256,,0.14153208018575295,0.38495556831916355,0.26033014639451835,0.12891632753808385,4,sum,1,0.9269612263300271,0.8163265306122449,0.7703281027104137,0.8681672025723473
0.6554290766558593,17,2,128,256,,0.14153208018575295,0.38495556831916355,0.26033014639451835,0.12891632753808385,5,sum,1,0.9257589419897806,0.8152580403889305,0.7774607703281027,0.8569182389937107
