alpha,K,layers,hidden_channels,out_channels,norm,dropout,margin,lpl_weight,ratio,seed,aggregation,pos_weight,accuracy,f1,recall,precision
0.8754192211270995,25,1,256,64,,0.24302990306764066,0.985395563793352,0.8749277092865704,0.10686377485915062,1,sum,1,0.9203486624586715,0.7918303220738413,0.7189728958630528,0.8811188811188811
0.8754192211270995,25,1,256,64,,0.24302990306764066,0.985395563793352,0.8749277092865704,0.10686377485915062,2,sum,1,0.9203486624586715,0.7940947940947941,0.7289586305278174,0.8720136518771331
0.8754192211270995,25,1,256,64,,0.24302990306764066,0.985395563793352,0.8749277092865704,0.10686377485915062,3,sum,1,0.9194469492034866,0.7922480620155039,0.7289586305278174,0.8675721561969439
0.8754192211270995,25,1,256,64,,0.24302990306764066,0.985395563793352,0.8749277092865704,0.10686377485915062,4,sum,1,0.9227532311391644,0.7996882307092751,0.7318116975748931,0.8814432989690721
0.8754192211270995,25,1,256,64,,0.24302990306764066,0.985395563793352,0.8749277092865704,0.10686377485915062,5,sum,1,0.9203486624586715,0.7918303220738413,0.7189728958630528,0.8811188811188811
