K,layers,hidden_channels,out_channels,norm,lr,treatment,dropout,ratio,seed,aggregation,model_type,batch_size,rate_pairs,clusters,sampling,num_epochs,anomaly_detector,accuracy,f1,recall,precision,losses,test_accuracy,test_f1,test_recall,test_precision
6,3,256,256,,0.005,removal,0,0.18012471148170478,654,mean,GCNConv,1024,10,50,sage,50,nearest_neighbors,nan,0.0,0.0,0.0,"[6.808614373207092, 6.9923996925354, 6.806957960128784, 6.711282968521118, 6.596380352973938, 6.8936755657196045, 6.4271626472473145, 6.618131637573242, 6.6116191148757935, 6.526617050170898, 6.687956690788269, 6.448501944541931, 6.261086344718933, 6.510579705238342, 6.346750020980835, 6.0581958293914795, 5.9393603801727295, 6.076435446739197, 6.01052188873291, 5.830070853233337, 5.9479042291641235, 5.824189066886902, 5.741286635398865, 5.648315787315369, 5.618431329727173, 5.949010610580444, 5.627442240715027, 5.408648610115051, 5.502208471298218, 5.371280312538147, 5.282202243804932, 5.28471577167511, 5.2617257833480835, 5.170613646507263, 5.035920739173889, 5.008516788482666, 5.015677332878113, 5.066513657569885, 4.89705753326416, 5.2101523876190186, 4.8777629137039185, 4.83944308757782, 4.8390361070632935, 4.740631341934204, 4.559788346290588, 4.618175387382507, 4.469208240509033, 4.323433518409729, 4.357209205627441, 4.415171980857849]",0.9344978165938864,0.7093889716840537,0.6780626780626781,0.74375
