K,layers,hidden_channels,out_channels,norm,lr,treatment,dropout,ratio,seed,aggregation,model_type,batch_size,rate_pairs,clusters,sampling,sampling_k,num_epochs,anomaly_detector,accuracy,f1,recall,precision,losses
5,1,128,256,,0.004022719722313368,removal,0,0.1127993028003293,654,mean,GCNConv,1024,10,50,cluster,50,50,unweighted,0.9026149684400361,0.7081081081081081,0.5606276747503567,0.960880195599022,"[2.6254486441612244, 2.4716017842292786, 2.356869876384735, 2.5344064235687256, 2.5599695444107056, 2.467820107936859, 2.410512864589691, 2.383910059928894, 2.436631202697754, 2.4208326935768127, 2.465241551399231, 2.3268759846687317, 2.3125670552253723, 2.3943703174591064, 2.30610728263855, 2.415815770626068, 2.3840285539627075, 2.3378613591194153, 2.3350131511688232, 2.3802411556243896, 2.288205146789551, 2.3045119047164917, 2.32207590341568, 2.3560802340507507, 2.2774712443351746, 2.2193230986595154, 2.2210400104522705, 2.2478476762771606, 2.260083556175232, 2.193332850933075, 2.266373574733734, 2.1723568439483643, 2.1939598321914673, 2.1508023142814636, 2.129307806491852, 2.1465952396392822, 2.0630499720573425, 2.1447166800498962, 2.0867626667022705, 2.1504048109054565, 2.0891173481941223, 2.088247835636139, 2.135932207107544, 2.079315662384033, 2.0998858213424683, 2.0558136701583862, 2.02852326631546, 2.051473557949066, 1.9988400340080261, 1.9418538212776184]"
