alpha,K,layers,hidden_channels,out_channels,norm,dropout,margin,lpl_weight,ratio,seed,aggregation,pos_weight,accuracy,f1,recall,precision
0.5,15,2,256,256,,0,0.5,0.5,0.1868118926547673,1,sum,1,0.9236549443943493,0.815406976744186,0.8002853067047075,0.8311111111111111
0.5,15,2,256,256,,0,0.5,0.5,0.1868118926547673,2,sum,1,0.9296663660955816,0.8311688311688312,0.8216833095577746,0.8408759124087591
0.5,15,2,256,256,,0,0.5,0.5,0.1868118926547673,3,sum,1,0.9257589419897806,0.8198395331874544,0.8017118402282454,0.8388059701492537
0.5,15,2,256,256,,0,0.5,0.5,0.1868118926547673,4,sum,1,0.9251577998196574,0.8173147468818782,0.7945791726105563,0.8413897280966768
0.5,15,2,256,256,,0,0.5,0.5,0.1868118926547673,5,sum,1,0.9230538022242261,0.8144927536231884,0.8017118402282454,0.8276877761413843
