alpha,K,layers,hidden_channels,out_channels,norm,dropout,margin,lpl_weight,ratio,seed,aggregation,pos_weight,accuracy,f1,recall,precision
0.5,16,1,256,256,,0.08044071345475406,0.5,0.8028173812175745,0.19301828098886978,1,sum,1,0.9290652239254583,0.8287373004354136,0.8145506419400856,0.843426883308715
0.5,16,1,256,256,,0.08044071345475406,0.5,0.8028173812175745,0.19301828098886978,2,sum,1,0.9308686504358281,0.835243553008596,0.8316690442225392,0.8388489208633093
0.5,16,1,256,256,,0.08044071345475406,0.5,0.8028173812175745,0.19301828098886978,3,sum,1,0.9320709347760745,0.83810888252149,0.8345221112696148,0.841726618705036
0.5,16,1,256,256,,0.08044071345475406,0.5,0.8028173812175745,0.19301828098886978,4,sum,1,0.92936579501052,0.8332150461320085,0.8373751783166904,0.8290960451977402
0.5,16,1,256,256,,0.08044071345475406,0.5,0.8028173812175745,0.19301828098886978,5,sum,1,0.9245566576495341,0.8179840464104423,0.8045649072753209,0.831858407079646
