K,layers,hidden_channels,out_channels,norm,lr,treatment,dropout,ratio,seed,aggregation,model_type,batch_size,rate_pairs,clusters,sampling,num_epochs,anomaly_detector,accuracy,f1,recall,precision,losses,test_accuracy,test_f1,test_recall,test_precision
7,2,256,256,,0.005,removal,0,0.2465416542422529,654,mean,GATConv,1024,10,50,sage,100,nearest_neighbors,nan,0.0,0.0,0.0,"[4.255984544754028, 4.02877402305603, 4.087448477745056, 4.2482622265815735, 4.092987418174744, 4.047457933425903, 3.841574728488922, 3.8883681297302246, 3.942264437675476, 3.885930597782135, 3.8828675150871277, 3.757023811340332, 3.5488285422325134, 3.5676026940345764, 3.7904462218284607, 3.795960783958435, 3.73023122549057, 3.676335871219635, 3.677643597126007, 3.549216568470001, 3.6118627786636353, 3.4857264161109924, 3.4137794375419617, 3.3985435962677, 3.3458840250968933, 3.4534018635749817, 3.413624942302704, 3.331908166408539, 3.297934651374817, 3.288297474384308, 3.1863295435905457, 3.205830216407776, 3.189515233039856, 3.1223315000534058, 3.116569995880127, 3.0442087650299072, 3.079331934452057, 3.0960469245910645, 2.996953547000885, 3.064725875854492, 3.012850761413574, 2.893172860145569, 2.935324251651764, 2.913438081741333, 2.8624760508537292, 2.798247516155243, 2.7931713461875916, 2.7432332038879395, 2.6864940524101257, 2.7044248580932617, 2.6553311347961426, 2.6012502312660217, 2.607525944709778, 2.618108570575714, 2.516639769077301, 2.5252761840820312, 2.469031810760498, 2.4638741612434387, 2.3938090801239014, 2.4364959597587585, 2.331201136112213, 2.317266821861267, 2.303262770175934, 2.2225616574287415, 2.224776327610016, 2.175614655017853, 2.1653148531913757, 2.1740365028381348, 2.0866244435310364, 2.0674159824848175, 2.073980301618576, 2.0476985573768616, 1.9565158188343048, 2.024133026599884, 1.9243735074996948, 1.9121826887130737, 1.9084911048412323, 1.8655560314655304, 1.8166600167751312, 1.8582372665405273, 1.7650924623012543, 1.810288429260254, 1.7267415523529053, 1.7615270912647247, 1.682479351758957, 1.658774197101593, 1.6637656092643738, 1.6537172496318817, 1.6046094298362732, 1.566325455904007, 1.5525766015052795, 1.5146197974681854, 1.5340610146522522, 1.5301515460014343, 1.4821600019931793, 1.4726884961128235, 1.4154486060142517, 1.4202829897403717, 1.4186567664146423, 1.349802404642105]",0.9311387302653679,0.7067238912732475,0.7037037037037037,0.7097701149425287
