alpha,K,layers,hidden_channels,out_channels,norm,dropout,margin,lpl_weight,ratio,seed,aggregation,pos_weight,accuracy,f1,recall,precision
0.5,20,1,256,256,,0.10670499595564889,0.5,0.9401932993461996,0.17122729166569817,1,sum,1,0.931770363691013,0.8349090909090909,0.818830242510699,0.8516320474777448
0.5,20,1,256,256,,0.10670499595564889,0.5,0.9401932993461996,0.17122729166569817,2,sum,1,0.9278629395852119,0.8227474150664698,0.7945791726105563,0.8529862174578867
0.5,20,1,256,256,,0.10670499595564889,0.5,0.9401932993461996,0.17122729166569817,3,sum,1,0.9329726480312593,0.8380537400145244,0.8231098430813124,0.8535502958579881
0.5,20,1,256,256,,0.10670499595564889,0.5,0.9401932993461996,0.17122729166569817,4,sum,1,0.9248572287345957,0.8180494905385735,0.8017118402282454,0.8350668647845468
0.5,20,1,256,256,,0.10670499595564889,0.5,0.9401932993461996,0.17122729166569817,5,sum,1,0.9272617974150886,0.8236151603498543,0.8059914407988588,0.842026825633383
