alpha,K,layers,hidden_channels,out_channels,norm,dropout,margin,lpl_weight,ratio,seed,aggregation,pos_weight,accuracy,f1,recall,precision
0.5,23,1,256,256,,0,0.5,0.3589868201727972,0.2153185155026227,1,sum,1,0.9170423805229937,0.8031383737517832,0.8031383737517832,0.8031383737517832
0.5,23,1,256,256,,0,0.5,0.3589868201727972,0.2153185155026227,2,sum,1,0.9245566576495341,0.8241065171688857,0.8388017118402282,0.8099173553719008
0.5,23,1,256,256,,0,0.5,0.3589868201727972,0.2153185155026227,3,sum,1,0.9242560865644724,0.8210227272727273,0.8245363766048502,0.8175388967468176
0.5,23,1,256,256,,0,0.5,0.3589868201727972,0.2153185155026227,4,sum,1,0.9227532311391644,0.8173418621179815,0.8202567760342369,0.8144475920679887
0.5,23,1,256,256,,0,0.5,0.3589868201727972,0.2153185155026227,5,sum,1,0.9290652239254583,0.8342696629213483,0.8473609129814551,0.8215767634854771
