K,layers,hidden_channels,out_channels,norm,lr,treatment,dropout,ratio,seed,aggregation,model_type,batch_size,rate_pairs,clusters,sampling,num_epochs,anomaly_detector,accuracy,f1,recall,precision,losses,test_accuracy,test_f1,test_recall,test_precision
2,1,256,128,,0.004340103444580429,removal,0,0.1344427228458867,654,mean,GCNConv,1024,11,300,sage,100,nearest_neighbors,0.5227272727272727,0.6865671641791045,0.5227272727272727,1.0,"[2.5645791888237, 2.3751226663589478, 2.308164119720459, 2.334409713745117, 2.3004164695739746, 2.2586830854415894, 2.2991896271705627, 2.265097200870514, 2.191767930984497, 2.1271132230758667, 2.1424081921577454, 2.108408212661743, 2.1388843059539795, 2.1241226196289062, 2.0073008239269257, 2.0412008464336395, 2.004997879266739, 1.972118228673935, 1.9078046381473541, 1.9281175136566162, 1.9040305018424988, 1.91273695230484, 1.928581178188324, 1.7921852767467499, 1.8136703372001648, 1.8250095844268799, 1.7225880324840546, 1.7985762655735016, 1.7537593245506287, 1.7165826261043549, 1.7173518240451813, 1.691111147403717, 1.6666215062141418, 1.6512604057788849, 1.6253977119922638, 1.6069203913211823, 1.6020797789096832, 1.5879570245742798, 1.5786471664905548, 1.528558999300003, 1.5038840174674988, 1.4834270477294922, 1.487768828868866, 1.4195926189422607, 1.4224260449409485, 1.4294046759605408, 1.3765134811401367, 1.383508712053299, 1.3673677146434784, 1.3256936371326447, 1.3244316577911377, 1.3222685158252716, 1.291926622390747, 1.2742348909378052, 1.2527368068695068, 1.2926840484142303, 1.2516275346279144, 1.218453824520111, 1.2015753984451294, 1.2275904417037964, 1.1756294965744019, 1.172169804573059, 1.1542476117610931, 1.1536876857280731, 1.169049859046936, 1.1167719066143036, 1.112126111984253, 1.124899446964264, 1.072743833065033, 1.0758170187473297, 1.0502115786075592, 1.0380983352661133, 1.0279858261346817, 1.0274327099323273, 1.051583170890808, 1.0148707330226898, 0.9771057516336441, 0.9876654148101807, 0.9885842651128769, 0.9347916096448898, 0.9518802165985107, 0.9454691112041473, 0.9309625327587128, 0.9149970263242722, 0.9110990464687347, 0.8995728641748428, 0.879741445183754, 0.8735700249671936, 0.8833212852478027, 0.8616310954093933, 0.8566305339336395, 0.8595437854528427, 0.8518026620149612, 0.8175373673439026, 0.8280033618211746, 0.8028547316789627, 0.802533820271492, 0.7897194921970367, 0.7898738384246826, 0.7774880677461624]",0.9224526600541028,0.7971698113207547,0.7232524964336662,0.8879159369527145
