alpha,K,layers,hidden_channels,out_channels,norm,dropout,margin,lpl_weight,ratio,seed,aggregation,pos_weight,accuracy,f1,recall,precision
0.5,16,2,256,128,,0.31727897593317084,0.5,0.9119487641095496,0.1260332508654394,1,sum,1,0.9380823564773069,0.8498542274052479,0.8316690442225392,0.8688524590163934
0.5,16,2,256,128,,0.31727897593317084,0.5,0.9119487641095496,0.1260332508654394,2,sum,1,0.9416892094980462,0.8562962962962963,0.8245363766048502,0.8906009244992296
0.5,16,2,256,128,,0.31727897593317084,0.5,0.9119487641095496,0.1260332508654394,3,sum,1,0.9392846408175534,0.8514705882352941,0.8259629101283881,0.8786039453717754
0.5,16,2,256,128,,0.31727897593317084,0.5,0.9119487641095496,0.1260332508654394,4,sum,1,0.9467989179440938,0.8676140613313388,0.8273894436519258,0.9119496855345912
0.5,16,2,256,128,,0.31727897593317084,0.5,0.9119487641095496,0.1260332508654394,5,sum,1,0.9407874962428614,0.8546125461254612,0.8259629101283881,0.8853211009174312
