alpha,K,layers,hidden_channels,out_channels,norm,dropout,margin,lpl_weight,ratio,seed,aggregation,pos_weight,accuracy,f1,recall,precision
0.7422484773787419,17,1,128,128,,0.1073282257443626,0.051579537197867426,0.24326904194723561,0.16169300096137426,1,mean,1,0.9173429516080553,0.7899159663865546,0.7375178316690443,0.850328947368421
0.7422484773787419,17,1,128,128,,0.1073282257443626,0.051579537197867426,0.24326904194723561,0.16169300096137426,2,mean,1,0.9299669371806433,0.8166797797010228,0.7403708987161198,0.9105263157894737
0.7422484773787419,17,1,128,128,,0.1073282257443626,0.051579537197867426,0.24326904194723561,0.16169300096137426,3,mean,1,0.9302675082657048,0.8218125960061444,0.7631954350927247,0.8901830282861897
0.7422484773787419,17,1,128,128,,0.1073282257443626,0.051579537197867426,0.24326904194723561,0.16169300096137426,4,mean,1,0.9236549443943493,0.7980922098569158,0.7161198288159771,0.9012567324955116
0.7422484773787419,17,1,128,128,,0.1073282257443626,0.051579537197867426,0.24326904194723561,0.16169300096137426,5,mean,1,0.915238954012624,0.7779527559055118,0.7047075606276747,0.8681898066783831
