K,layers,hidden_channels,out_channels,norm,lr,treatment,dropout,ratio,seed,aggregation,model_type,batch_size,rate_pairs,clusters,sampling,num_epochs,anomaly_detector,accuracy,f1,recall,precision,losses,test_accuracy,test_f1,test_recall,test_precision
21,2,128,256,,0.005,removal,0,0.16216453028363567,654,mean,GATConv,2048,10,50,sage,50,nearest_neighbors,nan,0.0,0.0,0.0,"[5.023939371109009, 4.915650844573975, 4.727034568786621, 4.6543354988098145, 4.677067279815674, 4.788860082626343, 5.024463176727295, 4.906752586364746, 4.8691086769104, 4.824047565460205, 4.712483644485474, 4.901457071304321, 5.02703070640564, 4.81993842124939, 4.800920248031616, 4.651459455490112, 4.798951864242554, 4.723799705505371, 4.808259725570679, 4.641497850418091, 4.745615243911743, 4.620102882385254, 4.8367979526519775, 4.762004613876343, 4.5477917194366455, 4.555052280426025, 4.695354223251343, 4.646823167800903, 4.555253744125366, 4.612488031387329, 4.578117847442627, 4.664879560470581, 4.569705247879028, 4.675456523895264, 4.65199089050293, 4.44914174079895, 4.554850101470947, 4.634875297546387, 4.5946266651153564, 4.669631481170654, 4.481359958648682, 4.504719972610474, 4.482367277145386, 4.5503973960876465, 4.4846460819244385, 4.225275993347168, 4.4858574867248535, 4.475948810577393, 4.515791416168213, 4.389763832092285]",0.9291232784682566,0.6846038863976084,0.6524216524216524,0.720125786163522
