alpha,K,layers,hidden_channels,out_channels,norm,dropout,margin,lpl_weight,ratio,seed,aggregation,pos_weight,accuracy,f1,recall,precision
0.5,20,1,256,256,,0.18103863969573292,0.5,0.9026031699655443,0.17722122300405938,1,sum,1,0.9302675082657048,0.8311499272197962,0.8145506419400856,0.8484398216939079
0.5,20,1,256,256,,0.18103863969573292,0.5,0.9026031699655443,0.17722122300405938,2,sum,1,0.9230538022242261,0.8103703703703704,0.7803138373751783,0.8428351309707242
0.5,20,1,256,256,,0.18103863969573292,0.5,0.9026031699655443,0.17722122300405938,3,sum,1,0.9278629395852119,0.8253275109170306,0.8088445078459344,0.8424962852897474
0.5,20,1,256,256,,0.18103863969573292,0.5,0.9026031699655443,0.17722122300405938,4,sum,1,0.9254583709047189,0.8213256484149856,0.8131241084165478,0.8296943231441049
0.5,20,1,256,256,,0.18103863969573292,0.5,0.9026031699655443,0.17722122300405938,5,sum,1,0.9311692215208897,0.8346570397111913,0.8245363766048502,0.8450292397660819
