alpha,K,layers,hidden_channels,out_channels,norm,dropout,margin,lpl_weight,ratio,seed,aggregation,pos_weight,accuracy,f1,recall,precision
0.5,15,2,256,128,,0.32085719242279365,0.5,0.9435460777536554,0.1305609792880397,1,sum,1,0.9347760745416291,0.8435472242249459,0.8345221112696148,0.8527696793002916
0.5,15,2,256,128,,0.32085719242279365,0.5,0.9435460777536554,0.1305609792880397,2,sum,1,0.9404869251577999,0.8548387096774194,0.8316690442225392,0.8793363499245852
0.5,15,2,256,128,,0.32085719242279365,0.5,0.9435460777536554,0.1305609792880397,3,sum,1,0.941088067327923,0.8563049853372434,0.833095577746077,0.8808446455505279
0.5,15,2,256,128,,0.32085719242279365,0.5,0.9435460777536554,0.1305609792880397,4,sum,1,0.9419897805831079,0.8571428571428571,0.8259629101283881,0.8907692307692308
0.5,15,2,256,128,,0.32085719242279365,0.5,0.9435460777536554,0.1305609792880397,5,sum,1,0.9398857829876766,0.8538011695906432,0.833095577746077,0.8755622188905547
