alpha,K,layers,hidden_channels,out_channels,norm,dropout,margin,lpl_weight,ratio,seed,aggregation,pos_weight,accuracy,f1,recall,precision
0.5,15,2,256,128,,0.3343556691552567,0.5,0.9736693412802956,0.12452491861287404,1,sum,1,0.9365795010519988,0.8449669360764144,0.8202567760342369,0.8712121212121212
0.5,15,2,256,128,,0.3343556691552567,0.5,0.9736693412802956,0.12452491861287404,2,sum,1,0.9422903516681695,0.8579881656804734,0.8273894436519258,0.890937019969278
0.5,15,2,256,128,,0.3343556691552567,0.5,0.9736693412802956,0.12452491861287404,3,sum,1,0.9419897805831079,0.858192505510654,0.833095577746077,0.8848484848484849
0.5,15,2,256,128,,0.3343556691552567,0.5,0.9736693412802956,0.12452491861287404,4,sum,1,0.943492636008416,0.8599105812220567,0.8231098430813124,0.9001560062402496
0.5,15,2,256,128,,0.3343556691552567,0.5,0.9736693412802956,0.12452491861287404,5,sum,1,0.9377817853922452,0.847457627118644,0.8202567760342369,0.8765243902439024
