alpha,K,layers,hidden_channels,out_channels,norm,dropout,margin,lpl_weight,ratio,seed,aggregation,pos_weight,accuracy,f1,recall,precision
0.5,22,1,256,256,,0,0.5,0.9542336708385274,0.22413502635358476,1,mean,1,0.9266606552449654,0.8298465829846583,0.8487874465049928,0.8117326057298773
0.5,22,1,256,256,,0,0.5,0.9542336708385274,0.22413502635358476,2,mean,1,0.9290652239254583,0.8354253835425384,0.854493580599144,0.8171896316507503
0.5,22,1,256,256,,0,0.5,0.9542336708385274,0.22413502635358476,3,mean,1,0.9305680793507665,0.8360539389638041,0.8402282453637661,0.8319209039548022
0.5,22,1,256,256,,0,0.5,0.9542336708385274,0.22413502635358476,4,mean,1,0.9218515178839796,0.8169014084507042,0.8273894436519258,0.8066759388038943
0.5,22,1,256,256,,0,0.5,0.9542336708385274,0.22413502635358476,5,mean,1,0.9299669371806433,0.8369489153254024,0.8530670470756063,0.8214285714285714
