alpha,K,layers,hidden_channels,out_channels,norm,dropout,margin,lpl_weight,ratio,seed,aggregation,pos_weight,accuracy,f1,recall,precision
0.5,22,1,256,256,,0,0.5,0.8754494246730518,0.19870938989602613,1,mean,1,0.8349864743011722,0.6658551430310408,0.7803138373751783,0.5806794055201698
0.5,22,1,256,256,,0,0.5,0.8754494246730518,0.19870938989602613,2,mean,1,0.8259693417493237,0.6475958612294583,0.7589158345221113,0.564755838641189
0.5,22,1,256,256,,0,0.5,0.8754494246730518,0.19870938989602613,3,mean,1,0.8259693417493237,0.6475958612294583,0.7589158345221113,0.564755838641189
0.5,22,1,256,256,,0,0.5,0.8754494246730518,0.19870938989602613,4,mean,1,0.8235647730688308,0.642726719415703,0.7532097004279601,0.5605095541401274
0.5,22,1,256,256,,0,0.5,0.8754494246730518,0.19870938989602613,5,mean,1,0.8325819056206792,0.6609860012172855,0.7746077032810271,0.5764331210191083
