K,layers,hidden_channels,out_channels,norm,lr,treatment,dropout,ratio,seed,aggregation,model_type,batch_size,rate_pairs,clusters,sampling,num_epochs,anomaly_detector,accuracy,f1,recall,precision,losses
8,2,128,128,,0.0018978940994185819,removal,0,0.14083243843418802,654,mean,GATConv,15,9,50,cluster,100,nearest_neighbors,0.9248572287345957,0.8031496062992126,0.7275320970042796,0.8963093145869947,"[4.266107022762299, 3.716432571411133, 3.9406206607818604, 3.9091278314590454, 4.142907977104187, 3.783812701702118, 3.9189115166664124, 3.799357533454895, 3.951843023300171, 3.591447591781616, 3.988139569759369, 3.8776676058769226, 4.097799837589264, 4.024933099746704, 3.6868032217025757, 3.66969096660614, 3.662614941596985, 4.178691029548645, 3.9194058775901794, 3.580441415309906, 4.605554223060608, 3.7789363861083984, 3.707093298435211, 3.6687310934066772, 3.724729359149933, 3.7570478916168213, 4.021265864372253, 3.6531819701194763, 3.842971622943878, 3.548501193523407, 3.5787131786346436, 3.492531657218933, 3.7346765995025635, 3.6489033699035645, 3.677747666835785, 3.755325198173523, 3.71043199300766, 3.781807839870453, 3.6338913440704346, 3.6859803795814514, 3.4598302245140076, 3.2801432609558105, 3.619827389717102, 3.625909388065338, 3.4321389198303223, 3.4780418276786804, 3.4328871965408325, 3.7544859647750854, 3.5425450205802917, 3.764986276626587, 3.46780788898468, 3.478203237056732, 3.991860568523407, 3.5004321932792664, 3.217828333377838, 3.347126603126526, 3.486091673374176, 3.2040916681289673, 3.5925825238227844, 3.4875093698501587, 3.5289223194122314, 3.339443564414978, 3.5217754244804382, 3.466291606426239, 3.571311593055725, 3.2859120965003967, 3.3311524391174316, 3.2369238138198853, 3.425244688987732, 3.6010595560073853, 3.3767142295837402, 3.2686878442764282, 3.2735352516174316, 3.1884061098098755, 3.440360128879547, 3.2352511882781982, 3.201715409755707, 3.3117834329605103, 3.210768461227417, 3.3545100688934326, 3.3137077689170837, 3.577072262763977, 3.4506696462631226, 3.2904641032218933, 3.2367871403694153, 3.103574752807617, 3.29382586479187, 3.1449596881866455, 3.385776162147522, 3.233003795146942, 3.255367875099182, 3.0564374327659607, 3.081070899963379, 3.3815064430236816, 3.1022151112556458, 3.0917401909828186, 3.07962965965271, 3.1203396916389465, 3.1035441160202026, 2.985337257385254]"
