alpha,K,layers,hidden_channels,out_channels,norm,dropout,margin,lpl_weight,ratio,seed,aggregation,pos_weight,accuracy,f1,recall,precision
0.7820143259612069,20,1,256,64,layernorm,0.33194334769483186,0.7888450707372827,0.46306265082602754,0.10600590538996404,1,sum,1,0.9281635106702735,0.8154440154440155,0.7532097004279601,0.8888888888888888
0.7820143259612069,20,1,256,64,layernorm,0.33194334769483186,0.7888450707372827,0.46306265082602754,0.10600590538996404,2,sum,1,0.9230538022242261,0.802773497688752,0.7432239657631954,0.8726968174204355
0.7820143259612069,20,1,256,64,layernorm,0.33194334769483186,0.7888450707372827,0.46306265082602754,0.10600590538996404,3,sum,1,0.9257589419897806,0.8095605242868157,0.7489300998573466,0.8808724832214765
0.7820143259612069,20,1,256,64,layernorm,0.33194334769483186,0.7888450707372827,0.46306265082602754,0.10600590538996404,4,sum,1,0.9287646528403968,0.8186687069625096,0.7631954350927247,0.8828382838283828
0.7820143259612069,20,1,256,64,layernorm,0.33194334769483186,0.7888450707372827,0.46306265082602754,0.10600590538996404,5,sum,1,0.9242560865644724,0.8034321372854915,0.7346647646219686,0.8864027538726333
