alpha,K,layers,hidden_channels,out_channels,norm,dropout,margin,lpl_weight,ratio,seed,aggregation,pos_weight,accuracy,f1,recall,precision
0.9243376828782415,18,1,256,128,,0.32486520373841443,0.5065482508421874,0.29376899365276216,0.12560914211692295,1,sum,1,0.9362789299669372,0.8448023426061494,0.8231098430813124,0.8676691729323308
0.9243376828782415,18,1,256,128,,0.32486520373841443,0.5065482508421874,0.29376899365276216,0.12560914211692295,2,sum,1,0.9416892094980462,0.8571428571428571,0.8302425106990015,0.8858447488584474
0.9243376828782415,18,1,256,128,,0.32486520373841443,0.5065482508421874,0.29376899365276216,0.12560914211692295,3,sum,1,0.9380823564773069,0.8489736070381232,0.8259629101283881,0.8733031674208145
0.9243376828782415,18,1,256,128,,0.32486520373841443,0.5065482508421874,0.29376899365276216,0.12560914211692295,4,sum,1,0.9443943492636009,0.8630643967431533,0.8316690442225392,0.8969230769230769
0.9243376828782415,18,1,256,128,,0.32486520373841443,0.5065482508421874,0.29376899365276216,0.12560914211692295,5,sum,1,0.937180643222122,0.8471104608632041,0.8259629101283881,0.8693693693693694
