alpha,K,layers,hidden_channels,out_channels,norm,dropout,margin,lpl_weight,ratio,seed,aggregation,pos_weight,accuracy,f1,recall,precision
0.5,21,2,256,256,,0,0.5,0.758584884726881,0.15987510364674395,1,mean,1,0.9269612263300271,0.8222384784198976,0.8017118402282454,0.8438438438438438
0.5,21,2,256,256,,0,0.5,0.758584884726881,0.15987510364674395,2,mean,1,0.9161406672678089,0.7832167832167832,0.7189728958630528,0.8600682593856656
0.5,21,2,256,256,,0,0.5,0.758584884726881,0.15987510364674395,3,mean,1,0.9221520889690412,0.8036391205458681,0.7560627674750356,0.8576051779935275
0.5,21,2,256,256,,0,0.5,0.758584884726881,0.15987510364674395,4,mean,1,0.9203486624586715,0.8009015777610818,0.760342368045649,0.846031746031746
0.5,21,2,256,256,,0,0.5,0.758584884726881,0.15987510364674395,5,mean,1,0.9227532311391644,0.8072018004501126,0.7674750356633381,0.8512658227848101
