alpha,K,layers,hidden_channels,out_channels,norm,dropout,margin,lpl_weight,ratio,seed,aggregation,pos_weight,accuracy,f1,recall,precision
0.5,20,1,256,256,,0.1643390480433127,0.5,0.9215378969966285,0.1718462695510096,1,sum,1,0.9314697926059513,0.8330893118594437,0.81169757489301,0.8556390977443609
0.5,20,1,256,256,,0.1643390480433127,0.5,0.9215378969966285,0.1718462695510096,2,sum,1,0.9245566576495341,0.8142116950407106,0.7845934379457917,0.8461538461538461
0.5,20,1,256,256,,0.1643390480433127,0.5,0.9215378969966285,0.1718462695510096,3,sum,1,0.9287646528403968,0.8232662192393736,0.7874465049928673,0.8625
0.5,20,1,256,256,,0.1643390480433127,0.5,0.9215378969966285,0.1718462695510096,4,sum,1,0.9275623685001503,0.8229243203526818,0.7988587731811697,0.8484848484848485
0.5,20,1,256,256,,0.1643390480433127,0.5,0.9215378969966285,0.1718462695510096,5,sum,1,0.9272617974150886,0.8202080237741456,0.7874465049928673,0.8558139534883721
