alpha,K,layers,hidden_channels,out_channels,norm,dropout,margin,lpl_weight,ratio,seed,aggregation,pos_weight,accuracy,f1,recall,precision
0.5,19,1,256,256,,0.18625384499662834,0.5,0.853431750015598,0.18055834856286573,1,sum,1,0.9311692215208897,0.8334545454545454,0.8174037089871612,0.8501483679525222
0.5,19,1,256,256,,0.18625384499662834,0.5,0.853431750015598,0.18055834856286573,2,sum,1,0.9254583709047189,0.8146487294469357,0.7774607703281027,0.8555729984301413
0.5,19,1,256,256,,0.18625384499662834,0.5,0.853431750015598,0.18055834856286573,3,sum,1,0.9263600841599038,0.8197203826342899,0.7945791726105563,0.8465045592705167
0.5,19,1,256,256,,0.18625384499662834,0.5,0.853431750015598,0.18055834856286573,4,sum,1,0.9266606552449654,0.8231884057971014,0.8102710413694721,0.8365243004418262
0.5,19,1,256,256,,0.18625384499662834,0.5,0.853431750015598,0.18055834856286573,5,sum,1,0.9308686504358281,0.8286140089418778,0.7931526390870185,0.8673946957878315
