K,layers,hidden_channels,out_channels,norm,lr,treatment,dropout,ratio,seed,aggregation,model_type,batch_size,rate_pairs,reliable_mini_batch,clusters,pos_weight,accuracy,f1,recall,precision,losses
5,1,256,64,,0.007400767772220473,removal,0,0.12823102675929637,654,mean,GCNConv,10,9,True,300,0.2955904523878438,0.9266606552449654,0.8184523809523809,0.7845934379457917,0.8553654743390358,"[9.958873249590397, 8.83749683201313, 8.041054606437683, 7.0566433891654015, 6.38337592035532, 5.5674592182040215, 4.872649595141411, 4.345983628183603, 3.8002694472670555, 3.290520027279854, 2.7940847128629684, 2.5753580890595913, 2.248778749257326, 2.0734902936965227, 1.817900113761425, 1.610441043972969, 1.4487621318548918, 1.3487799670547247, 1.2152459751814604, 1.1215944401919842, 1.0299750324338675, 0.9433470442891121, 0.8889734065160155, 0.7944861087016761, 0.7853264231234789, 0.7300298726186156, 0.6675890975166112, 0.6538756778463721, 0.5897553495597094, 0.5756288901902735, 0.5163423176854849, 0.5025346269831061, 0.5051110684871674, 0.46217380557209253, 0.4495496340095997, 0.4221999133005738, 0.40159081015735865, 0.38388413889333606, 0.37181286234408617, 0.34805299853906035, 0.3350504585541785, 0.32207895163446665, 0.31145881954580545, 0.29121785098686814, 0.285641067661345, 0.2756467782892287, 0.2600186017807573, 0.24975958978757262, 0.24522923422046006, 0.23593759955838323]"
