alpha,K,layers,hidden_channels,out_channels,norm,dropout,margin,lpl_weight,ratio,seed,aggregation,pos_weight,accuracy,f1,recall,precision
0.5,22,1,128,128,,0.15315790760402032,0.5,0.4870163601156928,0.27798002166962676,1,sum,1,0.9149383829275624,0.8101945003353455,0.8616262482168331,0.7645569620253164
0.5,22,1,128,128,,0.15315790760402032,0.5,0.4870163601156928,0.27798002166962676,2,sum,1,0.919146378118425,0.8231426692965155,0.8930099857346647,0.7634146341463415
0.5,22,1,128,128,,0.15315790760402032,0.5,0.4870163601156928,0.27798002166962676,3,sum,1,0.9218515178839796,0.8271276595744681,0.8873038516405135,0.7745952677459527
0.5,22,1,128,128,,0.15315790760402032,0.5,0.4870163601156928,0.27798002166962676,4,sum,1,0.9170423805229937,0.8169761273209549,0.8787446504992867,0.7633209417596035
0.5,22,1,128,128,,0.15315790760402032,0.5,0.4870163601156928,0.27798002166962676,5,sum,1,0.9197475202885482,0.8189830508474576,0.8616262482168331,0.7803617571059431
