alpha,K,layers,hidden_channels,out_channels,norm,dropout,margin,lpl_weight,ratio,seed,aggregation,pos_weight,accuracy,f1,recall,precision
0.5,15,2,256,128,,0.31858959886783306,0.5,0.9471158723185937,0.13922711155303857,1,sum,1,0.9383829275623685,0.8524118070554355,0.8445078459343794,0.8604651162790697
0.5,15,2,256,128,,0.31858959886783306,0.5,0.9471158723185937,0.13922711155303857,2,sum,1,0.9419897805831079,0.8602461984069515,0.8473609129814551,0.8735294117647059
0.5,15,2,256,128,,0.31858959886783306,0.5,0.9471158723185937,0.13922711155303857,3,sum,1,0.9380823564773069,0.8526466380543634,0.8502139800285307,0.8550932568149211
0.5,15,2,256,128,,0.31858959886783306,0.5,0.9471158723185937,0.13922711155303857,4,sum,1,0.943492636008416,0.8621700879765396,0.8388017118402282,0.8868778280542986
0.5,15,2,256,128,,0.31858959886783306,0.5,0.9471158723185937,0.13922711155303857,5,sum,1,0.9380823564773069,0.8511560693641619,0.8402282453637661,0.862371888726208
