K,layers,hidden_channels,out_channels,norm,lr,treatment,dropout,ratio,seed,aggregation,model_type,batch_size,rate_pairs,clusters,sampling,sampling_k,num_epochs,anomaly_detector,accuracy,f1,recall,precision,losses
3,1,128,256,,0.007286497097913695,removal,0,0.1715488872994813,654,mean,GCNConv,1024,10,200,neighbor,25,50,unweighted,0.9212503757138564,0.7798319327731092,0.6619115549215406,0.9488752556237219,"[2.7769577503204346, 2.522721827030182, 2.506834924221039, 2.503335475921631, 2.446324646472931, 2.3351176977157593, 2.373175859451294, 2.3378531336784363, 2.297033131122589, 2.238288104534149, 2.1845207810401917, 2.148007333278656, 2.121718943119049, 2.1321406960487366, 2.1135563254356384, 2.0068773329257965, 1.9708496630191803, 2.0138882994651794, 1.9252664148807526, 1.8360041379928589, 1.8371118307113647, 1.7902539372444153, 1.7847294211387634, 1.7495970726013184, 1.8228780925273895, 1.6949511766433716, 1.6616981327533722, 1.6052862107753754, 1.5777243673801422, 1.6118345856666565, 1.539293795824051, 1.506051480770111, 1.4791957139968872, 1.4506430923938751, 1.3983585834503174, 1.3415333330631256, 1.3175432682037354, 1.3343979716300964, 1.2446784377098083, 1.2850826382637024, 1.2342281937599182, 1.2080081403255463, 1.2116341888904572, 1.1586469411849976, 1.1646718978881836, 1.13498255610466, 1.0624542236328125, 1.0873448550701141, 1.0474934577941895, 1.059155523777008]"
