alpha,K,layers,hidden_channels,out_channels,norm,dropout,margin,lpl_weight,ratio,seed,aggregation,pos_weight,accuracy,f1,recall,precision
0.5,17,1,256,256,,0.09032841120045404,0.5,0.34565769512093497,0.23213036724825611,1,sum,1,0.9203486624586715,0.8119233498935415,0.8159771754636234,0.807909604519774
0.5,17,1,256,256,,0.09032841120045404,0.5,0.34565769512093497,0.23213036724825611,2,sum,1,0.9269612263300271,0.8322981366459627,0.8601997146932953,0.8061497326203209
0.5,17,1,256,256,,0.09032841120045404,0.5,0.34565769512093497,0.23213036724825611,3,sum,1,0.9224526600541028,0.8223140495867769,0.8516405135520685,0.7949400798934754
0.5,17,1,256,256,,0.09032841120045404,0.5,0.34565769512093497,0.23213036724825611,4,sum,1,0.9212503757138564,0.8185595567867036,0.8430813124108416,0.7954239569313594
0.5,17,1,256,256,,0.09032841120045404,0.5,0.34565769512093497,0.23213036724825611,5,sum,1,0.9254583709047189,0.8248587570621468,0.833095577746077,0.8167832167832167
