alpha,K,layers,hidden_channels,out_channels,norm,dropout,margin,lpl_weight,ratio,seed,aggregation,pos_weight,accuracy,f1,recall,precision
0.9481630495090565,21,1,128,64,graphnorm,0.10048299135405205,0.4257854783885347,0.848575126444667,0.4933488872223736,1,sum,1,0.650736399158401,0.5388888888888889,0.9686162624821684,0.37328202308960967
0.9481630495090565,21,1,128,64,graphnorm,0.10048299135405205,0.4257854783885347,0.848575126444667,0.4933488872223736,2,sum,1,0.6513375413285242,0.5396825396825397,0.9700427960057061,0.37383177570093457
0.9481630495090565,21,1,128,64,graphnorm,0.10048299135405205,0.4257854783885347,0.848575126444667,0.4933488872223736,3,sum,1,0.6519386834986475,0.5404761904761904,0.9714693295292439,0.37438152831225946
0.9481630495090565,21,1,128,64,graphnorm,0.10048299135405205,0.4257854783885347,0.848575126444667,0.4933488872223736,4,sum,1,0.6525398256687707,0.5412698412698412,0.9728958630527818,0.3749312809235844
0.9481630495090565,21,1,128,64,graphnorm,0.10048299135405205,0.4257854783885347,0.848575126444667,0.4933488872223736,5,sum,1,0.6513375413285242,0.5396825396825397,0.9700427960057061,0.37383177570093457
