K,layers,hidden_channels,out_channels,norm,lr,treatment,dropout,ratio,seed,aggregation,model_type,batch_size,rate_pairs,reliable_mini_batch,clusters,pos_weight,accuracy,f1,recall,precision,losses
5,2,256,64,,0.007288692029751477,removal,0,0.12368232757348001,654,sum,GCNConv,15,8,True,200,0.22523726331398133,0.9278629395852119,0.8181818181818182,0.7703281027104137,0.8723747980613893,"[3.318520560860634, 3.1031862050294876, 2.765343025326729, 2.8175082728266716, 2.657940424978733, 2.569485403597355, 2.4629739969968796, 2.3916476666927338, 2.1756694689393044, 2.0358824282884598, 1.9409243501722813, 1.952491968870163, 1.692777693271637, 1.683144934475422, 1.5048314034938812, 1.4334833696484566, 1.3012874200940132, 1.1938521787524223, 1.15215502679348, 1.1074387803673744, 0.9435697849839926, 0.9466354735195637, 0.9218731373548508, 0.828137818723917, 0.7712977230548859, 0.7558898515999317, 0.7048379927873611, 0.6720814108848572, 0.6133118867874146, 0.608190355822444, 0.5698236860334873, 0.5378979481756687, 0.5020410139113665, 0.49597118981182575, 0.47301642037928104, 0.45861985720694065, 0.4338639695197344, 0.4066936746239662, 0.388788428157568, 0.3738623857498169, 0.3545796750113368, 0.3611062876880169, 0.33277816511690617, 0.3179211989045143, 0.31301337853074074, 0.3021144177764654, 0.28743880800902843, 0.2744128415361047, 0.25105854915454984, 0.26248348504304886]"
