alpha,K,layers,hidden_channels,out_channels,norm,dropout,margin,lpl_weight,ratio,seed,aggregation,pos_weight,accuracy,f1,recall,precision
0.8672640461165848,19,1,256,128,,0.31040375799165876,0.5372265616707134,0.8372385899763121,0.1455515714687201,1,sum,1,0.9347760745416291,0.8446671438797423,0.8416547788873039,0.8477011494252874
0.8672640461165848,19,1,256,128,,0.31040375799165876,0.5372265616707134,0.8372385899763121,0.1455515714687201,2,sum,1,0.9377817853922452,0.8530872959545777,0.8573466476462197,0.8488700564971752
0.8672640461165848,19,1,256,128,,0.31040375799165876,0.5372265616707134,0.8372385899763121,0.1455515714687201,3,sum,1,0.9392846408175534,0.8559201141226819,0.8559201141226819,0.8559201141226819
0.8672640461165848,19,1,256,128,,0.31040375799165876,0.5372265616707134,0.8372385899763121,0.1455515714687201,4,sum,1,0.9401863540727382,0.8559015206372194,0.8430813124108416,0.8691176470588236
0.8672640461165848,19,1,256,128,,0.31040375799165876,0.5372265616707134,0.8372385899763121,0.1455515714687201,5,sum,1,0.937180643222122,0.8512455516014235,0.8530670470756063,0.8494318181818182
