alpha,K,layers,hidden_channels,out_channels,norm,dropout,margin,lpl_weight,ratio,seed,aggregation,pos_weight,accuracy,f1,recall,precision
0.5,21,1,256,256,,0.10588332496830308,0.5,0.4418681437960752,0.20829719934113405,1,sum,1,0.9194469492034866,0.8060781476121563,0.7945791726105563,0.8179148311306902
0.5,21,1,256,256,,0.10588332496830308,0.5,0.4418681437960752,0.20829719934113405,2,sum,1,0.9299669371806433,0.837404047452896,0.8559201141226819,0.819672131147541
0.5,21,1,256,256,,0.10588332496830308,0.5,0.4418681437960752,0.20829719934113405,3,sum,1,0.9263600841599038,0.8261178140525195,0.8302425106990015,0.8220338983050848
0.5,21,1,256,256,,0.10588332496830308,0.5,0.4418681437960752,0.20829719934113405,4,sum,1,0.9275623685001503,0.8301620859760395,0.8402282453637661,0.8203342618384402
0.5,21,1,256,256,,0.10588332496830308,0.5,0.4418681437960752,0.20829719934113405,5,sum,1,0.9284640817553351,0.829512893982808,0.8259629101283881,0.8330935251798561
