alpha,K,layers,hidden_channels,out_channels,norm,dropout,margin,lpl_weight,ratio,seed,aggregation,pos_weight,accuracy,f1,recall,precision
0.940657099539504,18,1,128,256,graphnorm,0.08278549416492588,0.5458427655168083,0.22282478318734045,0.11947341360847565,1,sum,1,0.9335737902013826,0.8361749444032617,0.8045649072753209,0.8703703703703703
0.940657099539504,18,1,128,256,graphnorm,0.08278549416492588,0.5458427655168083,0.22282478318734045,0.11947341360847565,2,sum,1,0.9383829275623685,0.8475836431226765,0.8131241084165478,0.8850931677018633
0.940657099539504,18,1,128,256,graphnorm,0.08278549416492588,0.5458427655168083,0.22282478318734045,0.11947341360847565,3,sum,1,0.9365795010519988,0.8433556050482554,0.8102710413694721,0.8792569659442725
0.940657099539504,18,1,128,256,graphnorm,0.08278549416492588,0.5458427655168083,0.22282478318734045,0.11947341360847565,4,sum,1,0.9329726480312593,0.8334578043315908,0.7960057061340942,0.8746081504702194
0.940657099539504,18,1,128,256,graphnorm,0.08278549416492588,0.5458427655168083,0.22282478318734045,0.11947341360847565,5,sum,1,0.9302675082657048,0.8263473053892215,0.7874465049928673,0.8692913385826772
