alpha,K,layers,hidden_channels,out_channels,norm,dropout,margin,lpl_weight,ratio,seed,aggregation,pos_weight,accuracy,f1,recall,precision
0.11025431888285023,25,1,128,64,,0.14575535998730102,0.2548508783226556,0.11163681281512958,0.22412167714856937,1,mean,1,0.9002103997595431,0.760806916426513,0.7532097004279601,0.7685589519650655
0.11025431888285023,25,1,128,64,,0.14575535998730102,0.2548508783226556,0.11163681281512958,0.22412167714856937,2,mean,1,0.9059212503757138,0.7662434652725915,0.7318116975748931,0.8040752351097179
0.11025431888285023,25,1,128,64,,0.14575535998730102,0.2548508783226556,0.11163681281512958,0.22412167714856937,3,mean,1,0.9083258190562068,0.7745750184774575,0.7475035663338089,0.803680981595092
0.11025431888285023,25,1,128,64,,0.14575535998730102,0.2548508783226556,0.11163681281512958,0.22412167714856937,4,mean,1,0.9092275323113916,0.7766272189349113,0.7489300998573466,0.8064516129032258
0.11025431888285023,25,1,128,64,,0.14575535998730102,0.2548508783226556,0.11163681281512958,0.22412167714856937,5,mean,1,0.9041178238653441,0.7652685798381162,0.7417974322396577,0.790273556231003
