alpha,K,layers,hidden_channels,out_channels,norm,dropout,margin,lpl_weight,ratio,seed,aggregation,pos_weight,accuracy,f1,recall,precision
0.5,23,1,256,128,,0.13497734347064388,0.5,0.7429317650133781,0.08119488907189809,1,mean,1,0.9062218214607755,0.7395659432387313,0.6319543509272468,0.8913480885311871
0.5,23,1,256,128,,0.13497734347064388,0.5,0.7429317650133781,0.08119488907189809,2,mean,1,0.9122332431620078,0.7566666666666667,0.6476462196861626,0.9098196392785571
0.5,23,1,256,128,,0.13497734347064388,0.5,0.7429317650133781,0.08119488907189809,3,mean,1,0.9155395250976857,0.7679603633360859,0.6633380884450785,0.9117647058823529
0.5,23,1,256,128,,0.13497734347064388,0.5,0.7429317650133781,0.08119488907189809,4,mean,1,0.9122332431620078,0.757071547420965,0.6490727532097005,0.908183632734531
0.5,23,1,256,128,,0.13497734347064388,0.5,0.7429317650133781,0.08119488907189809,5,mean,1,0.916741809437932,0.7731367731367731,0.6733238231098431,0.9076923076923077
