K,layers,hidden_channels,out_channels,norm,lr,treatment,dropout,ratio,seed,aggregation,model_type,batch_size,rate_pairs,clusters,sampling,num_epochs,anomaly_detector,accuracy,f1,recall,precision,losses
4,1,128,128,,0.003158514450482049,removal,0.04045970905115004,0.018317287906770126,654,mean,GCNConv,20,6,500,cluster,100,nearest_neighbors,0.9546430719010395,0.7210776545166403,0.6006600660066007,0.9018830525272548,"[33.00915107131004, 30.26893275976181, 28.060575753450394, 25.41981491446495, 24.40395087003708, 22.7492878139019, 21.65935418009758, 20.855879843235016, 18.681288078427315, 17.02601981163025, 16.596699684858322, 15.473602831363678, 14.757437318563461, 14.037516683340073, 13.51936486363411, 12.297572255134583, 12.015257775783539, 11.460121601819992, 10.661257445812225, 9.967460319399834, 9.30365589261055, 9.20834293961525, 8.649055734276772, 8.191497221589088, 7.694917321205139, 7.400934934616089, 6.960186317563057, 6.507539972662926, 6.5713978707790375, 6.042253315448761, 5.910180225968361, 5.621916130185127, 5.372963264584541, 5.100982628762722, 4.939063534140587, 4.703815087676048, 4.729541689157486, 4.4438983872532845, 4.116521090269089, 4.059808410704136, 3.9033234380185604, 3.7313394621014595, 3.5797067806124687, 3.571521207690239, 3.489540308713913, 3.2913012206554413, 3.214031882584095, 3.0361859053373337, 2.9890992864966393, 2.8433311469852924, 2.833199504762888, 2.7020122036337852, 2.5923570841550827, 2.5496711134910583, 2.4386607855558395, 2.3734850492328405, 2.3199621960520744, 2.26557507365942, 2.1937633603811264, 2.2093428932130337, 2.0939898155629635, 2.0008017234504223, 1.9235386308282614, 1.90055450797081, 1.8225044719874859, 1.8333969339728355, 1.7337229140102863, 1.6872390862554312, 1.659364689141512, 1.6461772583425045, 1.6008791886270046, 1.5632502883672714, 1.5379529278725386, 1.5070082135498524, 1.4630741588771343, 1.4291271921247244, 1.3917096145451069, 1.358803853392601, 1.3297484405338764, 1.2953074276447296, 1.2935638390481472, 1.23224863037467, 1.2073341831564903, 1.1941473670303822, 1.1572004538029432, 1.1396780349314213, 1.0927891600877047, 1.0688024424016476, 1.0765554886311293, 1.0311261303722858, 1.0071699060499668, 0.982680169865489, 0.9649529978632927, 0.9348886460065842, 0.9402371468022466, 0.9296641610562801, 0.8773361798375845, 0.8805528394877911, 0.878538204357028, 0.8534643277525902]"
