K,layers,hidden_channels,out_channels,norm,lr,treatment,dropout,ratio,seed,aggregation,model_type,batch_size,rate_pairs,clusters,sampling,num_epochs,anomaly_detector,accuracy,f1,recall,precision,losses,test_accuracy,test_f1,test_recall,test_precision
1,1,16,1,,0.005,removal,0,0.023071548886504957,654,mean,GCNConv,4096,10,50,sage,50,nearest_neighbors,nan,0.0,0.0,0.0,"[0.4287226274609566, 0.36600951353708905, 0.3322524130344391, 0.310711791117986, 0.2949282502134641, 0.28116266429424286, 0.2697814429799716, 0.2596283008654912, 0.25029819707075757, 0.23988750080267587, 0.23008079081773758, 0.2206247349580129, 0.21372058739264807, 0.20324445888400078, 0.19453450789054236, 0.18676345298687616, 0.17890621597568193, 0.17350749919811884, 0.16759029030799866, 0.1622011587023735, 0.15879411002000174, 0.15405288338661194, 0.15083546563982964, 0.1467429685095946, 0.14447343349456787, 0.14131266996264458, 0.1385804129143556, 0.13504413701593876, 0.13290944074591002, 0.12993598046402136, 0.12746565168102583, 0.12474881298840046, 0.12294182491799195, 0.12141046114265919, 0.12018296432991822, 0.11813586081067722, 0.1163872741162777, 0.11473111373682816, 0.11374219382802646, 0.11277367236713569, 0.11135176507135232, 0.11042662399510543, 0.10980341707666715, 0.10821504270037015, 0.10740050859749317, 0.10656347746650378, 0.10540387965738773, 0.10394485046466191, 0.10347126734753449, 0.10346289537847042]",0.8719307852371043,0.005104645227156712,0.004125412541254125,0.006693440428380187
