K,layers,hidden_channels,out_channels,norm,lr,treatment,dropout,ratio,seed,aggregation,model_type,batch_size,rate_pairs,clusters,sampling,num_epochs,anomaly_detector,accuracy,f1,recall,precision,losses
5,1,128,128,,0.0033668171308606667,removal,0.01425783160491924,0.017415234721627003,654,mean,GCNConv,20,6,500,cluster,100,nearest_neighbors,0.953290095352633,0.7125677282939078,0.5931793179317931,0.8921244209133025,"[38.20605927705765, 34.00442346930504, 31.305985659360886, 27.970946460962296, 27.210478603839874, 25.835900127887726, 22.85897123813629, 22.073393613100052, 20.388394355773926, 19.01376786828041, 18.281042903661728, 16.866563856601715, 16.20508536696434, 15.392026260495186, 14.252693384885788, 13.535986423492432, 13.172151058912277, 12.604376137256622, 11.68717260658741, 10.865870028734207, 10.13071845471859, 10.001618266105652, 9.363253563642502, 8.830350205302238, 8.266949012875557, 7.927428707480431, 7.4289475902915, 6.9240560457110405, 6.974298104643822, 6.392383985221386, 6.229607164859772, 5.912672847509384, 5.639080747961998, 5.338183492422104, 5.156473979353905, 4.8996836468577385, 4.916779361665249, 4.608486168086529, 4.260806493461132, 4.19315667450428, 4.023498199880123, 3.8408082872629166, 3.6782388538122177, 3.664442129433155, 3.5742004811763763, 3.366496704518795, 3.2828853875398636, 3.0971572548151016, 3.0455936416983604, 2.8935777582228184, 2.879520148038864, 2.7430283576250076, 2.629325605928898, 2.582747608423233, 2.4676763862371445, 2.399435620754957, 2.3431234769523144, 2.28660199791193, 2.212262451648712, 2.2259260825812817, 2.107934508472681, 2.01261755079031, 1.9333412256091833, 1.9090202413499355, 1.8294078707695007, 1.8390905745327473, 1.7379336133599281, 1.6901026088744402, 1.661099649965763, 1.6471930481493473, 1.6009726598858833, 1.5624199900776148, 1.536315144971013, 1.5041443668305874, 1.459789952263236, 1.4252749048173428, 1.387338975444436, 1.353830425068736, 1.3242033682763577, 1.2894235365092754, 1.2870589569211006, 1.2254105359315872, 1.2003918774425983, 1.1866812817752361, 1.1495035383850336, 1.1317298375070095, 1.0847161822021008, 1.0606018342077732, 1.0678574703633785, 1.0224829111248255, 0.9984095860272646, 0.9738437123596668, 0.9559190375730395, 0.9259176701307297, 0.9309107903391123, 0.9201101884245872, 0.868131872266531, 0.8710196539759636, 0.8687873538583517, 0.8437835294753313]"
