K,layers,hidden_channels,out_channels,norm,lr,treatment,dropout,ratio,seed,aggregation,model_type,batch_size,rate_pairs,clusters,sampling,num_epochs,anomaly_detector,accuracy,f1,recall,precision,losses
4,1,128,128,,0.002904875441079342,removal,0.008376534131685076,0.017375090194841437,654,mean,GCNConv,20,7,500,cluster,100,nearest_neighbors,0.9538055149901211,0.7170853610416941,0.5997799779977998,0.8914323086984958,"[32.114259868860245, 30.439445436000824, 27.86224013566971, 25.8640213906765, 24.85641759634018, 22.91281485557556, 22.101204872131348, 21.603209018707275, 19.603492081165314, 17.794277608394623, 17.644697695970535, 16.262598410248756, 15.615927696228027, 14.816769003868103, 13.722993940114975, 13.03645434975624, 12.803418964147568, 12.324910283088684, 11.495519742369652, 10.773948267102242, 10.103841185569763, 10.036538034677505, 9.469620317220688, 8.989071190357208, 8.464176923036575, 8.16997841000557, 7.687549367547035, 7.206018410623074, 7.296281650662422, 6.719159290194511, 6.584044575691223, 6.271379336714745, 6.004329681396484, 5.706863172352314, 5.533532947301865, 5.278302848339081, 5.314186319708824, 4.99714045971632, 4.632866859436035, 4.573751151561737, 4.400125365704298, 4.211237505078316, 4.044010624289513, 4.037488907575607, 3.9462391063570976, 3.7248078361153603, 3.6396473571658134, 3.4400973320007324, 3.3899006098508835, 3.226478695869446, 3.2169920206069946, 3.068944439291954, 2.9464167654514313, 2.8991539403796196, 2.773585684597492, 2.7009272519499063, 2.6409652307629585, 2.5804496705532074, 2.499823994934559, 2.5185780823230743, 2.3877263590693474, 2.2822856940329075, 2.1949975825846195, 2.169066272675991, 2.0810384452342987, 2.094072926789522, 1.980896681547165, 1.9281050451099873, 1.8964258953928947, 1.8823777735233307, 1.8309512697160244, 1.7884800843894482, 1.7600278966128826, 1.7245535776019096, 1.675508700311184, 1.6364647634327412, 1.5940271727740765, 1.5565418358892202, 1.5235647074878216, 1.4845329076051712, 1.4829455465078354, 1.4125638380646706, 1.3848146684467793, 1.3696402348577976, 1.3274507205933332, 1.3076398074626923, 1.2539155520498753, 1.2267199996858835, 1.2358402572572231, 1.183852406218648, 1.1565621308982372, 1.128644629381597, 1.1083338800817728, 1.074044780805707, 1.0803475473076105, 1.068347493186593, 1.008425511419773, 1.0121439900249243, 1.0100319795310497, 0.9813472367823124]"
