K,layers,hidden_channels,out_channels,norm,lr,treatment,dropout,ratio,seed,aggregation,model_type,batch_size,rate_pairs,clusters,sampling,num_epochs,anomaly_detector,accuracy,f1,recall,precision,losses,test_accuracy,test_f1,test_recall,test_precision
1,1,16,1,,0.005,removal,0,0.020877377620765757,654,mean,GCNConv,4096,10,50,sage,50,nearest_neighbors,nan,0.0,0.0,0.0,"[0.4282289097706477, 0.365582637488842, 0.33169888456662494, 0.3105686853329341, 0.29439465204874676, 0.28060512741406757, 0.2693541795015335, 0.2590554282069206, 0.24976362784703574, 0.23941167940696081, 0.22971247881650925, 0.22029906138777733, 0.2134603994588057, 0.20302982504169145, 0.19420249884327254, 0.18654172495007515, 0.1787684621910254, 0.17333267256617546, 0.167393047362566, 0.16200622046987215, 0.15853743130962053, 0.15392212942242622, 0.15059377873937288, 0.14647816369930902, 0.14409539848566055, 0.14093701789776483, 0.1382954219977061, 0.1346669103950262, 0.132475225875775, 0.12939138213793436, 0.12702988646924496, 0.1245523610462745, 0.12287555200358231, 0.1213984340429306, 0.12013703087965648, 0.1181660567720731, 0.11646379033724467, 0.11479012481868267, 0.11383943756421407, 0.11292228723565738, 0.11146468917528789, 0.1105515044182539, 0.10992995090782642, 0.10833226641019185, 0.10755910103519757, 0.10667423655589421, 0.10556316127379735, 0.10405641049146652, 0.10366435721516609, 0.10365716554224491]",0.8809070796460177,0.00517464424320828,0.0044011317195850365,0.006278026905829596
