K,layers,hidden_channels,out_channels,norm,lr,treatment,dropout,ratio,seed,aggregation,model_type,batch_size,rate_pairs,clusters,sampling,num_epochs,anomaly_detector,accuracy,f1,recall,precision,losses
3,1,128,128,,0.0021451565791367807,removal,0.016453178705662742,0.018171536807069358,654,mean,GCNConv,20,6,100,cluster,100,nearest_neighbors,0.9447641955158491,0.6596082583377448,0.5482948294829483,0.8276320159415477,"[4.801132678985596, 4.597330689430237, 4.259675085544586, 4.228780150413513, 4.11822509765625, 4.147560298442841, 4.150686264038086, 4.1776339411735535, 4.082550346851349, 4.00683730840683, 3.943910777568817, 4.0336214900016785, 3.8997374176979065, 3.863341450691223, 3.930002510547638, 3.844075918197632, 3.8130892515182495, 3.7184284925460815, 3.899077534675598, 3.7674105167388916, 3.641529083251953, 3.7455071210861206, 3.7334192395210266, 3.580843925476074, 3.589809238910675, 3.700653851032257, 3.5934455394744873, 3.5935158133506775, 3.6559938788414, 3.490992486476898, 3.5801480412483215, 3.4923099279403687, 3.5139471888542175, 3.48309987783432, 3.4257789254188538, 3.4407520294189453, 3.428740918636322, 3.3755792379379272, 3.4099153876304626, 3.4047380089759827, 3.2441063821315765, 3.3288893699645996, 3.2455987334251404, 3.2904250025749207, 3.2933017015457153, 3.2031067609786987, 3.1489665508270264, 3.1162440180778503, 3.1828287839889526, 3.108972907066345, 3.088732063770294, 3.072683572769165, 3.0507197976112366, 3.1003148555755615, 3.0488122701644897, 3.007522940635681, 2.96591579914093, 2.9517605900764465, 2.9421062767505646, 2.9428926706314087, 2.904970645904541, 2.860327959060669, 2.909395694732666, 2.838168680667877, 2.76839280128479, 2.793583035469055, 2.7184477746486664, 2.815983235836029, 2.786274939775467, 2.7612346410751343, 2.7344111800193787, 2.6365926861763, 2.6665569841861725, 2.6389940977096558, 2.584479123353958, 2.5685677528381348, 2.5637253522872925, 2.5145267844200134, 2.5872962176799774, 2.516030877828598, 2.5308157205581665, 2.4928340911865234, 2.5032924115657806, 2.384163051843643, 2.455999195575714, 2.426033228635788, 2.402300477027893, 2.3851708471775055, 2.369259864091873, 2.3405597507953644, 2.348339706659317, 2.2316306829452515, 2.3558686673641205, 2.2548234462738037, 2.256565809249878, 2.2759496867656708, 2.2965866923332214, 2.1416288316249847, 2.236344039440155, 2.0901409685611725]"
