K,layers,hidden_channels,out_channels,norm,lr,treatment,dropout,ratio,seed,aggregation,model_type,batch_size,rate_pairs,clusters,sampling,num_epochs,anomaly_detector,accuracy,f1,recall,precision,losses
5,1,256,128,,0.003542094618689916,removal,0.05059595120992473,0.019712916087191418,654,mean,GCNConv,20,5,500,cluster,100,nearest_neighbors,0.9524740142599433,0.7076231998943057,0.5892189218921893,0.8855820105820106,"[35.921414107084274, 31.823038816452026, 29.58932390809059, 26.870137602090836, 25.872165262699127, 23.744511902332306, 21.802977204322815, 20.908624082803726, 19.54323121905327, 17.94430646300316, 17.52453526854515, 16.304615288972855, 15.64589112997055, 14.820064336061478, 13.689916282892227, 12.964163571596146, 12.570046484470367, 11.998281061649323, 11.098099768161774, 10.298565432429314, 9.582144312560558, 9.433195650577545, 8.814533308148384, 8.300256609916687, 7.7566676288843155, 7.4269252717494965, 6.9529853612184525, 6.4721798822283745, 6.509563237428665, 5.961706578731537, 5.804126009345055, 5.505114391446114, 5.244940236210823, 4.963189363479614, 4.790000483393669, 4.54895856231451, 4.5607850253582, 4.273001939058304, 3.949891597032547, 3.8851724937558174, 3.726471234112978, 3.555591993033886, 3.4038203060626984, 3.3900494500994682, 3.3058796375989914, 3.1126787662506104, 3.034407839179039, 2.8619491681456566, 2.8129623904824257, 2.672649070620537, 2.6588524989783764, 2.5322605445981026, 2.4264249578118324, 2.383180744946003, 2.276990167796612, 2.2135838586837053, 2.1613707207143307, 2.108502756804228, 2.0395418033003807, 2.0516032092273235, 1.9428441263735294, 1.8548054657876492, 1.7816381584852934, 1.7588273603469133, 1.6853302214294672, 1.6938096918165684, 1.6006587073206902, 1.556672471575439, 1.5297163911163807, 1.5164888985455036, 1.473779859021306, 1.4381399769335985, 1.413858775049448, 1.3842164613306522, 1.3432073462754488, 1.31143194809556, 1.276402447372675, 1.2454740107059479, 1.2182482592761517, 1.1861084643751383, 1.1836508847773075, 1.1270182617008686, 1.1038852911442518, 1.0911734960973263, 1.05697569437325, 1.0405490677803755, 0.9973246939480305, 0.975050276145339, 0.981582771986723, 0.9399113487452269, 0.9177274759858847, 0.8950837636366487, 0.8785706339403987, 0.8509387671947479, 0.8553628884255886, 0.8453859183937311, 0.7977142632007599, 0.8002503197640181, 0.7981235049664974, 0.775108540430665]"
