K,layers,hidden_channels,out_channels,norm,lr,treatment,dropout,ratio,seed,aggregation,model_type,batch_size,rate_pairs,clusters,sampling,num_epochs,anomaly_detector,accuracy,f1,recall,precision,losses,test_accuracy,test_f1,test_recall,test_precision
25,1,128,64,,0.005,removal,0,0.01645933315205571,654,mean,GATConv,4096,10,50,sage,50,nearest_neighbors,nan,0.0,0.0,0.0,"[3408.8324241638184, 2903.8903770446777, 2514.956153869629, 2224.233352661133, 1971.2421550750732, 1745.8527965545654, 1575.2396068572998, 1422.0301132202148, 1292.655860900879, 1181.243501663208, 1080.8189525604248, 986.438060760498, 905.3622074127197, 835.7306795120239, 770.5037317276001, 710.3052673339844, 649.6528978347778, 599.8763418197632, 551.6984167098999, 506.1583938598633, 465.87497091293335, 428.6208095550537, 395.1577138900757, 364.57156229019165, 335.3091387748718, 311.7110948562622, 287.5384120941162, 267.45173931121826, 248.08483791351318, 231.3471736907959, 215.9721667766571, 201.88668751716614, 188.84790468215942, 177.07647490501404, 166.45047092437744, 156.47189664840698, 147.10938429832458, 139.10915231704712, 131.1854374408722, 123.99770760536194, 117.64692807197571, 111.37878513336182, 105.81675565242767, 100.48279476165771, 95.61650359630585, 90.92464351654053, 86.65754413604736, 82.63094711303711, 79.01153445243835, 75.39729857444763]",0.9376636864445046,0.19947810959698464,0.1513418389793225,0.2925170068027211
