K,layers,hidden_channels,out_channels,norm,lr,treatment,dropout,ratio,seed,aggregation,model_type,batch_size,rate_pairs,clusters,sampling,num_epochs,anomaly_detector,accuracy,f1,recall,precision,losses
5,1,128,128,,0.0027821699687156816,removal,0.033926939165251246,0.017895949580260417,654,mean,GCNConv,20,8,500,cluster,100,nearest_neighbors,0.9531827162614895,0.7117927022739291,0.5922992299229923,0.8916859887379928,"[36.34111997485161, 32.85238090157509, 31.051069349050522, 28.469118237495422, 27.19368952512741, 25.653774559497833, 23.978245437145233, 23.513701409101486, 21.770141571760178, 20.026497066020966, 19.853175103664398, 18.641842648386955, 18.1480373442173, 17.457204312086105, 16.34898939728737, 15.674380362033844, 15.474214404821396, 14.964746296405792, 13.99798208475113, 13.101701557636261, 12.33625564724207, 12.301949888467789, 11.612043738365173, 11.004407674074173, 10.381445586681366, 10.028033524751663, 9.437453746795654, 8.846240490674973, 8.963929638266563, 8.25048491358757, 8.071532055735588, 7.686473056674004, 7.3669480085372925, 6.985992193222046, 6.772654950618744, 6.455789342522621, 6.500395506620407, 6.107940219342709, 5.656698413193226, 5.57495941221714, 5.3620631620287895, 5.127831242978573, 4.920664884150028, 4.90873795747757, 4.7915778905153275, 4.522337451577187, 4.416029155254364, 4.17082230001688, 4.106640458106995, 3.9081973247230053, 3.8925644531846046, 3.711737632751465, 3.563726492226124, 3.5030272901058197, 3.348736584186554, 3.259426362812519, 3.1842651553452015, 3.1114256754517555, 3.013189844787121, 3.0336127057671547, 2.874856784939766, 2.7465019710361958, 2.6402226202189922, 2.6081843599677086, 2.502045623958111, 2.5164891071617603, 2.379377443343401, 2.3147908840328455, 2.275786779820919, 2.258298333734274, 2.1961264945566654, 2.144143011420965, 2.1099290549755096, 2.06627931445837, 2.0069848634302616, 1.9596115592867136, 1.908290296792984, 1.8630516901612282, 1.8224222213029861, 1.775703750550747, 1.7732221595942974, 1.6887528710067272, 1.6551461555063725, 1.6366644985973835, 1.5860236883163452, 1.5619127117097378, 1.497411385178566, 1.464917290955782, 1.4752837903797626, 1.4129980877041817, 1.3800974059849977, 1.3465729635208845, 1.3219442758709192, 1.2809748221188784, 1.2882143035531044, 1.2737371996045113, 1.2022173795849085, 1.2062221094965935, 1.2035637572407722, 1.16918352432549]"
