K,layers,hidden_channels,out_channels,norm,lr,treatment,dropout,ratio,seed,aggregation,model_type,batch_size,rate_pairs,clusters,sampling,num_epochs,anomaly_detector,accuracy,f1,recall,precision,losses
4,1,64,128,,0.006093448193569564,removal,0.12291321904384442,0.01578326975927555,654,mean,GCNConv,20,10,500,cluster,100,nearest_neighbors,0.9542994588093806,0.7163423087176752,0.5911991199119911,0.9086912411227596,"[31.735420167446136, 29.589725643396378, 25.433680027723312, 22.142491698265076, 19.81010928750038, 17.20862638950348, 14.992076635360718, 13.432225346565247, 11.980899259448051, 10.577967256307602, 9.672318756580353, 8.64542055875063, 8.006227418780327, 7.22760558873415, 6.505497425794601, 6.0102139711380005, 5.656206950545311, 5.286126688122749, 4.809267416596413, 4.413138270378113, 4.0344248823821545, 3.9095241501927376, 3.614744372665882, 3.3831984996795654, 3.1301374807953835, 2.9696358516812325, 2.769268799573183, 2.5614224784076214, 2.5600322782993317, 2.3335624374449253, 2.263686176389456, 2.140954904258251, 2.0289316587150097, 1.9189846850931644, 1.8458373509347439, 1.7479656040668488, 1.7469892017543316, 1.6332331653684378, 1.5087651740759611, 1.4823900200426579, 1.419084713794291, 1.3520895019173622, 1.2921768799424171, 1.286264255642891, 1.2542949318885803, 1.1786171849817038, 1.1482271552085876, 1.082032324746251, 1.0624302048236132, 1.0079342909157276, 1.0026075895875692, 0.9541666768491268, 0.9127552416175604, 0.8962766993790865, 0.8562846090644598, 0.8318654713220894, 0.8123062718659639, 0.7914847955107689, 0.7649245467036963, 0.7693390026688576, 0.7282366305589676, 0.6949477260932326, 0.6672770790755749, 0.6585678514093161, 0.6303808446973562, 0.6334160603582859, 0.5983611429110169, 0.5818786011077464, 0.5718594649806619, 0.5665019424632192, 0.5503057455644011, 0.5369119951501489, 0.5275234915316105, 0.5164156518876553, 0.500809608027339, 0.4890426127240062, 0.4757608901709318, 0.4641262302175164, 0.45405831560492516, 0.4418084751814604, 0.4407432824373245, 0.41965727787464857, 0.4108269065618515, 0.40607986133545637, 0.39315997809171677, 0.38703191047534347, 0.37090278789401054, 0.36242603696882725, 0.36483955662697554, 0.3492513280361891, 0.34092874825000763, 0.33244081772863865, 0.3263445058837533, 0.3159458739683032, 0.3175329393707216, 0.31373721547424793, 0.2959264942910522, 0.2969206552952528, 0.29605359956622124, 0.28749722987413406]"
