K,layers,hidden_channels,out_channels,norm,lr,treatment,dropout,ratio,seed,aggregation,model_type,batch_size,rate_pairs,clusters,sampling,num_epochs,anomaly_detector,accuracy,f1,recall,precision,losses
4,1,128,128,,0.0029216340492618496,removal,0.045501310745725415,0.016139499625524096,654,mean,GCNConv,20,8,500,cluster,100,nearest_neighbors,0.9544497895369813,0.7175389532560927,0.5927392739273928,0.9089068825910931,"[32.300567507743835, 29.425495833158493, 27.858534455299377, 25.980356812477112, 24.871191143989563, 23.95877879858017, 21.92844995856285, 21.82297620177269, 19.41969422996044, 17.71686577796936, 17.78776779770851, 16.488069370388985, 15.683132588863373, 14.811209633946419, 14.185032725334167, 13.215571701526642, 12.794694036245346, 12.284534275531769, 11.4520463347435, 10.742447093129158, 10.04864738881588, 9.981565535068512, 9.407319441437721, 8.924849778413773, 8.397310733795166, 8.10414819419384, 7.631517231464386, 7.148745320737362, 7.238607406616211, 6.662491723895073, 6.524761229753494, 6.21622821688652, 5.955374240875244, 5.655899785459042, 5.483610637485981, 5.22943551838398, 5.265772141516209, 4.951974980533123, 4.590593971312046, 4.529244549572468, 4.35852187871933, 4.170752570033073, 4.004704833030701, 3.9981990456581116, 3.908284679055214, 3.688979186117649, 3.604283221065998, 3.4069474935531616, 3.356401741504669, 3.1943738162517548, 3.1851251870393753, 3.0384813770651817, 2.916939467191696, 2.87001770734787, 2.7457976043224335, 2.6739567276090384, 2.6142243184149265, 2.5542205795645714, 2.474326152354479, 2.4931191354990005, 2.363361094146967, 2.2588862106204033, 2.172578340396285, 2.1466848105192184, 2.059462755918503, 2.0728656202554703, 1.9603027366101742, 1.9079461172223091, 1.8766794987022877, 1.862691204994917, 1.8118663802742958, 1.7701049540191889, 1.7419233210384846, 1.7065158300101757, 1.6575490832328796, 1.6192478239536285, 1.577351152896881, 1.540239967405796, 1.5075260438024998, 1.4689396508038044, 1.4672980979084969, 1.3975684028118849, 1.3699397593736649, 1.355051375925541, 1.3134421408176422, 1.2937960252165794, 1.2406299412250519, 1.2137014400213957, 1.2226424813270569, 1.1711971648037434, 1.1441505122929811, 1.1165544474497437, 1.0965257417410612, 1.0625192057341337, 1.068834058009088, 1.056858753785491, 0.9975256193429232, 1.0012401919811964, 0.9991636089980602, 0.9707618523389101]"
