K,layers,hidden_channels,out_channels,norm,lr,treatment,dropout,ratio,seed,aggregation,model_type,batch_size,rate_pairs,clusters,sampling,num_epochs,anomaly_detector,accuracy,f1,recall,precision,losses,test_accuracy,test_f1,test_recall,test_precision
5,1,256,128,,0.005,removal,0,0.01668095333709107,654,mean,GATConv,8192,10,50,sage,100,nearest_neighbors,0.176056338028169,0.2994011976047904,0.176056338028169,1.0,"[32.51123285293579, 30.21721661090851, 28.483346819877625, 26.391435205936432, 24.75878369808197, 23.10229980945587, 21.422109127044678, 20.06952863931656, 18.584000945091248, 17.306783378124237, 16.09969663619995, 14.894054234027863, 13.776208877563477, 12.827915638685226, 11.883229792118073, 11.033091753721237, 10.272958099842072, 9.558563709259033, 8.913005918264389, 8.322899013757706, 7.7669521272182465, 7.290379106998444, 6.8602511286735535, 6.425047218799591, 6.040354460477829, 5.713858976960182, 5.384050250053406, 5.099054455757141, 4.82174377143383, 4.571648210287094, 4.346089959144592, 4.125296086072922, 3.9285915791988373, 3.759138509631157, 3.587545722723007, 3.4153843969106674, 3.2680594325065613, 3.1560570001602173, 3.066093683242798, 2.900492660701275, 2.766864411532879, 2.6591307893395424, 2.5508423522114754, 2.453633189201355, 2.3598882481455803, 2.2796813622117043, 2.1943441554903984, 2.1130064725875854, 2.036605641245842, 1.9664720445871353, 1.927224911749363, 1.985343798995018, 1.8705645352602005, 1.7584557235240936, 1.6805433556437492, 1.6261436864733696, 1.5723101012408733, 1.5247958712279797, 1.4782211743295193, 1.4342905282974243, 1.39330418035388, 1.3537986166775227, 1.3110402263700962, 1.2766097523272038, 1.2411746755242348, 1.2074981927871704, 1.1736931130290031, 1.1439724378287792, 1.112333182245493, 1.0831450633704662, 1.053712721914053, 1.0264252722263336, 1.0014044605195522, 0.9783256091177464, 0.9537752792239189, 0.9300892986357212, 0.9080342352390289, 0.8855975158512592, 0.8666183277964592, 0.8434429056942463, 0.8216099143028259, 0.8054614383727312, 0.787297897040844, 0.7681454475969076, 0.7493558209389448, 0.7331027295440435, 0.7188440375030041, 0.7017550300806761, 0.6868063993752003, 0.6708330195397139, 0.6576323006302118, 0.6437595970928669, 0.629313750192523, 0.6160782594233751, 0.603063803166151, 0.591418070718646, 0.5807498674839735, 0.5678035989403725, 0.5548016969114542, 0.5456394590437412]",0.9335323425822524,0.5451873622336517,0.4081408140814081,0.8207964601769911
