K,layers,hidden_channels,out_channels,norm,lr,treatment,dropout,ratio,seed,aggregation,model_type,batch_size,rate_pairs,clusters,sampling,num_epochs,anomaly_detector,accuracy,f1,recall,precision,losses,test_accuracy,test_f1,test_recall,test_precision
7,1,64,64,,0.005,removal,0,0.021895791572114857,654,mean,GATConv,4096,10,50,sage,50,nearest_neighbors,nan,0.0,0.0,0.0,"[1114.6019554138184, 976.5787048339844, 857.4664001464844, 756.5171775817871, 666.0644521713257, 583.6937665939331, 511.04192638397217, 445.6897392272949, 388.8162441253662, 339.2340316772461, 296.9621229171753, 260.8290615081787, 230.3692398071289, 204.80656790733337, 183.39094853401184, 164.7165081501007, 148.50234866142273, 134.70009851455688, 122.99983429908752, 112.16835498809814, 102.98011946678162, 94.96085286140442, 87.76353693008423, 81.29903030395508, 75.41089236736298, 70.53696918487549, 65.65350902080536, 61.59495437145233, 57.578007102012634, 54.17855966091156, 50.993452966213226, 48.05827742815018, 45.37140053510666, 42.883466958999634, 40.63214862346649, 38.458437860012054, 36.42185300588608, 34.69318836927414, 32.959514915943146, 31.345940947532654, 29.931263983249664, 28.500259220600128, 27.229827970266342, 25.99983650445938, 24.86848783493042, 23.777183771133423, 22.76219066977501, 21.808221012353897, 20.94457456469536, 20.070150941610336]",0.9435789758872934,0.26521611290796826,0.19841619005719313,0.399822695035461
