K,layers,hidden_channels,out_channels,norm,lr,treatment,dropout,ratio,seed,aggregation,model_type,batch_size,rate_pairs,clusters,sampling,num_epochs,anomaly_detector,accuracy,f1,recall,precision,losses,test_accuracy,test_f1,test_recall,test_precision
7,1,128,64,,0.005,relabeling,0,0.01645933315205571,654,mean,GATConv,4096,10,50,sage,50,nearest_neighbors,nan,0.0,0.0,0.0,"[1165.033992767334, 964.4201545715332, 827.9490242004395, 707.3018846511841, 604.0526571273804, 515.6842947006226, 444.22945737838745, 384.788613319397, 335.4150333404541, 293.5222592353821, 258.8657474517822, 228.63934183120728, 204.88289713859558, 183.98184466362, 166.128413438797, 150.2368290424347, 136.9027464389801, 125.63490223884583, 114.83189272880554, 106.28733098506927, 98.23146688938141, 90.83786356449127, 84.45020234584808, 79.02978444099426, 74.06581354141235, 68.8210119009018, 64.5845832824707, 60.79122734069824, 57.09871530532837, 53.77326953411102, 50.98353976011276, 48.2215079665184, 45.58603984117508, 43.266539454460144, 40.983921110630035, 39.07496494054794, 37.090236127376556, 35.25175362825394, 33.597967982292175, 32.118608355522156, 30.613386929035187, 29.251787900924683, 27.993613183498383, 26.79600089788437, 25.606859803199768, 24.580925434827805, 23.60175323486328, 22.658703923225403, 21.709383577108383, 20.831669092178345]",0.9119028266955658,0.20819805194805194,0.225692916849978,0.19322033898305085
