K,layers,hidden_channels,out_channels,norm,lr,treatment,dropout,ratio,seed,aggregation,model_type,batch_size,rate_pairs,clusters,sampling,num_epochs,anomaly_detector,accuracy,f1,recall,precision,losses,test_accuracy,test_f1,test_recall,test_precision
8,1,64,256,,0.005,removal,0,0.015316116879174002,654,mean,GATConv,8192,10,50,sage,50,nearest_neighbors,nan,0.0,0.0,0.0,"[760.0628604888916, 717.9261264801025, 677.4752864837646, 629.6357955932617, 587.756664276123, 557.2469940185547, 521.5527839660645, 492.55569648742676, 455.4129981994629, 429.04043102264404, 404.067099571228, 379.8248128890991, 354.4011068344116, 332.02968978881836, 309.64747428894043, 290.15651988983154, 271.261510848999, 253.37717056274414, 236.80377769470215, 220.8010082244873, 206.76807832717896, 193.70274257659912, 181.87107038497925, 170.49861812591553, 159.88996124267578, 150.59870147705078, 142.178946018219, 133.73384380340576, 126.36567783355713, 119.74666118621826, 113.16417407989502, 107.4084689617157, 101.90996098518372, 96.8192412853241, 92.26935744285583, 87.92383432388306, 83.83669924736023, 79.74414014816284, 76.33807182312012, 73.2441418170929, 69.95225286483765, 67.31937956809998, 64.37720823287964, 61.73163604736328, 59.37411975860596, 56.995055198669434, 54.9024738073349, 52.83236074447632, 50.81137526035309, 49.175676345825195]",0.9438047502935067,0.12941587967820917,0.08139023317201936,0.31569965870307165
