K,layers,hidden_channels,out_channels,norm,lr,treatment,dropout,ratio,seed,aggregation,model_type,batch_size,rate_pairs,clusters,sampling,num_epochs,anomaly_detector,accuracy,f1,recall,precision,losses,test_accuracy,test_f1,test_recall,test_precision
19,2,64,64,,0.005,removal,0,0.02044621356183711,654,mean,GCNConv,16384,10,50,sage,100,nearest_neighbors,0.13028169014084506,0.23052959501557632,0.13028169014084506,1.0,"[38.70059895515442, 38.08735632896423, 35.83015513420105, 35.287763357162476, 34.10524129867554, 33.62532043457031, 31.949386835098267, 31.312631368637085, 30.786675214767456, 29.456109762191772, 28.26930546760559, 27.688583374023438, 26.58158040046692, 25.878753781318665, 25.021490812301636, 24.55535876750946, 23.368696689605713, 23.056055903434753, 22.07375693321228, 21.393969774246216, 20.701531291007996, 20.12660002708435, 19.70375621318817, 19.024543523788452, 18.503275156021118, 17.94094407558441, 17.237834692001343, 16.88872981071472, 16.26146924495697, 15.861835598945618, 15.45324981212616, 15.17456316947937, 14.524167895317078, 14.117392301559448, 13.762996554374695, 13.384364604949951, 12.86143845319748, 12.699451088905334, 12.2562535405159, 11.98127281665802, 11.572434306144714, 11.280539631843567, 10.91678649187088, 10.699623107910156, 10.347010016441345, 10.054259896278381, 9.754008710384369, 9.497133195400238, 9.228356957435608, 8.942806899547577, 8.72401911020279, 8.442630290985107, 8.214987874031067, 7.966194450855255, 7.74746835231781, 7.538667738437653, 7.346625626087189, 7.13061136007309, 6.926026284694672, 6.728248745203018, 6.569583505392075, 6.362096965312958, 6.17888331413269, 6.05646288394928, 5.885781109333038, 5.715589702129364, 5.58445417881012, 5.413803905248642, 5.272681713104248, 5.148468881845474, 5.020482450723648, 4.892074078321457, 4.771466791629791, 4.6392181515693665, 4.53020516037941, 4.410968869924545, 4.3173501789569855, 4.205240070819855, 4.09864941239357, 4.009985148906708, 3.903220981359482, 3.833745300769806, 3.7413420975208282, 3.6564752757549286, 3.5698015689849854, 3.4909213483333588, 3.4105535745620728, 3.3449410796165466, 3.2642314434051514, 3.185537874698639, 3.1258711218833923, 3.063318371772766, 2.9951979517936707, 2.9323036521673203, 2.876962423324585, 2.809785783290863, 2.7578543722629547, 2.7085488587617874, 2.652353599667549, 2.590982034802437]",0.9350571256764882,0.5407047387606319,0.39163916391639164,0.8729769494850417
