K,layers,hidden_channels,out_channels,norm,lr,treatment,dropout,ratio,seed,aggregation,model_type,batch_size,rate_pairs,clusters,sampling,num_epochs,anomaly_detector,accuracy,f1,recall,precision,losses,test_accuracy,test_f1,test_recall,test_precision
10,1,128,128,,0.005,relabeling,0,0.015294023902797296,654,mean,GCNConv,8192,10,50,sage,50,nearest_neighbors,nan,0.0,0.0,0.0,"[784.6440124511719, 716.7195358276367, 671.6858043670654, 628.8686962127686, 586.587646484375, 545.4597225189209, 506.66954612731934, 468.6597499847412, 433.5397758483887, 402.758337020874, 373.5053653717041, 345.101149559021, 319.7642478942871, 297.5326280593872, 276.13901233673096, 256.26173400878906, 238.63940525054932, 223.05074214935303, 208.0684027671814, 194.29321479797363, 181.65824365615845, 170.7314419746399, 160.63502597808838, 151.2909173965454, 142.8312110900879, 134.13198566436768, 126.91522121429443, 120.06515502929688, 114.0741548538208, 107.94904565811157, 102.89020371437073, 97.76728534698486, 93.50821614265442, 88.93439078330994, 84.71401906013489, 81.34546852111816, 77.49763441085815, 74.27314519882202, 71.27994203567505, 68.16177487373352, 65.31052947044373, 62.83236074447632, 60.59106397628784, 58.257834672927856, 55.87907671928406, 53.976115465164185, 52.04087424278259, 50.31227457523346, 48.51477527618408, 46.754189133644104]",0.9214079291971462,0.16861714831621685,0.15530136383633963,0.18443051201671892
