K,layers,hidden_channels,out_channels,norm,lr,treatment,dropout,ratio,seed,aggregation,model_type,batch_size,rate_pairs,clusters,sampling,num_epochs,anomaly_detector,accuracy,f1,recall,precision,losses,test_accuracy,test_f1,test_recall,test_precision
10,1,128,64,,0.005,removal,0,0.010808752868769048,654,mean,GATConv,4096,10,50,sage,50,nearest_neighbors,nan,0.0,0.0,0.0,"[2139.1621475219727, 1865.7541275024414, 1636.8888492584229, 1449.6589088439941, 1287.436710357666, 1141.3092727661133, 1017.267894744873, 903.0857944488525, 801.5482368469238, 709.8630142211914, 628.1650619506836, 555.1319770812988, 492.201171875, 438.336332321167, 392.2560534477234, 351.7465891838074, 316.08979845046997, 285.9547734260559, 260.14895248413086, 236.43377923965454, 216.32713961601257, 198.88166761398315, 183.1956295967102, 169.14429664611816, 156.37645483016968, 145.87509155273438, 135.39572143554688, 126.70334792137146, 118.17154169082642, 110.94260501861572, 104.19897782802582, 98.00652861595154, 92.3007595539093, 87.1068685054779, 82.39605569839478, 77.86958754062653, 73.63110888004303, 70.031005859375, 66.43206715583801, 63.100815296173096, 60.17569160461426, 57.22939586639404, 54.61772704124451, 52.09395122528076, 49.776877999305725, 47.542721807956696, 45.473310589790344, 43.52794373035431, 41.769094467163086, 39.99349719285965]",0.9393118396098619,0.24790151091214327,0.1948966124065112,0.34050730207532665
