K,layers,hidden_channels,out_channels,norm,lr,treatment,dropout,ratio,seed,aggregation,model_type,batch_size,rate_pairs,clusters,sampling,num_epochs,anomaly_detector,accuracy,f1,recall,precision,losses,test_accuracy,test_f1,test_recall,test_precision
5,1,128,64,,0.005,relabeling,0,0.014520821546089925,654,mean,GATConv,4096,10,50,sage,50,nearest_neighbors,nan,0.0,0.0,0.0,"[951.627197265625, 806.5078639984131, 683.7791900634766, 579.1729393005371, 492.5140333175659, 419.7247910499573, 359.62183380126953, 312.8527088165283, 272.3580675125122, 238.89229536056519, 211.12828397750854, 187.28935623168945, 168.0814073085785, 151.28774094581604, 137.08242058753967, 124.19528412818909, 113.13796877861023, 104.39968609809875, 95.85684609413147, 88.44390082359314, 81.7399331331253, 75.83951330184937, 70.58300828933716, 65.86946785449982, 62.17080903053284, 57.66575634479523, 54.317508935928345, 51.05894047021866, 48.00140857696533, 45.36197453737259, 42.902013063430786, 40.65387850999832, 38.40032559633255, 36.45940798521042, 34.591785073280334, 33.00393635034561, 31.41305047273636, 29.798896729946136, 28.431560218334198, 27.217928528785706, 25.963044375181198, 24.8505936563015, 23.799971997737885, 22.70184835791588, 21.75883188843727, 20.856661170721054, 20.02496314048767, 19.245767533779144, 18.43518903851509, 17.688994616270065]",0.9248848550528312,0.3003154574132492,0.3141223053233612,0.2876712328767123
