K,layers,hidden_channels,out_channels,norm,lr,treatment,dropout,ratio,seed,aggregation,model_type,batch_size,rate_pairs,reliable_mini_batch,clusters,accuracy,f1,recall,precision,losses
13,1,256,256,,0.0056888336603891365,relabeling,0.11440371152731897,0.023627166844573496,654,mean,GINConv,20,2,True,500,0.8461687140280044,0.42673069227691074,0.5865786578657866,0.33534591194968555,"[288.1208972930908, 257.0354290008545, 229.75920963287354, 206.04906368255615, 185.42811584472656, 167.47112035751343, 151.79684925079346, 138.09201002120972, 126.04857158660889, 115.42985820770264, 106.08189964294434, 97.7400598526001, 90.3529806137085, 83.74631786346436, 77.80838918685913, 72.5166962146759, 67.7109603881836, 63.37031078338623, 59.435577630996704, 55.848620653152466, 52.58242845535278, 49.58876597881317, 46.852291107177734, 44.33496606349945, 42.01310181617737, 39.87576866149902, 37.88347327709198, 36.0565744638443, 34.347856402397156, 32.76019990444183, 31.28282642364502, 29.89421272277832, 28.605501174926758, 27.397591710090637, 26.264954209327698, 25.197610676288605, 24.190805554389954, 23.247736990451813, 22.36081063747406, 21.519990980625153, 20.728356778621674, 19.979952931404114, 19.26433116197586, 18.58976459503174, 17.946927309036255, 17.34229475259781, 16.763030767440796, 16.21182084083557, 15.690017879009247, 15.190717220306396]"
