K,layers,hidden_channels,out_channels,norm,lr,treatment,dropout,ratio,seed,aggregation,model_type,batch_size,rate_pairs,clusters,sampling,num_epochs,anomaly_detector,accuracy,f1,recall,precision,losses
5,1,128,128,,0.003296547349930749,removal,0.046166429226433874,0.019034723943220058,654,mean,GCNConv,20,6,500,cluster,100,nearest_neighbors,0.9518726913495404,0.7078607743449354,0.5973597359735974,0.8685220729366603,"[36.382728427648544, 31.885499477386475, 30.391767501831055, 27.371545642614365, 26.378309428691864, 24.223523020744324, 22.741470366716385, 21.776201993227005, 20.18584430217743, 18.65685099363327, 18.244574576616287, 17.016932174563408, 16.411180794239044, 15.65251076221466, 14.504932641983032, 13.789908438920975, 13.443093687295914, 12.878407180309296, 11.95674243569374, 11.124413564801216, 10.38805852085352, 10.262617200613022, 9.616453021764755, 9.073566555976868, 8.500206157565117, 8.15816080570221, 7.6489517986774445, 7.131896212697029, 7.188238084316254, 6.591495484113693, 6.425486862659454, 6.100182011723518, 5.821454539895058, 5.511340878903866, 5.325511157512665, 5.061985798180103, 5.080584771931171, 4.7637994810938835, 4.405356779694557, 4.335309736430645, 4.1610632091760635, 3.9726274982094765, 3.80495335906744, 3.791139632463455, 3.6981723830103874, 3.4840317592024803, 3.397804006934166, 3.205809973180294, 3.1524734422564507, 2.995965361595154, 2.9814442731440067, 2.840504728257656, 2.7230322808027267, 2.6751065477728844, 2.5561336129903793, 2.4855900146067142, 2.427356481552124, 2.368932820856571, 2.2922555431723595, 2.3061383925378323, 2.1843695379793644, 2.085721157491207, 2.0038539674133062, 1.9784255884587765, 1.8963460493832827, 1.9062757566571236, 1.8016170002520084, 1.7521844115108252, 1.7220495902001858, 1.707612443715334, 1.65977843105793, 1.6198599990457296, 1.592843260616064, 1.5596068911254406, 1.5137826539576054, 1.4779172092676163, 1.4385916478931904, 1.4040051586925983, 1.3732890971004963, 1.337294477969408, 1.3347800225019455, 1.2709830235689878, 1.2450376860797405, 1.230833861976862, 1.1923945769667625, 1.173949085175991, 1.1252348218113184, 1.10028488188982, 1.1077475491911173, 1.060749027878046, 1.035850191488862, 1.0103478357195854, 0.9917584713548422, 0.9607135150581598, 0.9658291591331363, 0.9546091593801975, 0.9008696572855115, 0.9037776552140713, 0.9014557506889105, 0.8755372501909733]"
