K,layers,hidden_channels,out_channels,norm,lr,treatment,dropout,ratio,seed,aggregation,model_type,batch_size,rate_pairs,clusters,sampling,num_epochs,anomaly_detector,accuracy,f1,recall,precision,losses
4,1,128,128,,0.0027793595342651624,removal,0.021771109345409455,0.019429620832864616,654,mean,GCNConv,20,4,500,cluster,100,nearest_neighbors,0.9543853620822953,0.7189732733527389,0.5977997799779978,0.9017590441420511,"[32.56622576713562, 30.337380200624466, 27.68465381860733, 26.505905658006668, 24.69182252883911, 24.23480612039566, 21.792220771312714, 22.28712511062622, 20.1719082146883, 18.117448389530182, 18.13148805499077, 16.840102776885033, 16.202287018299103, 15.358815982937813, 14.190773099660873, 13.564815521240234, 13.296269476413727, 12.809653759002686, 11.97072122991085, 11.22998034954071, 10.559389121830463, 10.51682236790657, 9.928300946950912, 9.438245609402657, 8.902207419276237, 8.602910801768303, 8.108340084552765, 7.606685444712639, 7.713914513587952, 7.110282123088837, 6.973366841673851, 6.649027347564697, 6.372962117195129, 6.0597022622823715, 5.878534138202667, 5.6107048243284225, 5.655579671263695, 5.323501251637936, 4.936782456934452, 4.875656321644783, 4.691859740763903, 4.49316269159317, 4.316254980862141, 4.311951942741871, 4.2151759043335915, 3.9810133203864098, 3.8924973905086517, 3.680491417646408, 3.626661241054535, 3.453646454960108, 3.4443293437361717, 3.28708366304636, 3.157222241163254, 3.1071212962269783, 2.9730847403407097, 2.8960410244762897, 2.8320659697055817, 2.7682169750332832, 2.682372733950615, 2.702842064201832, 2.5632527880370617, 2.450712349265814, 2.3572258092463017, 2.330004408955574, 2.235875979065895, 2.2501844242215157, 2.128978382796049, 2.0723436884582043, 2.038766033947468, 2.0240423940122128, 1.9690357111394405, 1.923673376441002, 1.8934162817895412, 1.8554691076278687, 1.8025193065404892, 1.7611267548054457, 1.7158708609640598, 1.675737701356411, 1.6400377303361893, 1.5984359458088875, 1.5967722497880459, 1.5212025567889214, 1.4914189279079437, 1.4753825850784779, 1.4301399700343609, 1.4089117180556059, 1.3511936664581299, 1.322099519893527, 1.3319422751665115, 1.2760708183050156, 1.246763190254569, 1.2167412787675858, 1.194996876642108, 1.158191028982401, 1.1650343127548695, 1.152173275128007, 1.087702571414411, 1.0917097851634026, 1.0895215272903442, 1.0586610194295645]"
