K,layers,hidden_channels,out_channels,norm,lr,treatment,dropout,ratio,seed,aggregation,model_type,batch_size,rate_pairs,clusters,sampling,num_epochs,anomaly_detector,accuracy,f1,recall,precision,losses,test_accuracy,test_f1,test_recall,test_precision
4,2,16,1,,0.005,removal,0,0.01645933315205571,654,mean,MLP,4096,10,50,sage,50,nearest_neighbors,nan,0.0,0.0,0.0,"[0.40973460922638577, 0.2648282324274381, 0.19271335999170938, 0.16075151662031809, 0.13538972226281962, 0.1161976121366024, 0.10605911848445733, 0.09731580068667729, 0.09279798654218514, 0.08972767740488052, 0.08431028077999751, 0.08162131781379382, 0.07978107469777267, 0.07623092271387577, 0.07511685850719611, 0.07191002431015174, 0.07134334556758404, 0.06815412516395251, 0.06633724675824244, 0.06627433902273576, 0.0642465225731333, 0.06388715095818043, 0.06195801713814338, 0.06025486501554648, 0.0597536051645875, 0.05790271610021591, 0.054922805478175483, 0.05510402750223875, 0.054894606893261276, 0.05159668189783891, 0.05143982823938131, 0.05011364941795667, 0.04968666285276413, 0.04837815246234337, 0.0481370414296786, 0.04665254056453705, 0.04644402023404837, 0.04631812311708927, 0.044418297397593655, 0.045333451901872955, 0.04317015471557776, 0.04329190527399381, 0.041644202234844364, 0.04248203430324793, 0.04152457447101673, 0.040986284613609314, 0.039064320269972086, 0.03923404930780331, 0.03922123555094004, 0.039482049023111664]",0.9386119389506006,0.10881678138315307,0.0730312362516498,0.2133676092544987
