K,layers,hidden_channels,out_channels,norm,lr,treatment,dropout,ratio,seed,aggregation,model_type,batch_size,rate_pairs,reliable_mini_batch,clusters,accuracy,f1,recall,precision,losses
7,1,128,64,,0.009183132516846177,removal,0.3827372520701907,0.016746502592643105,654,sum,GCNConv,10,8,True,100,0.9393093376857659,0.6348837209302326,0.5405940594059406,0.7690140845070422,"[63.11269569396973, 58.62342691421509, 54.435336112976074, 50.56925964355469, 47.03342580795288, 43.80472183227539, 40.866830348968506, 38.176676511764526, 35.71594166755676, 33.48067045211792, 31.427595615386963, 29.553005695343018, 27.830256462097168, 26.23722815513611, 24.782835245132446, 23.448503017425537, 22.213555812835693, 21.065991640090942, 20.008328199386597, 19.016015887260437, 18.113080978393555, 17.266045093536377, 16.47795057296753, 15.740012049674988, 15.050294518470764, 14.406499028205872, 13.803815960884094, 13.237158298492432, 12.714547514915466, 12.2106351852417, 11.746846675872803, 11.305100321769714, 10.887818098068237, 10.492873787879944, 10.120371699333191, 9.764658808708191, 9.434094369411469, 9.115686178207397, 8.816180527210236, 8.533152401447296, 8.261045515537262, 7.999487221240997, 7.756279408931732, 7.523027777671814, 7.296682000160217, 7.085785508155823, 6.880896031856537, 6.686730921268463, 6.501022815704346, 6.320942223072052]"
