K,layers,hidden_channels,out_channels,norm,lr,treatment,dropout,ratio,seed,aggregation,model_type,batch_size,rate_pairs,clusters,sampling,num_epochs,anomaly_detector,accuracy,f1,recall,precision,losses,test_accuracy,test_f1,test_recall,test_precision
19,1,256,128,,0.005,removal,0,0.021152053625931862,654,mean,GATConv,2048,10,50,sage,100,nearest_neighbors,0.07746478873239436,0.1437908496732026,0.07746478873239436,1.0,"[326.2338752746582, 239.0347146987915, 189.35096335411072, 149.87045228481293, 122.49250960350037, 103.53973019123077, 87.57201397418976, 73.21766573190689, 61.855374813079834, 52.4161102771759, 44.05225798487663, 37.47433856129646, 32.1213216483593, 27.69632264971733, 24.06054563820362, 21.094361409544945, 18.496507152915, 16.3857588917017, 14.622151650488377, 13.234276540577412, 12.060810752213001, 11.36643186211586, 9.796146340668201, 8.949502311646938, 8.091723218560219, 7.514971613883972, 6.7715916484594345, 6.202540248632431, 5.735781904309988, 5.295359488576651, 4.908399980515242, 4.54414864256978, 4.231345433741808, 3.9240503758192062, 3.6544458214193583, 3.4283702429383993, 3.187039315700531, 2.9806138407438993, 2.7830373644828796, 2.609853807836771, 2.445923514664173, 2.3012274261564016, 2.1586026437580585, 2.0337277352809906, 1.90763127990067, 1.7977615054696798, 1.6882288819178939, 1.592451088130474, 1.4967486066743731, 1.412445042282343, 1.3367243399843574, 1.2583672944456339, 1.1881173960864544, 1.127311679534614, 1.0649972409009933, 1.006299091503024, 0.9503877647221088, 0.898235322907567, 0.8507392900064588, 0.8055668715387583, 0.7630666755139828, 0.7224372886121273, 0.6836737752892077, 0.6482490259222686, 0.6137376860715449, 0.5828835377469659, 0.5523567139171064, 0.5234737014397979, 0.4976960620842874, 0.4710149406455457, 0.44668030785396695, 0.4244248818140477, 0.40264105796813965, 0.3812453264836222, 0.3624881864525378, 0.34436660911887884, 0.32691146107390523, 0.31002791738137603, 0.29466946073807776, 0.2800525529310107, 0.2657759126741439, 0.25244320440106094, 0.23985266778618097, 0.22808032762259245, 0.2166188556002453, 0.20561966428067535, 0.19617911987006664, 0.18641385377850384, 0.17656348657328635, 0.16791482723783702, 0.1599566574441269, 0.1519649043912068, 0.1443796290550381, 0.1371999850962311, 0.13048780860845, 0.12409759440924972, 0.11806632822845131, 0.11229973379522562, 0.10687672143103555, 0.10167957271914929]",0.9312344300317842,0.5184962406015038,0.3793179317931793,0.8190023752969121
