K,layers,hidden_channels,out_channels,norm,lr,treatment,dropout,ratio,seed,aggregation,model_type,batch_size,rate_pairs,reliable_mini_batch,clusters,accuracy,f1,recall,precision,losses
6,3,256,256,,0.00803419783270238,relabeling,0.0786097189429813,0.026214545928589923,654,mean,GCNConv,10,8,True,1500,0.8308564556309596,0.4076413959085439,0.5962596259625963,0.3096788938407039,"[548.2060172557831, 250.36038064956665, 141.28171569108963, 91.1365062892437, 63.96700140833855, 47.50956749916077, 36.73942819237709, 29.265448912978172, 23.85261832177639, 19.795606836676598, 16.669363111257553, 14.203672334551811, 12.22788991779089, 10.614285342395306, 9.280580040067434, 8.164427917450666, 7.221301268786192, 6.4175644144415855, 5.72666222602129, 5.128706349059939, 4.60852743498981, 4.152973657473922, 3.751593444496393, 3.3976503275334835, 3.0832862202078104, 2.8031728956848383, 2.5529164131730795, 2.328480849042535, 2.1270459024235606, 1.9453296903520823, 1.781181768514216, 1.632655187509954, 1.4980577984824777, 1.3756006387993693, 1.2644136445596814, 1.1629624255001545, 1.0703448760323226, 0.9857744826003909, 0.9084327355958521, 0.8375089983455837, 0.7726488434709609, 0.7129988446831703, 0.6583224483765662, 0.6079919342882931, 0.5617247831542045, 0.5192141281440854, 0.48004130995832384, 0.44392011361196637, 0.41063282429240644, 0.37987821735441685]"
