K,layers,hidden_channels,out_channels,norm,lr,treatment,dropout,ratio,seed,aggregation,model_type,batch_size,rate_pairs,clusters,sampling,num_epochs,anomaly_detector,accuracy,f1,recall,precision,losses
3,1,128,128,,0.0046347420686381246,removal,0.024864994026077242,0.019274673411420345,654,mean,GCNConv,20,10,500,cluster,100,nearest_neighbors,0.9527102482604587,0.7040322580645161,0.5762376237623762,0.9046632124352332,"[25.359931260347366, 23.79372078180313, 20.308310329914093, 20.48931959271431, 18.5475914478302, 16.32524135708809, 14.522106438875198, 14.67554885149002, 12.673525288701057, 11.127233475446701, 10.557849436998367, 9.300251796841621, 8.753427416086197, 8.240290582180023, 7.436920017004013, 6.876930296421051, 6.580799639225006, 6.21762390434742, 5.706033982336521, 5.2859159633517265, 4.8835021778941154, 4.774310648441315, 4.451223932206631, 4.195473879575729, 3.9040776938199997, 3.7170378118753433, 3.486393429338932, 3.241059996187687, 3.252150386571884, 2.9771758876740932, 2.901854172348976, 2.753121256828308, 2.6180684193968773, 2.483308106660843, 2.396251078695059, 2.2760699205100536, 2.280535399913788, 2.140093732625246, 1.9782797917723656, 1.9483711458742619, 1.8689831234514713, 1.7852634564042091, 1.7093105725944042, 1.703440599143505, 1.664128128439188, 1.565905261784792, 1.527986865490675, 1.4417869672179222, 1.4176237918436527, 1.3467357009649277, 1.3413711804896593, 1.2779902815818787, 1.223817577585578, 1.2031796090304852, 1.1505261547863483, 1.118744881823659, 1.0934389736503363, 1.0664789471775293, 1.031656639650464, 1.0385217387229204, 0.983709990978241, 0.9394659027457237, 0.9025908857584, 0.8914830330759287, 0.8540004761889577, 0.8588244821876287, 0.8116579968482256, 0.789772349409759, 0.7765900734812021, 0.7698204666376114, 0.7482670117169619, 0.7304798737168312, 0.7180932508781552, 0.7034084107726812, 0.6824643481522799, 0.6667327200993896, 0.6490127462893724, 0.6333398669958115, 0.6198614872992039, 0.603404407389462, 0.6023206859827042, 0.5736287664622068, 0.5618109870702028, 0.5555220460519195, 0.538061011582613, 0.5298570767045021, 0.5079212542623281, 0.4965154454112053, 0.5000341860577464, 0.4788094935938716, 0.46752944961190224, 0.4560535764321685, 0.4478104552254081, 0.43366357032209635, 0.4360206867568195, 0.4309481745585799, 0.4065454062074423, 0.4080476649105549, 0.40698910877108574, 0.3952982034534216]"
