K,layers,hidden_channels,out_channels,norm,lr,treatment,dropout,ratio,seed,aggregation,model_type,batch_size,rate_pairs,clusters,sampling,num_epochs,anomaly_detector,accuracy,f1,recall,precision,losses
4,1,128,128,,0.0031180854807692946,removal,0.026518331215908953,0.020436102653143155,654,mean,GCNConv,20,4,500,cluster,100,nearest_neighbors,0.9545571686281248,0.7215789473684211,0.6033003300330033,0.8975450081833061,"[30.959733456373215, 29.92771914601326, 26.946207016706467, 25.80683472752571, 24.400156497955322, 22.634711146354675, 20.612376183271408, 21.226798862218857, 18.894584015011787, 16.989244014024734, 17.11206367611885, 15.636768907308578, 14.993132531642914, 14.108734369277954, 13.052913576364517, 12.363372474908829, 12.07598066329956, 11.587023943662643, 10.787168249487877, 10.076768934726715, 9.41721211373806, 9.329310148954391, 8.772679075598717, 8.315048798918724, 7.815088644623756, 7.51669317483902, 7.067492142319679, 6.608006350696087, 6.680732354521751, 6.142258085310459, 6.011402726173401, 5.7189981341362, 5.469077229499817, 5.1922668889164925, 5.026672638952732, 4.789395280182362, 4.817056275904179, 4.5247751995921135, 4.192651718854904, 4.134624324738979, 3.975288137793541, 3.8019096925854683, 3.6483196169137955, 3.640676610171795, 3.5568467304110527, 3.3546360805630684, 3.276889428496361, 3.095433883368969, 3.0486206635832787, 2.899763572961092, 2.8896168246865273, 2.755851075053215, 2.644428603351116, 2.6008349545300007, 2.487698011100292, 2.4215703923255205, 2.3670740462839603, 2.311983086168766, 2.238667905330658, 2.254622608423233, 2.137034770101309, 2.042038567364216, 1.9633481539785862, 1.9401663020253181, 1.8604803960770369, 1.8716619946062565, 1.7698797136545181, 1.7225391864776611, 1.693978913128376, 1.6809027008712292, 1.6346729099750519, 1.5963953230530024, 1.5706692766398191, 1.538748063147068, 1.4939770437777042, 1.459614185616374, 1.4215278904885054, 1.3877641167491674, 1.3581168837845325, 1.323037527501583, 1.321198470890522, 1.2585877999663353, 1.233379304409027, 1.219773717224598, 1.1820624861866236, 1.1642352566123009, 1.1163390092551708, 1.0918736532330513, 1.0997902899980545, 1.0534184500575066, 1.0290198605507612, 1.004034647718072, 0.9859231216832995, 0.9552376009523869, 0.9607280436903238, 0.9498561304062605, 0.8965067816898227, 0.8997241389006376, 0.8977204728871584, 0.8721504863351583]"
