K,layers,hidden_channels,out_channels,norm,lr,treatment,dropout,ratio,seed,aggregation,model_type,batch_size,rate_pairs,clusters,sampling,num_epochs,anomaly_detector,accuracy,f1,recall,precision,losses
5,1,64,128,,0.003671534272111658,removal,0.04092692909692025,0.018370609682645426,654,mean,GCNConv,20,9,500,cluster,100,nearest_neighbors,0.9526672966240014,0.7074595168569153,0.5863586358635864,0.8916025426564068,"[37.50340488553047, 31.899794429540634, 30.3644218146801, 26.335807412862778, 25.854745507240295, 23.738656669855118, 21.502332359552383, 20.639127910137177, 19.20674665272236, 17.64484190940857, 17.14907133579254, 15.908603146672249, 15.214970767498016, 14.374644339084625, 13.255689680576324, 12.530581921339035, 12.118705838918686, 11.54428780078888, 10.660036236047745, 9.880164250731468, 9.176589213311672, 9.018661975860596, 8.416598737239838, 7.917971834540367, 7.391422867774963, 7.069003939628601, 6.61377327144146, 6.150746367871761, 6.1819372326135635, 5.658133029937744, 5.505765467882156, 5.219186797738075, 4.969524264335632, 4.701414115726948, 4.535408742725849, 4.305117920041084, 4.314780868589878, 4.04139056801796, 3.734257332980633, 3.6726646423339844, 3.5215502493083477, 3.3592345900833607, 3.214935749769211, 3.2017336562275887, 3.12204397469759, 2.9384516775608063, 2.8641073927283287, 2.701142281293869, 2.65435641258955, 2.521255426108837, 2.50813277810812, 2.388427872210741, 2.2881213799118996, 2.2471853382885456, 2.1468548886477947, 2.0867607835680246, 2.037439376115799, 1.9872749671339989, 1.922051828354597, 1.9333328865468502, 1.8307107836008072, 1.7475496083498, 1.6784314513206482, 1.6567625515162945, 1.5873725935816765, 1.595378763973713, 1.5074117220938206, 1.4658828545361757, 1.440552869811654, 1.4279305264353752, 1.3876295797526836, 1.3540476970374584, 1.3310446850955486, 1.3031110763549805, 1.264400104060769, 1.2344552874565125, 1.2013724688440561, 1.1722315307706594, 1.1465820148587227, 1.1162571124732494, 1.1139644719660282, 1.0605404544621706, 1.0387216415256262, 1.0267586968839169, 0.99449866078794, 0.97899966314435, 0.9382641892880201, 0.9172420706599951, 0.9234426785260439, 0.8841211032122374, 0.8632222730666399, 0.8419140512123704, 0.8263948578387499, 0.800314724445343, 0.80450838804245, 0.7950948849320412, 0.7501645516604185, 0.7526081055402756, 0.7506020311266184, 0.7289283815771341]"
