K,layers,hidden_channels,out_channels,norm,lr,treatment,dropout,ratio,seed,aggregation,model_type,batch_size,rate_pairs,clusters,sampling,num_epochs,anomaly_detector,accuracy,f1,recall,precision,losses,test_accuracy,test_f1,test_recall,test_precision
1,1,16,1,,0.005,removal,0,0.020877377620765757,654,mean,GCNConv,4096,10,50,sage,50,nearest_neighbors,nan,0.0,0.0,0.0,"[0.37380767862002057, 0.28873058160146076, 0.25819815695285797, 0.2424923169116179, 0.23158425465226173, 0.22099427257974943, 0.21404321119189262, 0.20872615029414496, 0.20406467840075493, 0.19800558189551035, 0.1930337386826674, 0.19032051290074983, 0.18655717000365257, 0.18344893927375475, 0.1801767237484455, 0.17670263225833574, 0.17612075308958688, 0.17355535427729288, 0.17113641773660979, 0.16849373281002045, 0.16773789127667746, 0.16569244116544724, 0.16535111020008722, 0.16246763492623964, 0.16074263428648314, 0.15937136361996332, 0.15850736076633135, 0.15637836481134096, 0.15578876932462057, 0.1540006436407566, 0.1531841183702151, 0.1517141362031301, 0.15124185755848885, 0.15051294614871344, 0.14946541811029115, 0.14875591546297073, 0.14710702498753866, 0.1461429769794146, 0.14515774448712668, 0.1452470968166987, 0.14454812929034233, 0.1427181512117386, 0.14185435449083647, 0.1403547078371048, 0.14037969956795374, 0.13945523152748743, 0.13981818035244942, 0.1384083740413189, 0.1377823861936728, 0.13758831843733788]",0.8119469026548672,0.16437278804561542,0.26281043696950646,0.11958232012587612
