K,layers,hidden_channels,out_channels,norm,lr,treatment,dropout,ratio,seed,aggregation,model_type,batch_size,rate_pairs,clusters,sampling,num_epochs,anomaly_detector,accuracy,f1,recall,precision,losses,test_accuracy,test_f1,test_recall,test_precision
8,1,128,64,,0.005,removal,0,0.01399914275464224,654,mean,GATConv,8192,10,50,sage,50,nearest_neighbors,nan,0.0,0.0,0.0,"[805.4831485748291, 750.5122165679932, 710.5467052459717, 663.8770980834961, 623.4831199645996, 585.4625282287598, 548.4793701171875, 514.048755645752, 485.86902809143066, 454.3280773162842, 425.8129997253418, 399.1034345626831, 374.0250005722046, 351.16536712646484, 327.89006423950195, 305.50216484069824, 285.4680013656616, 266.25189685821533, 250.39598751068115, 232.85447597503662, 218.5630283355713, 204.1397476196289, 191.5835781097412, 179.9575424194336, 168.63976621627808, 158.83459997177124, 149.78771591186523, 140.89494943618774, 133.33516836166382, 125.8876461982727, 119.44810056686401, 113.10036277770996, 107.56747150421143, 102.48866200447083, 97.28861117362976, 92.60369729995728, 88.15101051330566, 84.22647643089294, 80.51182389259338, 77.03069257736206, 73.77072858810425, 70.55025863647461, 67.70874214172363, 65.01366901397705, 62.60972213745117, 60.0855507850647, 57.830254793167114, 55.67819571495056, 53.60671257972717, 51.69662392139435]",0.9422920617718775,0.2638248847926267,0.2014958205015398,0.38198498748957466
