K,layers,hidden_channels,out_channels,norm,lr,treatment,dropout,ratio,seed,aggregation,model_type,batch_size,rate_pairs,clusters,sampling,num_epochs,anomaly_detector,accuracy,f1,recall,precision,losses
5,1,128,128,,0.002834740143094125,removal,0.03511145519345818,0.017645475358255246,654,mean,GCNConv,20,8,500,cluster,100,nearest_neighbors,0.9533115711708616,0.7174421627242007,0.6072607260726073,0.876468720228644,"[36.782452166080475, 33.43988063931465, 30.916654586791992, 28.312530785799026, 27.071799874305725, 25.422675728797913, 23.76719120144844, 23.15864023566246, 21.406445533037186, 19.764586448669434, 19.67047879099846, 18.407284796237946, 17.912966549396515, 17.25053119659424, 16.110078990459442, 15.441367447376251, 15.214885503053665, 14.704085886478424, 13.748110443353653, 12.865232586860657, 12.106916561722755, 12.060951381921768, 11.372691333293915, 10.777483090758324, 10.15644857287407, 9.805786579847336, 9.223086044192314, 8.637881711125374, 8.748699352145195, 8.04897128045559, 7.87199804186821, 7.493360072374344, 7.177487477660179, 6.804952785372734, 6.594644397497177, 6.283429741859436, 6.3245594799518585, 5.941461510956287, 5.501573957502842, 5.421110674738884, 5.212323401123285, 4.983897805213928, 4.781458310782909, 4.769154757261276, 4.6549904346466064, 4.392370320856571, 4.288569815456867, 4.0497999638319016, 3.9869238510727882, 3.793363992124796, 3.777889706194401, 3.6020321398973465, 3.4575581699609756, 3.398421384394169, 3.2485948875546455, 3.161557974293828, 3.088777534663677, 3.017625093460083, 2.922010585665703, 2.941624201834202, 2.7873427495360374, 2.6628417670726776, 2.5594303905963898, 2.5282078720629215, 2.4250856898725033, 2.4390376210212708, 2.3059136122465134, 2.2431724462658167, 2.205298561602831, 2.188246473670006, 2.127832930535078, 2.0775084644556046, 2.04405440017581, 2.0018032155930996, 1.9439953826367855, 1.898213354870677, 1.8483414240181446, 1.8044564314186573, 1.7651062197983265, 1.7197558209300041, 1.717298686504364, 1.6352999210357666, 1.6025908291339874, 1.5847423635423183, 1.535726923495531, 1.512304250150919, 1.4497715719044209, 1.4182089287787676, 1.4282451532781124, 1.3678458109498024, 1.3359800763428211, 1.3034127913415432, 1.279632680118084, 1.239925593137741, 1.2468933258205652, 1.232788484543562, 1.1635351330041885, 1.1674591042101383, 1.164810873568058, 1.131504088640213]"
