K,layers,hidden_channels,out_channels,norm,lr,treatment,dropout,ratio,seed,aggregation,model_type,batch_size,rate_pairs,reliable_mini_batch,clusters,accuracy,f1,recall,precision,losses
6,1,128,256,,0.003761763960160315,removal,0.29331083653196044,0.007105928955572478,654,sum,SAGEConv,20,8,True,1000,0.9450863327892792,0.651016787225331,0.5247524752475248,0.8572969086987778,"[260.41120433807373, 224.38368272781372, 194.29647397994995, 169.21650528907776, 148.28235054016113, 130.69696879386902, 115.86304187774658, 103.2767254114151, 92.54502654075623, 83.33077490329742, 75.37926232814789, 68.48619484901428, 62.46210014820099, 57.18807566165924, 52.529656767845154, 48.40701335668564, 44.74834585189819, 41.47116315364838, 38.53597718477249, 35.89328122138977, 33.50271224975586, 31.34338730573654, 29.3757221698761, 27.58525937795639, 25.941785037517548, 24.437781155109406, 23.060450315475464, 21.785009801387787, 20.615068674087524, 19.52626195549965, 18.522936403751373, 17.587389141321182, 16.717637687921524, 15.90717414021492, 15.151277333498001, 14.442925781011581, 13.77709013223648, 13.154046654701233, 12.574736922979355, 12.024655222892761, 11.507886305451393, 11.018799543380737, 10.561859622597694, 10.128253683447838, 9.718944936990738, 9.329924583435059, 8.961957141757011, 8.611049070954323, 8.281379148364067, 7.966280922293663]"
