K,layers,hidden_channels,out_channels,norm,lr,treatment,dropout,ratio,seed,aggregation,model_type,batch_size,rate_pairs,clusters,sampling,num_epochs,anomaly_detector,accuracy,f1,recall,precision,losses
5,1,128,128,,0.006244815088315701,removal,0.11594416018100039,0.012981692509262581,654,mean,GCNConv,20,12,500,cluster,100,nearest_neighbors,0.9520659737135985,0.7029544849614053,0.5810781078107811,0.8895250926237791,"[38.538047790527344, 31.93352124094963, 28.194734156131744, 23.703431874513626, 21.71810132265091, 18.873266518115997, 16.558058351278305, 15.038155049085617, 13.453705951571465, 11.93798252940178, 10.977828919887543, 9.758528217673302, 8.944102674722672, 8.097476303577423, 7.262881562113762, 6.688975781202316, 6.269310623407364, 5.838256329298019, 5.291118577122688, 4.837211109697819, 4.4126075729727745, 4.2656689286231995, 3.9327809512615204, 3.6698491871356964, 3.389161691069603, 3.209293805062771, 2.9860568083822727, 2.7570338286459446, 2.7501260936260223, 2.5041643008589745, 2.4259226620197296, 2.291156016290188, 2.168698973953724, 2.0483879521489143, 1.9680308997631073, 1.861556127667427, 1.8591356314718723, 1.7367947399616241, 1.6019342616200447, 1.5734405033290386, 1.5050952155143023, 1.4329407457262278, 1.3683931976556778, 1.3614243939518929, 1.326854519546032, 1.2459847442805767, 1.2130349427461624, 1.1425905842334032, 1.1212765537202358, 1.063399731181562, 1.0573100056499243, 1.0056886188685894, 0.9617339335381985, 0.9440113827586174, 0.9014997556805611, 0.8754687290638685, 0.8545571602880955, 0.8323532491922379, 0.804235165938735, 0.808666480705142, 0.7652210909873247, 0.7299375273287296, 0.7006756057962775, 0.6913286913186312, 0.6616286933422089, 0.6647404180839658, 0.6277371169999242, 0.6103219646029174, 0.5996217550709844, 0.5939182750880718, 0.5768580501899123, 0.5627054357901216, 0.5527542270720005, 0.5410619713366032, 0.5246047452092171, 0.5121410442516208, 0.4981846325099468, 0.48592254240065813, 0.4753225352615118, 0.46243689116090536, 0.4612893257290125, 0.43908981420099735, 0.4298129789531231, 0.42477317061275244, 0.4112135199829936, 0.4047478251159191, 0.38778869342058897, 0.37889947555959225, 0.38141639810055494, 0.3650544863194227, 0.35632407618686557, 0.34742322796955705, 0.34099762374535203, 0.33007033821195364, 0.331761353649199, 0.32776220329105854, 0.3090907933656126, 0.31012599542737007, 0.30921275448054075, 0.3002073378302157]"
