K,layers,hidden_channels,out_channels,norm,lr,treatment,dropout,ratio,seed,aggregation,model_type,batch_size,rate_pairs,clusters,sampling,num_epochs,anomaly_detector,accuracy,f1,recall,precision,losses,test_accuracy,test_f1,test_recall,test_precision
1,1,16,1,,0.005,removal,0,-3.421057087703059,654,mean,GCNConv,4096,10,50,sage,50,nearest_neighbors,nan,0.0,0.0,0.0,"[0.3839952697356542, 0.30491924782594043, 0.27141454815864563, 0.25319746136665344, 0.24380693708856901, 0.23373433326681456, 0.22974768156806627, 0.2252296432852745, 0.22075037782390913, 0.2159097120165825, 0.21231642117102942, 0.20941462988654772, 0.20692588513096175, 0.20481936757763228, 0.2016988806426525, 0.19960756227374077, 0.1989503006140391, 0.1960937244196733, 0.19495417177677155, 0.19292064011096954, 0.19272792960206667, 0.19029206161697707, 0.19042695065339407, 0.18846647689739862, 0.1875038482248783, 0.18542647858460745, 0.18491186449925104, 0.18453527862826982, 0.1842777617275715, 0.18228629603981972, 0.18240670363108316, 0.1818301615615686, 0.18084551145633063, 0.17904925594727197, 0.17897594099243483, 0.178852499773105, 0.17748748883605003, 0.1778575840095679, 0.1777968965470791, 0.17788216595848402, 0.1765886756281058, 0.17516268913944563, 0.1750578818221887, 0.1732742078602314, 0.17429135988156, 0.17333019152283669, 0.17329525823394457, 0.1729737122853597, 0.1716267168521881, 0.17184163505832353]",0.7803892350763117,0.14667953329239408,0.36779586449626045,0.091606399298707
