K,layers,hidden_channels,out_channels,norm,lr,treatment,dropout,ratio,seed,aggregation,model_type,batch_size,rate_pairs,clusters,sampling,num_epochs,anomaly_detector,accuracy,f1,recall,precision,losses,test_accuracy,test_f1,test_recall,test_precision
7,1,128,64,,0.005,removal,0,0.01645933315205571,654,mean,GATConv,4096,10,50,sage,50,nearest_neighbors,nan,0.0,0.0,0.0,"[1332.6803379058838, 1167.6128482818604, 1025.254192352295, 904.5821256637573, 796.4321403503418, 697.9450101852417, 611.0667667388916, 532.9075775146484, 464.90299797058105, 405.61168241500854, 355.0671467781067, 311.8628935813904, 275.44226121902466, 244.8725528717041, 219.26432037353516, 196.93460631370544, 177.5471487045288, 161.0457603931427, 147.05785512924194, 134.11034607887268, 123.12778449058533, 113.53716373443604, 104.93986105918884, 97.20449769496918, 90.16756963729858, 84.34502601623535, 78.5077292919159, 73.6559647321701, 68.85281765460968, 64.78707456588745, 60.97688686847687, 57.46606123447418, 54.227177917957306, 51.27030098438263, 48.5807700753212, 45.982237577438354, 43.547027468681335, 41.48006498813629, 39.407397747039795, 37.47831416130066, 35.786963164806366, 34.075529754161835, 32.55657225847244, 31.085887491703033, 29.733143031597137, 28.428281128406525, 27.214802086353302, 26.074981212615967, 25.04226988554001, 23.99631604552269]",0.9430371173123815,0.2714409471556454,0.2067751869775627,0.3949579831932773
