K,layers,hidden_channels,out_channels,norm,lr,treatment,dropout,ratio,seed,aggregation,model_type,batch_size,rate_pairs,reliable_mini_batch,clusters,accuracy,f1,recall,precision,losses
7,1,128,64,,0.00017502612033604316,relabeling,0.21365030935570817,0.02787781858263018,654,mean,GATConv,10,7,True,1500,0.7721415685937634,0.3652028239798971,0.6715071507150715,0.25080121620511137,"[968.9734535217285, 948.8915047645569, 929.258864402771, 910.0752930641174, 891.4112854003906, 873.2156043052673, 855.2401275634766, 837.835373878479, 820.6968722343445, 804.0731587409973, 787.6296243667603, 771.6929292678833, 756.0669512748718, 740.7426195144653, 725.7603812217712, 710.9788146018982, 696.6497402191162, 682.5540571212769, 668.6744060516357, 655.1041145324707, 641.8780336380005, 628.9066967964172, 616.1805868148804, 603.6333796977997, 591.4255104064941, 579.475423336029, 567.6387286186218, 556.1861119270325, 544.8167781829834, 533.7041261196136, 522.8795912265778, 512.1120102405548, 501.75398206710815, 491.440878868103, 481.38566184043884, 471.57720613479614, 461.8780279159546, 452.3346815109253, 443.05697441101074, 433.94422149658203, 425.0339398384094, 416.18006014823914, 407.6449272632599, 399.2014811038971, 390.94290709495544, 382.8514184951782, 374.8935227394104, 367.15223717689514, 359.4847500324249, 351.9583144187927]"
