K,layers,hidden_channels,out_channels,norm,lr,treatment,dropout,ratio,seed,aggregation,model_type,batch_size,rate_pairs,clusters,sampling,num_epochs,anomaly_detector,accuracy,f1,recall,precision,losses,test_accuracy,test_f1,test_recall,test_precision
1,1,16,1,,0.005,removal,0,-3.5236727137261106,654,mean,GATConv,4096,10,50,sage,50,nearest_neighbors,nan,0.0,0.0,0.0,"[0.4730887363354365, 0.40469472606976825, 0.36844224482774734, 0.3431929548581441, 0.32274718830982846, 0.3040788173675537, 0.2888745367527008, 0.2726765697201093, 0.25839537257949513, 0.24489682664473852, 0.2328298588593801, 0.2217374456425508, 0.2116863156358401, 0.2031486431757609, 0.19414904713630676, 0.1861799880862236, 0.17914430797100067, 0.1725760983924071, 0.1661418154835701, 0.15998080869515738, 0.15307648355762163, 0.14112870767712593, 0.13190930088361105, 0.12624843480686346, 0.12170357878009479, 0.11872558916608493, 0.11502583573261897, 0.11287719880541165, 0.10993689298629761, 0.10796399600803852, 0.10569925978779793, 0.10350825823843479, 0.10164787930746873, 0.09961690753698349, 0.0978318378329277, 0.09651534383495648, 0.09463463785747687, 0.09315743607779343, 0.09132164033750693, 0.08979655181368192, 0.08925753645598888, 0.08738237495223682, 0.08690290277202924, 0.08568651725848515, 0.08510820878048737, 0.08392474179466565, 0.08316843894620736, 0.08249931037425995, 0.0817261381695668, 0.08076082728803158]",0.9314323128330172,0.0,0.0,0.0
