K,layers,hidden_channels,out_channels,norm,lr,treatment,dropout,ratio,seed,aggregation,model_type,batch_size,rate_pairs,clusters,sampling,num_epochs,anomaly_detector,accuracy,f1,recall,precision,losses,test_accuracy,test_f1,test_recall,test_precision
4,2,16,2,,0.005,removal,0,0.01645933315205571,654,mean,GCNConv,4096,10,50,sage,50,nearest_neighbors,nan,0.0,0.0,0.0,"[1.2055318167695077, 0.009449732962821145, 0.004779840099217836, 0.0031638558612030465, 0.0022064027180022094, 0.0015445923536390183, 0.001235488489328418, 0.0009535944445815403, 0.0008304506518470589, 0.0006835356748524646, 0.0005829582669321098, 0.0004918982626804791, 0.00044438757777243154, 0.0003922681812582596, 0.0003669538446047227, 0.0003317218222491647, 0.000305555136037583, 0.00025382053581779473, 0.0002386447474691522, 0.00022150432846501644, 0.00021120789619999414, 0.00018819227682342898, 0.00018522272284826613, 0.00016901361584586994, 0.00015868645448335883, 0.00015486143843190803, 0.00013439711108276242, 0.00012285028037695156, 0.00012167898137249722, 0.00011676566151663792, 0.00010859990470635239, 9.7148883526188e-05, 8.893130274145733e-05, 8.692842010304958e-05, 8.185927265458304e-05, 6.961709760844315e-05, 7.167614751324436e-05, 7.17485252721417e-05, 6.472330142059946e-05, 6.543649971035848e-05, 5.804379236451496e-05, 5.517224127515874e-05, 5.489956672022345e-05, 5.155154502745063e-05, 4.687411208692538e-05, 4.602072687021064e-05, 4.355996577487531e-05, 4.027742565426706e-05, 4.0609349099440806e-05, 3.8717792676834506e-05]",0.7211234534453175,0.01921549944417977,0.05323361196656401,0.011723670186997383
