K,layers,hidden_channels,out_channels,norm,lr,treatment,dropout,ratio,seed,aggregation,model_type,batch_size,rate_pairs,clusters,sampling,num_epochs,anomaly_detector,accuracy,f1,recall,precision,losses
4,1,128,128,,0.00466457790073619,removal,0.20982170009185444,0.013516494791033902,654,mean,GCNConv,20,9,500,cluster,100,nearest_neighbors,0.9537840391718925,0.7154192012695054,0.5951595159515951,0.8965860125952934,"[32.79021152853966, 29.534693896770477, 26.605010151863098, 23.162280917167664, 22.074981689453125, 20.005492210388184, 17.986915051937103, 16.79215180873871, 14.753414705395699, 13.217428654432297, 12.483223140239716, 11.322399392724037, 10.568935602903366, 9.749363988637924, 8.88633568584919, 8.315351784229279, 7.915019929409027, 7.463193848729134, 6.842283472418785, 6.3170769065618515, 5.819550089538097, 5.67916502058506, 5.275807112455368, 4.95223331451416, 4.605609469115734, 4.382972128689289, 4.09704053401947, 3.8008115366101265, 3.80895509570837, 3.4812589958310127, 3.384258635342121, 3.2070587277412415, 3.0466469526290894, 2.8828658014535904, 2.7777546606957912, 2.6345654241740704, 2.6374267153441906, 2.4686803929507732, 2.280781641602516, 2.244719874113798, 2.150710601359606, 2.0509936325252056, 1.9618119485676289, 1.9544627778232098, 1.9068445973098278, 1.7935549058020115, 1.7482663169503212, 1.648211695253849, 1.6193858049809933, 1.5373124461621046, 1.5301142204552889, 1.456591423600912, 1.3944487608969212, 1.3699391465634108, 1.3089667223393917, 1.2723290100693703, 1.2426034305244684, 1.2114548981189728, 1.1714866533875465, 1.1786498557776213, 1.116002667695284, 1.065156240016222, 1.0229591205716133, 1.0098873395472765, 0.9671574998646975, 0.9722865056246519, 0.9185160771012306, 0.8933561211451888, 0.8781047370284796, 0.8702947646379471, 0.8456512149423361, 0.8252158332616091, 0.8110038116574287, 0.7941759042441845, 0.7703369054943323, 0.7522887540981174, 0.7321128370240331, 0.7142704594880342, 0.698876865208149, 0.680205199867487, 0.6787985283881426, 0.6462619472295046, 0.6328427754342556, 0.6255937898531556, 0.6058089835569263, 0.5964703485369682, 0.5716005032882094, 0.558712744154036, 0.5625413311645389, 0.5385535312816501, 0.5257914643734694, 0.5127797676250339, 0.5033979942090809, 0.48740588407963514, 0.49003130616620183, 0.48425176925957203, 0.4567453865893185, 0.4583620550110936, 0.45712668541818857, 0.4439207697287202]"
