K,layers,hidden_channels,out_channels,norm,lr,treatment,dropout,ratio,seed,aggregation,model_type,batch_size,rate_pairs,clusters,sampling,num_epochs,anomaly_detector,accuracy,f1,recall,precision,losses
4,1,128,128,,0.0029612416468387235,removal,0.00047886043045372584,0.018219848897810257,654,mean,GCNConv,20,5,500,cluster,100,nearest_neighbors,0.9543638862640667,0.7140357959897726,0.5837183718371837,0.9192654192654193,"[32.15737298130989, 29.757834434509277, 27.220811396837234, 26.172407299280167, 24.349366664886475, 23.560745388269424, 21.294434636831284, 21.751587569713593, 19.373103335499763, 17.674659073352814, 17.266728967428207, 16.334618464112282, 15.642474114894867, 14.611744567751884, 14.01817238330841, 13.097578138113022, 12.816889494657516, 12.178065329790115, 11.400459557771683, 10.782448455691338, 9.940607324242592, 9.86154705286026, 9.296009838581085, 8.807376384735107, 8.299209371209145, 7.997738525271416, 7.521932639181614, 7.047784961760044, 7.127289295196533, 6.5624732077121735, 6.428187370300293, 6.122469082474709, 5.857738092541695, 5.565988317131996, 5.393331237137318, 5.141569517552853, 5.178691364824772, 4.869072146713734, 4.5110150426626205, 4.451357826590538, 4.2823951952159405, 4.098473355174065, 3.93432854115963, 3.9281571805477142, 3.838461123406887, 3.6221453845500946, 3.539170742034912, 3.34461809694767, 3.2951052486896515, 3.1361457966268063, 3.1254342645406723, 2.9818666204810143, 2.8623100742697716, 2.8163289912045, 2.6939079463481903, 2.6228097155690193, 2.5647650994360447, 2.505654253065586, 2.4268910996615887, 2.4450630135834217, 2.3177112452685833, 2.2155813351273537, 2.130542179569602, 2.1054394096136093, 2.0195123367011547, 2.0321531631052494, 1.9218234606087208, 1.8707517236471176, 1.8397590480744839, 1.8258880600333214, 1.776085365563631, 1.7346968073397875, 1.7069556154310703, 1.6727401539683342, 1.6245993562042713, 1.5870048105716705, 1.545736987143755, 1.509270567446947, 1.477322556078434, 1.4393092393875122, 1.4376126118004322, 1.36940080486238, 1.3423201330006123, 1.3276039138436317, 1.2867323383688927, 1.2674122601747513, 1.2152888383716345, 1.1888822093605995, 1.197662077844143, 1.1472638752311468, 1.1207813620567322, 1.0936788748949766, 1.0740407351404428, 1.040762398391962, 1.0467630755156279, 1.0350762959569693, 0.9770620772615075, 0.9806280396878719, 0.9784782249480486, 0.950718754902482]"
