K,layers,hidden_channels,out_channels,norm,lr,treatment,dropout,ratio,seed,aggregation,model_type,batch_size,rate_pairs,reliable_mini_batch,clusters,accuracy,f1,recall,precision,losses
3,2,128,128,,0.00879732334957781,removal,0.08408255074715916,0.025280286102725983,654,sum,GCNConv,30,6,True,100,0.9357873034962632,0.6359873386900414,0.5746974697469747,0.711910602343963,"[10.998462438583374, 10.673328161239624, 10.404955387115479, 10.117743492126465, 9.822315216064453, 9.529011964797974, 9.275897979736328, 9.034565687179565, 8.779231548309326, 8.534629821777344, 8.281342029571533, 8.056865215301514, 7.841768383979797, 7.609065294265747, 7.4248435497283936, 7.224039077758789, 7.052964806556702, 6.868989944458008, 6.708936810493469, 6.508464097976685, 6.357367634773254, 6.203246235847473, 6.024649262428284, 5.90850555896759, 5.750514030456543, 5.625410676002502, 5.4659072160720825, 5.354102730751038, 5.18416428565979, 5.109925270080566, 4.978094577789307, 4.874992847442627, 4.7638771533966064, 4.661830306053162, 4.5434043407440186, 4.447628736495972, 4.3498454093933105, 4.243383407592773, 4.175602674484253, 4.0826205015182495, 4.0104363560676575, 3.9245412349700928, 3.8390910029411316, 3.747893989086151, 3.692440390586853, 3.6006723642349243, 3.547309100627899, 3.476963520050049, 3.40597927570343, 3.3398308157920837]"
