K,layers,hidden_channels,out_channels,norm,lr,treatment,dropout,ratio,seed,aggregation,model_type,batch_size,rate_pairs,clusters,sampling,num_epochs,anomaly_detector,accuracy,f1,recall,precision,losses
3,1,128,128,,0.001916521127183607,removal,0.02222379099432416,0.0208869168855879,654,mean,GCNConv,20,4,500,cluster,100,nearest_neighbors,0.9526672966240014,0.7022426371251014,0.5718371837183719,0.9096954847742387,"[24.693528205156326, 24.53758031129837, 22.137105226516724, 21.608392387628555, 20.28065377473831, 20.895833551883698, 19.33582043647766, 21.255321890115738, 18.979428455233574, 17.59171786904335, 17.511735647916794, 17.67567776143551, 15.883459359407425, 16.082987815141678, 14.627884298563004, 13.966967910528183, 14.945560544729233, 14.297758549451828, 12.778432756662369, 12.417575746774673, 11.60473533719778, 11.887205302715302, 11.496108144521713, 11.066159918904305, 10.3652184009552, 10.196295276284218, 9.58130307495594, 9.08502508699894, 9.332739472389221, 8.659075185656548, 8.63430118560791, 8.275904193520546, 8.032393097877502, 7.651584982872009, 7.49183152616024, 7.223272040486336, 7.335208207368851, 6.948498196899891, 6.497726678848267, 6.448823019862175, 6.261378932744265, 6.028956823050976, 5.833889879286289, 5.860146090388298, 5.758318409323692, 5.477576419711113, 5.376242578029633, 5.112299531698227, 5.062874346971512, 4.845500152558088, 4.85662467777729, 4.65487377345562, 4.49260900914669, 4.439765378832817, 4.263803876936436, 4.173386253416538, 4.091980971395969, 4.017259083688259, 3.908165916800499, 3.95328838378191, 3.7604814991354942, 3.6063527911901474, 3.4805164337158203, 3.4501294642686844, 3.3222376108169556, 3.3533136025071144, 3.181021973490715, 3.104448216035962, 3.0613945722579956, 3.048454165458679, 2.9737568236887455, 2.914422534406185, 2.875903468579054, 2.822430521249771, 2.7519420869648457, 2.691655892878771, 2.628677275031805, 2.5723380856215954, 2.5220861732959747, 2.4638166651129723, 2.4689667597413063, 2.354100499302149, 2.3136483766138554, 2.2928152047097683, 2.2264270186424255, 2.1973138749599457, 2.1103083938360214, 2.068737279623747, 2.0878696255385876, 2.003498386591673, 1.9605270437896252, 1.9164402689784765, 1.8845411352813244, 1.8296147026121616, 1.8433903604745865, 1.8258775286376476, 1.7261674590408802, 1.7345145158469677, 1.7338815107941628, 1.6869052909314632]"
