K,layers,hidden_channels,out_channels,norm,lr,treatment,dropout,ratio,seed,aggregation,model_type,batch_size,rate_pairs,clusters,sampling,num_epochs,anomaly_detector,accuracy,f1,recall,precision,losses,test_accuracy,test_f1,test_recall,test_precision
2,2,64,64,,0.005,removal,0,0.010692745963323851,654,mean,GCNConv,16384,10,50,sage,50,nearest_neighbors,nan,0.0,0.0,0.0,"[198.7711582183838, 191.65156936645508, 183.59282684326172, 175.6780138015747, 168.1195192337036, 161.60763549804688, 155.1035499572754, 147.40380001068115, 141.38332748413086, 134.8833417892456, 128.6945686340332, 122.99157333374023, 117.66176795959473, 112.92702960968018, 107.60742425918579, 102.92689847946167, 98.31731224060059, 93.97955513000488, 90.36231231689453, 86.64761877059937, 83.14896297454834, 79.77801275253296, 76.63558530807495, 73.50775289535522, 70.76452159881592, 67.94330024719238, 65.50471496582031, 62.92206621170044, 60.659507274627686, 58.50024080276489, 56.35022592544556, 54.51900291442871, 52.43844199180603, 50.72002029418945, 48.983811140060425, 47.574822664260864, 45.814549922943115, 44.230063915252686, 42.95945429801941, 41.635658740997314, 40.41826033592224, 39.239710092544556, 38.063857078552246, 36.9652578830719, 35.67375469207764, 34.82066535949707, 33.87752413749695, 32.99787259101868, 32.118064165115356, 31.260210752487183]",0.9451368192901652,0.024096385542168676,0.013198416190057193,0.1382488479262673
