K,layers,hidden_channels,out_channels,norm,lr,treatment,dropout,ratio,seed,aggregation,model_type,batch_size,rate_pairs,clusters,sampling,num_epochs,anomaly_detector,accuracy,f1,recall,precision,losses,test_accuracy,test_f1,test_recall,test_precision
1,1,16,1,,0.005,removal,0,-3.395403181197296,654,mean,GCNConv,4096,10,50,sage,50,nearest_neighbors,nan,0.0,0.0,0.0,"[0.38331862539052963, 0.30378072957197827, 0.27008088181416195, 0.25175684814651805, 0.24231170117855072, 0.23218045632044473, 0.228169913093249, 0.22362606972455978, 0.21912111838658652, 0.2142520621418953, 0.21063694233695665, 0.20771876722574234, 0.20521573225657144, 0.20309598868091902, 0.1999575470884641, 0.19785397996505102, 0.19719313209255537, 0.19431992496053377, 0.19317430381973585, 0.1911283334096273, 0.19093403841058412, 0.18848435580730438, 0.18862039595842361, 0.1866485377152761, 0.18568006778756777, 0.18359055866797766, 0.18307313695549965, 0.18269422898689905, 0.1824349301556746, 0.18043180306752524, 0.18055343627929688, 0.17997310558954874, 0.1789821907877922, 0.17717608188589415, 0.1771018331249555, 0.17697743947307268, 0.17560469483335814, 0.17597686623533568, 0.1759160173436006, 0.17600135008494058, 0.17470047374566397, 0.1732659488916397, 0.17316061382492384, 0.1713664929072062, 0.17238918070991835, 0.17142298072576523, 0.17138815050323805, 0.1710640179614226, 0.1697097010910511, 0.16992597033580145]",0.7803892350763117,0.14667953329239408,0.36779586449626045,0.091606399298707
