K,layers,hidden_channels,out_channels,norm,lr,treatment,dropout,ratio,seed,aggregation,model_type,batch_size,rate_pairs,clusters,sampling,num_epochs,anomaly_detector,accuracy,f1,recall,precision,losses
5,1,128,128,,0.0041936701601389135,removal,0.20200996247158318,0.00764456302611213,654,mean,GATConv,20,6,100,cluster,100,nearest_neighbors,0.9411777338716605,0.6351405355001998,0.5245324532453245,0.8048615800135044,"[5.211985290050507, 5.864233672618866, 5.133176863193512, 5.193058013916016, 5.179274916648865, 5.134296357631683, 5.754230082035065, 4.914382457733154, 4.926071226596832, 4.896730124950409, 4.784656226634979, 4.746709883213043, 4.752001762390137, 4.676766574382782, 4.737508237361908, 4.657110333442688, 4.658827781677246, 4.535693287849426, 4.568449437618256, 4.387282431125641, 4.835607171058655, 4.370398581027985, 4.328531861305237, 4.255015671253204, 4.208225786685944, 4.174754798412323, 4.171922445297241, 3.955203056335449, 4.174449265003204, 4.236014008522034, 4.028850555419922, 4.2232586145401, 3.99970543384552, 3.7230092883110046, 3.8332622051239014, 3.5697392225265503, 3.7757248282432556, 3.7573933601379395, 3.6081977486610413, 3.6914156675338745, 3.4242666363716125, 3.4335529804229736, 3.259189158678055, 3.384157121181488, 3.270672857761383, 3.1968716382980347, 3.1803120374679565, 3.1905003786087036, 3.0762590169906616, 3.031701385974884, 3.0471805930137634, 2.999538391828537, 2.943256765604019, 2.9113513827323914, 2.877229869365692, 2.8210777640342712, 2.759770452976227, 2.720195770263672, 2.8454933166503906, 2.6867268681526184, 2.681930363178253, 2.6098096668720245, 2.561753988265991, 2.5111428797245026, 2.486210882663727, 2.415881782770157, 2.383929342031479, 2.336251527070999, 2.3717304468154907, 2.324081063270569, 2.296084940433502, 2.2397888004779816, 2.2302578389644623, 2.1717680990695953, 2.115683913230896, 2.1336265206336975, 2.08366397023201, 2.0556472539901733, 2.013218879699707, 1.9627832472324371, 2.0332864224910736, 1.9653431177139282, 1.9175088703632355, 1.8546633422374725, 1.896919846534729, 1.8530546426773071, 1.815076231956482, 1.7579344511032104, 1.7522626519203186, 1.7841541767120361, 1.7099198698997498, 1.7247388064861298, 1.6586889028549194, 1.6513451039791107, 1.6331101059913635, 1.5814765393733978, 1.568349689245224, 1.564290165901184, 1.528201401233673, 1.4858383238315582]"
