K,layers,hidden_channels,out_channels,norm,lr,treatment,dropout,ratio,seed,aggregation,model_type,batch_size,rate_pairs,reliable_mini_batch,clusters,accuracy,f1,recall,precision,losses
15,2,256,64,,0.009000108523858791,relabeling,0.0024228870157842588,0.01593749439409812,654,sum,GCNConv,10,6,True,500,0.8906880852160467,0.5131981637337414,0.5903190319031903,0.45389950938927426,"[591.9226789474487, 417.8396010398865, 305.65368604660034, 231.917724609375, 181.64642453193665, 146.14136743545532, 120.21156311035156, 100.74751043319702, 85.7384033203125, 73.94238650798798, 64.48488020896912, 56.76051449775696, 50.393882513046265, 45.066032230854034, 40.56008064746857, 36.711108922958374, 33.392089545726776, 30.51145476102829, 27.988450586795807, 25.770034581422806, 23.81223773956299, 22.068925380706787, 20.512689977884293, 19.11027094721794, 17.845500499010086, 16.700902223587036, 15.664601415395737, 14.715889155864716, 13.854582488536835, 13.058754354715347, 12.33266432583332, 11.661812633275986, 11.03988166153431, 10.465519547462463, 9.934131622314453, 9.439586877822876, 8.977855324745178, 8.549083814024925, 8.1478730738163, 7.771383121609688, 7.41928642988205, 7.087745279073715, 6.778490856289864, 6.485551983118057, 6.210166051983833, 5.950356349349022, 5.705343671143055, 5.473352201282978, 5.253255754709244, 5.0454206392169]"
