K,layers,hidden_channels,out_channels,norm,lr,treatment,dropout,ratio,seed,aggregation,model_type,batch_size,rate_pairs,clusters,sampling,num_epochs,anomaly_detector,accuracy,f1,recall,precision,losses,test_accuracy,test_f1,test_recall,test_precision
4,2,16,1,,0.005,removal,0,0.01645933315205571,654,mean,GATConv,4096,10,50,sage,50,nearest_neighbors,nan,0.0,0.0,0.0,"[0.32029016812642414, 0.21286854520440102, 0.17490599925319353, 0.1477330600221952, 0.12519877962768078, 0.11127850910027821, 0.0989839391161998, 0.09347419999539852, 0.08615507123370965, 0.08310908203323682, 0.07862479177614053, 0.07485024196406205, 0.07379492496450742, 0.07107982163627942, 0.06750698449711005, 0.06474297524740298, 0.06281956440458696, 0.06273956317454576, 0.05890548011908928, 0.059622796873251595, 0.05667987527946631, 0.05575592815876007, 0.053849320858716965, 0.052477157674729824, 0.051635572065909706, 0.05061654777576526, 0.04768153031667074, 0.04881432342032591, 0.04750949920465549, 0.0462633507947127, 0.045720377626518406, 0.04609127435833216, 0.045219822165866695, 0.04393621999770403, 0.04309023699412743, 0.043074208622177444, 0.042678132032354675, 0.04106017202138901, 0.04058047663420439, 0.04118591702232758, 0.040138861164450645, 0.0396737897147735, 0.04006631734470526, 0.03897242170448104, 0.037861534394323826, 0.03903654279808203, 0.038863363986214004, 0.03827774835129579, 0.03663468438511094, 0.03713528253138065]",0.9221078298564075,0.06957928802588997,0.05675318961724593,0.08989547038327526
