K,layers,hidden_channels,out_channels,norm,lr,treatment,dropout,ratio,seed,aggregation,model_type,batch_size,rate_pairs,reliable_mini_batch,clusters,accuracy,f1,recall,precision,losses
16,2,256,128,,0.005651409078608822,removal,0.38706779927156976,0.01222827988140382,654,sum,SAGEConv,40,3,True,2000,0.937913409500902,0.6324221233312143,0.5471947194719472,0.7490963855421687,"[674.1356248855591, 539.8481168746948, 437.7415862083435, 359.9835124015808, 300.136549949646, 253.50228357315063, 216.68087100982666, 187.1818163394928, 163.2920470237732, 143.6592571735382, 127.35638070106506, 113.67737436294556, 102.10536932945251, 92.21911978721619, 83.7004007101059, 76.30021154880524, 69.86377274990082, 64.19566524028778, 59.18541705608368, 54.75312268733978, 50.79071468114853, 47.23590975999832, 44.03882539272308, 41.155641198158264, 38.53698641061783, 36.1566646695137, 33.986431300640106, 31.995531380176544, 30.174816131591797, 28.4961975812912, 26.95271873474121, 25.521562844514847, 24.199671983718872, 22.97038635611534, 21.830879479646683, 20.764895796775818, 19.774606198072433, 18.848894149065018, 17.97923618555069, 17.167891442775726, 16.40453466773033, 15.685518145561218, 15.008824646472931, 14.373343408107758, 13.771923542022705, 13.20534896850586, 12.669091388583183, 12.162715330719948, 11.680865675210953, 11.225188687443733]"
