K,layers,hidden_channels,out_channels,norm,lr,treatment,dropout,ratio,seed,aggregation,model_type,batch_size,rate_pairs,clusters,sampling,num_epochs,anomaly_detector,accuracy,f1,recall,precision,losses,test_accuracy,test_f1,test_recall,test_precision
1,1,16,1,,0.005,removal,0,-3.4723649007145845,654,mean,MLP,4096,10,50,sage,50,nearest_neighbors,nan,0.0,0.0,0.0,"[0.3859427173932393, 0.2971118117372195, 0.2650672098000844, 0.2454133853316307, 0.2350586118797461, 0.2275321806470553, 0.2204990362127622, 0.21608344713846842, 0.2120701273282369, 0.20891804620623589, 0.20559803768992424, 0.20361111809810004, 0.2005814972023169, 0.19818751762310663, 0.196330726146698, 0.1946354185541471, 0.1926407739520073, 0.19126403083403906, 0.1893150620162487, 0.18800552561879158, 0.1863879313071569, 0.18464330832163492, 0.1829834890862306, 0.1825993719200293, 0.1817554160952568, 0.1817177583773931, 0.17960617567102113, 0.17844412103295326, 0.1766615447898706, 0.17701689650615057, 0.17648824801047644, 0.17489002272486687, 0.17407235006491342, 0.1732651169101397, 0.1723573791484038, 0.17192728941639265, 0.1698416881263256, 0.16968527932961783, 0.1683400757610798, 0.16784694915016493, 0.16715488831202188, 0.16644406815369925, 0.16497323041160902, 0.16397306074698767, 0.1647759253780047, 0.16423145805795988, 0.1627466877301534, 0.16320847471555075, 0.1613685910900434, 0.1600340356429418]",0.8063532917908426,0.1939667324499577,0.45402551693796744,0.12332695984703633
