K,layers,hidden_channels,out_channels,norm,lr,treatment,dropout,ratio,seed,aggregation,model_type,batch_size,rate_pairs,clusters,sampling,num_epochs,anomaly_detector,accuracy,f1,recall,precision,losses,test_accuracy,test_f1,test_recall,test_precision
9,2,256,256,,0.005,removal,0,0.014979221406328009,654,mean,GATConv,16384,10,50,sage,50,nearest_neighbors,nan,0.0,0.0,0.0,"[68.9005298614502, 67.8367691040039, 67.03879928588867, 65.57345581054688, 67.1931209564209, 66.92414855957031, 65.52943801879883, 64.68582344055176, 65.00920295715332, 64.70879173278809, 64.57163619995117, 63.72488212585449, 63.58790969848633, 62.70382499694824, 62.92955780029297, 63.37509536743164, 61.950700759887695, 61.377655029296875, 61.499996185302734, 61.83652687072754, 60.21057891845703, 60.49931335449219, 60.31794738769531, 60.234880447387695, 60.334707260131836, 60.060428619384766, 58.67131042480469, 58.57539176940918, 58.633506774902344, 57.59260940551758, 57.82277870178223, 56.514827728271484, 56.958086013793945, 57.50154685974121, 56.80371284484863, 56.12360382080078, 55.56032943725586, 55.910526275634766, 55.98385429382324, 54.39502716064453, 54.66524696350098, 54.846208572387695, 53.53549575805664, 54.577022552490234, 53.48109436035156, 52.71147346496582, 52.73158836364746, 53.21980285644531, 52.16230773925781, 51.658742904663086]",0.9432628917185948,0.023319082782743878,0.013198416190057193,0.1
