K,layers,hidden_channels,out_channels,norm,lr,treatment,dropout,ratio,seed,aggregation,model_type,batch_size,rate_pairs,clusters,sampling,num_epochs,anomaly_detector,accuracy,f1,recall,precision,losses
4,1,128,128,,0.00299497225688068,removal,0.039665628924334916,0.016809017750355922,654,mean,GCNConv,20,6,500,cluster,100,nearest_neighbors,0.9545142169916674,0.7213157894736842,0.603080308030803,0.8972176759410802,"[32.18315452337265, 29.97478023171425, 27.661364555358887, 26.07700341939926, 24.435871362686157, 23.865186393260956, 22.00784745812416, 21.312176823616028, 19.26213328540325, 17.38134041428566, 17.147715866565704, 16.161462768912315, 15.463486731052399, 14.46428006887436, 13.469532549381256, 12.78766193985939, 12.495010286569595, 12.020397126674652, 11.181624189019203, 10.468999907374382, 9.796237401664257, 9.725305616855621, 9.157215118408203, 8.68357752263546, 8.173518493771553, 7.874236047267914, 7.412464983761311, 6.93607497215271, 7.019785672426224, 6.460020579397678, 6.321215033531189, 6.02155613899231, 5.763797640800476, 5.474369533360004, 5.303709141910076, 5.056501969695091, 5.089777283370495, 4.782756522297859, 4.433075085282326, 4.374237015843391, 4.207519847899675, 4.025113865733147, 3.8633716255426407, 3.8569882437586784, 3.769414447247982, 3.5577033311128616, 3.4745861291885376, 3.283650740981102, 3.234557919204235, 3.077833615243435, 3.0677279233932495, 2.926610991358757, 2.809158518910408, 2.763215109705925, 2.6433212384581566, 2.573880109935999, 2.5161758363246918, 2.4581530392169952, 2.3810555189847946, 2.3986624367535114, 2.273526631295681, 2.1728790029883385, 2.089127065613866, 2.064811747521162, 1.980362132191658, 1.9928742907941341, 1.884681660681963, 1.8344333786517382, 1.8040486350655556, 1.790469665080309, 1.7413686513900757, 1.700854692608118, 1.673707116395235, 1.6398614756762981, 1.5925025679171085, 1.5558652803301811, 1.5153358168900013, 1.4795605167746544, 1.4480800293385983, 1.4108305238187313, 1.4092793352901936, 1.3421580456197262, 1.3155745957046747, 1.3012180663645267, 1.2610732149332762, 1.2421930991113186, 1.1911315526813269, 1.1652202177792788, 1.1737174205482006, 1.1242733970284462, 1.0982928797602654, 1.071680013090372, 1.0524138044565916, 1.0198530200868845, 1.0257552778348327, 1.0142702106386423, 0.9572887597605586, 0.9607869926840067, 0.9587170388549566, 0.931427014991641]"
