K,layers,hidden_channels,out_channels,norm,lr,treatment,dropout,ratio,seed,aggregation,model_type,batch_size,rate_pairs,clusters,sampling,num_epochs,anomaly_detector,accuracy,f1,recall,precision,losses
4,1,128,128,,0.005753011477176273,removal,0.2584420514616285,0.014614110942698478,654,mean,GCNConv,20,9,500,cluster,100,nearest_neighbors,0.9530323855338888,0.7087495005992809,0.5854785478547855,0.8977732793522267,"[33.50140655040741, 29.197913110256195, 25.492468535900116, 22.683274418115616, 20.26521724462509, 17.888737320899963, 15.505001991987228, 14.115630567073822, 12.476485401391983, 11.120338052511215, 10.25061121582985, 9.152246624231339, 8.485049694776535, 7.723366394639015, 6.965651363134384, 6.4578635692596436, 6.091810807585716, 5.702677339315414, 5.198672950267792, 4.77411038428545, 4.371293533593416, 4.2425307482481, 3.926039144396782, 3.675670675933361, 3.4046499505639076, 3.231190726161003, 3.0152305886149406, 2.7895756661891937, 2.7875752821564674, 2.543461062014103, 2.4686424881219864, 2.3353168442845345, 2.214090060442686, 2.094375278800726, 2.0146766006946564, 1.9081018827855587, 1.9079257026314735, 1.784029358997941, 1.6473565362393856, 1.6197376176714897, 1.550671624019742, 1.477748828008771, 1.412329001352191, 1.4062109105288982, 1.3716573007404804, 1.288871781900525, 1.2555849608033895, 1.1834212113171816, 1.1620618272572756, 1.1026786137372255, 1.0969142261892557, 1.0439085699617863, 0.9987672381103039, 0.9808345157653093, 0.9370876587927341, 0.9104086132720113, 0.8890247400850058, 0.8663570005446672, 0.8374237641692162, 0.8422077931463718, 0.7972261756658554, 0.7608063891530037, 0.7304785689339042, 0.7209860747680068, 0.6902133850380778, 0.6936631957069039, 0.65522750467062, 0.6372014838270843, 0.6262280736118555, 0.620413520373404, 0.6027149762958288, 0.5880998466163874, 0.577799167484045, 0.5656959908083081, 0.548612711019814, 0.5356947528198361, 0.5212120348587632, 0.5084589906036854, 0.49746947083622217, 0.48406052961945534, 0.4829434594139457, 0.4597766827791929, 0.45014502108097076, 0.4449491025879979, 0.4308099625632167, 0.4241079054772854, 0.4064217209815979, 0.3971498990431428, 0.39983112644404173, 0.3827450033277273, 0.37362320348620415, 0.3643362303264439, 0.35764047084376216, 0.3462548376992345, 0.34805136686190963, 0.3438941724598408, 0.32436772738583386, 0.3254687301814556, 0.32453166600316763, 0.3151390142738819]"
