K,layers,hidden_channels,out_channels,norm,lr,treatment,dropout,ratio,seed,aggregation,model_type,batch_size,rate_pairs,reliable_mini_batch,clusters,accuracy,f1,recall,precision,losses
10,2,64,64,,0.007815308087484995,relabeling,0.22243720292567973,0.001068481046398064,654,sum,GCNConv,10,3,True,500,0.9347349884030581,0.6189341692789969,0.5430143014301431,0.719533527696793,"[402.9097537994385, 297.21018505096436, 225.07775115966797, 175.21822237968445, 139.90211987495422, 114.16681218147278, 94.95168328285217, 80.24009597301483, 68.74031960964203, 59.586334347724915, 52.18629276752472, 46.09897589683533, 41.04876130819321, 36.795630395412445, 33.17981654405594, 30.08414649963379, 27.40574461221695, 25.078005224466324, 23.029584914445877, 21.230504274368286, 19.632690638303757, 18.207276821136475, 16.935298919677734, 15.786649972200394, 14.75473427772522, 13.81575122475624, 12.96335557103157, 12.185579597949982, 11.47314965724945, 10.82175400853157, 10.220254927873611, 9.667484372854233, 9.156401962041855, 8.682534396648407, 8.24171008169651, 7.834485664963722, 7.4526631236076355, 7.098206385970116, 6.76563735306263, 6.454657018184662, 6.1636021733284, 5.889432229101658, 5.632677614688873, 5.389974474906921, 5.162401057779789, 4.946996562182903, 4.743223257362843, 4.551232397556305, 4.3688544780015945, 4.196394175291061]"
