K,layers,hidden_channels,out_channels,norm,lr,treatment,dropout,ratio,seed,aggregation,model_type,batch_size,rate_pairs,clusters,sampling,num_epochs,anomaly_detector,accuracy,f1,recall,precision,losses
4,1,128,128,,0.0031103380799983506,removal,0.050291082722235786,0.017244694233999953,654,mean,GCNConv,20,8,500,cluster,100,nearest_neighbors,0.9545571686281248,0.7199576495500265,0.5984598459845984,0.9033543673198273,"[31.26367297768593, 29.24207639694214, 26.674011886119843, 24.89693683385849, 23.99969345331192, 22.910678178071976, 20.99361801147461, 21.143269896507263, 18.938876941800117, 17.03880801796913, 17.04998344182968, 15.974583730101585, 15.001155436038971, 14.479401111602783, 13.228762179613113, 12.426242083311081, 12.152828633785248, 11.626604944467545, 10.807215720415115, 10.100643813610077, 9.434728659689426, 9.354695677757263, 8.800364777445793, 8.325698271393776, 7.821039915084839, 7.526272535324097, 7.072344936430454, 6.619387947022915, 6.686386540532112, 6.148678205907345, 6.017492786049843, 5.725892975926399, 5.476724594831467, 5.199116960167885, 5.034395344555378, 4.796388655900955, 4.823181018233299, 4.531872592866421, 4.197999782860279, 4.1414114236831665, 3.9810187332332134, 3.8064758852124214, 3.6535653844475746, 3.645472288131714, 3.562562480568886, 3.3610395342111588, 3.2824017331004143, 3.099850408732891, 3.052090972661972, 2.9037666842341423, 2.8939806409180164, 2.7601718232035637, 2.648444876074791, 2.6052158027887344, 2.491699807345867, 2.4250589180737734, 2.371007092297077, 2.315582998096943, 2.2426041439175606, 2.25851072371006, 2.1407453194260597, 2.045395892113447, 1.966767942532897, 1.94369051232934, 1.8635454140603542, 1.874882210046053, 1.7730354331433773, 1.725667992606759, 1.6968350261449814, 1.683808259665966, 1.637768141925335, 1.5994263514876366, 1.5733051933348179, 1.5415749326348305, 1.496959201991558, 1.462156917899847, 1.4239591974765062, 1.3902610670775175, 1.3606812953948975, 1.3254883587360382, 1.323847346007824, 1.2610897719860077, 1.235849518328905, 1.2220560368150473, 1.1843310184776783, 1.166449448093772, 1.1183854285627604, 1.0941215734928846, 1.1019604597240686, 1.0554358009248972, 1.030938994139433, 1.0058910846710205, 0.9878101795911789, 0.9570745229721069, 0.9626036426052451, 0.9518324844539165, 0.898167610168457, 0.9016033113002777, 0.8995252903550863, 0.873851053416729]"
