K,layers,hidden_channels,out_channels,norm,lr,treatment,dropout,ratio,seed,aggregation,model_type,batch_size,rate_pairs,clusters,sampling,num_epochs,anomaly_detector,accuracy,f1,recall,precision,losses,test_accuracy,test_f1,test_recall,test_precision
1,1,16,1,,0.005,removal,0,0.020877377620765757,654,mean,GATConv,4096,10,50,sage,50,nearest_neighbors,nan,0.0,0.0,0.0,"[0.4726209317644437, 0.40273421506086987, 0.36551431318124133, 0.3405439977844556, 0.32116618752479553, 0.30313722789287567, 0.2888758033514023, 0.2728612820307414, 0.25911790629227954, 0.2458600513637066, 0.2340286672115326, 0.22291037067770958, 0.21296539778510729, 0.2044272261361281, 0.19569561009605727, 0.18772336840629578, 0.18081789712111154, 0.1741794335345427, 0.16782348478833833, 0.161266361673673, 0.15303472181161246, 0.14090643202265105, 0.13352331519126892, 0.12850198211769262, 0.12427734956145287, 0.1213998148838679, 0.11779851963122685, 0.11588553835948308, 0.11292970801393191, 0.11102746551235516, 0.10884398221969604, 0.10666097390154998, 0.10469875981410344, 0.10286739158133666, 0.10104612447321415, 0.09976911296447118, 0.09786282293498516, 0.0964386376241843, 0.09506415079037349, 0.09345565301676591, 0.0931067205965519, 0.09126563929021358, 0.09082545215884845, 0.08958225945631663, 0.0891003788759311, 0.08805175436039765, 0.08737313374876976, 0.08670855003098647, 0.08613757292429607, 0.0852101743221283]",0.9138938053097345,0.0,0.0,0.0
