K,layers,hidden_channels,out_channels,norm,lr,treatment,dropout,ratio,seed,aggregation,model_type,batch_size,rate_pairs,clusters,sampling,num_epochs,anomaly_detector,accuracy,f1,recall,precision,losses,test_accuracy,test_f1,test_recall,test_precision
6,1,128,64,,0.005,removal,0,0.017846864323276368,654,mean,GCNConv,4096,10,50,sage,50,nearest_neighbors,nan,0.0,0.0,0.0,"[1155.8500289916992, 1009.5464515686035, 884.3651084899902, 778.2470397949219, 682.9951782226562, 592.9191017150879, 514.5740928649902, 446.869993686676, 387.6573758125305, 337.09304332733154, 295.45144844055176, 259.7702536582947, 230.41708517074585, 204.19092869758606, 183.017639875412, 164.41166853904724, 148.2323911190033, 134.9566342830658, 123.28623747825623, 112.82225370407104, 103.83704674243927, 95.43696022033691, 88.46261596679688, 81.93816483020782, 76.27529454231262, 71.05554938316345, 66.43259382247925, 62.31972277164459, 58.37510430812836, 54.84831613302231, 51.705675542354584, 48.73731756210327, 46.08823651075363, 43.60146450996399, 41.24111980199814, 39.17388719320297, 37.12156754732132, 35.36987191438675, 33.64319038391113, 31.936767995357513, 30.552263259887695, 29.10908842086792, 27.82902717590332, 26.609954714775085, 25.407947540283203, 24.350517570972443, 23.301880836486816, 22.33488619327545, 21.449298590421677, 20.51518964767456]",0.9423823715343629,0.22853688029020555,0.16630004399472062,0.3652173913043478
