K,layers,hidden_channels,out_channels,norm,lr,treatment,dropout,ratio,seed,aggregation,model_type,batch_size,rate_pairs,clusters,sampling,num_epochs,anomaly_detector,accuracy,f1,recall,precision,losses
2,1,128,128,,0.004553630782594772,removal,0.38938755375680933,0.01637181564866241,654,mean,GCNConv,20,9,500,cluster,100,nearest_neighbors,0.953290095352633,0.7117296222664016,0.5907590759075908,0.895,"[17.224179327487946, 15.92597970366478, 15.098314255475998, 13.873226344585419, 12.397873848676682, 11.180379495024681, 11.3713049441576, 10.238950043916702, 9.535123243927956, 9.047498896718025, 8.125144019722939, 7.336229123175144, 6.8987477868795395, 6.591298818588257, 5.608500048518181, 5.2854039669036865, 5.298120342195034, 5.0367894768714905, 4.466459572315216, 4.335113696753979, 3.848138902336359, 3.7720276415348053, 3.523489087820053, 3.447396829724312, 3.147485487163067, 3.089616283774376, 2.7970817163586617, 2.682711087167263, 2.6130421236157417, 2.4139655269682407, 2.367575593292713, 2.2694308944046497, 2.1134720221161842, 2.0126616694033146, 1.9500773176550865, 1.8420008532702923, 1.844909980893135, 1.7363612074404955, 1.608411978930235, 1.5836770310997963, 1.5212290715426207, 1.4560154415667057, 1.3964629229158163, 1.3893319442868233, 1.358045108616352, 1.2797540314495564, 1.2507232185453176, 1.1805562004446983, 1.1608363967388868, 1.1033306401222944, 1.100322475656867, 1.0490340925753117, 1.0049339961260557, 0.9890625681728125, 0.9465194288641214, 0.9208308276720345, 0.9008077345788479, 0.8788158930838108, 0.8507874775677919, 0.8570539951324463, 0.8121371641755104, 0.7762140370905399, 0.7460107114166021, 0.7372697163373232, 0.7063884614035487, 0.7109757419675589, 0.6720268586650491, 0.654246136546135, 0.6435998491942883, 0.6383735835552216, 0.6207550326362252, 0.6061625648289919, 0.5960584534332156, 0.5840619700029492, 0.5669104857370257, 0.5540600270032883, 0.5394970141351223, 0.5266563016921282, 0.515680281445384, 0.5021149925887585, 0.5014306185767055, 0.477642091922462, 0.467959126457572, 0.46281654573976994, 0.4483951944857836, 0.44166292157024145, 0.42342763487249613, 0.41404321417212486, 0.4171111863106489, 0.39946614298969507, 0.3901226846501231, 0.38064002618193626, 0.37390221329405904, 0.36211788933724165, 0.3641935675404966, 0.3600180223584175, 0.33964664465747774, 0.341005171649158, 0.3402377972379327, 0.33051554672420025]"
