K,layers,hidden_channels,out_channels,norm,lr,treatment,dropout,ratio,seed,aggregation,model_type,batch_size,rate_pairs,clusters,sampling,num_epochs,anomaly_detector,accuracy,f1,recall,precision,losses
4,1,128,128,,0.003291366792032609,removal,0.04067801502311749,0.022027747614711678,654,mean,GCNConv,20,5,500,cluster,100,nearest_neighbors,0.955394725539043,0.7228819212808539,0.596039603960396,0.9183050847457627,"[32.15746799111366, 30.675028771162033, 27.661957174539566, 24.876341104507446, 24.059711515903473, 22.76065769791603, 20.833125948905945, 20.11831843852997, 18.46823614835739, 16.64401486515999, 16.454048693180084, 15.602904990315437, 14.510604739189148, 14.033064395189285, 13.074332296848297, 12.021194159984589, 11.682601511478424, 11.146806359291077, 10.306672424077988, 9.63683570921421, 8.945319809019566, 8.849009543657303, 8.289128705859184, 7.846962556242943, 7.3465961664915085, 7.071383133530617, 6.636928953230381, 6.211046561598778, 6.259455755352974, 5.744413584470749, 5.611288979649544, 5.33846278488636, 5.095617741346359, 4.8372829258441925, 4.677286647260189, 4.452385701239109, 4.475315049290657, 4.201635651290417, 3.8926414102315903, 3.8370145931839943, 3.686034668236971, 3.5238416828215122, 3.379382647573948, 3.3691034987568855, 3.2911601588129997, 3.1032068580389023, 3.03009095788002, 2.8611946627497673, 2.81686107814312, 2.6783268339931965, 2.668669529259205, 2.5437356904149055, 2.439496360719204, 2.3985189720988274, 2.2945340797305107, 2.2325331699103117, 2.182381074875593, 2.1302071288228035, 2.0621970258653164, 2.07608050853014, 1.9677993953227997, 1.8799832351505756, 1.8072740081697702, 1.785202207043767, 1.7118564322590828, 1.721490491181612, 1.6280065663158894, 1.584125286899507, 1.557672020047903, 1.544986654073, 1.5025137290358543, 1.467028671875596, 1.4430467579513788, 1.4134054072201252, 1.3723152969032526, 1.340465733781457, 1.3053120374679565, 1.2742543704807758, 1.2469637989997864, 1.2145712990313768, 1.212592113763094, 1.1551159340888262, 1.13185391202569, 1.1192204281687737, 1.0844781454652548, 1.0680280979722738, 1.0240639261901379, 1.0015086326748133, 1.0087125729769468, 0.9660259112715721, 0.9436280224472284, 0.9205964067950845, 0.9038971532136202, 0.8757036719471216, 0.8805661061778665, 0.8705386687070131, 0.8216517427936196, 0.8245124537497759, 0.8224809430539608, 0.79910459369421]"
