K,layers,hidden_channels,out_channels,norm,lr,treatment,dropout,ratio,seed,aggregation,model_type,batch_size,rate_pairs,clusters,sampling,num_epochs,anomaly_detector,accuracy,f1,recall,precision,losses
5,1,128,128,,0.005589552773391542,removal,0.2551108410641617,0.012162894413299168,654,mean,GCNConv,20,10,500,cluster,100,nearest_neighbors,0.9528820548062881,0.7080117114719191,0.5852585258525853,0.8959245537217918,"[38.31734240055084, 32.2029769718647, 29.24006599187851, 24.34619653224945, 22.689965307712555, 20.009388983249664, 17.728849798440933, 16.277334064245224, 14.742787808179855, 13.214226573705673, 12.303420305252075, 11.037238880991936, 10.201998680830002, 9.307509705424309, 8.388294905424118, 7.757534936070442, 7.3074977695941925, 6.828542470932007, 6.20483872294426, 5.683050334453583, 5.197142142802477, 5.035520628094673, 4.649866580963135, 4.343505002558231, 4.015730984508991, 3.807704620063305, 3.545236997306347, 3.275825873017311, 3.2707279175519943, 2.9798487685620785, 2.8884433656930923, 2.7289072051644325, 2.584818974137306, 2.441727638244629, 2.346957430243492, 2.221095159649849, 2.2189735546708107, 2.0733352303504944, 1.9126678295433521, 1.878925021737814, 1.7976385429501534, 1.7118636053055525, 1.635154515504837, 1.6269719079136848, 1.5856902189552784, 1.489388208836317, 1.4502510521560907, 1.3660848811268806, 1.340796910226345, 1.2717739501968026, 1.2645872626453638, 1.2029800117015839, 1.1505786031484604, 1.1294857431203127, 1.0785754099488258, 1.0475924722850323, 1.0225308388471603, 0.9961740784347057, 0.9626059327274561, 0.967961248010397, 0.9159765262156725, 0.8737888019531965, 0.8387840669602156, 0.8276187339797616, 0.7921471176669002, 0.7959472388029099, 0.7516598980873823, 0.7307999958284199, 0.7180010313168168, 0.7112474292516708, 0.6908308174461126, 0.6739038964733481, 0.6620374573394656, 0.6480477638542652, 0.6283844653517008, 0.6134583400562406, 0.5967717040330172, 0.5820766920223832, 0.5693568978458643, 0.5539717525243759, 0.5526331309229136, 0.5260295700281858, 0.5149505324661732, 0.5089225145056844, 0.49271285161376, 0.4849600372835994, 0.46464074682444334, 0.45402341429144144, 0.45706093683838844, 0.43746240716427565, 0.42700543254613876, 0.4163398244418204, 0.40864743618294597, 0.3955696066841483, 0.3976184227503836, 0.39283675886690617, 0.37045865738764405, 0.3717063618823886, 0.3706220528110862, 0.35984256211668253]"
