K,layers,hidden_channels,out_channels,norm,lr,treatment,dropout,ratio,seed,aggregation,model_type,batch_size,rate_pairs,clusters,sampling,num_epochs,anomaly_detector,accuracy,f1,recall,precision,losses,test_accuracy,test_f1,test_recall,test_precision
5,2,64,256,,0.005,removal,0,0.011671540695333004,654,mean,GATConv,4096,10,50,sage,100,nearest_neighbors,0.10915492957746478,0.19682539682539682,0.10915492957746478,1.0,"[62.74995303153992, 54.911427557468414, 48.37286615371704, 41.910810470581055, 36.31238102912903, 31.291063606739044, 27.05591705441475, 23.400159657001495, 20.208748668432236, 17.59641233086586, 15.393952071666718, 13.586157202720642, 12.044047310948372, 10.749874100089073, 9.645801723003387, 8.693930849432945, 7.867562174797058, 7.166729420423508, 6.537740208208561, 6.014920704066753, 5.5283841118216515, 5.106766931712627, 4.735168874263763, 4.397799618542194, 4.10346806794405, 3.827774293720722, 3.576038606464863, 3.3548508062958717, 3.1488679461181164, 2.966533310711384, 2.7935337387025356, 2.6356962211430073, 2.492075815796852, 2.3588143438100815, 2.238880790770054, 2.1264681667089462, 2.015843167901039, 1.918827310204506, 1.8245217762887478, 1.7414964586496353, 1.6588286347687244, 1.583616590127349, 1.5103833973407745, 1.4476753156632185, 1.3855855707079172, 1.3249284606426954, 1.2682514283806086, 1.2158150542527437, 1.1669501196593046, 1.1198428180068731, 1.0746248662471771, 1.0323835890740156, 0.9951160363852978, 0.9563534986227751, 0.9198921285569668, 0.8856127951294184, 0.8515535518527031, 0.822377766482532, 0.79225102532655, 0.7652146220207214, 0.7358309933915734, 0.7109086187556386, 0.6861913790926337, 0.6632227702066302, 0.6415247097611427, 0.6185246547684073, 0.5975283440202475, 0.576784280128777, 0.5599457211792469, 0.5404480174183846, 0.5226038293913007, 0.5056462213397026, 0.4905952652916312, 0.4748820522800088, 0.4589528366923332, 0.4442851636558771, 0.4309389004483819, 0.4174847053363919, 0.4050713647156954, 0.39301464706659317, 0.3806240209378302, 0.3689619298093021, 0.35728982742875814, 0.3467923915013671, 0.336870311293751, 0.3263096543960273, 0.3167624259367585, 0.3075983910821378, 0.29864458087831736, 0.2901001498103142, 0.2817207523621619, 0.2736358540132642, 0.26516055315732956, 0.25787545507773757, 0.2506107375957072, 0.24320031981915236, 0.23646929115056992, 0.2301484956406057, 0.22324558859691024, 0.21707132644951344]",0.9372691349540417,0.5479028014239282,0.38943894389438943,0.9237995824634656
