K,layers,hidden_channels,out_channels,norm,lr,treatment,dropout,ratio,seed,aggregation,model_type,batch_size,rate_pairs,clusters,sampling,num_epochs,anomaly_detector,accuracy,f1,recall,precision,losses
9,1,128,128,,0.006550177604261657,removal,0.23830630870035918,0.023844573732458806,654,mean,GCNConv,20,6,500,cluster,100,nearest_neighbors,0.9525384417146293,0.7048611111111112,0.5806380638063806,0.8967040434930343,"[45.56748574972153, 38.72997742891312, 34.07322996854782, 29.506705701351166, 28.00453668832779, 25.241593301296234, 22.741592437028885, 20.90093070268631, 18.89681901037693, 16.599212497472763, 15.317945331335068, 13.492395266890526, 12.246306598186493, 10.979684099555016, 9.695307612419128, 8.805100440979004, 8.168390944600105, 7.514702141284943, 6.732957020401955, 6.086778245866299, 5.508753567934036, 5.283236443996429, 4.833860203623772, 4.47624571621418, 4.108926996588707, 3.869324080646038, 3.5798005051910877, 3.2898292057216167, 3.26616108417511, 2.9623437337577343, 2.8575733825564384, 2.688896954059601, 2.537381663918495, 2.3883251063525677, 2.287940353155136, 2.158899862319231, 2.149763971567154, 2.003717415034771, 1.8444533944129944, 1.8072320148348808, 1.7254030741751194, 1.6398453637957573, 1.5634445399045944, 1.5521376840770245, 1.5098182633519173, 1.4162374138832092, 1.3765706066042185, 1.2952005378901958, 1.2693090103566647, 1.202631190419197, 1.193876102566719, 1.1345711704343557, 1.0840349663048983, 1.0627972092479467, 1.0140055678784847, 0.9838854726403952, 0.9594083558768034, 0.933768579736352, 0.9016055930405855, 0.9054074995219707, 0.8563623167574406, 0.816482394002378, 0.7832758417353034, 0.7722291806712747, 0.7387978527694941, 0.7415534425526857, 0.7000746689736843, 0.6802396327257156, 0.667864297516644, 0.6611079396679997, 0.6418135361745954, 0.6257460452616215, 0.6143401572480798, 0.6010417584329844, 0.5825906442478299, 0.568451969884336, 0.5527771143242717, 0.5389604354277253, 0.5269214687868953, 0.5125060714781284, 0.5109350690618157, 0.48629168327897787, 0.47587593737989664, 0.47006733529269695, 0.45498305186629295, 0.44763799477368593, 0.4288411298766732, 0.41893235594034195, 0.4214474009349942, 0.4033394129946828, 0.39361894503235817, 0.38367656292393804, 0.3764710109680891, 0.3643767414614558, 0.36606399714946747, 0.3615218661725521, 0.3410108080133796, 0.3419663980603218, 0.34081003069877625, 0.33085944410413504]"
