K,layers,hidden_channels,out_channels,norm,lr,treatment,dropout,ratio,seed,aggregation,model_type,batch_size,rate_pairs,clusters,sampling,num_epochs,anomaly_detector,accuracy,f1,recall,precision,losses
4,1,128,128,,0.004243788265133276,removal,0.2080014432744856,0.00810901675666012,654,mean,GCNConv,20,10,500,cluster,100,nearest_neighbors,0.9533330469890903,0.7162814988901945,0.6035203520352035,0.8808606294155427,"[36.96933487057686, 32.16666302084923, 28.105635106563568, 25.006834715604782, 22.97877186536789, 20.45550835132599, 18.192158967256546, 16.917530238628387, 15.334523320198059, 13.942218333482742, 13.264516144990921, 12.14314378798008, 11.45219698548317, 10.661522090435028, 9.770175129175186, 9.182657793164253, 8.790563479065895, 8.328737199306488, 7.6600052416324615, 7.089069291949272, 6.5513638108968735, 6.410822659730911, 5.969731569290161, 5.616141512989998, 5.2298292219638824, 4.991484135389328, 4.670945860445499, 4.338559065014124, 4.354918360710144, 3.984401911497116, 3.878129966557026, 3.677091605961323, 3.4963300079107285, 3.311632312834263, 3.19333353638649, 3.030779004096985, 3.037375621497631, 2.845087416470051, 2.6289997436106205, 2.588231474161148, 2.481425216421485, 2.367459561675787, 2.265274688601494, 2.2577981911599636, 2.2035872600972652, 2.073506996035576, 2.0217252112925053, 1.9064726755023003, 1.8741033524274826, 1.7796903382986784, 1.7718499936163425, 1.6871340572834015, 1.6157605238258839, 1.587756671011448, 1.517096683382988, 1.4750737268477678, 1.4408900737762451, 1.4052836075425148, 1.359148807823658, 1.3678979873657227, 1.2951609157025814, 1.2363567743450403, 1.187471540644765, 1.1726305969059467, 1.123080000281334, 1.1293006017804146, 1.066976424306631, 1.0378517713397741, 1.0201937463134527, 1.0114031489938498, 0.9828552212566137, 0.9592305887490511, 0.9430323299020529, 0.9234361574053764, 0.8959433678537607, 0.8749320497736335, 0.8514934256672859, 0.8308977372944355, 0.8129669595509768, 0.7913954071700573, 0.7899958472698927, 0.7520659435540438, 0.736516185104847, 0.7281841225922108, 0.7052056416869164, 0.694372002966702, 0.665429936721921, 0.6504751890897751, 0.6550709400326014, 0.6271199658513069, 0.6123209241777658, 0.597197353374213, 0.586308429017663, 0.5676721204072237, 0.570853061042726, 0.5641981707885861, 0.5321282423101366, 0.5340666426345706, 0.5327047295868397, 0.517319530248642]"
