K,layers,hidden_channels,out_channels,norm,lr,treatment,dropout,ratio,seed,aggregation,model_type,batch_size,rate_pairs,clusters,sampling,num_epochs,anomaly_detector,accuracy,f1,recall,precision,losses,test_accuracy,test_f1,test_recall,test_precision
1,1,16,1,,0.005,removal,0,0.020877377620765757,654,mean,GATConv,4096,10,50,sage,50,nearest_neighbors,nan,0.0,0.0,0.0,"[0.3866676663359006, 0.30513567974170047, 0.27093708018461865, 0.25061281646291417, 0.23676088452339172, 0.22429629663626352, 0.2149861790239811, 0.20623592908183733, 0.19895135362943014, 0.19368211925029755, 0.18882346277435622, 0.18369673068324724, 0.1795089952647686, 0.1757705012957255, 0.17270107939839363, 0.16913653165102005, 0.16676567619045576, 0.1642930544912815, 0.1620262103776137, 0.15906531115372977, 0.15859720731774965, 0.15635793656110764, 0.1541370948155721, 0.15267514809966087, 0.1504559045036634, 0.14913540333509445, 0.14829401299357414, 0.14540223528941473, 0.14404379079739252, 0.14344946295022964, 0.14338964223861694, 0.14116862788796425, 0.14063583811124167, 0.13843512162566185, 0.13724253637095293, 0.13576956652104855, 0.13438542808095613, 0.13341681597133478, 0.1330479308962822, 0.13195214110116163, 0.13140561369558176, 0.13032386700312296, 0.12857733542720476, 0.1269494847704967, 0.1269602564473947, 0.12554421958824, 0.126839534069101, 0.12493710406124592, 0.12574178477128348, 0.1234082579612732]",0.8079424778761062,0.1706315085506831,0.2807293303992455,0.12256382102662641
