K,layers,hidden_channels,out_channels,norm,lr,treatment,dropout,ratio,seed,aggregation,model_type,batch_size,rate_pairs,clusters,sampling,num_epochs,anomaly_detector,accuracy,f1,recall,precision,losses,test_accuracy,test_f1,test_recall,test_precision
1,1,16,1,,0.005,removal,0,-3.4723649007145845,654,mean,GATConv,4096,10,50,sage,50,nearest_neighbors,nan,0.0,0.0,0.0,"[0.397230992714564, 0.3227769484122594, 0.28687191506226856, 0.26727625479300815, 0.25563613573710126, 0.2457822598516941, 0.23886832098166147, 0.23210515081882477, 0.22598972544074059, 0.22097177803516388, 0.21751189604401588, 0.21230629831552505, 0.20926895240942636, 0.20561710000038147, 0.20350990444421768, 0.19968394314249358, 0.19832578177253404, 0.1965218409895897, 0.19449561585982642, 0.19246249770124754, 0.19256187106172243, 0.1902285280327002, 0.18930942937731743, 0.1883025330801805, 0.18720708042383194, 0.18571986258029938, 0.18552408988277116, 0.1835861218472322, 0.18246387193600336, 0.18123305464784303, 0.1813769799967607, 0.1802559308707714, 0.1801360435783863, 0.17889716600378355, 0.1779369624952475, 0.1762612722814083, 0.17593065028389296, 0.17410321533679962, 0.17449976379672685, 0.17433834200104079, 0.17384018003940582, 0.172376432766517, 0.1711434635023276, 0.17073589811722437, 0.1708018829425176, 0.16944993659853935, 0.17067405954003334, 0.16907955581943193, 0.1695599084099134, 0.1682554061214129]",0.7741804389054456,0.14439692044482463,0.37131544214694234,0.08962514601253053
