K,layers,hidden_channels,out_channels,norm,lr,treatment,dropout,ratio,seed,aggregation,model_type,batch_size,rate_pairs,clusters,sampling,num_epochs,anomaly_detector,accuracy,f1,recall,precision,losses,test_accuracy,test_f1,test_recall,test_precision
4,2,16,2,,0.005,removal,0,0.01645933315205571,654,mean,GATConv,4096,10,50,sage,50,nearest_neighbors,nan,0.0,0.0,0.0,"[9.604193300008774, 3.782822996377945, 3.1369684785604477, 2.716292604804039, 2.4920664876699448, 2.422371417284012, 2.367418885231018, 2.3473605811595917, 2.329299673438072, 2.2657571583986282, 2.288385048508644, 2.2417691946029663, 2.2881587594747543, 2.241607204079628, 2.235524222254753, 2.213796451687813, 2.237126648426056, 2.2252011001110077, 2.1887863278388977, 2.205099180340767, 2.2260654121637344, 2.198046386241913, 2.209089919924736, 2.213567301630974, 2.153064787387848, 2.1708458214998245, 2.1556655317544937, 2.1756645888090134, 2.154453858733177, 2.156903922557831, 2.1811306327581406, 2.144292935729027, 2.14712356030941, 2.1631117463111877, 2.1567736864089966, 2.1202587336301804, 2.1469956040382385, 2.1179898530244827, 2.1171494275331497, 2.1048160791397095, 2.1558636128902435, 2.123111367225647, 2.1310312151908875, 2.1146523505449295, 2.1346803456544876, 2.1147020012140274, 2.1169335544109344, 2.1178266257047653, 2.1200044751167297, 2.1021716743707657]",0.9484782805021222,0.0,0.0,0.0
