K,layers,hidden_channels,out_channels,norm,lr,treatment,dropout,ratio,seed,aggregation,model_type,batch_size,rate_pairs,clusters,sampling,num_epochs,anomaly_detector,accuracy,f1,recall,precision,losses
5,1,128,128,,0.0025689139024675806,removal,0.04002095126649707,0.017349807090466282,654,mean,GCNConv,20,7,500,cluster,100,nearest_neighbors,0.9527746757151447,0.7103911497431845,0.5933993399339934,0.8848425196850394,"[36.98494008183479, 33.2876812517643, 31.04217892885208, 28.739686846733093, 27.676364541053772, 26.00452309846878, 24.24240118265152, 23.679910451173782, 22.10105812549591, 20.726264536380768, 20.42761367559433, 19.272798538208008, 18.811696887016296, 18.224287539720535, 17.093805491924286, 16.4639073908329, 16.34277632832527, 15.889666348695755, 14.927732080221176, 14.010535418987274, 13.24971304833889, 13.274361371994019, 12.570103287696838, 11.946650683879852, 11.306181162595749, 10.960249900817871, 10.33596684038639, 9.711613312363625, 9.873648896813393, 9.105897694826126, 8.926307961344719, 8.514096155762672, 8.182334184646606, 7.7653868496418, 7.541365444660187, 7.199691757559776, 7.262461483478546, 6.833716847002506, 6.3355038315057755, 6.247950047254562, 6.01711168512702, 5.759699605405331, 5.533419489860535, 5.523532576858997, 5.394268289208412, 5.096557818353176, 4.97994951158762, 4.707144841551781, 4.638218469917774, 4.41749757155776, 4.401879593729973, 4.200111471116543, 4.035913161933422, 3.968837395310402, 3.795215182006359, 3.6958581507205963, 3.6118816062808037, 3.5316683501005173, 3.4220131188631058, 3.4462419226765633, 3.2671560272574425, 3.1226214691996574, 3.002734448760748, 2.966946553438902, 2.8479465171694756, 2.865226775407791, 2.7097802720963955, 2.6366466470062733, 2.592749286442995, 2.574179209768772, 2.5039292611181736, 2.4454529620707035, 2.4071538634598255, 2.3578929156064987, 2.2906927093863487, 2.237116277217865, 2.1791673824191093, 2.127905733883381, 2.081581350415945, 2.0288406498730183, 2.026653405278921, 1.9301631264388561, 1.8922169618308544, 1.871585350483656, 1.8142177276313305, 1.7868072763085365, 1.7131515815854073, 1.6763984262943268, 1.6886530071496964, 1.617564495652914, 1.580183669924736, 1.5420478396117687, 1.5139785874634981, 1.467493213713169, 1.4759318064898252, 1.4596377946436405, 1.3779429513961077, 1.3825336694717407, 1.3798080682754517, 1.3404998742043972]"
