K,layers,hidden_channels,out_channels,norm,lr,treatment,dropout,ratio,seed,aggregation,model_type,batch_size,rate_pairs,clusters,sampling,num_epochs,anomaly_detector,accuracy,f1,recall,precision,losses,test_accuracy,test_f1,test_recall,test_precision
1,1,16,1,,0.005,removal,0,-3.4980188072203475,654,mean,MLP,4096,10,50,sage,50,nearest_neighbors,nan,0.0,0.0,0.0,"[0.4258602758248647, 0.3627400944630305, 0.33258411288261414, 0.31220125903685886, 0.2968079745769501, 0.2834631949663162, 0.2717355266213417, 0.26153259724378586, 0.2522333587209384, 0.24250005185604095, 0.23284562304615974, 0.22467257703344026, 0.2147792416314284, 0.20607341825962067, 0.197239238768816, 0.18966720004876456, 0.1838532475133737, 0.17731623103221258, 0.17330856248736382, 0.169243223965168, 0.16526939471562704, 0.1625835100809733, 0.15934236844380698, 0.15690200527509054, 0.15359389781951904, 0.1514293241004149, 0.1491029436389605, 0.14609136680761972, 0.144408551355203, 0.14185351754228273, 0.13966485112905502, 0.13786886632442474, 0.13606596489747366, 0.13306736201047897, 0.13078635185956955, 0.1290794194986423, 0.1270419986297687, 0.1254574079066515, 0.12324695910016696, 0.12225189246237278, 0.12031236477196217, 0.11790441224972407, 0.11631709709763527, 0.11470043286681175, 0.1135712427397569, 0.11158481302360694, 0.1091215902318557, 0.10737522194782893, 0.10632655707498391, 0.10390703131755193]",0.9153797525512508,0.0015982951518380393,0.0013198416190057193,0.002025658338960162
