K,layers,hidden_channels,out_channels,norm,lr,treatment,dropout,ratio,seed,aggregation,model_type,batch_size,rate_pairs,clusters,sampling,num_epochs,anomaly_detector,accuracy,f1,recall,precision,losses,test_accuracy,test_f1,test_recall,test_precision
1,1,16,1,,0.005,removal,0,0.020877377620765757,654,mean,MLP,4096,10,50,sage,50,nearest_neighbors,nan,0.0,0.0,0.0,"[0.36407747119665146, 0.2663518401483695, 0.23733578994870186, 0.2216864675283432, 0.21108992273608843, 0.20229249944289526, 0.1951179802417755, 0.18939794475833574, 0.18419919908046722, 0.18035287285844484, 0.17637590443094572, 0.1725152681271235, 0.1691288985311985, 0.16637292007605234, 0.16488206138213476, 0.1618101398150126, 0.1599787324666977, 0.15787377208471298, 0.15529416128993034, 0.15350251023968062, 0.15243511398633322, 0.1496658759812514, 0.14730911081035933, 0.14685695494214693, 0.14621902133027712, 0.1436090829471747, 0.14235920210679373, 0.14088894054293633, 0.1396542750298977, 0.13866121942798296, 0.13777638971805573, 0.13614581152796745, 0.13504390542705855, 0.1342317604770263, 0.13231013963619867, 0.13212751845518747, 0.1300110382338365, 0.12867963748673597, 0.1274757875750462, 0.12733567195634046, 0.12573686428368092, 0.12496987109382947, 0.12355288490653038, 0.12368484524389108, 0.12242605661352475, 0.12176731166740258, 0.12075665220618248, 0.11892551618317763, 0.11859499911467235, 0.11669833213090897]",0.8309955752212389,0.19189675235375014,0.28513046211883053,0.1446109693877551
