K,layers,hidden_channels,out_channels,norm,lr,treatment,dropout,ratio,seed,aggregation,model_type,batch_size,rate_pairs,clusters,sampling,num_epochs,anomaly_detector,accuracy,f1,recall,precision,losses,test_accuracy,test_f1,test_recall,test_precision
1,1,16,1,,0.005,removal,0,-3.5236727137261106,654,mean,MLP,4096,10,50,sage,50,nearest_neighbors,nan,0.0,0.0,0.0,"[0.38723599662383396, 0.29941292355457944, 0.26773278663555783, 0.24830102548003197, 0.23806254069010416, 0.23062358424067497, 0.2236699623366197, 0.21930343036850294, 0.21533693869908652, 0.21222054213285446, 0.20893966654936472, 0.20697488884131113, 0.20398126915097237, 0.20161270226041475, 0.19977803404132524, 0.19810254126787186, 0.19612967098752657, 0.19476620480418205, 0.19284059976538023, 0.1915497655669848, 0.1899490530292193, 0.1882226144274076, 0.1865846092502276, 0.1862009900311629, 0.18536806106567383, 0.18532859285672507, 0.18324402843912443, 0.1820941517750422, 0.18033316358923912, 0.18068304657936096, 0.18016258999705315, 0.17857962474226952, 0.17777123923103014, 0.17697526762882868, 0.17607779428362846, 0.17564928904175758, 0.17358922213315964, 0.1734334540863832, 0.17210487773021063, 0.17161748309930167, 0.17093272507190704, 0.1702273686726888, 0.16877824937303862, 0.16780059660474458, 0.16857808207472166, 0.16804064810276031, 0.1665713476637999, 0.1670343428850174, 0.16521394749482474, 0.16389050458868346]",0.8063758692314639,0.19398496240601504,0.45402551693796744,0.12334169953388312
