K,layers,hidden_channels,out_channels,norm,lr,treatment,dropout,ratio,seed,aggregation,model_type,batch_size,rate_pairs,clusters,sampling,num_epochs,anomaly_detector,accuracy,f1,recall,precision,losses,test_accuracy,test_f1,test_recall,test_precision
8,1,128,64,,0.005,relabeling,0,0.012680779513483207,654,mean,GATConv,8192,10,50,sage,50,nearest_neighbors,nan,0.0,0.0,0.0,"[692.9237003326416, 683.0916614532471, 632.0370082855225, 586.335241317749, 542.0729217529297, 499.98499870300293, 461.2812328338623, 426.12092208862305, 393.2476625442505, 363.584135055542, 335.4670534133911, 310.8249521255493, 288.38103580474854, 267.2068634033203, 247.89704513549805, 229.67186069488525, 214.32372951507568, 200.10585975646973, 187.2547311782837, 174.98541450500488, 165.20611143112183, 154.69260120391846, 145.30840873718262, 137.34216451644897, 130.0335340499878, 122.44509887695312, 115.56969881057739, 109.7932653427124, 104.05760669708252, 99.30724382400513, 94.73578977584839, 89.97215819358826, 85.90676236152649, 81.69221687316895, 78.32178449630737, 74.78977632522583, 71.87606978416443, 68.8050696849823, 66.24878025054932, 63.3907368183136, 60.78051137924194, 58.588200092315674, 56.34633207321167, 54.285542249679565, 52.3463671207428, 50.4845929145813, 48.7423232793808, 46.960246086120605, 45.53308665752411, 44.17610561847687]",0.912873656642283,0.2332604808265448,0.25824901011878576,0.21268115942028987
