K,layers,hidden_channels,out_channels,norm,lr,treatment,dropout,ratio,seed,aggregation,model_type,batch_size,rate_pairs,clusters,sampling,num_epochs,anomaly_detector,accuracy,f1,recall,precision,losses
3,1,128,128,,0.004231311424750946,removal,0.2627609133298437,0.005096400989494636,654,mean,GCNConv,15,11,1000,cluster,100,nearest_neighbors,0.9479640924319217,0.6940270236140927,0.6046204620462046,0.8144635447540012,"[85.66450244188309, 57.44340841472149, 41.931003138422966, 33.62081014551222, 26.91890236362815, 22.407114959089085, 18.673010145663284, 16.094893013010733, 13.57425536646042, 12.253292184090242, 10.506978563964367, 9.251366227239487, 8.336543026030995, 7.531917035579681, 6.494975751789752, 5.950988812372088, 5.539994966238737, 4.922171936370432, 4.532166326418519, 4.107967588468455, 3.725323313527042, 3.528050522785634, 3.2195289793162374, 3.067735865151917, 2.7526861067162827, 2.645742422901094, 2.4164967530523427, 2.287110378179932, 2.1878207586705685, 2.0521471365354955, 1.9060289378394373, 1.794520266354084, 1.644489939615596, 1.6216141316108406, 1.527489872649312, 1.4037591660453472, 1.3754983088001609, 1.2793637281283736, 1.207721475046128, 1.162804459221661, 1.1105195321142673, 1.0329311797395349, 0.9793178976979107, 0.9536025690467795, 0.8829813203428785, 0.8870733617804945, 0.8212542504334124, 0.794502655044198, 0.7327543356914248, 0.7050708945971564, 0.6677429987648793, 0.6415909813231337, 0.6228560416493565, 0.5778031528534484, 0.5673630342898832, 0.5543701692367904, 0.5026534502339928, 0.5110089308418537, 0.4739812972766231, 0.46866027778924035, 0.4574847485637292, 0.43780532776145265, 0.41483630234142765, 0.3974458522279747, 0.3789566637315147, 0.358518536468182, 0.3557760191615671, 0.34414892552013043, 0.3304306147620082, 0.31196886734323925, 0.30269944098427004, 0.2963190498412587, 0.27762464757597627, 0.26516850444022566, 0.2564791606491781, 0.25511606189684244, 0.24129485337834922, 0.24164448829833418, 0.2259491173317656, 0.21852825821952138, 0.20819639499677578, 0.1984050073006074, 0.19456755908640844, 0.18937170086428523, 0.27029533383392845, 1.259271896444261, 1.1001200299242555, 0.6043351600419555, 0.4988973514409736, 0.2901754992176393, 0.21472535573411733, 0.1665495496126823, 0.1477254517012625, 0.15360750950640067, 0.1425511691486463, 0.12600643892074004, 0.11510544185148319, 0.11353881948753042, 0.1094189613359049, 0.10622293123742566]"
