K,layers,hidden_channels,out_channels,norm,lr,treatment,dropout,ratio,seed,aggregation,model_type,batch_size,rate_pairs,clusters,sampling,num_epochs,anomaly_detector,accuracy,f1,recall,precision,losses
12,2,256,64,,0.0023882926562940297,removal,0.016967590631188155,0.016680925029719674,654,mean,GCNConv,20,7,500,cluster,100,nearest_neighbors,0.9430676058757839,0.648920672758575,0.5390539053905391,0.8150365934797072,"[36.541862428188324, 36.39554923772812, 35.867859840393066, 34.91547805070877, 33.43094331026077, 33.91082626581192, 32.80129951238632, 31.831617683172226, 32.25643599033356, 32.01373952627182, 31.499553203582764, 31.04543536901474, 29.57322806119919, 27.79751032590866, 28.36817717552185, 28.159246116876602, 27.400200128555298, 26.828140050172806, 25.513505458831787, 24.92281746864319, 23.010356187820435, 22.743550777435303, 22.128801956772804, 20.770795345306396, 20.33309119939804, 20.036400258541107, 18.42279553413391, 18.742934346199036, 17.196604043245316, 16.911949157714844, 16.429170787334442, 15.33993798494339, 15.104987114667892, 14.574030190706253, 13.151030176784843, 13.162059277296066, 12.724079072475433, 12.53845340013504, 11.465008199214935, 11.085028052330017, 10.753644526004791, 10.683942943811417, 9.99257305264473, 9.609476998448372, 9.190956354141235, 9.044436603784561, 8.592514023184776, 8.321055114269257, 8.101437076926231, 7.821873217821121, 7.350495025515556, 7.2586721032857895, 6.959950968623161, 6.658362254500389, 6.498973399400711, 6.341149151325226, 6.050350025296211, 6.046119347214699, 5.69952991604805, 5.603712879121304, 5.3266856744885445, 5.265099227428436, 5.092497266829014, 4.886832924559712, 4.785328418016434, 4.623876616358757, 4.512288145720959, 4.3995205238461494, 4.328137025237083, 4.1798611879348755, 4.112095013260841, 3.941354401409626, 3.8736952543258667, 3.6142411828041077, 3.616843596100807, 3.576316885650158, 3.4241396635770798, 3.3454382540658116, 3.299314685165882, 3.1995383724570274, 3.185222513973713, 3.125297948718071, 3.0049352645874023, 2.9256504252552986, 2.8311372250318527, 2.816696375608444, 2.759197823703289, 2.6902050524950027, 2.598068341612816, 2.552123848348856, 2.5704262480139732, 2.4218801856040955, 2.41878629848361, 2.2763649858534336, 2.307223219424486, 2.2453186623752117, 2.191968996077776, 2.1416720170527697, 2.168409191071987, 2.1302602738142014]"
