K,layers,hidden_channels,out_channels,norm,lr,treatment,dropout,ratio,seed,aggregation,model_type,batch_size,rate_pairs,clusters,sampling,num_epochs,anomaly_detector,accuracy,f1,recall,precision,losses,test_accuracy,test_f1,test_recall,test_precision
15,1,128,64,,0.005,removal,0,0.01645933315205571,654,mean,GATConv,4096,10,50,sage,50,nearest_neighbors,nan,0.0,0.0,0.0,"[2287.5855712890625, 1977.6873779296875, 1728.2532997131348, 1530.3699340820312, 1361.0779094696045, 1209.69411277771, 1088.872329711914, 979.0226993560791, 883.4708986282349, 797.7199058532715, 719.4593210220337, 646.23473072052, 581.7236928939819, 524.7764644622803, 473.6974630355835, 427.46967697143555, 384.9358868598938, 349.02638816833496, 317.24937200546265, 287.9725465774536, 262.93543815612793, 240.89632749557495, 221.25307703018188, 203.85151410102844, 187.6879243850708, 174.52323579788208, 161.38560676574707, 150.50533866882324, 139.9407720565796, 130.99258279800415, 122.63996315002441, 115.03081727027893, 108.02733182907104, 101.6815459728241, 95.94001233577728, 90.47395944595337, 85.35986566543579, 81.01041007041931, 76.680091381073, 72.69670248031616, 69.19813358783722, 65.6999009847641, 62.59863781929016, 59.60936796665192, 56.87324380874634, 54.2360178232193, 51.80744469165802, 49.52285814285278, 47.46096992492676, 45.388048231601715]",0.9329901562358891,0.18640350877192982,0.14958205015398152,0.24727272727272728
