K,layers,hidden_channels,out_channels,norm,lr,treatment,dropout,ratio,seed,aggregation,model_type,batch_size,rate_pairs,clusters,sampling,num_epochs,anomaly_detector,accuracy,f1,recall,precision,losses
4,1,128,128,,0.0030439522292950885,removal,0.02256946040867204,0.01819982614037907,654,mean,GCNConv,20,6,500,cluster,100,nearest_neighbors,0.9549007817197835,0.7222222222222222,0.6006600660066007,0.9054726368159204,"[32.69638878107071, 30.14375925064087, 27.718073964118958, 25.962084144353867, 25.0488840341568, 24.076772958040237, 21.804024934768677, 21.46025860309601, 19.163361340761185, 17.23427739739418, 17.226742655038834, 15.982571631669998, 15.172347843647003, 14.34541042149067, 13.626090705394745, 12.715052545070648, 12.372941642999649, 11.858423054218292, 11.060113802552223, 10.33697721362114, 9.667150616645813, 9.583299934864044, 9.021955102682114, 8.543864101171494, 8.041017651557922, 7.7419411689043045, 7.284063994884491, 6.816749840974808, 6.894544154405594, 6.34144701063633, 6.204970866441727, 5.90834279358387, 5.65201173722744, 5.367852061986923, 5.199500158429146, 4.954811699688435, 4.986248098313808, 4.686610534787178, 4.342133715748787, 4.283369034528732, 4.119735363870859, 3.9399945586919785, 3.7812776044011116, 3.7750703170895576, 3.6882839128375053, 3.480912946164608, 3.3993087336421013, 3.211867541074753, 3.163602687418461, 3.0098852142691612, 2.9996477030217648, 2.861544691026211, 2.746049463748932, 2.701015155762434, 2.5837792679667473, 2.5151873882859945, 2.4588962495326996, 2.402074806392193, 2.3263330794870853, 2.3430316373705864, 2.22131035476923, 2.1226981952786446, 2.040969332680106, 2.016999777406454, 1.9343556351959705, 1.9461083002388477, 1.840517994016409, 1.7913712225854397, 1.7617244608700275, 1.7483476214110851, 1.7003044076263905, 1.6606275718659163, 1.634028684347868, 1.6008214503526688, 1.554478868842125, 1.5185990072786808, 1.4791257679462433, 1.4440537597984076, 1.4133468195796013, 1.3768696561455727, 1.375225942581892, 1.309844570234418, 1.2838241718709469, 1.2696972712874413, 1.2305489405989647, 1.2120854407548904, 1.1621551234275103, 1.136797022074461, 1.1450828276574612, 1.0968811102211475, 1.0715682730078697, 1.0455689039081335, 1.0267304480075836, 0.9947906602174044, 1.0005709612742066, 0.9892767649143934, 0.9337822366505861, 0.9371109362691641, 0.9350871127098799, 0.9084499087184668]"
