K,layers,hidden_channels,out_channels,norm,lr,treatment,dropout,ratio,seed,aggregation,model_type,batch_size,rate_pairs,clusters,sampling,num_epochs,anomaly_detector,accuracy,f1,recall,precision,losses,test_accuracy,test_f1,test_recall,test_precision
1,1,16,1,,0.005,removal,0,0.018673327996087247,654,mean,MLP,4096,10,50,sage,50,nearest_neighbors,nan,0.0,0.0,0.0,"[0.4256497373183568, 0.3620247070988019, 0.33166548361380893, 0.3111456210414569, 0.29565834254026413, 0.28226876507202786, 0.2703801343838374, 0.25996700177590054, 0.2502835914492607, 0.24044939627250037, 0.23061546807487807, 0.222395750383536, 0.21280390893419585, 0.2043761449555556, 0.19570541630188623, 0.18842428053418794, 0.18275982389847437, 0.17636818066239357, 0.17237873002886772, 0.1684794748822848, 0.16449986025691032, 0.16189291576544443, 0.15874812255303064, 0.15631752833724022, 0.15309694161017737, 0.1509434332450231, 0.14876787240306535, 0.145778588950634, 0.144282137354215, 0.14183897773424783, 0.13979411125183105, 0.13804154470562935, 0.1362315689524015, 0.1332073633869489, 0.13076750251154104, 0.12888884730637074, 0.12678459783395132, 0.12521429359912872, 0.12298133720954259, 0.12159776501357555, 0.11952647628883521, 0.11718316252032916, 0.1155938512335221, 0.11401798824469249, 0.1129205363492171, 0.11097379463414352, 0.10858261833588283, 0.10698473329345386, 0.10595603473484516, 0.10401322195927303]",0.9059580744647566,0.0033159639981051635,0.002566923359002567,0.0046822742474916385
