K,layers,hidden_channels,out_channels,norm,lr,treatment,dropout,ratio,seed,aggregation,model_type,batch_size,rate_pairs,clusters,sampling,num_epochs,anomaly_detector,accuracy,f1,recall,precision,losses,test_accuracy,test_f1,test_recall,test_precision
1,1,16,1,,0.005,removal,0,0.018673327996087247,654,mean,GCNConv,4096,10,50,sage,50,nearest_neighbors,nan,0.0,0.0,0.0,"[0.37502656628688175, 0.29420168449481326, 0.26510047043363255, 0.24981871619820595, 0.24015486240386963, 0.22962384050091109, 0.22431050116817156, 0.2190862881640593, 0.2146176559229692, 0.20933344960212708, 0.20434143766760826, 0.20181585351626077, 0.19873377059896788, 0.19503750279545784, 0.1924995556473732, 0.18957827985286713, 0.18820514157414436, 0.18614303693175316, 0.18436147272586823, 0.18119817599654198, 0.1813495121896267, 0.17904169484972954, 0.178143922239542, 0.17602317159374556, 0.1745444486538569, 0.17340352510412535, 0.17168404906988144, 0.1710501549144586, 0.17034720132748285, 0.16850612064202627, 0.16833185404539108, 0.1672884225845337, 0.16661922012766203, 0.16520350923140845, 0.1649173398812612, 0.16420288880666098, 0.16232386976480484, 0.16161418333649635, 0.16111386194825172, 0.16186831891536713, 0.1606875459353129, 0.15900037934382757, 0.15883703778187433, 0.15716465810934702, 0.15733645980556807, 0.15592302506168684, 0.15771745021144548, 0.15650942424933115, 0.15517916530370712, 0.15474297230442366]",0.7965404728914316,0.1589061345158906,0.31536486982031536,0.10621217734963567
