K,layers,hidden_channels,out_channels,norm,lr,treatment,dropout,ratio,seed,aggregation,model_type,batch_size,rate_pairs,clusters,sampling,num_epochs,anomaly_detector,accuracy,f1,recall,precision,losses,test_accuracy,test_f1,test_recall,test_precision
5,1,128,64,,0.005,removal,0,0.013417355338247446,654,mean,GATConv,8192,10,50,sage,50,nearest_neighbors,nan,0.0,0.0,0.0,"[610.6638793945312, 570.228479385376, 537.5020580291748, 501.9257507324219, 469.84788513183594, 439.03734397888184, 408.99223041534424, 379.46685791015625, 354.6185464859009, 328.66599464416504, 304.26521492004395, 281.98426151275635, 261.22310066223145, 242.85000610351562, 224.84699058532715, 208.2259497642517, 193.42886304855347, 179.7160301208496, 168.27896308898926, 156.46094465255737, 146.55147981643677, 137.04124116897583, 128.6002640724182, 120.97861385345459, 113.52262210845947, 107.16681623458862, 101.39965987205505, 95.60242056846619, 90.6794331073761, 85.85723400115967, 81.66182971000671, 77.58353209495544, 73.98347187042236, 70.68352723121643, 67.2777030467987, 64.18098449707031, 61.25174808502197, 58.6918683052063, 56.23453140258789, 53.926716327667236, 51.76126420497894, 49.602867126464844, 47.71722722053528, 45.9106787443161, 44.302918910980225, 42.59205377101898, 41.071566104888916, 39.61098086833954, 38.205459117889404, 36.89786088466644]",0.9425629910593335,0.2672811059907834,0.20413550373955125,0.3869891576313595
