K,layers,hidden_channels,out_channels,norm,lr,treatment,dropout,ratio,seed,aggregation,model_type,batch_size,rate_pairs,clusters,sampling,num_epochs,anomaly_detector,accuracy,f1,recall,precision,losses,test_accuracy,test_f1,test_recall,test_precision
1,1,16,1,,0.005,removal,0,0.018673327996087247,654,mean,GATConv,4096,10,50,sage,50,nearest_neighbors,nan,0.0,0.0,0.0,"[0.387580802043279, 0.3102380658189456, 0.27762119968732196, 0.2588145261009534, 0.24645418673753738, 0.23583092416326204, 0.22715226436654726, 0.21904653310775757, 0.21277289713422456, 0.20712627346316972, 0.20286964004238447, 0.1978430040180683, 0.19349870954950651, 0.19063565383354822, 0.1867744562526544, 0.1833296294013659, 0.18174461151162782, 0.1790251781543096, 0.1768151285747687, 0.17460642755031586, 0.1742282137274742, 0.17203527813156447, 0.17017817248900732, 0.16899050772190094, 0.167232566823562, 0.16599033772945404, 0.16510670383771262, 0.1626713971296946, 0.1614112282792727, 0.15990740060806274, 0.1606375960012277, 0.15836872532963753, 0.1576355298360189, 0.15660990153749785, 0.15621384854118028, 0.15380297725399336, 0.15344252809882164, 0.15192965293924013, 0.1518976055085659, 0.15136760224898657, 0.15060274427135786, 0.14922887086868286, 0.14754924550652504, 0.14720632508397102, 0.14676308259367943, 0.1455959640443325, 0.14657864595452944, 0.14472332100073496, 0.1446811445057392, 0.1434666352967421]",0.797412059178474,0.16888236912074814,0.33773377337733773,0.11259168704156479
