K,layers,hidden_channels,out_channels,norm,lr,treatment,dropout,ratio,seed,aggregation,model_type,batch_size,rate_pairs,clusters,sampling,num_epochs,anomaly_detector,accuracy,f1,recall,precision,losses
5,1,128,128,,0.0030856853962680595,removal,0.25032324781643134,0.004135428744332258,654,mean,GCNConv,20,10,500,cluster,100,nearest_neighbors,0.9516149815307964,0.7066788178622575,0.5971397139713971,0.8654336734693877,"[42.22379904985428, 37.34158515930176, 32.96087008714676, 29.33078706264496, 27.245303452014923, 24.843515992164612, 22.688524544239044, 21.46023640036583, 20.265850067138672, 18.7845541536808, 18.534342288970947, 17.385867193341255, 16.836431562900543, 16.136629581451416, 15.01317235827446, 14.33594235777855, 14.04374247789383, 13.51081869006157, 12.579001247882843, 11.730422928929329, 10.991968914866447, 10.902534306049347, 10.242835849523544, 9.680621892213821, 9.091768220067024, 8.749544069170952, 8.213874712586403, 7.670202098786831, 7.753797739744186, 7.116954885423183, 6.94820399582386, 6.6037238240242, 6.311933815479279, 5.9787160232663155, 5.784478560090065, 5.503347672522068, 5.533955737948418, 5.191474094986916, 4.800626464188099, 4.729092285037041, 4.542252641171217, 4.338618569076061, 4.15811375528574, 4.147089928388596, 4.04706709086895, 3.8138547539711, 3.721825450658798, 3.5115165188908577, 3.45545706897974, 3.2851586379110813, 3.2715148627758026, 3.1171654909849167, 2.9897946417331696, 2.9382100477814674, 2.8073666840791702, 2.730999868363142, 2.667829181998968, 2.6049993708729744, 2.52136168256402, 2.5385380759835243, 2.403972253203392, 2.2952157482504845, 2.2051042690873146, 2.1781706623733044, 2.087825134396553, 2.1003803238272667, 1.9844334907829762, 1.930260345339775, 1.8974893279373646, 1.8828402683138847, 1.8300472646951675, 1.786540675908327, 1.7573950439691544, 1.7207955718040466, 1.6704005599021912, 1.63127470202744, 1.5879967659711838, 1.5497656054794788, 1.5159839428961277, 1.476558230817318, 1.4745104722678661, 1.4035880230367184, 1.3752263002097607, 1.359903585165739, 1.3174081798642874, 1.2972548212856054, 1.2430885415524244, 1.2158012688159943, 1.22469974309206, 1.1724340207874775, 1.145023673772812, 1.1168914316222072, 1.0963732246309519, 1.0620165020227432, 1.0682844780385494, 1.0561177283525467, 0.9960840661078691, 0.9996923673897982, 0.9975818581879139, 0.9687999542802572]"
