K,layers,hidden_channels,out_channels,norm,lr,treatment,dropout,ratio,seed,aggregation,model_type,batch_size,rate_pairs,clusters,sampling,num_epochs,anomaly_detector,accuracy,f1,recall,precision,losses,test_accuracy,test_f1,test_recall,test_precision
7,1,64,64,,0.005,removal,0,0.02018648695601691,654,mean,GATConv,4096,10,50,sage,50,nearest_neighbors,nan,0.0,0.0,0.0,"[1175.0391235351562, 1029.5062561035156, 903.9779796600342, 797.5522451400757, 702.2017154693604, 615.3581523895264, 538.763521194458, 469.8539810180664, 409.90351486206055, 357.6307201385498, 313.06654024124146, 274.972553730011, 242.85893201828003, 215.90830755233765, 193.33247184753418, 173.64470553398132, 156.55123353004456, 142.00082635879517, 129.66655373573303, 118.2490713596344, 108.56371295452118, 100.10646867752075, 92.52254223823547, 85.70263659954071, 79.49658381938934, 74.3602705001831, 69.21843886375427, 64.93573331832886, 60.70028066635132, 57.116196393966675, 53.75750207901001, 50.66316241025925, 47.80927437543869, 45.20276665687561, 42.83199095726013, 40.54145246744156, 38.39466905593872, 36.57252836227417, 34.74519193172455, 33.0441335439682, 31.552860915660858, 30.0443874001503, 28.705269038677216, 27.408638536930084, 26.216028451919556, 25.065642923116684, 23.99562320113182, 22.99004077911377, 22.079598367214203, 21.158011317253113]",0.944233721665312,0.2881844380403458,0.21997360316761988,0.4177109440267335
