K,layers,hidden_channels,out_channels,norm,lr,treatment,dropout,ratio,seed,aggregation,model_type,batch_size,rate_pairs,clusters,sampling,num_epochs,anomaly_detector,accuracy,f1,recall,precision,losses,test_accuracy,test_f1,test_recall,test_precision
1,1,16,1,,0.005,removal,0,-3.395403181197296,654,mean,GATConv,4096,10,50,sage,50,nearest_neighbors,nan,0.0,0.0,0.0,"[0.46579935898383457, 0.39592734972635907, 0.36077840129534405, 0.33869493504365283, 0.3223462974031766, 0.30690091600020725, 0.29450026899576187, 0.28007442504167557, 0.26769347364703816, 0.25577906767527264, 0.24525006487965584, 0.23474188024799028, 0.2253703474998474, 0.2167463613053163, 0.20829799522956213, 0.20026044299205145, 0.19346650317311287, 0.18672987818717957, 0.18052059908707938, 0.17376870289444923, 0.16472368439038595, 0.1536843217909336, 0.14679144074519476, 0.1423749178647995, 0.13767567028601965, 0.135362529506286, 0.13200474282105765, 0.13008575638135275, 0.12742096558213234, 0.1257222481071949, 0.12400378411014874, 0.12207222109039624, 0.12047376235326131, 0.11901955492794514, 0.11720015853643417, 0.11651745128134887, 0.11504494523008664, 0.11437143074969451, 0.1131917480379343, 0.11172760960956414, 0.111681604757905, 0.1096250315507253, 0.10928671434521675, 0.10801766316095988, 0.10781917286415894, 0.10693531793852647, 0.1062712762504816, 0.10549069878955682, 0.10537942250569661, 0.10424623576303323]",0.9339609861826064,0.0,0.0,0.0
