K,layers,hidden_channels,out_channels,norm,lr,treatment,dropout,ratio,seed,aggregation,model_type,batch_size,rate_pairs,clusters,sampling,num_epochs,anomaly_detector,accuracy,f1,recall,precision,losses,test_accuracy,test_f1,test_recall,test_precision
15,2,128,64,,0.005,removal,0,0.006862902958872643,654,mean,GATConv,4096,10,50,sage,100,nearest_neighbors,0.20246478873239437,0.3367496339677892,0.20246478873239437,1.0,"[138.286691904068, 120.3087488412857, 103.7112135887146, 91.56977605819702, 80.76047706604004, 71.9962694644928, 64.60033857822418, 58.481921553611755, 52.87036335468292, 47.672523021698, 43.126357436180115, 38.84123295545578, 35.257060289382935, 31.80592966079712, 28.821899116039276, 26.106440395116806, 23.580889523029327, 21.466499656438828, 19.50119051337242, 17.781368225812912, 16.298854887485504, 14.908038526773453, 13.70144635438919, 12.628881335258484, 11.661464363336563, 10.80305428802967, 10.011634171009064, 9.350632950663567, 8.712627664208412, 8.139016702771187, 7.638884723186493, 7.134944438934326, 6.709701716899872, 6.320904642343521, 5.955155871808529, 5.620018973946571, 5.317397363483906, 5.038455881178379, 4.774968571960926, 4.524245761334896, 4.302680268883705, 4.090538211166859, 3.886904038488865, 3.7117463424801826, 3.5417599231004715, 3.371915318071842, 3.2276496216654778, 3.0793564952909946, 2.9458870850503445, 2.818600870668888, 2.7034495435655117, 2.5841104462742805, 2.480122175067663, 2.3811455480754375, 2.2881669849157333, 2.194326426833868, 2.1148008853197098, 2.037718303501606, 1.9568013586103916, 1.8820471465587616, 1.813492227345705, 1.7462438605725765, 1.6837403401732445, 1.626841127872467, 1.5663650147616863, 1.5076236557215452, 1.4588766228407621, 1.4076346512883902, 1.3572992738336325, 1.3106736782938242, 1.2695714477449656, 1.2264460008591413, 1.1840848065912724, 1.1479562036693096, 1.1100560948252678, 1.0738457012921572, 1.0404070597141981, 1.0052381791174412, 0.9758956730365753, 0.9435981083661318, 0.9135734885931015, 0.8863105792552233, 0.8590052127838135, 0.8334857523441315, 0.8066229438409209, 0.7803769782185555, 0.7574860909953713, 0.7358777225017548, 0.7136809192597866, 0.6921004420146346, 0.6720890207216144, 0.6507262056693435, 0.6327891992405057, 0.614443545229733, 0.5962924836203456, 0.5793633498251438, 0.563136937096715, 0.5455292137339711, 0.5319833792746067, 0.5158838210627437]",0.9344987544025427,0.5451834178347749,0.4022002200220022,0.8459046737621472
