K,layers,hidden_channels,out_channels,norm,lr,treatment,dropout,ratio,seed,aggregation,model_type,batch_size,rate_pairs,clusters,sampling,num_epochs,anomaly_detector,accuracy,f1,recall,precision,losses
3,2,128,128,,0.007472810488915845,removal,0.16364311443978113,0.01580808908077978,654,mean,GCNConv,20,9,1000,cluster,100,nearest_neighbors,0.9474057211579762,0.6536557771178051,0.5084708470847085,0.9148851939825812,"[39.01062345504761, 31.688506186008453, 24.457495793700218, 19.264754220843315, 15.020442493259907, 12.151326730847359, 9.836311258375645, 7.96213661506772, 6.639048855402507, 5.919768281280994, 5.10090746358037, 4.477765239775181, 3.99374854657799, 3.5690730419009924, 3.2078819312155247, 2.813802298158407, 2.592417085543275, 2.3391089234501123, 2.1447511315345764, 1.947551746852696, 1.8264744812622666, 1.6477128164842725, 1.572764947079122, 1.4353170031681657, 1.3517736243084073, 1.2730047488585114, 1.1828769845888019, 1.1061791330575943, 1.011940035969019, 0.9646190525381826, 0.9245367352850735, 0.8638704535551369, 0.8242411798273679, 0.7778674089349806, 0.7319384878501296, 0.708067859057337, 0.665585164912045, 0.6295202556066215, 0.5998007506132126, 0.5880935611203313, 0.5487841633148491, 0.526040485361591, 0.5139898115303367, 0.4789121220819652, 0.4565636934712529, 0.4460760806687176, 0.42275708820670843, 0.41330712102353573, 0.3928068783134222, 0.37562731839716434, 0.3603639481589198, 0.34244857146404684, 0.3326714669819921, 0.31890735193155706, 0.30437847482971847, 0.28435125019314, 0.28167164605110884, 0.27775302971713245, 0.26526596769690514, 0.2561342619592324, 0.24369582894723862, 0.24316682177595794, 0.23070972540881485, 0.2230532419634983, 0.2153763611568138, 0.2005926245728915, 0.20171969570219517, 0.1957056273240596, 0.18638806632952765, 0.18190881982445717, 0.1737228938145563, 0.1672800270607695, 0.16219879424897954, 0.1593916186830029, 0.15373154752887785, 0.1498988222447224, 0.14566068828571588, 0.14118803734891117, 0.13637827173806727, 0.13156797201372683, 0.12775921006686985, 0.12536069948691875, 0.1178230659570545, 0.11584441550076008, 0.11110264109447598, 0.10995739087229595, 0.1035866066104063, 0.10221499227918684, 0.10071273503126577, 0.09810059878509492, 0.09292773460038006, 0.0917136542557273, 0.08712282012857031, 0.0886483914218843, 0.0839306585257873, 0.08045567653607577, 0.07969202328240499, 0.07800878793932498, 0.07395600003656, 0.07190451610586024]"
