K,layers,hidden_channels,out_channels,norm,lr,treatment,dropout,ratio,seed,aggregation,model_type,batch_size,rate_pairs,clusters,sampling,num_epochs,anomaly_detector,accuracy,f1,recall,precision,losses,test_accuracy,test_f1,test_recall,test_precision
10,1,128,64,,0.005,removal,0,0.01645933315205571,654,mean,GATConv,4096,10,50,sage,50,nearest_neighbors,nan,0.0,0.0,0.0,"[1703.8984203338623, 1486.1935539245605, 1303.7910137176514, 1154.632266998291, 1025.4002017974854, 908.9985342025757, 810.2096881866455, 719.2662982940674, 638.4103088378906, 565.3912210464478, 500.3251485824585, 442.1589512825012, 392.0431914329529, 349.1484389305115, 312.45268630981445, 280.1887321472168, 251.7880072593689, 227.7840075492859, 207.2268385887146, 188.33313417434692, 172.31217527389526, 158.49852585792542, 146.02131009101868, 134.81099796295166, 124.6251425743103, 116.2523045539856, 107.89051580429077, 100.9536497592926, 94.14888751506805, 88.38652229309082, 83.01086020469666, 78.07767498493195, 73.53194761276245, 69.39324688911438, 65.64050161838531, 62.03431046009064, 58.65752553939819, 55.79001271724701, 52.92326092720032, 50.275976061820984, 47.946698784828186, 45.596085608005524, 43.51495724916458, 41.50336652994156, 39.65693497657776, 37.87657117843628, 36.22771245241165, 34.67849451303482, 33.27652162313461, 31.861471951007843]",0.9364896595321954,0.19880375961264596,0.1535415750109987,0.28190630048465265
