K,layers,hidden_channels,out_channels,norm,lr,treatment,dropout,ratio,seed,aggregation,model_type,batch_size,rate_pairs,clusters,sampling,num_epochs,anomaly_detector,accuracy,f1,recall,precision,losses
5,1,256,128,,0.009711509334164136,removal,0.12408063012060767,0.017609457648480674,654,mean,GCNConv,20,6,500,cluster,100,nearest_neighbors,0.9521304011682845,0.7022839588620275,0.5784378437843785,0.8936097892590075,"[35.23248389363289, 29.083856165409088, 24.180542409420013, 19.532895475625992, 17.110129952430725, 13.931401073932648, 11.37899163365364, 9.75279614329338, 8.299563117325306, 7.110126405954361, 6.281201809644699, 5.43304768204689, 4.865157946944237, 4.318736784160137, 3.829488158226013, 3.491577424108982, 3.2363596111536026, 2.9915329590439796, 2.697696141898632, 2.45801118016243, 2.2309503704309464, 2.146285302937031, 1.9731724336743355, 1.8398665487766266, 1.6935825124382973, 1.5998283624649048, 1.4876335673034191, 1.3714705593883991, 1.3652684651315212, 1.2424778379499912, 1.2024989984929562, 1.135275274515152, 1.073239989578724, 1.0138572566211224, 0.9731956087052822, 0.9201948456466198, 0.9180888719856739, 0.8573642279952765, 0.791043127886951, 0.7768398895859718, 0.7427864796482027, 0.7071080775931478, 0.6751801399514079, 0.6714284643530846, 0.65445626527071, 0.614441872574389, 0.598107093013823, 0.5634412625804543, 0.5527529725804925, 0.5242346981540322, 0.5210123667493463, 0.4957392979413271, 0.47380975913256407, 0.4650622643530369, 0.44415722507983446, 0.4313151682727039, 0.4210445210337639, 0.4099940098822117, 0.39611140824854374, 0.3981924317777157, 0.37680060509592295, 0.35949249286204576, 0.34509166376665235, 0.3404529266990721, 0.3257797877304256, 0.3272374626249075, 0.30906418105587363, 0.30052196234464645, 0.29526789067313075, 0.2923663901165128, 0.2840004526078701, 0.27699905121698976, 0.272036945912987, 0.26629685889929533, 0.2581754350103438, 0.25206666998565197, 0.24516493594273925, 0.23915020795539021, 0.2339374041184783, 0.22757584555074573, 0.22695781802758574, 0.2160831680521369, 0.2115321815945208, 0.20900327805429697, 0.20233383867889643, 0.19913147273473442, 0.19088539807125926, 0.18647254770621657, 0.1878544776700437, 0.1796343014575541, 0.17535785236395895, 0.17096089152619243, 0.16778210271149874, 0.1623916958924383, 0.16321017686277628, 0.16121114371344447, 0.15205911302473396, 0.1525645803194493, 0.15210241172462702, 0.1476524923928082]"
