K,layers,hidden_channels,out_channels,norm,lr,treatment,dropout,ratio,seed,aggregation,model_type,batch_size,rate_pairs,clusters,sampling,num_epochs,anomaly_detector,accuracy,f1,recall,precision,losses,test_accuracy,test_f1,test_recall,test_precision
1,1,16,1,,0.005,removal,0,-3.5236727137261106,654,mean,MLP,4096,10,50,sage,50,nearest_neighbors,nan,0.0,0.0,0.0,"[0.42692303160826367, 0.36402013897895813, 0.3335997263590495, 0.31283775965372723, 0.29688555002212524, 0.282974233229955, 0.2707558398445447, 0.26008514935771626, 0.2502392803629239, 0.23972265919049582, 0.22924062858025232, 0.22027291730046272, 0.20971083641052246, 0.20073930794994035, 0.1920252007742723, 0.1847530243297418, 0.17925759653250375, 0.17290682593981424, 0.16900593290726343, 0.16503644982973734, 0.1611167552570502, 0.1584284926454226, 0.15520264208316803, 0.15280422444144884, 0.1494809202849865, 0.14734425271550813, 0.1450576384862264, 0.14209322383006415, 0.1404881440103054, 0.1379729894300302, 0.1358816996216774, 0.13410941263039908, 0.13230352476239204, 0.129208879545331, 0.12686807538072267, 0.12509585420290628, 0.12311927725871404, 0.12176656412581603, 0.11955982570846875, 0.11844486556947231, 0.1165536002566417, 0.11415964178740978, 0.11271547029415767, 0.11111817322671413, 0.10998911038041115, 0.1079871046046416, 0.10555302910506725, 0.10374184076984723, 0.10263764547804992, 0.10004383946458499]",0.9149959360606882,0.0010612894667020429,0.0008798944126704796,0.001336898395721925
