K,layers,hidden_channels,out_channels,norm,lr,treatment,dropout,ratio,seed,aggregation,model_type,batch_size,rate_pairs,clusters,sampling,num_epochs,anomaly_detector,accuracy,f1,recall,precision,losses
5,1,128,128,,0.003352650490782952,removal,0.02905703360454922,0.0224839383358356,654,mean,GCNConv,20,5,500,cluster,100,nearest_neighbors,0.9527746757151447,0.7103148465287841,0.5931793179317931,0.8850952068286277,"[36.03053903579712, 31.48544105887413, 29.938621997833252, 26.535630136728287, 25.896284222602844, 24.4363813996315, 22.27288120985031, 21.53124225139618, 19.99695685505867, 18.543902039527893, 18.156084567308426, 16.89814020693302, 16.262346178293228, 15.48656541109085, 14.342843919992447, 13.629923105239868, 13.265440165996552, 12.70187160372734, 11.780460178852081, 10.95467859506607, 10.220601499080658, 10.086538314819336, 9.44519692659378, 8.907087221741676, 8.340107858181, 7.999862715601921, 7.49838312715292, 6.9881477281451225, 7.039476841688156, 6.453593403100967, 6.288957834243774, 5.969135537743568, 5.693678632378578, 5.390263848006725, 5.206321761012077, 4.947880312800407, 4.964395500719547, 4.6543134823441505, 4.30379693955183, 4.234340965747833, 4.063993811607361, 3.87931077927351, 3.715489335358143, 3.7012867107987404, 3.6098433434963226, 3.4001975804567337, 3.315594680607319, 3.128293663263321, 3.0757668241858482, 2.9230495989322662, 2.908621184527874, 2.7708677276968956, 2.6561668142676353, 2.6089319325983524, 2.49303712695837, 2.423978740349412, 2.367127899080515, 2.3099870681762695, 2.23484143614769, 2.2482791543006897, 2.129471719264984, 2.033338528126478, 1.953495554625988, 1.9285345040261745, 1.848519841209054, 1.8579196333885193, 1.7559789940714836, 1.7077544163912535, 1.6783607304096222, 1.6640824675559998, 1.6174035258591175, 1.5784996803849936, 1.552014298737049, 1.5196172893047333, 1.4748637489974499, 1.439947271719575, 1.4015587605535984, 1.3677909448742867, 1.3378955461084843, 1.302755892276764, 1.300202913582325, 1.2380844932049513, 1.2128287255764008, 1.1989032924175262, 1.1614533830434084, 1.1434307768940926, 1.0959973093122244, 1.0716404225677252, 1.0788887087255716, 1.033109886571765, 1.0088531970977783, 0.9840117124840617, 0.9659266816452146, 0.9356225226074457, 0.9405510714277625, 0.9295908641070127, 0.8772983914241195, 0.8800766505300999, 0.877743674442172, 0.8525098152458668]"
