K,layers,hidden_channels,out_channels,norm,lr,treatment,dropout,ratio,seed,aggregation,model_type,batch_size,rate_pairs,clusters,sampling,num_epochs,anomaly_detector,accuracy,f1,recall,precision,losses
4,1,128,128,,0.002647538800864024,removal,0.020006771742745018,0.025193903562916196,654,mean,GCNConv,20,5,500,cluster,100,nearest_neighbors,0.9539987973541791,0.7137894174238375,0.5876787678767876,0.9088125212657366,"[31.909107595682144, 29.696156799793243, 27.23240029811859, 25.763344526290894, 24.456750094890594, 23.913412302732468, 22.162200421094894, 21.888075083494186, 20.193906262516975, 18.515632659196854, 18.151819467544556, 17.33534124493599, 16.7694129049778, 15.978565067052841, 14.709019541740417, 14.066531479358673, 13.951559066772461, 13.45922976732254, 12.541425883769989, 11.802899062633514, 11.098183773458004, 11.075607508420944, 10.471065074205399, 9.957677721977234, 9.41723170876503, 9.111297830939293, 8.59984476864338, 8.086293868720531, 8.20808057487011, 7.5736391842365265, 7.434836909174919, 7.095516562461853, 6.810990527272224, 6.478796228766441, 6.29187348484993, 6.011169269680977, 6.064267694950104, 5.7097687646746635, 5.299894601106644, 5.235699117183685, 5.044689793139696, 4.833227574825287, 4.646407909691334, 4.64238103479147, 4.539381682872772, 4.290416166186333, 4.196034677326679, 3.9691034331917763, 3.914057582616806, 3.7290684282779694, 3.720188930630684, 3.5512559339404106, 3.412875361740589, 3.35902039706707, 3.2154024690389633, 3.1327279657125473, 3.0645840875804424, 2.996718429028988, 2.904595412313938, 2.9269737526774406, 2.7767089009284973, 2.6554215773940086, 2.5552817210555077, 2.525754727423191, 2.4249146841466427, 2.440535306930542, 2.3095978163182735, 2.2487127408385277, 2.2123072668910027, 2.196756813675165, 2.1377759762108326, 2.088498294353485, 2.0561035983264446, 2.0151079446077347, 1.9582354053854942, 1.9134875126183033, 1.8644286058843136, 1.8211619034409523, 1.7825981825590134, 1.737638559192419, 1.7359562925994396, 1.6543607003986835, 1.6220066919922829, 1.604743268340826, 1.5559264458715916, 1.532883919775486, 1.470313474535942, 1.4389431346207857, 1.4496588930487633, 1.3891671858727932, 1.3573879282921553, 1.324898712337017, 1.301231550052762, 1.2613432668149471, 1.2687442898750305, 1.254916112869978, 1.1850235257297754, 1.1893249060958624, 1.1870063319802284, 1.1535847652703524]"
