K,layers,hidden_channels,out_channels,norm,lr,treatment,dropout,ratio,seed,aggregation,model_type,batch_size,rate_pairs,clusters,sampling,num_epochs,anomaly_detector,accuracy,f1,recall,precision,losses,test_accuracy,test_f1,test_recall,test_precision
1,1,16,1,,0.005,removal,0,-3.446710994208822,654,mean,GCNConv,4096,10,50,sage,50,nearest_neighbors,nan,0.0,0.0,0.0,"[0.38466447591781616, 0.3060445760687192, 0.27273401369651157, 0.25462070604165393, 0.24528423075874647, 0.23527037476499876, 0.23130598788460097, 0.22681466738382974, 0.22236120949188867, 0.21754820520679155, 0.21397530535856882, 0.2110914463798205, 0.20861592392126718, 0.2065217780570189, 0.20341870933771133, 0.20134021093448004, 0.20068673913677534, 0.19784654676914215, 0.19671395421028137, 0.19469228262702623, 0.19449945787588754, 0.19207856307427087, 0.1922129107018312, 0.1902638884882132, 0.18930601328611374, 0.18724127983053526, 0.18672974531849226, 0.1863552319506804, 0.18609865133961043, 0.18411896005272865, 0.18423867473999658, 0.1836658058067163, 0.18268615131576857, 0.18090038622419038, 0.18082708617051443, 0.1807040050625801, 0.17934705192844072, 0.17971537013848624, 0.17965458830197653, 0.17974010730783144, 0.1784537931283315, 0.1770358309149742, 0.1769317090511322, 0.17515779286623, 0.1761693755785624, 0.17521375914414725, 0.17517928779125214, 0.17485903203487396, 0.17352026204268137, 0.17373422036568323]",0.7803892350763117,0.14667953329239408,0.36779586449626045,0.091606399298707
