K,layers,hidden_channels,out_channels,norm,lr,treatment,dropout,ratio,seed,aggregation,model_type,batch_size,rate_pairs,clusters,sampling,num_epochs,anomaly_detector,accuracy,f1,recall,precision,losses,test_accuracy,test_f1,test_recall,test_precision
1,1,16,1,,0.005,removal,0,-3.395403181197296,654,mean,GATConv,4096,10,50,sage,50,nearest_neighbors,nan,0.0,0.0,0.0,"[0.39543169488509494, 0.3196733643611272, 0.2831396386027336, 0.26320088903109234, 0.25135835260152817, 0.24133128176132837, 0.23429605240623155, 0.22741434971491495, 0.2211929882566134, 0.21608784546454748, 0.21256774539748827, 0.20727182924747467, 0.20418032755454382, 0.20046418656905493, 0.19831985235214233, 0.1944281148413817, 0.19304665798942247, 0.19120992347598076, 0.18914861107865968, 0.18707968667149544, 0.18718052903811136, 0.18480666105945906, 0.18387089545528093, 0.18284634252389273, 0.18173174808422723, 0.1802190306286017, 0.18002014483014742, 0.178047655771176, 0.17690475036700568, 0.17565374448895454, 0.1758009841044744, 0.17466000840067863, 0.17453604439894357, 0.17327576503157616, 0.17229914168516794, 0.17059451217452684, 0.1702579359213511, 0.16839772959550223, 0.16880043471852937, 0.16863677526513735, 0.16812976325551668, 0.16664132103323936, 0.1653859280049801, 0.164971141765515, 0.1650380219022433, 0.16366263727347055, 0.16490832095344862, 0.1632856378952662, 0.16377496098478636, 0.1624484807252884]",0.7741352840242031,0.14437222032158742,0.37131544214694234,0.089606115298864
