K,layers,hidden_channels,out_channels,norm,lr,treatment,dropout,ratio,seed,aggregation,model_type,batch_size,rate_pairs,clusters,sampling,num_epochs,anomaly_detector,accuracy,f1,recall,precision,losses
3,1,128,128,,0.0034354726109894194,removal,0.04475143730247694,0.01927162372153954,654,mean,GCNConv,20,9,500,cluster,100,nearest_neighbors,0.953547805171377,0.7119456652017578,0.5881188118811881,0.9018218623481782,"[25.34561464190483, 24.20715582370758, 21.168833315372467, 20.550989091396332, 20.483085453510284, 18.52495914697647, 16.410763561725616, 17.59141981601715, 14.853077933192253, 13.61104816198349, 13.38930058479309, 12.294015482068062, 11.5818240493536, 10.912018358707428, 9.958538621664047, 9.404386341571808, 9.134596347808838, 8.680319234728813, 7.99003678560257, 7.489051356911659, 6.930693604052067, 6.84855218231678, 6.437187045812607, 6.121419325470924, 5.717240035533905, 5.4919374361634254, 5.1651744693517685, 4.84534103423357, 4.872452974319458, 4.48438885062933, 4.392135374248028, 4.174900285899639, 3.989038921892643, 3.7946092635393143, 3.670829139649868, 3.4988845586776733, 3.517285168170929, 3.305313538759947, 3.0670328438282013, 3.026432491838932, 2.9096408616751432, 2.7833064422011375, 2.672399193048477, 2.668142043054104, 2.609255164861679, 2.4608320370316505, 2.405635543167591, 2.272804133594036, 2.238112408667803, 2.1298618279397488, 2.125236328691244, 2.0259810276329517, 1.9434915147721767, 1.912524901330471, 1.8307998105883598, 1.7829638477414846, 1.7432491667568684, 1.7025946490466595, 1.6488476023077965, 1.6617600582540035, 1.5752664133906364, 1.5057182870805264, 1.4477937035262585, 1.4310892596840858, 1.3720683343708515, 1.3809314370155334, 1.3059790823608637, 1.2715074950829148, 1.250912657007575, 1.241142362356186, 1.2074256334453821, 1.1792209651321173, 1.1602094415575266, 1.1369853094220161, 1.104023089632392, 1.078888176009059, 1.0507776718586683, 1.0261622313410044, 1.0046192109584808, 0.9786077346652746, 0.9774441812187433, 0.9311943501234055, 0.9125347379595041, 0.9027267154306173, 0.8749066032469273, 0.8619134481996298, 0.8264290113002062, 0.8082827851176262, 0.8143742308020592, 0.7801245152950287, 0.7620644504204392, 0.7436546320095658, 0.7304222481325269, 0.7076135408133268, 0.7117715179920197, 0.7037744484841824, 0.6641680458560586, 0.6667795199900866, 0.6653209421783686, 0.6463918145745993]"
