K,layers,hidden_channels,out_channels,norm,lr,treatment,dropout,ratio,seed,aggregation,model_type,batch_size,rate_pairs,clusters,sampling,num_epochs,anomaly_detector,accuracy,f1,recall,precision,losses
4,1,128,128,,0.001330548373129803,removal,0.06486691826941364,0.017748394463432068,654,mean,GCNConv,20,8,500,cluster,100,nearest_neighbors,0.9539128940812645,0.714475784992017,0.5907590759075908,0.9037361157859307,"[30.263198643922806, 30.018762230873108, 28.267244786024094, 28.290690153837204, 27.796496272087097, 27.406610667705536, 24.789989411830902, 25.94813585281372, 24.001615345478058, 22.788232445716858, 23.761469066143036, 22.602733314037323, 22.9452623128891, 22.182495683431625, 20.2109954059124, 20.220008462667465, 20.555028706789017, 20.686849504709244, 19.274172604084015, 18.312121480703354, 17.729403376579285, 18.017819464206696, 17.56621491909027, 16.771185904741287, 16.15214267373085, 16.02138590812683, 15.158495336771011, 14.55835722386837, 15.214958548545837, 14.192259430885315, 14.255327582359314, 13.77444639801979, 13.540190935134888, 12.968531042337418, 12.833637058734894, 12.483236610889435, 12.837932407855988, 12.245299652218819, 11.48191313445568, 11.45273745059967, 11.211220033466816, 10.855198293924332, 10.573467716574669, 10.670595481991768, 10.500485479831696, 10.069860234856606, 9.94103491306305, 9.481927782297134, 9.449663549661636, 9.09979397058487, 9.143824383616447, 8.801485419273376, 8.567255526781082, 8.488280549645424, 8.163123726844788, 8.01299188286066, 7.883138582110405, 7.782601669430733, 7.606698080897331, 7.714129641652107, 7.359139502048492, 7.078523755073547, 6.85207249969244, 6.809926807880402, 6.589767210185528, 6.66699954867363, 6.341125562787056, 6.195280391722918, 6.11682453751564, 6.119925141334534, 5.983605906367302, 5.8716442212462425, 5.817532390356064, 5.719093412160873, 5.591690897941589, 5.4770184978842735, 5.360589161515236, 5.2556536346673965, 5.152733951807022, 5.050405040383339, 5.070407792925835, 4.842038311064243, 4.7704934030771255, 4.735049806535244, 4.6096732541918755, 4.5550708547234535, 4.379402205348015, 4.306638158857822, 4.350587874650955, 4.181063167750835, 4.098871603608131, 4.011829186230898, 3.9466859325766563, 3.8420588672161102, 3.8749288506805897, 3.846137620508671, 3.643034692853689, 3.6598494946956635, 3.6654404252767563, 3.5707007497549057]"
