K,layers,hidden_channels,out_channels,norm,lr,treatment,dropout,ratio,seed,aggregation,model_type,batch_size,rate_pairs,clusters,sampling,num_epochs,anomaly_detector,accuracy,f1,recall,precision,losses,test_accuracy,test_f1,test_recall,test_precision
7,1,64,64,,0.005,removal,0,0.01855911045957401,654,mean,GATConv,4096,10,50,sage,50,nearest_neighbors,nan,0.0,0.0,0.0,"[1239.0424156188965, 1085.575273513794, 953.2097358703613, 841.0003004074097, 740.4555196762085, 648.8808584213257, 568.1119384765625, 495.448579788208, 432.22926568984985, 377.1079158782959, 330.1166820526123, 289.9495577812195, 256.0864109992981, 227.66549158096313, 203.85846328735352, 183.09837460517883, 165.07346868515015, 149.73141598701477, 136.7261779308319, 124.68794584274292, 114.47645545005798, 105.55929625034332, 97.5645797252655, 90.37290000915527, 83.82971787452698, 78.41524195671082, 72.99419164657593, 68.47833609580994, 64.01159870624542, 60.2313916683197, 56.68878889083862, 53.425191164016724, 50.414156436920166, 47.66545170545578, 45.165257930755615, 42.74962043762207, 40.48561346530914, 38.56423366069794, 36.63721704483032, 34.84349226951599, 33.27093988656998, 31.680268466472626, 30.268184185028076, 28.900927305221558, 27.643376410007477, 26.430247098207474, 25.30206325650215, 24.241627424955368, 23.281654804944992, 22.309779912233353]",0.9457915650681838,0.299795858850977,0.22613286405631325,0.444636678200692
