K,layers,hidden_channels,out_channels,norm,lr,treatment,dropout,ratio,seed,aggregation,model_type,batch_size,rate_pairs,clusters,sampling,num_epochs,anomaly_detector,accuracy,f1,recall,precision,losses
4,1,128,128,,0.0037936317379052725,removal,0.023522709027783414,0.02048871913495464,654,mean,GCNConv,20,9,500,cluster,100,nearest_neighbors,0.9543209346276094,0.7143049026192075,0.585038503850385,0.916896551724138,"[32.823010593652725, 29.854917258024216, 27.67750182747841, 24.04798400402069, 23.648466765880585, 21.430768609046936, 19.859286427497864, 18.75774198770523, 16.944446429610252, 15.542607128620148, 14.813840001821518, 13.718044057488441, 12.934943050146103, 12.065407499670982, 11.109042808413506, 10.475207939743996, 10.06058295071125, 9.581410720944405, 8.842331916093826, 8.2065319865942, 7.60837834328413, 7.472052901983261, 6.978785336017609, 6.579348847270012, 6.14701409637928, 5.88218979537487, 5.5127488523721695, 5.134852312505245, 5.161442801356316, 4.729932799935341, 4.60955236852169, 4.377089738845825, 4.169212028384209, 3.951002836227417, 3.814216949045658, 3.6241191178560257, 3.635103404521942, 3.4082791954278946, 3.153397712856531, 3.1052402928471565, 2.9796005096286535, 2.8448299132287502, 2.7251141779124737, 2.715791344642639, 2.650889478623867, 2.496693167835474, 2.435145065188408, 2.2981962487101555, 2.260162703692913, 2.1477801110595465, 2.1380231752991676, 2.0374272540211678, 1.952413558959961, 1.9188509732484818, 1.834335070103407, 1.7836628640070558, 1.7426799796521664, 1.7002260088920593, 1.6451654136180878, 1.6554120108485222, 1.5682599246501923, 1.4978653136640787, 1.4391313083469868, 1.4213176667690277, 1.3618807420134544, 1.3692283425480127, 1.2942494787275791, 1.2591720102354884, 1.237788375467062, 1.227200584486127, 1.1930552162230015, 1.1643985006958246, 1.144829636439681, 1.1212170869112015, 1.0880626924335957, 1.0626597572118044, 1.034460686147213, 1.009577203541994, 0.987847588956356, 0.9618871565908194, 0.9599902108311653, 0.9143797811120749, 0.8957041949033737, 0.8854603618383408, 0.8577811345458031, 0.8446698598563671, 0.8096882980316877, 0.7916511744260788, 0.7970590088516474, 0.7633300758898258, 0.7454302003607154, 0.7271367153152823, 0.7138435458764434, 0.6914180452004075, 0.6950894622132182, 0.6870225053280592, 0.6483367546461523, 0.6505604702979326, 0.6488260179758072, 0.6302162669599056]"
