K,layers,hidden_channels,out_channels,norm,lr,treatment,dropout,ratio,seed,aggregation,model_type,batch_size,rate_pairs,clusters,sampling,num_epochs,anomaly_detector,accuracy,f1,recall,precision,losses
6,1,128,128,,0.0027663171039728537,removal,0.10476686934305782,0.011600695617680104,654,mean,GCNConv,20,8,500,cluster,100,nearest_neighbors,0.952495490078172,0.7090239410681399,0.592959295929593,0.8815832515538109,"[42.05328023433685, 38.1423134803772, 35.24315258860588, 31.234816551208496, 30.261172652244568, 27.967421412467957, 26.00047677755356, 24.791250348091125, 23.49360081553459, 21.755083858966827, 21.769671738147736, 20.59855654835701, 20.131806701421738, 19.570792883634567, 18.296724259853363, 17.57323345541954, 17.428872883319855, 16.883109271526337, 15.806207478046417, 14.777960360050201, 13.95290195941925, 13.945912212133408, 13.161902368068695, 12.456698387861252, 11.756359159946442, 11.362715095281601, 10.676172360777855, 9.999856680631638, 10.141442269086838, 9.320297479629517, 9.108056977391243, 8.660699263215065, 8.30221626162529, 7.854713931679726, 7.609785571694374, 7.24629519879818, 7.293596595525742, 6.845953471958637, 6.329955384135246, 6.230200499296188, 5.9874755665659904, 5.719973303377628, 5.484184883534908, 5.465472482144833, 5.327904716134071, 5.025171995162964, 4.90247418731451, 4.625331670045853, 4.5513735339045525, 4.328519701957703, 4.307639040052891, 4.104373373091221, 3.9391302689909935, 3.869049057364464, 3.6951326951384544, 3.594453802332282, 3.5086772739887238, 3.427563354372978, 3.3176175728440285, 3.3383099138736725, 3.161529615521431, 3.0182992443442345, 2.899585798382759, 2.8630189448595047, 2.7456299401819706, 2.7606376372277737, 2.6085984222590923, 2.5361551884561777, 2.492266897112131, 2.472830906510353, 2.4036770686507225, 2.34585615247488, 2.3078492917120457, 2.259130034595728, 2.1933789290487766, 2.140823643654585, 2.0841662399470806, 2.033906225115061, 1.9886154346168041, 1.937146246433258, 1.9341262802481651, 1.8411209098994732, 1.8040372915565968, 1.783553335815668, 1.7278554774820805, 1.7011003978550434, 1.6300891488790512, 1.5945888720452785, 1.6055573336780071, 1.5372034944593906, 1.501078337430954, 1.4642108529806137, 1.4370521306991577, 1.3922483567148447, 1.4000271037220955, 1.3841599151492119, 1.3059325562790036, 1.3100567981600761, 1.307088889181614, 1.2693982608616352]"
