K,layers,hidden_channels,out_channels,norm,lr,treatment,dropout,ratio,seed,aggregation,model_type,batch_size,rate_pairs,reliable_mini_batch,clusters,accuracy,f1,recall,precision,losses
11,1,64,64,,0.0012877069295138166,relabeling,0.38439655876052,0.027200215390437328,654,sum,GATConv,20,9,True,500,0.7977836955588008,0.3896019706988202,0.6611661166116611,0.27616946971785683,"[253.50873279571533, 247.0958547592163, 240.79890727996826, 234.71532344818115, 228.800217628479, 223.04268741607666, 217.53831005096436, 212.1506004333496, 206.88522815704346, 201.84807348251343, 196.88066053390503, 192.1701431274414, 187.51319646835327, 183.027934551239, 178.64420557022095, 174.43238878250122, 170.34128284454346, 166.37525510787964, 162.47806549072266, 158.77324151992798, 155.10261726379395, 151.57567024230957, 148.14943408966064, 144.79773330688477, 141.56892013549805, 138.41536235809326, 135.37821054458618, 132.41055011749268, 129.49569129943848, 126.69226789474487, 123.9839677810669, 121.32497882843018, 118.7640290260315, 116.24997472763062, 113.80728435516357, 111.44108581542969, 109.13383293151855, 106.893630027771, 104.68315315246582, 102.57491493225098, 100.51406264305115, 98.48591589927673, 96.5435950756073, 94.61643815040588, 92.75263333320618, 90.91035771369934, 89.16926455497742, 87.44591426849365, 85.75844120979309, 84.11022567749023]"
