K,layers,hidden_channels,out_channels,norm,lr,treatment,dropout,ratio,seed,aggregation,model_type,batch_size,rate_pairs,reliable_mini_batch,clusters,accuracy,f1,recall,precision,losses
3,1,128,256,,0.00011796660740139996,removal,0.38146741393028794,0.0018555704875236289,654,sum,SAGEConv,20,4,True,1500,0.9492741173438708,0.6625714285714286,0.5102310231023103,0.9446028513238289,"[209.85116624832153, 207.89384269714355, 206.17831802368164, 204.58112978935242, 203.0680170059204, 201.5875871181488, 200.13024401664734, 198.70476055145264, 197.29497575759888, 195.8868763446808, 194.49353194236755, 193.1494812965393, 191.7858579158783, 190.4622621536255, 189.1077561378479, 187.79851961135864, 186.49157190322876, 185.17592453956604, 183.88499808311462, 182.62180948257446, 181.34930300712585, 180.0723156929016, 178.83420324325562, 177.5764355659485, 176.34527468681335, 175.12371611595154, 173.9068205356598, 172.69031143188477, 171.50421905517578, 170.31700897216797, 169.14432621002197, 167.95367288589478, 166.79627203941345, 165.63575625419617, 164.47014904022217, 163.34844636917114, 162.21257209777832, 161.08806324005127, 159.95426201820374, 158.84226179122925, 157.74172687530518, 156.64211440086365, 155.55888533592224, 154.4807460308075, 153.39914989471436, 152.31108605861664, 151.265585064888, 150.21597158908844, 149.14973616600037, 148.11501157283783]"
