K,layers,hidden_channels,out_channels,norm,lr,treatment,dropout,ratio,seed,aggregation,model_type,batch_size,rate_pairs,clusters,sampling,num_epochs,anomaly_detector,accuracy,f1,recall,precision,losses
4,1,128,128,,0.0030759486575882068,removal,0.04669042261641795,0.019480309986452688,654,mean,GCNConv,20,4,500,cluster,100,nearest_neighbors,0.9539987973541791,0.7151595744680851,0.5916391639163916,0.9038655462184874,"[32.73639380931854, 29.413181871175766, 26.951707512140274, 25.842054039239883, 24.630441784858704, 23.85281491279602, 20.993724763393402, 21.082725167274475, 18.97508166730404, 17.42279040813446, 16.906854212284088, 16.092398196458817, 15.316883891820908, 14.302831768989563, 13.910839468240738, 12.682692974805832, 12.327031761407852, 11.805153399705887, 10.976731956005096, 10.31117394566536, 9.569535858929157, 9.508397936820984, 8.940578043460846, 8.450949013233185, 7.945434659719467, 7.655031904578209, 7.196828290820122, 6.735786512494087, 6.80718021094799, 6.259778670966625, 6.125421822071075, 5.831008747220039, 5.577373072504997, 5.29568213224411, 5.128374561667442, 4.888605572283268, 4.916205778717995, 4.622195221483707, 4.2816363126039505, 4.22222526371479, 4.059425015002489, 3.883859932422638, 3.7264458760619164, 3.718652628362179, 3.633967772126198, 3.427854761481285, 3.3481290489435196, 3.163931243121624, 3.115406461060047, 2.963657233864069, 2.953425008803606, 2.8173538371920586, 2.7036115750670433, 2.658818744122982, 2.5436698272824287, 2.475768245756626, 2.4202301129698753, 2.364317499101162, 2.2896943502128124, 2.30587849766016, 2.185914270579815, 2.0890303626656532, 2.0088403429836035, 1.9847259484231472, 1.9034425020217896, 1.9148067347705364, 1.8110643401741982, 1.7626450303941965, 1.7332826890051365, 1.7198732122778893, 1.6727020591497421, 1.6335569713264704, 1.607260338962078, 1.5747317224740982, 1.5294533371925354, 1.493670905008912, 1.454828979447484, 1.4203630555421114, 1.3901665955781937, 1.35426215082407, 1.35244794562459, 1.2883265484124422, 1.2625460494309664, 1.2486538719385862, 1.210111754015088, 1.191863127052784, 1.1428353283554316, 1.117908950895071, 1.1260248012840748, 1.078597778454423, 1.0537006966769695, 1.028077314607799, 1.0095580974593759, 0.9781991709023714, 0.9837348656728864, 0.9726797994226217, 0.9181140763685107, 0.9213824979960918, 0.9193022176623344, 0.8931745532900095]"
