K,layers,hidden_channels,out_channels,norm,lr,treatment,dropout,ratio,seed,aggregation,model_type,batch_size,rate_pairs,clusters,sampling,num_epochs,anomaly_detector,accuracy,f1,recall,precision,losses,test_accuracy,test_f1,test_recall,test_precision
13,1,64,128,,0.005,removal,0,0.007008632509658742,654,mean,GATConv,8192,10,50,sage,100,nearest_neighbors,0.12323943661971831,0.219435736677116,0.12323943661971831,1.0,"[61.94733023643494, 57.241509199142456, 54.412763833999634, 50.08778786659241, 47.17525136470795, 44.178001046180725, 41.10037350654602, 39.05354368686676, 36.29928386211395, 34.45317804813385, 32.640992164611816, 30.71138572692871, 28.816900372505188, 27.45994484424591, 25.93215537071228, 24.482000768184662, 23.101440966129303, 21.867477357387543, 20.689856708049774, 19.57197266817093, 18.356792509555817, 17.42777955532074, 16.51920449733734, 15.522484958171844, 14.686580836772919, 13.912863731384277, 13.147461205720901, 12.50651741027832, 11.801341980695724, 11.158370614051819, 10.588269770145416, 10.024843275547028, 9.496747255325317, 9.038863122463226, 8.58341372013092, 8.1709543466568, 7.7809480130672455, 7.427072614431381, 7.085923045873642, 6.761000543832779, 6.459889709949493, 6.196619421243668, 5.919657826423645, 5.670874819159508, 5.431894928216934, 5.226955398917198, 5.016382962465286, 4.81070838868618, 4.620110064744949, 4.443262204527855, 4.286434650421143, 4.133576855063438, 3.98349030315876, 3.839717134833336, 3.7007443457841873, 3.581310048699379, 3.4563643783330917, 3.344493940472603, 3.234770327806473, 3.1309692338109016, 3.0333197712898254, 2.9391996189951897, 2.839822046458721, 2.7589071467518806, 2.675471842288971, 2.5964043959975243, 2.5178992077708244, 2.4487467482686043, 2.376544512808323, 2.308911681175232, 2.242769479751587, 2.1791722178459167, 2.1219224706292152, 2.0690706595778465, 2.013795517385006, 1.9601789563894272, 1.9102728888392448, 1.859792321920395, 1.8173042982816696, 1.7653796151280403, 1.7169871404767036, 1.6810195744037628, 1.6408243253827095, 1.5987795554101467, 1.5574670396745205, 1.5210762098431587, 1.48943704739213, 1.4524987153708935, 1.420234803110361, 1.3852925822138786, 1.355865202844143, 1.3257731758058071, 1.2948689050972462, 1.2663680277764797, 1.23788171261549, 1.212415348738432, 1.189265701919794, 1.1619336381554604, 1.1344603411853313, 1.1142320781946182]",0.9346061334936862,0.5429986492570914,0.39801980198019804,0.8541076487252125
