K,layers,hidden_channels,out_channels,norm,lr,treatment,dropout,ratio,seed,aggregation,model_type,batch_size,rate_pairs,clusters,sampling,num_epochs,anomaly_detector,accuracy,f1,recall,precision,losses
13,1,128,128,,0.0035495210070101988,removal,0.07515457485953048,0.009939651635156171,654,mean,GCNConv,20,9,500,cluster,100,nearest_neighbors,0.9504982389829052,0.693850444946208,0.5746974697469747,0.8753351206434317,"[53.27580600976944, 47.43488699197769, 43.31481999158859, 37.75824570655823, 37.00816607475281, 34.53638827800751, 32.67977350950241, 31.72682285308838, 30.85261994600296, 28.17713624238968, 28.618796646595, 26.945767164230347, 26.19514811038971, 25.573179066181183, 23.511924028396606, 22.281073361635208, 22.00849139690399, 21.019385993480682, 19.36881336569786, 17.757257640361786, 16.574820458889008, 16.379394233226776, 15.214416980743408, 14.138922780752182, 13.159081995487213, 12.53902080655098, 11.596811890602112, 10.711518555879593, 10.726375788450241, 9.722109481692314, 9.378744512796402, 8.808250099420547, 8.350522994995117, 7.808728203177452, 7.489163085818291, 7.062207877635956, 7.041098341345787, 6.549338206648827, 6.004705615341663, 5.86311699450016, 5.59217681735754, 5.305408343672752, 5.052329912781715, 5.002992011606693, 4.847735106945038, 4.544851139187813, 4.409949630498886, 4.139287792146206, 4.052768215537071, 3.8362719640135765, 3.8006268218159676, 3.605751782655716, 3.4462799057364464, 3.3717411160469055, 3.2086222395300865, 3.1101136691868305, 3.0260825119912624, 2.945997506380081, 2.8422685116529465, 2.851475343108177, 2.6925762370228767, 2.563491318374872, 2.45620309561491, 2.4190727844834328, 2.314184430986643, 2.3212357088923454, 2.1883532106876373, 2.1232310719788074, 2.08226116001606, 2.061727251857519, 1.9999191015958786, 1.948127856478095, 1.912756770849228, 1.8690243624150753, 1.8112656809389591, 1.7651453260332346, 1.7155808247625828, 1.6715470217168331, 1.6320068798959255, 1.5872852355241776, 1.5823932811617851, 1.504181345924735, 1.4718146808445454, 1.4532465003430843, 1.4060469698160887, 1.3825863022357225, 1.3232835531234741, 1.29274258390069, 1.3002617806196213, 1.243520326912403, 1.2130433842539787, 1.1819811360910535, 1.1589240273460746, 1.1216012984514236, 1.1267293263226748, 1.112768867984414, 1.0489234505221248, 1.0513859298080206, 1.0480332840234041, 1.0169336516410112]"
