K,layers,hidden_channels,out_channels,norm,lr,treatment,dropout,ratio,seed,aggregation,model_type,batch_size,rate_pairs,clusters,sampling,num_epochs,anomaly_detector,accuracy,f1,recall,precision,losses,test_accuracy,test_f1,test_recall,test_precision
7,1,128,64,,0.005,removal,0,0.023071548886504957,654,mean,GATConv,4096,10,50,sage,50,nearest_neighbors,nan,0.0,0.0,0.0,"[1076.552402496338, 943.1906776428223, 828.169584274292, 730.6549940109253, 643.2922077178955, 563.7361679077148, 493.5702476501465, 430.4461874961853, 375.5262269973755, 327.6373314857483, 286.80937242507935, 251.9105076789856, 222.4945888519287, 197.80529379844666, 177.12461972236633, 159.08872985839844, 143.42823147773743, 130.09731030464172, 118.79680275917053, 108.33484542369843, 99.45985066890717, 91.71828472614288, 84.76415276527405, 78.54935932159424, 72.86697578430176, 68.15290546417236, 63.44936776161194, 59.51365530490875, 55.62942278385162, 52.34253907203674, 49.263374984264374, 46.42639869451523, 43.8331401348114, 41.427053689956665, 39.25158488750458, 37.150564193725586, 35.182382464408875, 33.5123006105423, 31.837433338165283, 30.27861851453781, 28.912095487117767, 27.529525876045227, 26.302374690771103, 25.11419627070427, 24.02128040790558, 22.9669651389122, 21.986703723669052, 21.065113484859467, 20.230732709169388, 19.385830134153366]",0.9384764743068725,0.19211384524162467,0.14254289485261767,0.29454545454545455
