K,layers,hidden_channels,out_channels,norm,lr,treatment,dropout,ratio,seed,aggregation,model_type,batch_size,rate_pairs,clusters,sampling,num_epochs,anomaly_detector,accuracy,f1,recall,precision,losses,test_accuracy,test_f1,test_recall,test_precision
7,2,128,128,,0.005,relabeling,0,0.013441096812437934,654,mean,GATConv,4096,10,50,sage,50,nearest_neighbors,nan,0.0,0.0,0.0,"[1278.5702533721924, 1052.8466300964355, 905.4196166992188, 775.0983381271362, 663.8253803253174, 568.4575309753418, 490.03674697875977, 423.73448181152344, 369.42496967315674, 324.3995656967163, 286.0554280281067, 253.62935590744019, 226.47470092773438, 203.55075025558472, 183.72180128097534, 166.52446484565735, 152.2424075603485, 138.54942512512207, 127.40499448776245, 117.31643342971802, 108.43969321250916, 100.96288752555847, 93.38510286808014, 86.88455998897552, 81.64930725097656, 76.13538980484009, 71.28205025196075, 67.07776546478271, 62.96736800670624, 59.43904006481171, 56.18095076084137, 53.16031014919281, 50.201888024806976, 47.71851897239685, 45.244232535362244, 42.86781167984009, 41.00598764419556, 38.90073359012604, 37.131460070610046, 35.371307253837585, 33.734332382678986, 32.22668981552124, 30.963473856449127, 29.576119422912598, 28.305474281311035, 27.076908767223358, 26.043811231851578, 25.00842559337616, 23.959677129983902, 22.989393293857574]",0.944572383274632,0.0704278682317304,0.0409150901891773,0.25271739130434784
