K,layers,hidden_channels,out_channels,norm,lr,treatment,dropout,ratio,seed,aggregation,model_type,batch_size,rate_pairs,clusters,sampling,num_epochs,anomaly_detector,accuracy,f1,recall,precision,losses
2,1,64,128,,0.005235082791984086,removal,0.10764474523209143,0.015937412296597963,654,mean,GCNConv,20,9,500,cluster,100,nearest_neighbors,0.9521733528047419,0.7079344262295082,0.5938393839383939,0.8762987012987012,"[17.984759867191315, 16.39190784096718, 14.69717963039875, 13.883114293217659, 11.730466663837433, 10.993839085102081, 9.833152160048485, 10.217482760548592, 7.929230131208897, 7.510612100362778, 7.714035019278526, 7.156910382211208, 5.964903280138969, 5.63927935808897, 5.198296010494232, 4.628527484834194, 4.617752596735954, 4.207191213965416, 3.7472423166036606, 3.479227252304554, 3.2656811997294426, 3.1757588237524033, 2.92814090102911, 2.806806568056345, 2.5783350691199303, 2.453279197216034, 2.3007927648723125, 2.147271305322647, 2.1352801211178303, 1.9614674635231495, 1.9117110595107079, 1.8142754696309566, 1.7223880738019943, 1.6380576342344284, 1.57970417663455, 1.5003315340727568, 1.5046455077826977, 1.411450769752264, 1.3057018648833036, 1.2878261357545853, 1.2356639560312033, 1.1807622071355581, 1.130872594192624, 1.1270794086158276, 1.1017428133636713, 1.0398045629262924, 1.0122900232672691, 0.9554682597517967, 0.9398685917258263, 0.8927363269031048, 0.8903447724878788, 0.8477505780756474, 0.8116227779537439, 0.7984038963913918, 0.7638026941567659, 0.7428020085208118, 0.7263656789436936, 0.7082952465862036, 0.6853091772645712, 0.6901747211813927, 0.6538753928616643, 0.6245160456746817, 0.6001557148993015, 0.5929107535630465, 0.5679560741409659, 0.5713500082492828, 0.5400146124884486, 0.5255240788683295, 0.516947970725596, 0.5126018868759274, 0.498223215341568, 0.48655853141099215, 0.4782586516812444, 0.4685146491974592, 0.4547341410070658, 0.44425327936187387, 0.4324450781568885, 0.42206458281725645, 0.4132000422105193, 0.40221993532031775, 0.4015972474589944, 0.3824818064458668, 0.3745722621679306, 0.37049545999616385, 0.35886844526976347, 0.3534194021485746, 0.33877211436629295, 0.33115167124196887, 0.3335949368774891, 0.3194346819072962, 0.311918115708977, 0.30429804837331176, 0.2988267447799444, 0.2893937439657748, 0.2910276330076158, 0.2876364318653941, 0.2713052313774824, 0.2723976052366197, 0.271736909635365, 0.2638984080404043]"
