K,layers,hidden_channels,out_channels,norm,lr,treatment,dropout,ratio,seed,aggregation,model_type,batch_size,rate_pairs,clusters,sampling,num_epochs,anomaly_detector,accuracy,f1,recall,precision,losses
4,1,128,128,,0.004885022775254306,removal,0.17616034851567622,0.011473233017277365,654,mean,GCNConv,20,10,500,cluster,100,nearest_neighbors,0.9536337084442917,0.711787478307302,0.5865786578657866,0.9049558723693143,"[34.06811383366585, 29.432669401168823, 26.980042725801468, 23.5057093501091, 21.817313194274902, 19.586039781570435, 17.116484731435776, 15.949216961860657, 14.175579980015755, 12.68839219212532, 11.89890518784523, 10.769415691494942, 10.0648994743824, 9.295506298542023, 8.445369824767113, 7.873544171452522, 7.4768020659685135, 7.037959188222885, 6.442273810505867, 5.940352246165276, 5.464260097593069, 5.324895143508911, 4.942017167806625, 4.637007050216198, 4.304340116679668, 4.097995080053806, 3.8276210501790047, 3.5481854118406773, 3.5537400990724564, 3.2465001456439495, 3.1551295444369316, 2.9876711666584015, 2.8362436816096306, 2.6843598932027817, 2.5853004939854145, 2.4510115645825863, 2.4535908102989197, 2.296090252697468, 2.1207805313169956, 2.0859973803162575, 1.9986025169491768, 1.9053959548473358, 1.822390217334032, 1.815330009907484, 1.7709488160908222, 1.6650976054370403, 1.622741561383009, 1.529927171766758, 1.5029916502535343, 1.4266117438673973, 1.4198023714125156, 1.351518388837576, 1.2936719246208668, 1.2708234544843435, 1.2141511980444193, 1.1800024909898639, 1.1524370275437832, 1.1234119571745396, 1.0861643999814987, 1.092872904613614, 1.0345815289765596, 0.9874027110636234, 0.9482185253873467, 0.9360366445034742, 0.8962512211874127, 0.9010320603847504, 0.8511137366294861, 0.8278026478365064, 0.8136364556849003, 0.8063184078782797, 0.7834837790578604, 0.7645363127812743, 0.7513176435604692, 0.7356645502150059, 0.7135715773329139, 0.6968112327158451, 0.6780524915084243, 0.6615482848137617, 0.6472553107887506, 0.6299221944063902, 0.6286080945283175, 0.5984223149716854, 0.5859719309955835, 0.5792649025097489, 0.560950587503612, 0.552242387086153, 0.5292072035372257, 0.5172295160591602, 0.5208150092512369, 0.4985568020492792, 0.48673062678426504, 0.4746609381400049, 0.4659659047611058, 0.45112553145736456, 0.4535940792411566, 0.44822984375059605, 0.42272065998986363, 0.4242202900350094, 0.42309714667499065, 0.41085132770240307]"
