alpha,K,layers,hidden_channels,out_channels,norm,dropout,margin,lpl_weight,ratio,seed,aggregation,pos_weight,accuracy,f1,recall,precision
0.5,35,1,128,256,,0,0.5,0.1320945709856277,0.16662606200455948,1,sum,1,0.8896383831211645,0.8517105083821725,0.7935238095238095,0.9191057508457126
0.5,35,1,128,256,,0,0.5,0.1320945709856277,0.16662606200455948,2,sum,1,0.8905513009078461,0.8532372143634385,0.7965714285714286,0.9185825157416898
0.5,35,1,128,256,,0,0.5,0.1320945709856277,0.16662606200455948,3,sum,1,0.8919206775878683,0.8546880327309921,0.7958095238095239,0.9229749631811488
0.5,35,1,128,256,,0,0.5,0.1320945709856277,0.16662606200455948,4,sum,1,0.8795455698128518,0.836014637851274,0.7687619047619048,0.9161622276029056
0.5,35,1,128,256,,0,0.5,0.1320945709856277,0.16662606200455948,5,sum,1,0.8871025003803824,0.8484477124183006,0.7912380952380952,0.9145750770585646
