K,layers,hidden_channels,out_channels,norm,lr,treatment,dropout,ratio,seed,aggregation,model_type,batch_size,rate_pairs,clusters,sampling,num_epochs,anomaly_detector,accuracy,f1,recall,precision,losses,test_accuracy,test_f1,test_recall,test_precision
4,2,256,128,,0.005,removal,0,0.4012920076820787,654,mean,GCNConv,2048,10,50,sage,50,nearest_neighbors,nan,0.0,0.0,0.0,"[21.177727937698364, 20.70127248764038, 20.046550273895264, 19.6407368183136, 19.13331913948059, 18.587552547454834, 18.042567133903503, 17.564181089401245, 16.961408257484436, 16.432422637939453, 15.899855613708496, 15.399887204170227, 14.93540608882904, 14.487657308578491, 13.985238075256348, 13.44347894191742, 13.059809923171997, 12.60517942905426, 12.151288032531738, 11.777137994766235, 11.321091651916504, 10.948150992393494, 10.584419965744019, 10.223351001739502, 9.858516991138458, 9.557806670665741, 9.256093263626099, 8.934895515441895, 8.662068963050842, 8.347643554210663, 8.147719144821167, 7.8222193121910095, 7.628493964672089, 7.349809765815735, 7.133713901042938, 6.927304029464722, 6.719333469867706, 6.521936237812042, 6.306438565254211, 6.114244222640991, 5.926600694656372, 5.809594094753265, 5.616960823535919, 5.461467683315277, 5.349543631076813, 5.189158737659454, 5.0159057676792145, 4.909830689430237, 4.779365241527557, 4.679817765951157]",0.8633626972558464,0.752695572378986,0.8333756667513335,0.6862581049989542
