K,layers,hidden_channels,out_channels,norm,lr,treatment,dropout,ratio,seed,aggregation,model_type,batch_size,rate_pairs,clusters,sampling,num_epochs,anomaly_detector,accuracy,f1,recall,precision,losses,test_accuracy,test_f1,test_recall,test_precision
10,1,256,256,,0.0029479104204376385,removal,0,0.38318004741725653,654,mean,GCNConv,1024,3,300,sage,100,nearest_neighbors,0.3252032520325203,0.49079754601226994,0.3252032520325203,1.0,"[38.02645218372345, 37.21616184711456, 36.373289942741394, 35.738779187202454, 35.148500204086304, 34.45345938205719, 33.52018690109253, 32.56610727310181, 31.803690791130066, 30.98952615261078, 30.05251967906952, 29.218899130821228, 28.29367244243622, 27.203002214431763, 26.39322543144226, 25.31823742389679, 24.33754599094391, 23.543208122253418, 22.618566036224365, 21.610035061836243, 20.736225187778473, 20.078028619289398, 19.162889540195465, 18.285595774650574, 17.513610422611237, 16.833440005779266, 16.15785723924637, 15.4179567694664, 14.900830209255219, 14.276725888252258, 13.690562784671783, 13.161273419857025, 12.59656298160553, 12.092318534851074, 11.639009833335876, 11.20544970035553, 10.721995890140533, 10.342853367328644, 9.969591349363327, 9.623658150434494, 9.292165279388428, 8.914041936397552, 8.62294727563858, 8.374940931797028, 8.04850697517395, 7.797034502029419, 7.530832767486572, 7.315908223390579, 7.061462610960007, 6.816034018993378, 6.597324460744858, 6.432380527257919, 6.249255269765854, 6.060479134321213, 5.8740096390247345, 5.700953781604767, 5.533606737852097, 5.376207947731018, 5.24100935459137, 5.087356507778168, 4.9588922560215, 4.823457807302475, 4.692973703145981, 4.589953362941742, 4.457330867648125, 4.345536172389984, 4.217610582709312, 4.1418096125125885, 4.028002992272377, 3.929823011159897, 3.8372289836406708, 3.7514442801475525, 3.6676440834999084, 3.577041134238243, 3.504289820790291, 3.422204867005348, 3.3287992030382156, 3.2577063739299774, 3.1832850575447083, 3.131019726395607, 3.0688889771699905, 2.993701085448265, 2.9219134598970413, 2.8601300567388535, 2.802611365914345, 2.75724133849144, 2.695070058107376, 2.624363049864769, 2.5906160175800323, 2.5375174954533577, 2.480324387550354, 2.428456075489521, 2.3919185027480125, 2.348660245537758, 2.3055264577269554, 2.243680715560913, 2.2161330431699753, 2.1672542467713356, 2.1281280145049095, 2.091957576572895]",0.7996652634782168,0.698841110094541,0.581968253968254,0.8744514405647777
