alpha,K,layers,hidden_channels,out_channels,norm,dropout,margin,lpl_weight,ratio,seed,aggregation,pos_weight,accuracy,f1,recall,precision
0.5,29,1,256,128,,0,0.5,0.42422655457638603,0.23136290570594195,1,mean,1,0.9063244915555104,0.8785747156662941,0.8485079365079365,0.9108505997818975
0.5,29,1,256,128,,0,0.5,0.42422655457638603,0.23136290570594195,2,mean,1,0.9036364558502815,0.8746205622277946,0.8415238095238096,0.9104272564912763
0.5,29,1,256,128,,0,0.5,0.42422655457638603,0.23136290570594195,3,mean,1,0.9055130090784602,0.877329294791598,0.8459682539682539,0.9111050328227571
0.5,29,1,256,128,,0,0.5,0.42422655457638603,0.23136290570594195,4,mean,1,0.9046000912917787,0.8759970993473531,0.8436825396825397,0.9108856594461201
0.5,29,1,256,128,,0,0.5,0.42422655457638603,0.23136290570594195,5,mean,1,0.9053101384591976,0.8769849113790604,0.8450793650793651,0.9113941385921666
