K,layers,hidden_channels,out_channels,norm,lr,treatment,dropout,ratio,seed,aggregation,model_type,batch_size,rate_pairs,clusters,sampling,num_epochs,anomaly_detector,accuracy,f1,recall,precision,losses,test_accuracy,test_f1,test_recall,test_precision
12,2,256,256,,0.005,removal,0,0.3634095139646918,654,mean,GCNConv,1024,10,50,sage,50,nearest_neighbors,nan,0.0,0.0,0.0,"[70.49880957603455, 68.94637775421143, 66.59979271888733, 64.69134736061096, 61.71176791191101, 60.238417625427246, 57.64759635925293, 55.03770399093628, 51.98830056190491, 49.45742177963257, 46.819448471069336, 44.02375888824463, 41.15346670150757, 38.22773730754852, 35.75238740444183, 33.13889396190643, 30.920289039611816, 28.699174523353577, 26.63527238368988, 24.663188576698303, 22.97871768474579, 21.528768658638, 20.02884751558304, 18.793472409248352, 17.55509477853775, 16.51311469078064, 15.472000658512115, 14.557121396064758, 13.746382176876068, 12.955605208873749, 12.299147367477417, 11.691372513771057, 11.060725033283234, 10.547248780727386, 10.025355517864227, 9.550704687833786, 9.11064925789833, 8.701037257909775, 8.33659040927887, 7.989299178123474, 7.618325650691986, 7.34266060590744, 7.043708860874176, 6.800605595111847, 6.513637989759445, 6.281970530748367, 6.042105555534363, 5.804712116718292, 5.655056178569794, 5.4397584199905396]",0.8610178084796248,0.7336329406048828,0.7670815341630683,0.7029795158286778
