alpha,K,layers,hidden_channels,out_channels,norm,dropout,margin,lpl_weight,ratio,seed,aggregation,pos_weight,accuracy,f1,recall,precision
0.8551305529820448,31,2,256,256,layernorm,0.4860959729383255,0.15625677975174831,0.6348287595108622,0.21069022916242652,1,sum,1,0.9024699497895218,0.8736447861226099,0.8441904761904762,0.9052287581699346
0.8551305529820448,31,2,256,256,layernorm,0.4860959729383255,0.15625677975174831,0.6348287595108622,0.21069022916242652,2,sum,1,0.9021149262058122,0.8731431576179834,0.8434285714285714,0.9050279329608939
0.8551305529820448,31,2,256,256,layernorm,0.4860959729383255,0.15625677975174831,0.6348287595108622,0.21069022916242652,3,sum,1,0.8971445960338794,0.8662974683544303,0.8342857142857143,0.9008638420403127
0.8551305529820448,31,2,256,256,layernorm,0.4860959729383255,0.15625677975174831,0.6348287595108622,0.21069022916242652,4,sum,1,0.8952680428057007,0.8639388548461487,0.8325079365079365,0.8978362092577377
0.8551305529820448,31,2,256,256,layernorm,0.4860959729383255,0.15625677975174831,0.6348287595108622,0.21069022916242652,5,sum,1,0.8961302429375666,0.8649789029535865,0.833015873015873,0.8994926641985466
