K,layers,hidden_channels,out_channels,norm,lr,treatment,dropout,ratio,seed,aggregation,model_type,batch_size,rate_pairs,clusters,sampling,num_epochs,anomaly_detector,accuracy,f1,recall,precision,losses,test_accuracy,test_f1,test_recall,test_precision
14,3,256,128,,0.005,removal,0,0.35321259761302065,654,mean,GCNConv,2048,10,50,sage,50,nearest_neighbors,nan,0.0,0.0,0.0,"[17.71102738380432, 17.640057921409607, 17.4175808429718, 17.231753826141357, 16.88105034828186, 16.743513703346252, 16.417861819267273, 16.160170435905457, 15.996135830879211, 15.591501474380493, 15.354080319404602, 15.09709346294403, 14.872395396232605, 14.53208875656128, 14.326510906219482, 13.97152829170227, 13.535247683525085, 13.352508783340454, 12.966668248176575, 12.669566869735718, 12.327179312705994, 11.985424399375916, 11.619820594787598, 11.274381279945374, 10.978149652481079, 10.655364990234375, 10.269699454307556, 9.95951384305954, 9.619915843009949, 9.349148571491241, 9.042102575302124, 8.705073714256287, 8.428498387336731, 8.083997189998627, 7.814021110534668, 7.539213478565216, 7.291574239730835, 7.018947958946228, 6.740684151649475, 6.530420243740082, 6.301467418670654, 6.063296318054199, 5.854842841625214, 5.67938756942749, 5.463661074638367, 5.26417338848114, 5.092395752668381, 4.921056270599365, 4.751569837331772, 4.600578397512436]",0.8524621332150326,0.7291133348848033,0.7957835915671831,0.672750697874168
