K,layers,hidden_channels,out_channels,norm,lr,treatment,dropout,ratio,seed,aggregation,model_type,batch_size,rate_pairs,clusters,sampling,num_epochs,anomaly_detector,accuracy,f1,recall,precision,losses,test_accuracy,test_f1,test_recall,test_precision
4,2,64,128,,0.005,removal,0,0.27470943310416707,654,mean,GCNConv,2048,10,50,sage,100,nearest_neighbors,0.5345528455284553,0.6966887417218544,0.5345528455284553,1.0,"[11.739791750907898, 11.412350535392761, 11.134214997291565, 10.72881007194519, 10.509648561477661, 10.156152665615082, 9.870909631252289, 9.587513506412506, 9.256732761859894, 8.992507517337799, 8.715308904647827, 8.4202641248703, 8.154403805732727, 7.881367564201355, 7.590412437915802, 7.337862432003021, 7.093433380126953, 6.853314816951752, 6.622409105300903, 6.408380746841431, 6.196364998817444, 5.9974894523620605, 5.763834118843079, 5.586207628250122, 5.40502792596817, 5.2173542976379395, 5.052400171756744, 4.903365224599838, 4.741318255662918, 4.582318365573883, 4.440155863761902, 4.29093262553215, 4.159846603870392, 4.044254153966904, 3.9013274908065796, 3.795676499605179, 3.6991586685180664, 3.560953766107559, 3.4592401683330536, 3.3698885440826416, 3.2822826206684113, 3.191367119550705, 3.0913164615631104, 3.011619806289673, 2.919673264026642, 2.860292136669159, 2.763996958732605, 2.6966409385204315, 2.636511653661728, 2.570971965789795, 2.503968819975853, 2.443976029753685, 2.3871531784534454, 2.3291431814432144, 2.259462758898735, 2.2090796679258347, 2.1630045622587204, 2.10083831846714, 2.0535513907670975, 2.0128366500139236, 1.9806008785963058, 1.9287393391132355, 1.8876297324895859, 1.8464882671833038, 1.804767981171608, 1.770747646689415, 1.7335988879203796, 1.6950626075267792, 1.6624551713466644, 1.6256588101387024, 1.5917953997850418, 1.560361385345459, 1.5233116745948792, 1.5008045732975006, 1.4665614813566208, 1.443010687828064, 1.4110524952411652, 1.3915874511003494, 1.3616115152835846, 1.3302628099918365, 1.3156368136405945, 1.2868236899375916, 1.264480784535408, 1.2477394789457321, 1.2239056080579758, 1.2004866376519203, 1.1815921366214752, 1.1572805270552635, 1.1392881274223328, 1.1172708719968796, 1.1017748191952705, 1.0854711905121803, 1.061845913529396, 1.044957347214222, 1.0312820971012115, 1.00888641923666, 0.9968374222517014, 0.9804335907101631, 0.9674651250243187, 0.9533754885196686]",0.8560632956332099,0.7992643938322253,0.7174603174603175,0.9021235829474693
