K,layers,hidden_channels,out_channels,norm,lr,treatment,dropout,ratio,seed,aggregation,model_type,batch_size,rate_pairs,clusters,sampling,num_epochs,anomaly_detector,accuracy,f1,recall,precision,losses,test_accuracy,test_f1,test_recall,test_precision
22,2,256,256,,0.005,removal,0,0.4412745681568804,654,mean,GATConv,1024,10,50,sage,100,nearest_neighbors,nan,0.0,0.0,0.0,"[42.51824879646301, 41.040165424346924, 39.65270805358887, 38.27941930294037, 37.01730489730835, 36.33688008785248, 35.322415590286255, 34.18243110179901, 32.90324664115906, 32.088701128959656, 31.180418372154236, 30.067991018295288, 28.8246830701828, 27.446524381637573, 26.36064922809601, 24.959726691246033, 23.721548557281494, 22.360371112823486, 21.123656749725342, 19.789721846580505, 18.4797602891922, 17.37198930978775, 16.214236974716187, 15.144719362258911, 14.100607931613922, 13.163967967033386, 12.24918007850647, 11.450695395469666, 10.699229955673218, 10.001504302024841, 9.410573840141296, 8.867079734802246, 8.310873746871948, 7.87260314822197, 7.406058132648468, 7.002337992191315, 6.629337012767792, 6.283398151397705, 5.966801047325134, 5.688081592321396, 5.3942719250917435, 5.1667124927043915, 4.923070132732391, 4.728495195508003, 4.500091165304184, 4.314089372754097, 4.136465102434158, 3.952111318707466, 3.8280970752239227, 3.673768848180771, 3.523793190717697, 3.4075539261102676, 3.2723326086997986, 3.1775524467229843, 3.048987329006195, 2.948562204837799, 2.8507843762636185, 2.7601252049207687, 2.6620636582374573, 2.5933259651064873, 2.4962142035365105, 2.4243144392967224, 2.343399301171303, 2.2859502881765366, 2.2144666090607643, 2.152090661227703, 2.089131958782673, 2.0325252190232277, 1.9772059693932533, 1.9188401401042938, 1.8657018765807152, 1.8183875977993011, 1.7722706273198128, 1.7242306172847748, 1.6838847175240517, 1.643321543931961, 1.6064843013882637, 1.566880851984024, 1.5189011618494987, 1.4879051744937897, 1.4547793343663216, 1.417801670730114, 1.3783211261034012, 1.3526028096675873, 1.3194810077548027, 1.2888800352811813, 1.264296054840088, 1.2365772277116776, 1.21520359441638, 1.184702429920435, 1.1681943647563457, 1.1362054720520973, 1.1107334308326244, 1.0941156297922134, 1.0672632344067097, 1.0451807156205177, 1.022027488797903, 0.9994028732180595, 0.9901764392852783, 0.9683625511825085]",0.8454274668863679,0.7214799588900308,0.8023876047752095,0.6553941908713693
