K,layers,hidden_channels,out_channels,norm,lr,treatment,dropout,ratio,seed,aggregation,model_type,batch_size,rate_pairs,clusters,sampling,num_epochs,anomaly_detector,accuracy,f1,recall,precision,losses
12,1,64,64,,0.003893895081955655,removal,0,0.26883888733631206,654,mean,GCNConv,10,7,300,cluster,100,nearest_neighbors,0.8637723791651875,0.8214333200372291,0.7845079365079365,0.8620064183061253,"[39.16836094856262, 40.3947331905365, 38.72203862667084, 37.60144078731537, 35.875100910663605, 34.79753750562668, 33.76836323738098, 30.71924066543579, 28.82908421754837, 26.81588888168335, 23.940280735492706, 22.10320234298706, 19.47470712661743, 17.835510164499283, 16.476670771837234, 14.633883148431778, 13.354575335979462, 12.26696702837944, 11.253648340702057, 10.393205612897873, 9.619403705000877, 8.769246369600296, 8.250708431005478, 7.5663280338048935, 7.160151794552803, 6.696752697229385, 6.271079644560814, 5.936929762363434, 5.6264181435108185, 5.196841433644295, 4.90214291960001, 4.70255745947361, 4.441892772912979, 4.264563262462616, 4.09722213447094, 3.8645210042595863, 3.666329473257065, 3.481078691780567, 3.402114599943161, 3.186952292919159, 3.0221680253744125, 2.910869747400284, 2.785855032503605, 2.6780266389250755, 2.5803869739174843, 2.509186454117298, 2.392861381173134, 2.3007093630731106, 2.2158549576997757, 2.1357922330498695, 2.0787061527371407, 1.9989780858159065, 1.890716403722763, 1.8554613664746284, 1.802753396332264, 1.7642057947814465, 1.7050627954304218, 1.6296490281820297, 1.580391250550747, 1.5310297012329102, 1.4977142810821533, 1.425067987293005, 1.391629345715046, 1.3762139230966568, 1.3524431623518467, 1.3058561012148857, 1.2402581702917814, 1.2330270260572433, 1.1921019572764635, 1.1425120364874601, 1.123686308041215, 1.0948118977248669, 1.057367006316781, 1.0343495160341263, 1.0104795265942812, 0.993287593126297, 0.9591991100460291, 0.9274371173232794, 0.9072755835950375, 0.9156762193888426, 0.8660785015672445, 0.8378036208450794, 0.8253618106245995, 0.8031805157661438, 0.7844496909528971, 0.7628081645816565, 0.7492250110954046, 0.729069584980607, 0.7195411920547485, 0.7140551712363958, 0.6873081214725971, 0.6724137449637055, 0.652389520779252, 0.6462027877569199, 0.6406493866816163, 0.6187762273475528, 0.5982230016961694, 0.5787205873057246, 0.5659963935613632, 0.555662683211267]"
