K,layers,hidden_channels,out_channels,norm,lr,treatment,dropout,ratio,seed,aggregation,model_type,batch_size,rate_pairs,clusters,sampling,num_epochs,anomaly_detector,accuracy,f1,recall,precision,losses,test_accuracy,test_f1,test_recall,test_precision
13,2,64,64,,0.005,removal,0,0.3972349394073065,654,mean,GCNConv,1024,10,50,sage,100,nearest_neighbors,0.6422764227642277,0.7821782178217822,0.6422764227642277,1.0,"[41.40525531768799, 39.71707212924957, 39.0092009305954, 37.771310925483704, 36.47756290435791, 34.9905960559845, 33.60338544845581, 32.20723330974579, 30.842855215072632, 28.877299904823303, 27.175298810005188, 25.494304895401, 23.889519453048706, 22.262229800224304, 20.797552227973938, 19.29264396429062, 17.915743827819824, 16.586304664611816, 15.386313557624817, 14.254083752632141, 13.284212589263916, 12.31993955373764, 11.598168551921844, 10.786815881729126, 10.134773194789886, 9.510457545518875, 8.939860820770264, 8.403459638357162, 7.9295794069767, 7.4974052011966705, 7.101436495780945, 6.7527167201042175, 6.378848105669022, 6.08143275976181, 5.787454962730408, 5.514290630817413, 5.246678471565247, 5.023071333765984, 4.803924083709717, 4.601735711097717, 4.407516375184059, 4.239076912403107, 4.074153542518616, 3.9195011109113693, 3.76718632876873, 3.6125039756298065, 3.478283017873764, 3.3682175278663635, 3.2457147240638733, 3.145716831088066, 3.026235952973366, 2.9381410032510757, 2.8403399139642715, 2.7473306953907013, 2.6584695875644684, 2.586382880806923, 2.499412953853607, 2.4304462522268295, 2.347822830080986, 2.28617562353611, 2.222099706530571, 2.162344329059124, 2.10969664901495, 2.0401806086301804, 1.9845531731843948, 1.932508535683155, 1.8728556111454964, 1.837968610227108, 1.7917093858122826, 1.7443738728761673, 1.7053745239973068, 1.6625461280345917, 1.615420751273632, 1.5781987234950066, 1.5417625606060028, 1.5053532123565674, 1.471704974770546, 1.4345266595482826, 1.406498283147812, 1.3723152130842209, 1.341107688844204, 1.3105689659714699, 1.2809902504086494, 1.255145139992237, 1.224543321877718, 1.2002183943986893, 1.1755328103899956, 1.1508455239236355, 1.1202598847448826, 1.1040764041244984, 1.0794362761080265, 1.0574913024902344, 1.0338353887200356, 1.0197276435792446, 1.0013468526303768, 0.9753529988229275, 0.9584833681583405, 0.9401736333966255, 0.9186762608587742, 0.9046678245067596]",0.8386164223766293,0.7943381592554292,0.7803174603174603,0.8088719231275503
