K,layers,hidden_channels,out_channels,norm,lr,treatment,dropout,ratio,seed,aggregation,model_type,batch_size,rate_pairs,clusters,sampling,num_epochs,anomaly_detector,accuracy,f1,recall,precision,losses,test_accuracy,test_f1,test_recall,test_precision
5,2,256,128,,0.005,removal,0,0.41515108299107745,654,mean,GCNConv,2048,10,50,sage,50,nearest_neighbors,nan,0.0,0.0,0.0,"[24.033430099487305, 23.610964059829712, 22.92158603668213, 22.534636974334717, 22.03343439102173, 21.454623222351074, 20.89706039428711, 20.37106227874756, 19.737122654914856, 19.15877068042755, 18.5787912607193, 18.029380679130554, 17.509356141090393, 17.018551468849182, 16.4449542760849, 15.816376805305481, 15.378628373146057, 14.851269721984863, 14.31920039653778, 13.88335108757019, 13.346267104148865, 12.90513801574707, 12.469894170761108, 12.039283633232117, 11.60494089126587, 11.243332862854004, 10.879731059074402, 10.485761880874634, 10.163305222988129, 9.787315368652344, 9.540948152542114, 9.150984227657318, 8.913601815700531, 8.57923686504364, 8.318627953529358, 8.066767513751984, 7.816143333911896, 7.577553987503052, 7.3184367418289185, 7.0903409123420715, 6.8623029589653015, 6.721631944179535, 6.4893428683280945, 6.305639922618866, 6.169014275074005, 5.97776985168457, 5.771737456321716, 5.645859003067017, 5.49040150642395, 5.370443522930145]",0.8584827935864123,0.7475980558381372,0.83997967995936,0.6735234215885947
