K,layers,hidden_channels,out_channels,norm,lr,treatment,dropout,ratio,seed,aggregation,model_type,batch_size,rate_pairs,clusters,sampling,num_epochs,anomaly_detector,accuracy,f1,recall,precision,losses
5,1,256,64,,0.009059369045026083,removal,0,0.25869915200187965,654,mean,GCNConv,1024,5,100,sage,100,nearest_neighbors,0.8612872140792209,0.816208588132518,0.7711746031746032,0.8668284327719098,"[23.17623007297516, 20.785086631774902, 18.89057171344757, 16.920781672000885, 15.036890923976898, 13.176195859909058, 11.679981708526611, 10.30101752281189, 9.08121332526207, 8.074299782514572, 7.210806429386139, 6.426713913679123, 5.8304024040699005, 5.265300214290619, 4.785566031932831, 4.377569422125816, 4.005011230707169, 3.698002964258194, 3.419135257601738, 3.1482784897089005, 2.943859174847603, 2.741179421544075, 2.5569578111171722, 2.4039223566651344, 2.2665643244981766, 2.1271490827202797, 2.0142464637756348, 1.8977776542305946, 1.796434611082077, 1.7152198553085327, 1.6295221522450447, 1.5383894070982933, 1.4689327403903008, 1.3964839652180672, 1.343242272734642, 1.2802152410149574, 1.2249651700258255, 1.1757274717092514, 1.1331076696515083, 1.0809818841516972, 1.040728785097599, 1.001453422009945, 0.9618522226810455, 0.9245997779071331, 0.8959642872214317, 0.8642871305346489, 0.8342859148979187, 0.803436316549778, 0.7789977490901947, 0.7536882385611534, 0.7301341891288757, 0.7078270502388477, 0.6840180605649948, 0.6645459607243538, 0.6441313214600086, 0.6233227476477623, 0.6043285485357046, 0.587337352335453, 0.5699597429484129, 0.5544241890311241, 0.5378646813333035, 0.5242018550634384, 0.5136358682066202, 0.4955757427960634, 0.48408358730375767, 0.4714355319738388, 0.46132637187838554, 0.44519042409956455, 0.436560096219182, 0.42712498269975185, 0.4142950624227524, 0.40352929197251797, 0.3958332687616348, 0.3856049217283726, 0.37738476134836674, 0.3682520240545273, 0.36034017987549305, 0.35126433707773685, 0.344505924731493, 0.3358081430196762, 0.3299443442374468, 0.32178184390068054, 0.3135094605386257, 0.3067230451852083, 0.3018144052475691, 0.29582306928932667, 0.289725448936224, 0.2829165356233716, 0.277996763586998, 0.2716519786044955, 0.26593899819999933, 0.26074477750808, 0.25442853197455406, 0.25120717380195856, 0.24625334609299898, 0.2399917645379901, 0.23588245641440153, 0.23378073424100876, 0.22664673905819654, 0.22381264343857765]"
