alpha,K,layers,hidden_channels,out_channels,norm,dropout,margin,lpl_weight,ratio,seed,aggregation,pos_weight,accuracy,f1,recall,precision
0.5,33,1,256,128,,0.22392613846097364,0.5,0.9349935326216494,0.4619490991139691,1,mean,1,0.866511132525232,0.8429968981150083,0.8972698412698412,0.7949150635617055
0.5,33,1,256,128,,0.22392613846097364,0.5,0.9349935326216494,0.4619490991139691,2,mean,1,0.8648374499163158,0.8396799614991277,0.8862222222222222,0.797782350251486
0.5,33,1,256,128,,0.22392613846097364,0.5,0.9349935326216494,0.4619490991139691,3,mean,1,0.8660546736318913,0.842525788563592,0.8971428571428571,0.7941771582733813
0.5,33,1,256,128,,0.22392613846097364,0.5,0.9349935326216494,0.4619490991139691,4,mean,1,0.8682862504437795,0.8444258072245852,0.894984126984127,0.7992742118394194
0.5,33,1,256,128,,0.22392613846097364,0.5,0.9349935326216494,0.4619490991139691,5,mean,1,0.8661053912867069,0.842425689387609,0.8961269841269841,0.7947967113413673
