alpha,K,layers,hidden_channels,out_channels,norm,dropout,margin,lpl_weight,ratio,seed,aggregation,pos_weight,accuracy,f1,recall,precision
0.5,26,1,128,128,,0.17412511523833352,0.5,0.3280318428103347,0.28510366118423924,1,mean,1,0.9009991377998682,0.8778473091364205,0.8906666666666667,0.8653917334978408
0.5,26,1,128,128,,0.17412511523833352,0.5,0.3280318428103347,0.28510366118423924,2,mean,1,0.9011005731094994,0.8778960551033187,0.8901587301587301,0.8659666460778258
0.5,26,1,128,128,,0.17412511523833352,0.5,0.3280318428103347,0.28510366118423924,3,mean,1,0.8996804787746615,0.8762202753441802,0.889015873015873,0.8637877853177052
0.5,26,1,128,128,,0.17412511523833352,0.5,0.3280318428103347,0.28510366118423924,4,mean,1,0.9006948318709743,0.8767002518891688,0.8839365079365079,0.869581511555278
0.5,26,1,128,128,,0.17412511523833352,0.5,0.3280318428103347,0.28510366118423924,5,mean,1,0.8980067961657453,0.8734663059208456,0.8813968253968254,0.8656772262409579
