K,layers,hidden_channels,out_channels,norm,lr,treatment,dropout,ratio,seed,aggregation,model_type,batch_size,rate_pairs,clusters,sampling,num_epochs,anomaly_detector,accuracy,f1,recall,precision,losses,test_accuracy,test_f1,test_recall,test_precision
5,3,64,128,,0.005,removal,0,0.38037258849793343,654,mean,GATConv,4096,10,50,sage,50,nearest_neighbors,nan,0.0,0.0,0.0,"[12.25151014328003, 12.171086311340332, 11.985567569732666, 11.867868900299072, 11.74172830581665, 11.652528762817383, 11.526919841766357, 11.286500692367554, 11.192422151565552, 11.046574115753174, 10.960869789123535, 10.78434157371521, 10.65562915802002, 10.539907932281494, 10.358514547348022, 10.159513115882874, 10.068949818611145, 9.97056770324707, 9.823039889335632, 9.647759795188904, 9.499080777168274, 9.37821877002716, 9.198047041893005, 9.006114959716797, 8.966315984725952, 8.816845893859863, 8.664729356765747, 8.503979086875916, 8.353164315223694, 8.29197382926941, 8.128043293952942, 7.97216796875, 7.865071535110474, 7.744676232337952, 7.622118234634399, 7.487323522567749, 7.36775803565979, 7.20846152305603, 7.096716523170471, 7.002006649971008, 6.8551976680755615, 6.719750881195068, 6.632804989814758, 6.5060412883758545, 6.3826563358306885, 6.2900230884552, 6.1881232261657715, 6.079660534858704, 5.96859335899353, 5.87217378616333]",0.8315482603460296,0.6997288748305468,0.7866395732791466,0.6301119023397762
