alpha,K,layers,hidden_channels,out_channels,norm,dropout,margin,lpl_weight,ratio,seed,aggregation,pos_weight,accuracy,f1,recall,precision
0.5,26,1,256,128,,0,0.5,0.7412301779798907,0.12892669112344937,1,mean,1,0.886595323832226,0.8409446578460663,0.7506031746031746,0.9560084101568818
0.5,26,1,256,128,,0,0.5,0.7412301779798907,0.12892669112344937,2,mean,1,0.8855809707359131,0.8392704474209176,0.7479365079365079,0.9560136341503003
0.5,26,1,256,128,,0,0.5,0.7412301779798907,0.12892669112344937,3,mean,1,0.8873560886544606,0.841504317419539,0.7486984126984128,0.9605734767025089
0.5,26,1,256,128,,0,0.5,0.7412301779798907,0.12892669112344937,4,mean,1,0.8864938885225947,0.8403025545882689,0.7476825396825397,0.9591138621925395
0.5,26,1,256,128,,0,0.5,0.7412301779798907,0.12892669112344937,5,mean,1,0.8840087234366283,0.8370502315639473,0.745904761904762,0.9535714285714286
