K,layers,hidden_channels,out_channels,norm,lr,treatment,dropout,ratio,seed,aggregation,model_type,batch_size,rate_pairs,clusters,sampling,num_epochs,anomaly_detector,accuracy,f1,recall,precision,losses,test_accuracy,test_f1,test_recall,test_precision
9,2,128,256,,0.005,removal,0,0.3908189892632355,654,mean,GCNConv,1024,10,50,sage,50,nearest_neighbors,nan,0.0,0.0,0.0,"[29.552013993263245, 28.615528225898743, 27.353243827819824, 26.282885313034058, 25.150686383247375, 23.945804119110107, 22.810396194458008, 21.58455491065979, 20.461997866630554, 19.255967915058136, 18.059622943401337, 16.9789656996727, 15.771353304386139, 14.715662479400635, 13.789538621902466, 12.87451845407486, 12.051174759864807, 11.185200572013855, 10.438966631889343, 9.718548476696014, 9.110539078712463, 8.529860347509384, 8.026781052350998, 7.553950518369675, 7.129560768604279, 6.657610923051834, 6.316309213638306, 5.964015334844589, 5.672320067882538, 5.3801440596580505, 5.1215387880802155, 4.865312218666077, 4.607546702027321, 4.415501356124878, 4.200473874807358, 4.024638295173645, 3.840965986251831, 3.675951302051544, 3.5366128981113434, 3.386960655450821, 3.257131054997444, 3.121226966381073, 3.005391612648964, 2.8841398507356644, 2.7913910299539566, 2.690314069390297, 2.590443290770054, 2.503655269742012, 2.413095712661743, 2.335171163082123]",0.8554407757145573,0.7329977759569238,0.7952755905511811,0.6797655232305688
