K,layers,hidden_channels,out_channels,norm,lr,treatment,dropout,ratio,seed,aggregation,model_type,batch_size,rate_pairs,clusters,sampling,sampling_k,num_epochs,anomaly_detector,accuracy,f1,recall,precision,losses
13,2,256,256,,0.0037215472336509774,removal,0,0.27514282129573897,654,mean,GATConv,256,10,300,nearest_neighbors,25,50,nearest_neighbors,0.8668154384541259,0.8216274962640946,0.768,0.8833065576164744,"[210.772718667984, 179.79056406021118, 155.2102301120758, 132.4479796886444, 111.62125945091248, 93.90669751167297, 78.4718969464302, 66.35285031795502, 56.16547554731369, 47.85576546192169, 41.228901743888855, 35.660811603069305, 31.369489192962646, 27.63714349269867, 24.502036899328232, 21.972015231847763, 19.723580166697502, 17.810884103178978, 16.159882694482803, 14.691450625658035, 13.453806295990944, 12.328380927443504, 11.391193553805351, 10.487392872571945, 9.70205582678318, 9.014165230095387, 8.367731310427189, 7.781752727925777, 7.28899834305048, 6.824107237160206, 6.393644459545612, 5.99744176864624, 5.624061085283756, 5.288528088480234, 4.9682943895459175, 4.701786555349827, 4.4290971159935, 4.1651613265275955, 3.9490097537636757, 3.7435582913458347, 3.5398950427770615, 3.359524667263031, 3.185400791466236, 3.0181063152849674, 2.8657932691276073, 2.735261742025614, 2.599905900657177, 2.4668564423918724, 2.3449269644916058, 2.2391811534762383]"
