K,layers,hidden_channels,out_channels,norm,lr,treatment,dropout,ratio,seed,aggregation,model_type,batch_size,rate_pairs,clusters,sampling,num_epochs,anomaly_detector,accuracy,f1,recall,precision,losses,test_accuracy,test_f1,test_recall,test_precision
28,2,256,256,,0.005,removal,0,0.3966991370540128,654,mean,GATConv,2048,10,50,sage,100,nearest_neighbors,nan,0.0,0.0,0.0,"[23.359362840652466, 22.844385385513306, 22.30165195465088, 22.002363920211792, 21.586015224456787, 21.293888330459595, 20.99920916557312, 20.606845140457153, 20.299582481384277, 20.033247470855713, 19.559709906578064, 19.523419499397278, 19.115164279937744, 18.952855110168457, 18.539952635765076, 18.435888409614563, 18.20632803440094, 17.872385621070862, 17.617853045463562, 17.395955681800842, 17.176616549491882, 16.909013867378235, 16.67616856098175, 16.424701929092407, 16.178470492362976, 16.01947581768036, 15.786404848098755, 15.493048310279846, 15.277328372001648, 14.907368421554565, 14.604693412780762, 14.442662596702576, 14.052464246749878, 13.879810333251953, 13.526543617248535, 13.345704436302185, 12.991392970085144, 12.722302079200745, 12.382173776626587, 12.046728610992432, 11.840464353561401, 11.518279314041138, 11.220389246940613, 10.935410737991333, 10.547767639160156, 10.261221945285797, 9.946032583713531, 9.634078562259674, 9.333277225494385, 9.065552949905396, 8.791851580142975, 8.483285367488861, 8.257288992404938, 7.94206440448761, 7.70331871509552, 7.419000506401062, 7.181995093822479, 6.958198368549347, 6.725241184234619, 6.500699520111084, 6.270078897476196, 6.0954909324646, 5.898043692111969, 5.693936228752136, 5.506364107131958, 5.348987817764282, 5.174728989601135, 5.0240225195884705, 4.860357850790024, 4.715469002723694, 4.567556083202362, 4.426405429840088, 4.305868744850159, 4.180388420820236, 4.060303330421448, 3.945930987596512, 3.8371036052703857, 3.7249353528022766, 3.6211345195770264, 3.5230458974838257, 3.428907722234726, 3.346161037683487, 3.2607505321502686, 3.194031745195389, 3.0971660912036896, 3.011078327894211, 2.9526811838150024, 2.8790691196918488, 2.8176675140857697, 2.743102639913559, 2.685628116130829, 2.620579183101654, 2.557917222380638, 2.5005026757717133, 2.446521282196045, 2.4011283963918686, 2.3481346368789673, 2.290431797504425, 2.2458041608333588, 2.190367490053177]",0.8495468660878382,0.7218186079212562,0.7823215646431293,0.6700021753317381
