K,layers,hidden_channels,out_channels,norm,lr,treatment,dropout,ratio,seed,aggregation,model_type,batch_size,rate_pairs,clusters,sampling,num_epochs,anomaly_detector,accuracy,f1,recall,precision,losses,test_accuracy,test_f1,test_recall,test_precision
13,2,256,256,,0.005,removal,0,0.33530475412582134,654,mean,GCNConv,4096,10,50,sage,50,nearest_neighbors,nan,0.0,0.0,0.0,"[9.111472725868225, 9.139232397079468, 9.081417322158813, 9.195283770561218, 8.968324422836304, 8.923345565795898, 8.754483819007874, 8.727602243423462, 8.643813252449036, 8.569783329963684, 8.587146759033203, 8.537827134132385, 8.406392216682434, 8.32484781742096, 8.218360781669617, 8.21468186378479, 8.116235494613647, 8.033506393432617, 7.994696378707886, 7.969965696334839, 7.828081369400024, 7.798628449440002, 7.699295163154602, 7.648088097572327, 7.50576376914978, 7.439801216125488, 7.366979122161865, 7.304301738739014, 7.250697135925293, 7.163431882858276, 7.046866774559021, 6.988514542579651, 6.92492938041687, 6.847192168235779, 6.73781681060791, 6.676480054855347, 6.614240765571594, 6.50053608417511, 6.458993434906006, 6.326142311096191, 6.263040900230408, 6.202392339706421, 6.088809132575989, 6.029822587966919, 5.908100485801697, 5.808611035346985, 5.726687788963318, 5.637587308883667, 5.558021783828735, 5.519195199012756]",0.8647569554471133,0.738544474393531,0.7655575311150622,0.7133727810650887
