K,layers,hidden_channels,out_channels,norm,lr,treatment,dropout,ratio,seed,aggregation,model_type,batch_size,rate_pairs,clusters,sampling,num_epochs,anomaly_detector,accuracy,f1,recall,precision,losses,test_accuracy,test_f1,test_recall,test_precision
9,3,64,128,,0.005,removal,0,0.32857965732497985,654,mean,GCNConv,2048,10,50,sage,50,nearest_neighbors,nan,0.0,0.0,0.0,"[15.791553258895874, 15.594566822052002, 15.316948175430298, 15.095385909080505, 14.719634175300598, 14.491216897964478, 14.232720851898193, 13.919421672821045, 13.597507953643799, 13.377565145492554, 13.045992493629456, 12.674606323242188, 12.383179783821106, 12.099610686302185, 11.90727174282074, 11.491557240486145, 11.198439717292786, 10.810905694961548, 10.52486801147461, 10.168493926525116, 9.827050566673279, 9.544883728027344, 9.188824772834778, 8.965065896511078, 8.625805974006653, 8.333242774009705, 8.043889284133911, 7.759388864040375, 7.476073920726776, 7.219178915023804, 7.006883084774017, 6.7257532477378845, 6.496820569038391, 6.2812851667404175, 6.040123820304871, 5.870912253856659, 5.649415969848633, 5.4347264766693115, 5.295567214488983, 5.102362155914307, 4.938594937324524, 4.746871054172516, 4.617133408784866, 4.4460881650447845, 4.303361564874649, 4.175467550754547, 4.049944907426834, 3.912288874387741, 3.806691348552704, 3.694815754890442]",0.8548070219912542,0.7153683687414586,0.731267462534925,0.7001459143968871
