alpha,K,layers,hidden_channels,out_channels,norm,dropout,margin,lpl_weight,ratio,seed,aggregation,pos_weight,accuracy,f1,recall,precision
0.5,26,1,256,128,,0,0.5,0.2231498471126282,0.21460945091636885,1,mean,1,0.9106862098696556,0.8847588508605457,0.8584126984126984,0.9127734269511207
0.5,26,1,256,128,,0,0.5,0.2231498471126282,0.21460945091636885,2,mean,1,0.9102297509763149,0.8841319717203456,0.8575238095238096,0.9124442642886097
0.5,26,1,256,128,,0,0.5,0.2231498471126282,0.21460945091636885,3,mean,1,0.9131206573008064,0.8879000065440743,0.8614603174603175,0.9160140426681069
0.5,26,1,256,128,,0,0.5,0.2231498471126282,0.21460945091636885,4,mean,1,0.9090632449155551,0.8824647656506064,0.8547301587301588,0.9120596205962059
0.5,26,1,256,128,,0,0.5,0.2231498471126282,0.21460945091636885,5,mean,1,0.9086067860222143,0.881898020710447,0.8543492063492063,0.9112826764187999
