alpha,K,layers,hidden_channels,out_channels,norm,dropout,margin,lpl_weight,ratio,seed,aggregation,pos_weight,accuracy,f1,recall,precision
0.5,25,2,64,64,,0.12787712211220847,0.5,0.25680092765457385,0.22431392475877932,1,mean,1,0.9062230562458792,0.8788732394366198,0.8518095238095238,0.9077131258457375
0.5,25,2,64,64,,0.12787712211220847,0.5,0.25680092765457385,0.22431392475877932,2,mean,1,0.9034335852310189,0.8752130030148119,0.8478730158730159,0.9043749153460653
0.5,25,2,64,64,,0.12787712211220847,0.5,0.25680092765457385,0.22431392475877932,3,mean,1,0.9060201856266166,0.8783881341471418,0.8497777777777777,0.9089921217060581
0.5,25,2,64,64,,0.12787712211220847,0.5,0.25680092765457385,0.22431392475877932,4,mean,1,0.9057158796977228,0.878345658006675,0.8521904761904762,0.9061571698622738
0.5,25,2,64,64,,0.12787712211220847,0.5,0.25680092765457385,0.22431392475877932,5,mean,1,0.9048536795658568,0.8770642201834863,0.8497777777777777,0.9061611374407583
