K,layers,hidden_channels,out_channels,norm,lr,treatment,dropout,ratio,seed,aggregation,model_type,batch_size,rate_pairs,clusters,sampling,num_epochs,anomaly_detector,accuracy,f1,recall,precision,losses,test_accuracy,test_f1,test_recall,test_precision
29,2,256,128,,0.005,removal,0,0.2854025132249929,654,mean,GCNConv,2048,10,50,sage,50,nearest_neighbors,nan,0.0,0.0,0.0,"[46.74187183380127, 46.121023654937744, 45.077388286590576, 44.78310585021973, 44.38427019119263, 43.39806318283081, 43.487658977508545, 42.535776138305664, 41.989519357681274, 41.33139181137085, 40.78925156593323, 40.41294503211975, 40.26861834526062, 39.775378704071045, 39.17139792442322, 38.30199480056763, 38.275187492370605, 37.72602725028992, 36.93815851211548, 36.82175421714783, 36.18858098983765, 35.87304925918579, 35.34148550033569, 35.00797462463379, 34.58535361289978, 34.206627368927, 33.739835023880005, 32.8080735206604, 32.95742964744568, 32.51004219055176, 32.01560306549072, 31.391188383102417, 30.953365325927734, 30.200730562210083, 29.725772857666016, 29.11254382133484, 28.39907741546631, 27.586158275604248, 26.84078574180603, 26.24876856803894, 25.37555694580078, 25.007163524627686, 24.012762784957886, 23.383179664611816, 22.78512477874756, 21.98028564453125, 21.06442356109619, 20.48258066177368, 19.729649424552917, 19.148584485054016]",0.8691932315102351,0.7382039573820396,0.7391414782829566,0.7372688117557639
