K,layers,hidden_channels,out_channels,norm,lr,treatment,dropout,ratio,seed,aggregation,model_type,batch_size,rate_pairs,clusters,sampling,num_epochs,anomaly_detector,accuracy,f1,recall,precision,losses,test_accuracy,test_f1,test_recall,test_precision
20,1,256,64,,0.008550815608806883,removal,0,0.36105026972411336,654,mean,GCNConv,768,5,200,cluster,100,nearest_neighbors,0.5945121951219512,0.745697896749522,0.5945121951219512,1.0,"[23.93994915485382, 24.15752398967743, 23.274826526641846, 23.41364359855652, 22.926893949508667, 22.556320190429688, 21.97201931476593, 21.155726671218872, 20.596686720848083, 19.73986268043518, 17.90615975856781, 15.875994741916656, 14.322180330753326, 12.5554780960083, 11.250684022903442, 9.63985276222229, 8.716324210166931, 7.716389507055283, 6.88583517074585, 6.187513828277588, 5.603054732084274, 5.060319811105728, 4.676982194185257, 4.33057427406311, 3.961548015475273, 3.734075427055359, 3.459922194480896, 3.238299638032913, 3.0104626566171646, 2.8421597331762314, 2.6594052463769913, 2.5193943679332733, 2.393300861120224, 2.268954798579216, 2.148903876543045, 2.0592261105775833, 1.9926572367548943, 1.8787057846784592, 1.8419055715203285, 1.7096750140190125, 1.6481397151947021, 1.5748521015048027, 1.5069801583886147, 1.4471902623772621, 1.393463134765625, 1.3303454890847206, 1.2900966182351112, 1.2491687908768654, 1.1947808414697647, 1.164053626358509, 1.113615445792675, 1.0836891382932663, 1.0615386068820953, 1.0285405814647675, 0.9927292689681053, 0.9594708643853664, 0.9230875335633755, 0.8940878100693226, 0.87419817969203, 0.8525557406246662, 0.8348799124360085, 0.810506746172905, 0.7796210683882236, 0.7581152990460396, 0.736110758036375, 0.7333255596458912, 0.6986967027187347, 0.6927162148058414, 0.668946173042059, 0.6454723179340363, 0.6398958712816238, 0.6247915551066399, 0.6016760170459747, 0.5883759818971157, 0.5773593075573444, 0.5590378157794476, 0.5641032308340073, 0.5445238091051579, 0.5346760060638189, 0.518064595758915, 0.5086982920765877, 0.49026741459965706, 0.4901667349040508, 0.4738283958286047, 0.46441565826535225, 0.4570020567625761, 0.4459341987967491, 0.43913183733820915, 0.43089657835662365, 0.4237975850701332, 0.41388354264199734, 0.4012662172317505, 0.40009856410324574, 0.3904853090643883, 0.3818727172911167, 0.3752292562276125, 0.36810621805489063, 0.3574023563414812, 0.3579881489276886, 0.3471547029912472]",0.8400872343662829,0.7895895895895896,0.7512380952380953,0.8320675105485232
