alpha,K,layers,hidden_channels,out_channels,norm,dropout,margin,lpl_weight,ratio,seed,aggregation,pos_weight,accuracy,f1,recall,precision
0.5,28,1,256,128,,0,0.5,0.10784398447055077,0.23305762669453733,1,mean,1,0.9102297509763149,0.8862321635171616,0.8754285714285714,0.8973057399453338
0.5,28,1,256,128,,0,0.5,0.10784398447055077,0.23305762669453733,2,mean,1,0.9074402799614546,0.8827648230230616,0.8725079365079365,0.8932657306292252
0.5,28,1,256,128,,0,0.5,0.10784398447055077,0.23305762669453733,3,mean,1,0.9101790333214992,0.8860287019756741,0.8741587301587301,0.8982254697286013
0.5,28,1,256,128,,0,0.5,0.10784398447055077,0.23305762669453733,4,mean,1,0.9082517624385048,0.883493269788111,0.870984126984127,0.8963669628855201
0.5,28,1,256,128,,0,0.5,0.10784398447055077,0.23305762669453733,5,mean,1,0.9051579854947507,0.8797736916548797,0.8688253968253968,0.8910014324781873
