alpha,K,layers,hidden_channels,out_channels,norm,dropout,margin,lpl_weight,ratio,seed,aggregation,pos_weight,accuracy,f1,recall,precision
0.5635563197070631,33,1,128,256,graphnorm,0.2760748922264591,0.3016683564666989,0.832304563830307,0.17755729650695967,1,sum,1,0.9008977024902368,0.8689294338610142,0.8224761904761905,0.9209441205744348
0.5635563197070631,33,1,128,256,graphnorm,0.2760748922264591,0.3016683564666989,0.832304563830307,0.17755729650695967,2,sum,1,0.8986661256783486,0.8658520209480328,0.8187936507936507,0.9186493802535973
0.5635563197070631,33,1,128,256,graphnorm,0.2760748922264591,0.3016683564666989,0.832304563830307,0.17755729650695967,3,sum,1,0.9043465030177005,0.8734398067373507,0.8264126984126984,0.9261420236231678
0.5635563197070631,33,1,128,256,graphnorm,0.2760748922264591,0.3016683564666989,0.832304563830307,0.17755729650695967,4,sum,1,0.9030785616473094,0.8712871287128713,0.8213333333333334,0.927710843373494
0.5635563197070631,33,1,128,256,graphnorm,0.2760748922264591,0.3016683564666989,0.832304563830307,0.17755729650695967,5,sum,1,0.8989197139524269,0.8661967103054716,0.8191746031746032,0.9189458689458689
