K,layers,hidden_channels,out_channels,norm,lr,treatment,dropout,ratio,seed,aggregation,model_type,batch_size,rate_pairs,clusters,sampling,num_epochs,anomaly_detector,accuracy,f1,recall,precision,losses,test_accuracy,test_f1,test_recall,test_precision
9,2,256,256,,0.005,removal,0,0.22176572128963928,654,mean,GCNConv,2048,10,50,sage,100,nearest_neighbors,0.5345528455284553,0.6966887417218544,0.5345528455284553,1.0,"[17.573719382286072, 17.27630889415741, 17.055843114852905, 16.7200688123703, 16.45979595184326, 16.141602635383606, 15.872687935829163, 15.56316328048706, 15.137052178382874, 14.820903539657593, 14.50561797618866, 14.124919533729553, 13.785736799240112, 13.405708074569702, 13.021408200263977, 12.685976266860962, 12.336006999015808, 11.971760869026184, 11.524500727653503, 11.191626906394958, 10.794476985931396, 10.395554661750793, 10.099997103214264, 9.720430791378021, 9.418578147888184, 9.110742390155792, 8.785838961601257, 8.4644256234169, 8.117291688919067, 7.842908680438995, 7.582552671432495, 7.320711314678192, 7.031801104545593, 6.794989824295044, 6.553788185119629, 6.34593278169632, 6.098049342632294, 5.890284597873688, 5.703149378299713, 5.5336634516716, 5.330169677734375, 5.1664541363716125, 4.9973781406879425, 4.834010630846024, 4.694324195384979, 4.531996488571167, 4.412572234869003, 4.264924615621567, 4.144299536943436, 4.005313992500305, 3.881282240152359, 3.804401785135269, 3.702896863222122, 3.5819151699543, 3.4862735867500305, 3.3836136758327484, 3.3014142513275146, 3.204529255628586, 3.1223412454128265, 3.0404298305511475, 2.973379909992218, 2.8965249955654144, 2.8309728503227234, 2.7539191842079163, 2.6908460557460785, 2.628702312707901, 2.564837858080864, 2.5111511945724487, 2.4551215022802353, 2.3902530670166016, 2.3453573137521744, 2.2914246022701263, 2.2347371727228165, 2.1985042691230774, 2.1470716297626495, 2.094562917947769, 2.0583716183900833, 2.0113354325294495, 1.969109371304512, 1.9303722083568573, 1.8921491503715515, 1.855703130364418, 1.8167669922113419, 1.7908541113138199, 1.759056493639946, 1.7131253331899643, 1.684163436293602, 1.6486578434705734, 1.6249244064092636, 1.5959519445896149, 1.5639018416404724, 1.536529541015625, 1.505664512515068, 1.4822202175855637, 1.4606070518493652, 1.4347399175167084, 1.4066114127635956, 1.389720305800438, 1.3596331179141998, 1.346443459391594]",0.862707308414059,0.803826364229292,0.7042539682539682,0.9361917623227549
