K,layers,hidden_channels,out_channels,norm,lr,treatment,dropout,ratio,seed,aggregation,model_type,batch_size,rate_pairs,reliable_mini_batch,clusters,accuracy,f1,recall,precision,losses
14,2,256,256,,0.007011687817697169,removal,0,0.22939421407862995,654,mean,GINConv,10,3,True,100,0.8337475275143278,0.7923476498162929,0.7941587301587302,0.7905448110226267,"[14.446810007095337, 14.520909428596497, 14.680938482284546, 14.402711749076843, 14.423375368118286, 14.005829215049744, 14.57777190208435, 13.740160822868347, 13.532330751419067, 13.401422262191772, 13.102236151695251, 12.55641084909439, 12.598336338996887, 11.854869365692139, 11.291685461997986, 10.99668163061142, 10.093594133853912, 9.590138733386993, 9.210959076881409, 8.494464874267578, 8.078803360462189, 7.595059812068939, 7.1203359961509705, 6.539392471313477, 6.173047691583633, 5.83307546377182, 5.5672188103199005, 5.122544854879379, 4.797165393829346, 4.588305115699768, 4.312210023403168, 4.123657613992691, 3.875133126974106, 3.678855210542679, 3.5167215764522552, 3.4142562448978424, 3.2217356264591217, 3.0496040880680084, 2.8870714902877808, 2.775671035051346, 2.634133979678154, 2.5400450378656387, 2.443336546421051, 2.3195518255233765, 2.2354024052619934, 2.17805814743042, 2.0981675386428833, 2.010773256421089, 1.911199375987053, 1.873003602027893]"
