alpha,K,layers,hidden_channels,out_channels,norm,dropout,margin,lpl_weight,ratio,seed,aggregation,pos_weight,accuracy,f1,recall,precision
0.5,31,1,256,128,,0.3411843073494956,0.5,0.34272220724690206,0.24513597901498993,1,mean,1,0.8997819140842928,0.8722358722358723,0.8565079365079366,0.8885522329073904
0.5,31,1,256,128,,0.3411843073494956,0.5,0.34272220724690206,0.24513597901498993,2,mean,1,0.8973474666531419,0.8690645620390737,0.8529523809523809,0.8857971778979296
0.5,31,1,256,128,,0.3411843073494956,0.5,0.34272220724690206,0.24513597901498993,3,mean,1,0.9044986559821474,0.8779254457050243,0.8598095238095238,0.8968211920529802
0.5,31,1,256,128,,0.3411843073494956,0.5,0.34272220724690206,0.24513597901498993,4,mean,1,0.899883349393924,0.8721833721833722,0.8552380952380952,0.8898137138327388
0.5,31,1,256,128,,0.3411843073494956,0.5,0.34272220724690206,0.24513597901498993,5,mean,1,0.9006948318709743,0.8735305516083194,0.8586666666666667,0.8889181017483896
