alpha,K,layers,hidden_channels,out_channels,norm,dropout,margin,lpl_weight,ratio,seed,aggregation,pos_weight,accuracy,f1,recall,precision
0.5749303729840348,33,1,128,256,graphnorm,0.27596124838002956,0.3146451993141089,0.8791440376520168,0.1707685339927943,1,sum,1,0.8934929248871533,0.8562628336755647,0.7942857142857143,0.9287305122494433
0.5749303729840348,33,1,128,256,graphnorm,0.27596124838002956,0.3146451993141089,0.8791440376520168,0.1707685339927943,2,sum,1,0.895369478115332,0.8589015799192942,0.7973333333333333,0.9307737918766676
0.5749303729840348,33,1,128,256,graphnorm,0.27596124838002956,0.3146451993141089,0.8791440376520168,0.1707685339927943,3,sum,1,0.8976010549272202,0.8621184183568941,0.8015238095238095,0.9326241134751773
0.5749303729840348,33,1,128,256,graphnorm,0.27596124838002956,0.3146451993141089,0.8791440376520168,0.1707685339927943,4,sum,1,0.8965359841760917,0.8604842018875667,0.7988571428571428,0.9324144064028457
0.5749303729840348,33,1,128,256,graphnorm,0.27596124838002956,0.3146451993141089,0.8791440376520168,0.1707685339927943,5,sum,1,0.8923771364812091,0.8559206952743075,0.8003809523809524,0.9197431781701445
