K,layers,hidden_channels,out_channels,norm,lr,treatment,dropout,ratio,seed,aggregation,model_type,batch_size,rate_pairs,clusters,sampling,num_epochs,anomaly_detector,accuracy,f1,recall,precision,losses,test_accuracy,test_f1,test_recall,test_precision
11,2,128,256,,0.005,removal,0,0.21606158970855313,654,mean,GCNConv,2048,10,50,sage,50,nearest_neighbors,nan,0.0,0.0,0.0,"[19.677095890045166, 19.696488857269287, 19.26608920097351, 19.123952507972717, 18.839541912078857, 18.52310824394226, 18.13271701335907, 17.849624156951904, 17.55248999595642, 17.149335145950317, 16.821698546409607, 16.503118634223938, 16.14228892326355, 15.77744710445404, 15.434178113937378, 14.98743224143982, 14.631921410560608, 14.21178424358368, 13.915289759635925, 13.39365553855896, 13.009111285209656, 12.687576174736023, 12.321430563926697, 11.86035144329071, 11.45314633846283, 11.021913647651672, 10.66578733921051, 10.297151923179626, 9.955727934837341, 9.60081571340561, 9.30042976140976, 8.962442219257355, 8.561019003391266, 8.301116704940796, 8.009955942630768, 7.684444427490234, 7.458965599536896, 7.165697336196899, 6.947920024394989, 6.682322800159454, 6.438979804515839, 6.238492488861084, 6.002397239208221, 5.807399868965149, 5.617981255054474, 5.417956292629242, 5.248471230268478, 5.08061546087265, 4.912553369998932, 4.760411947965622]",0.8595601749160277,0.6797687861271676,0.5974091948183896,0.7884679852497486
