K,layers,hidden_channels,out_channels,norm,lr,treatment,dropout,ratio,seed,aggregation,model_type,batch_size,rate_pairs,clusters,sampling,num_epochs,anomaly_detector,accuracy,f1,recall,precision,losses,test_accuracy,test_f1,test_recall,test_precision
13,3,64,128,,0.005,removal,0,0.33664453417669754,654,mean,GCNConv,2048,10,50,sage,50,nearest_neighbors,nan,0.0,0.0,0.0,"[17.920827269554138, 17.72972571849823, 17.50900435447693, 17.300383925437927, 16.893068194389343, 16.69977116584778, 16.493439316749573, 16.177143931388855, 15.874646067619324, 15.705032587051392, 15.385205149650574, 15.015191078186035, 14.754847407341003, 14.48608136177063, 14.346749186515808, 13.889340996742249, 13.62838339805603, 13.204530000686646, 12.922329306602478, 12.534225463867188, 12.166369318962097, 11.858274936676025, 11.464287042617798, 11.22909939289093, 10.836954116821289, 10.491965413093567, 10.144342482089996, 9.805983901023865, 9.448393881320953, 9.130097687244415, 8.865887701511383, 8.501468420028687, 8.212852537631989, 7.933438837528229, 7.620684623718262, 7.390658915042877, 7.102881610393524, 6.816527724266052, 6.634165167808533, 6.373193383216858, 6.155944108963013, 5.90030837059021, 5.723845362663269, 5.498010873794556, 5.308625817298889, 5.136588484048843, 4.971464306116104, 4.788280010223389, 4.646863669157028, 4.496637850999832]",0.8562012801825211,0.7186608803471791,0.7360934721869443,0.7020348837209303
