K,layers,hidden_channels,out_channels,norm,lr,treatment,dropout,ratio,seed,aggregation,model_type,batch_size,rate_pairs,clusters,sampling,num_epochs,anomaly_detector,accuracy,f1,recall,precision,losses,test_accuracy,test_f1,test_recall,test_precision
9,2,256,128,,0.005,removal,0,0.3168363234909075,654,mean,GCNConv,1024,10,50,sage,50,nearest_neighbors,nan,0.0,0.0,0.0,"[62.97880816459656, 60.897242307662964, 59.05536651611328, 56.607240200042725, 54.9992196559906, 51.9947772026062, 49.681357622146606, 47.28336548805237, 44.5721390247345, 41.66132366657257, 39.10035514831543, 36.66706907749176, 34.17702078819275, 31.83693516254425, 29.538632035255432, 27.744075059890747, 25.61698067188263, 23.992340207099915, 22.266144394874573, 20.71548455953598, 19.360854029655457, 18.198006331920624, 17.034862875938416, 16.02075469493866, 15.010717391967773, 14.15910428762436, 13.401013135910034, 12.702151656150818, 11.983481287956238, 11.3763427734375, 10.801580905914307, 10.249238163232803, 9.789577782154083, 9.312822997570038, 8.934089481830597, 8.48880010843277, 8.083503246307373, 7.790796309709549, 7.436577945947647, 7.147110641002655, 6.890941292047501, 6.577390670776367, 6.3417730033397675, 6.076291173696518, 5.861189901828766, 5.641848921775818, 5.489283233880997, 5.289349317550659, 5.092942491173744, 4.932803198695183]",0.8689397300209138,0.7432969215491559,0.760477520955042,0.7268754552075747
