alpha,K,layers,hidden_channels,out_channels,norm,dropout,margin,lpl_weight,ratio,seed,aggregation,pos_weight,accuracy,f1,recall,precision
0.269140184449361,33,2,128,128,graphnorm,0.28130219053692274,0.29466760282285964,0.8116593992620579,0.23294636266246233,1,sum,1,0.8913627833848963,0.8623039341733093,0.8516825396825397,0.8731935945840386
0.269140184449361,33,2,128,128,graphnorm,0.28130219053692274,0.29466760282285964,0.8116593992620579,0.23294636266246233,2,sum,1,0.8933407719227063,0.8649932592925467,0.8554920634920635,0.8747078680862114
0.269140184449361,33,2,128,128,graphnorm,0.28130219053692274,0.29466760282285964,0.8116593992620579,0.23294636266246233,3,sum,1,0.891971395242684,0.8634265196204155,0.854984126984127,0.8720373008677632
0.269140184449361,33,2,128,128,graphnorm,0.28130219053692274,0.29466760282285964,0.8116593992620579,0.23294636266246233,4,sum,1,0.8940508190901253,0.8657886283327979,0.8556190476190476,0.8762028608582575
0.269140184449361,33,2,128,128,graphnorm,0.28130219053692274,0.29466760282285964,0.8116593992620579,0.23294636266246233,5,sum,1,0.893087183648628,0.8645940390544707,0.8546031746031746,0.8748212660860523
