K,layers,hidden_channels,out_channels,norm,lr,treatment,dropout,ratio,seed,aggregation,model_type,batch_size,rate_pairs,clusters,sampling,sampling_k,num_epochs,anomaly_detector,accuracy,f1,recall,precision,losses
14,2,256,256,,0.009292799148773472,removal,0,0.37272779873694967,654,mean,GATConv,1024,10,300,neighbor,50,100,unweighted,0.8102652533346858,0.7410893487438577,0.6798730158730159,0.8144204441740188,"[36.93550252914429, 34.885334968566895, 32.645660400390625, 30.455255031585693, 28.232844591140747, 25.96759521961212, 23.39280116558075, 20.803014755249023, 18.530546844005585, 16.12288272380829, 14.081380903720856, 12.31351888179779, 10.78802615404129, 9.497096419334412, 8.37975412607193, 7.468472182750702, 6.7260216772556305, 6.0480073392391205, 5.509371608495712, 5.009419232606888, 4.598867177963257, 4.22924679517746, 3.916069746017456, 3.6177168637514114, 3.38571934401989, 3.129167780280113, 2.939307913184166, 2.7653808146715164, 2.613898441195488, 2.44997052103281, 2.322893865406513, 2.1916636750102043, 2.0935985296964645, 1.982025608420372, 1.8747503682971, 1.7989593744277954, 1.7088096290826797, 1.630980223417282, 1.5545747429132462, 1.4889849051833153, 1.4325369745492935, 1.3827579766511917, 1.3157367259263992, 1.2614019736647606, 1.2190799862146378, 1.1771240048110485, 1.1291580572724342, 1.0950279235839844, 1.0569976903498173, 1.017107728868723, 0.9864766262471676, 0.9508302360773087, 0.9216966107487679, 0.8937348015606403, 0.8616025261580944, 0.8373266756534576, 0.8105387352406979, 0.7829851396381855, 0.7625435367226601, 0.7418501414358616, 0.7203893028199673, 0.7010751515626907, 0.6792439520359039, 0.6612014658749104, 0.6418657079339027, 0.6241455301642418, 0.6096120942384005, 0.5942959934473038, 0.578839261084795, 0.5644722916185856, 0.5500895529985428, 0.5346814356744289, 0.5214715152978897, 0.5111370496451855, 0.49915385246276855, 0.485837921500206, 0.4744965359568596, 0.46294162794947624, 0.45347046479582787, 0.44367171451449394, 0.43278440833091736, 0.42277525179088116, 0.41512592881917953, 0.40551814809441566, 0.39712063781917095, 0.38758365251123905, 0.38144049793481827, 0.37265803664922714, 0.36436731554567814, 0.35759102180600166, 0.3490824978798628, 0.3422724436968565, 0.33542921766638756, 0.32974496483802795, 0.32222962472587824, 0.3160018837079406, 0.309366543777287, 0.3041885308921337, 0.29933394957333803, 0.29400219302624464]"
