K,layers,hidden_channels,out_channels,norm,lr,treatment,dropout,ratio,seed,aggregation,model_type,batch_size,rate_pairs,clusters,sampling,num_epochs,anomaly_detector,accuracy,f1,recall,precision,losses,test_accuracy,test_f1,test_recall,test_precision
2,1,256,128,,0.005,removal,0,0.49863934909572005,654,mean,GCNConv,4096,10,50,sage,50,nearest_neighbors,nan,0.0,0.0,0.0,"[6.918954133987427, 6.514206409454346, 6.428375959396362, 6.344434976577759, 6.241809129714966, 6.125792980194092, 5.982718110084534, 5.89685320854187, 5.801617741584778, 5.689016222953796, 5.603033423423767, 5.501349925994873, 5.403556227684021, 5.306454539299011, 5.23883056640625, 5.103318929672241, 5.034944713115692, 4.938703238964081, 4.855228126049042, 4.783250629901886, 4.683984279632568, 4.6109121441841125, 4.5401477217674255, 4.443639278411865, 4.38565981388092, 4.301853120326996, 4.22919362783432, 4.137460768222809, 4.067591726779938, 3.993691563606262, 3.9358635544776917, 3.870717465877533, 3.7903398275375366, 3.722055196762085, 3.6718598008155823, 3.592611074447632, 3.52599835395813, 3.4856905341148376, 3.435213029384613, 3.3675432801246643, 3.312426209449768, 3.2409068942070007, 3.2011108994483948, 3.160366475582123, 3.1195008158683777, 3.054605543613434, 3.000258207321167, 2.9506163001060486, 2.9076104760169983, 2.8519166111946106]",0.8234995880600798,0.6837742704666743,0.7647955295910592,0.6182751540041068
