K,layers,hidden_channels,out_channels,norm,lr,treatment,dropout,ratio,seed,aggregation,model_type,batch_size,rate_pairs,clusters,sampling,num_epochs,anomaly_detector,accuracy,f1,recall,precision,losses,test_accuracy,test_f1,test_recall,test_precision
12,2,128,256,,0.005,removal,0,0.37430601441315753,654,mean,GCNConv,2048,10,50,sage,50,nearest_neighbors,nan,0.0,0.0,0.0,"[16.470609068870544, 16.505269765853882, 16.19844937324524, 16.04899489879608, 15.78450894355774, 15.507871508598328, 15.179217457771301, 14.934081315994263, 14.705264806747437, 14.342449426651001, 14.069490313529968, 13.829507112503052, 13.530372858047485, 13.234849691390991, 12.97021210193634, 12.598592758178711, 12.315210700035095, 11.97713053226471, 11.753295302391052, 11.322734832763672, 11.010329246520996, 10.75355076789856, 10.460758090019226, 10.0898939371109, 9.739413321018219, 9.381352663040161, 9.104912877082825, 8.793437659740448, 8.506642401218414, 8.213825762271881, 7.952656507492065, 7.682507574558258, 7.345591306686401, 7.132318377494812, 6.880420565605164, 6.611224174499512, 6.417831480503082, 6.168382525444031, 5.986752390861511, 5.75586611032486, 5.551559507846832, 5.3764840960502625, 5.1729976534843445, 5.007052659988403, 4.841245710849762, 4.6658802926540375, 4.5214506685733795, 4.375029981136322, 4.231617569923401, 4.0954835414886475]",0.858419418214082,0.7329667702605785,0.7787655575311151,0.6922555881688869
