K,layers,hidden_channels,out_channels,norm,lr,treatment,dropout,ratio,seed,aggregation,model_type,batch_size,rate_pairs,clusters,sampling,num_epochs,anomaly_detector,accuracy,f1,recall,precision,losses,test_accuracy,test_f1,test_recall,test_precision
24,2,256,256,,0.005,removal,0,0.4518340983154438,654,mean,GATConv,4096,10,50,sage,100,nearest_neighbors,nan,0.0,0.0,0.0,"[11.393650770187378, 11.600350141525269, 11.641986608505249, 11.545132637023926, 11.3377366065979, 11.266477823257446, 11.039615154266357, 10.903306484222412, 10.93789792060852, 10.819303035736084, 10.722517013549805, 10.711682319641113, 10.459487438201904, 10.43520736694336, 10.273836851119995, 10.269458532333374, 10.148871183395386, 10.052517175674438, 10.025957822799683, 10.039717078208923, 9.824668049812317, 9.856136202812195, 9.68513572216034, 9.670523405075073, 9.4911550283432, 9.407209277153015, 9.346817374229431, 9.271117568016052, 9.287559151649475, 9.188875079154968, 9.049469351768494, 9.013629078865051, 8.968527793884277, 8.868550419807434, 8.801762819290161, 8.742134809494019, 8.717078447341919, 8.577284336090088, 8.593425750732422, 8.4315664768219, 8.385315775871277, 8.368239521980286, 8.22221028804779, 8.238567113876343, 8.095600605010986, 7.962530255317688, 7.949797868728638, 7.838257193565369, 7.808012127876282, 7.795283198356628, 7.736774802207947, 7.593982219696045, 7.551209092140198, 7.496087670326233, 7.437137484550476, 7.340911030769348, 7.270330786705017, 7.261735439300537, 7.153100848197937, 7.065880656242371, 6.9618953466415405, 6.96002197265625, 6.862197041511536, 6.772193670272827, 6.6960272789001465, 6.65075421333313, 6.5537296533584595, 6.508236408233643, 6.38971483707428, 6.348293781280518, 6.286760330200195, 6.207932233810425, 6.105411529541016, 6.072026968002319, 5.981276035308838, 5.890863060951233, 5.82074511051178, 5.722156286239624, 5.619494199752808, 5.594829797744751, 5.538905501365662, 5.472499132156372, 5.388051509857178, 5.311037302017212, 5.236653685569763, 5.144141435623169, 5.069834291934967, 5.001073658466339, 4.920248806476593, 4.839354038238525, 4.784799158573151, 4.695311367511749, 4.649409472942352, 4.568461775779724, 4.524396657943726, 4.438010096549988, 4.361589789390564, 4.288962125778198, 4.2247560024261475, 4.161554753780365]",0.8427023258761646,0.719611387257117,0.8089916179832359,0.6480162767039674
