K,layers,hidden_channels,out_channels,norm,lr,treatment,dropout,ratio,seed,aggregation,model_type,batch_size,rate_pairs,clusters,sampling,num_epochs,anomaly_detector,accuracy,f1,recall,precision,losses,test_accuracy,test_f1,test_recall,test_precision
8,2,128,256,,0.005,removal,0,0.38733800760265047,654,mean,GCNConv,2048,10,50,sage,50,nearest_neighbors,nan,0.0,0.0,0.0,"[13.868407607078552, 13.776474237442017, 13.469386100769043, 13.276687145233154, 13.026074290275574, 12.729690074920654, 12.39631712436676, 12.157460808753967, 11.921324133872986, 11.568612694740295, 11.306230902671814, 11.027225136756897, 10.739174604415894, 10.45030927658081, 10.179991364479065, 9.860099017620087, 9.578454732894897, 9.27536153793335, 9.063086450099945, 8.68949419260025, 8.427927136421204, 8.191348016262054, 7.9451152086257935, 7.643395721912384, 7.368116021156311, 7.080932676792145, 6.8651915192604065, 6.626775622367859, 6.408813536167145, 6.187186539173126, 5.994459092617035, 5.792873680591583, 5.546881079673767, 5.392305791378021, 5.20637571811676, 5.014638751745224, 4.874427437782288, 4.697771400213242, 4.568950444459915, 4.40449383854866, 4.260024875402451, 4.135722428560257, 3.9909945130348206, 3.872338980436325, 3.7550159692764282, 3.629345417022705, 3.5246309638023376, 3.422697991132736, 3.3181031346321106, 3.2193650603294373]",0.8577856644907789,0.7348144646655637,0.7896875793751588,0.6870718232044198
