K,layers,hidden_channels,out_channels,norm,lr,treatment,dropout,ratio,seed,aggregation,model_type,batch_size,rate_pairs,clusters,sampling,num_epochs,anomaly_detector,accuracy,f1,recall,precision,losses
16,1,128,128,,0.002452500970594713,removal,0,0.27584346685878175,654,mean,GATConv,128,7,100,sage,100,nearest_neighbors,0.833291068620987,0.7734197284069759,0.7123809523809523,0.8458986731001207,"[362.3391033411026, 306.53351080417633, 262.96373188495636, 219.04009318351746, 181.7295930981636, 146.81439316272736, 117.87515258789062, 94.81600391864777, 76.83808746933937, 63.23730406165123, 52.51096719503403, 43.87593777477741, 37.40630578994751, 32.148687586188316, 27.925135523080826, 24.268528506159782, 21.410012774169445, 18.87322708964348, 16.81420747935772, 15.016689397394657, 13.41254809498787, 12.088411457836628, 10.858710050582886, 9.895305018872023, 8.90863098949194, 8.093268807977438, 7.3505373522639275, 6.706170279532671, 6.127916939556599, 5.594368204474449, 5.119494346901774, 4.691798945888877, 4.30542160384357, 3.9441811088472605, 3.6383345387876034, 3.349783694371581, 3.079111128114164, 2.842494757845998, 2.6127653028815985, 2.418295683339238, 2.2214746717363596, 2.0468917842954397, 1.8933079773560166, 1.752123350277543, 1.6169082624837756, 1.4994294233620167, 1.3808516641147435, 1.2815535017289221, 1.1854863693006337, 1.0964636313728988, 1.0097619416192174, 0.9397451328113675, 0.8705421993508935, 0.8082124120555818, 0.7464960846118629, 0.6927095241844654, 0.6398084906395525, 0.5920801339671016, 0.5496531398966908, 0.510290764272213, 0.47165270848199725, 0.4380932350177318, 0.40688331075944006, 0.3768417739775032, 0.34986942703835666, 0.32487266149837524, 0.3017740905052051, 0.27851912938058376, 0.257902703480795, 0.23919495311565697, 0.22274055506568402, 0.2063593592029065, 0.19092400127556175, 0.17794470238732174, 0.16520692530320957, 0.15316769358469173, 0.1423122569685802, 0.13144222181290388, 0.12238259857986122, 0.11312846496002749, 0.10476901388028637, 0.09765023970976472, 0.09080799407092854, 0.0841706559585873, 0.077852724440163, 0.07209791138302535, 0.06720076251076534, 0.06235158100025728, 0.05776590664754622, 0.0537562679965049, 0.049834695528261364, 0.04627958437777124, 0.04288934847863857, 0.03998478401626926, 0.03695881579187699, 0.03434073559765238, 0.03183841475402005, 0.02955651900265366, 0.02734089041769039, 0.025378117119544186]"
