alpha,K,layers,hidden_channels,out_channels,norm,dropout,margin,lpl_weight,ratio,seed,aggregation,pos_weight,accuracy,f1,recall,precision
0.5,25,1,64,128,,0.18389439975874666,0.5,0.20588708410827844,0.10629840961154591,1,mean,1,0.8785819343713547,0.8267226404169079,0.7252063492063492,0.9612859787914493
0.5,25,1,64,128,,0.18389439975874666,0.5,0.20588708410827844,0.10629840961154591,2,mean,1,0.8784804990617234,0.8261248185776487,0.7227936507936508,0.9639288738357324
0.5,25,1,64,128,,0.18389439975874666,0.5,0.20588708410827844,0.10629840961154591,3,mean,1,0.8814221230410306,0.8307759119861031,0.7287619047619047,0.9659989900690119
0.5,25,1,64,128,,0.18389439975874666,0.5,0.20588708410827844,0.10629840961154591,4,mean,1,0.8824364761373434,0.831907179115301,0.7283809523809524,0.969737954353339
0.5,25,1,64,128,,0.18389439975874666,0.5,0.20588708410827844,0.10629840961154591,5,mean,1,0.8781761931328296,0.8258410672853829,0.7231746031746031,0.9624809869866486
