K,layers,hidden_channels,out_channels,norm,lr,treatment,dropout,ratio,seed,aggregation,model_type,batch_size,rate_pairs,clusters,sampling,num_epochs,anomaly_detector,accuracy,f1,recall,precision,losses,test_accuracy,test_f1,test_recall,test_precision
2,2,256,256,,0.005,removal,0,0.320646617375731,654,mean,GATConv,4096,10,50,sage,50,nearest_neighbors,nan,0.0,0.0,0.0,"[3.2469787001609802, 3.141483187675476, 3.088316798210144, 3.0376773476600647, 2.981231927871704, 2.9299753308296204, 2.870437204837799, 2.8206130862236023, 2.790297031402588, 2.7465901374816895, 2.6865749955177307, 2.6524399518966675, 2.583876311779022, 2.5487855076789856, 2.49229034781456, 2.466086834669113, 2.4092172980308533, 2.379942148923874, 2.3344976007938385, 2.2980732917785645, 2.247790604829788, 2.2132470309734344, 2.174942195415497, 2.1363360583782196, 2.095422148704529, 2.054710239171982, 2.024411201477051, 1.9815734922885895, 1.9520736932754517, 1.9202825427055359, 1.8799725770950317, 1.8469493687152863, 1.81974458694458, 1.7979832589626312, 1.7492069005966187, 1.728537529706955, 1.7060750424861908, 1.6652046740055084, 1.6533659398555756, 1.6111712455749512, 1.5889227390289307, 1.5668493509292603, 1.535096287727356, 1.5135536789894104, 1.4875467121601105, 1.4596065878868103, 1.4307601153850555, 1.41287961602211, 1.3859859704971313, 1.3737439811229706]",0.8463147220989923,0.6803743245024384,0.6555753111506223,0.7071232876712329
