K,layers,hidden_channels,out_channels,norm,lr,treatment,dropout,ratio,seed,aggregation,model_type,batch_size,rate_pairs,clusters,sampling,num_epochs,anomaly_detector,accuracy,f1,recall,precision,losses,test_accuracy,test_f1,test_recall,test_precision
3,2,64,64,,0.0027524530887133624,removal,0,0.25797572210537,654,mean,GATConv,768,11,300,sage,100,nearest_neighbors,0.4329268292682927,0.6042553191489362,0.4329268292682927,1.0,"[24.84181773662567, 23.678467392921448, 22.586593806743622, 21.579635322093964, 20.61743551492691, 19.68787956237793, 18.747538566589355, 17.880859792232513, 17.034955143928528, 16.177536845207214, 15.35420536994934, 14.661990761756897, 13.912607431411743, 13.26574718952179, 12.668208003044128, 12.094297081232071, 11.536178290843964, 10.962048351764679, 10.506916224956512, 10.027092278003693, 9.574340730905533, 9.16338124871254, 8.751627773046494, 8.383870512247086, 8.014482766389847, 7.702687054872513, 7.357165843248367, 7.0900358855724335, 6.788760393857956, 6.553151309490204, 6.290198490023613, 6.08188870549202, 5.848248481750488, 5.6189820766448975, 5.435775965452194, 5.227176144719124, 5.060819357633591, 4.882187575101852, 4.696257382631302, 4.55047969520092, 4.399683445692062, 4.2343034744262695, 4.113443553447723, 4.001143425703049, 3.8779864460229874, 3.7464036345481873, 3.6373764127492905, 3.514914572238922, 3.4146782606840134, 3.3219054490327835, 3.232579678297043, 3.1154338866472244, 3.038636513054371, 2.9639246687293053, 2.8827179670333862, 2.795376978814602, 2.7219960689544678, 2.646815337240696, 2.5942339673638344, 2.518439345061779, 2.440253771841526, 2.38142329454422, 2.330843836069107, 2.2680560871958733, 2.218102715909481, 2.1563864052295685, 2.104032665491104, 2.0496977046132088, 2.004906691610813, 1.9460417106747627, 1.9154691994190216, 1.868171565234661, 1.8228124231100082, 1.7839719876646996, 1.740554578602314, 1.701564185321331, 1.6581189893186092, 1.6287972517311573, 1.5925144292414188, 1.5572227127850056, 1.5224815234541893, 1.4917981624603271, 1.4615575410425663, 1.42988633364439, 1.4011133201420307, 1.3697435408830643, 1.3379478380084038, 1.314110603183508, 1.2894491329789162, 1.2607910446822643, 1.2352986820042133, 1.2091042883694172, 1.1871857084333897, 1.1599501110613346, 1.1362576484680176, 1.1170849576592445, 1.0955885164439678, 1.0726186446845531, 1.0547165386378765, 1.0308678895235062]",0.8041791347568088,0.7248236048749198,0.6457142857142857,0.8260233918128655
