K,layers,hidden_channels,out_channels,norm,lr,treatment,dropout,ratio,seed,aggregation,model_type,batch_size,rate_pairs,clusters,sampling,num_epochs,anomaly_detector,accuracy,f1,recall,precision,losses,test_accuracy,test_f1,test_recall,test_precision
7,2,128,256,,0.005,removal,0,0.40879299300622896,654,mean,GCNConv,2048,10,50,sage,50,nearest_neighbors,nan,0.0,0.0,0.0,"[12.815436005592346, 12.665561199188232, 12.368369698524475, 12.163005590438843, 11.913257718086243, 11.625954508781433, 11.30497920513153, 11.06914758682251, 10.84666907787323, 10.489240288734436, 10.249940633773804, 9.976044237613678, 9.697005271911621, 9.429758369922638, 9.168225228786469, 8.867204666137695, 8.60393100976944, 8.323477923870087, 8.128514587879181, 7.78905177116394, 7.54202526807785, 7.327058672904968, 7.106561005115509, 6.838728487491608, 6.589977383613586, 6.332806646823883, 6.136396765708923, 5.93040269613266, 5.735450983047485, 5.540234982967377, 5.368263483047485, 5.189815700054169, 4.9746895134449005, 4.839323699474335, 4.679498970508575, 4.504727512598038, 4.385508298873901, 4.227411925792694, 4.117012083530426, 3.9724272191524506, 3.8468480706214905, 3.7344546020030975, 3.6075096428394318, 3.5050220787525177, 3.4030593037605286, 3.291900932788849, 3.197329431772232, 3.106009542942047, 3.0135752260684967, 2.926691710948944]",0.855567526459218,0.736562247139059,0.809245618491237,0.6758591429783624
