K,layers,hidden_channels,out_channels,norm,lr,treatment,dropout,ratio,seed,aggregation,model_type,batch_size,rate_pairs,clusters,sampling,num_epochs,anomaly_detector,accuracy,f1,recall,precision,losses,test_accuracy,test_f1,test_recall,test_precision
11,2,128,256,,0.005,removal,0,0.4417217444837517,654,mean,GATConv,4096,10,50,sage,50,nearest_neighbors,nan,0.0,0.0,0.0,"[7.795058488845825, 7.867152214050293, 7.772480487823486, 7.7520259618759155, 7.633448839187622, 7.562183618545532, 7.52117657661438, 7.435737371444702, 7.39843475818634, 7.311195135116577, 7.271735310554504, 7.166845440864563, 7.072067141532898, 7.044078826904297, 6.9407432079315186, 6.895553827285767, 6.837061882019043, 6.759556293487549, 6.661617875099182, 6.602702498435974, 6.535467505455017, 6.537763833999634, 6.416408658027649, 6.359097003936768, 6.254812121391296, 6.185850143432617, 6.0990025997161865, 6.027152419090271, 5.990906596183777, 5.858596682548523, 5.813822984695435, 5.741589784622192, 5.692765116691589, 5.591145038604736, 5.550171256065369, 5.4134955406188965, 5.368914008140564, 5.323861360549927, 5.251759767532349, 5.154461026191711, 5.089751958847046, 5.029139876365662, 4.96758371591568, 4.8669673204422, 4.789733707904816, 4.727301061153412, 4.655983090400696, 4.587435007095337, 4.528163015842438, 4.438481986522675]",0.8405475632169339,0.7214965685189285,0.8277876555753112,0.6393957229742986
