alpha,K,layers,hidden_channels,out_channels,norm,dropout,margin,lpl_weight,ratio,seed,aggregation,pos_weight,accuracy,f1,recall,precision
0.5,26,1,256,128,,0.1530910878321784,0.5,0.34844707113242995,0.23349481786265547,1,mean,1,0.9070345387229295,0.8809044246637645,0.8608253968253968,0.901942522618414
0.5,26,1,256,128,,0.1530910878321784,0.5,0.34844707113242995,0.23349481786265547,2,mean,1,0.908809656641477,0.8829274645136086,0.8609523809523809,0.9060537217693438
0.5,26,1,256,128,,0.1530910878321784,0.5,0.34844707113242995,0.23349481786265547,3,mean,1,0.9090632449155551,0.883260628947197,0.8613333333333333,0.9063335114911811
0.5,26,1,256,128,,0.1530910878321784,0.5,0.34844707113242995,0.23349481786265547,4,mean,1,0.9057665973525384,0.8788787483702738,0.856,0.9030140656396517
0.5,26,1,256,128,,0.1530910878321784,0.5,0.34844707113242995,0.23349481786265547,5,mean,1,0.9071866916873764,0.8806262230919765,0.8571428571428571,0.9054325955734407
