K,layers,hidden_channels,out_channels,norm,lr,treatment,dropout,ratio,seed,aggregation,model_type,batch_size,rate_pairs,reliable_mini_batch,clusters,accuracy,f1,recall,precision,losses
6,1,128,256,,0.009275552975958324,removal,0,0.31924650802489507,654,mean,GATConv,5,5,True,400,0.8653446264644723,0.8323546126160257,0.836952380952381,0.8278070836473248,"[79.3616646528244, 54.54292839765549, 31.81656013429165, 19.722761914134026, 13.710997596383095, 10.32031562924385, 7.805359583348036, 6.228305339813232, 5.204475652426481, 4.2860341519117355, 3.6591046266257763, 3.2267380077391863, 2.7512660305947065, 2.419345812872052, 2.1359957111999393, 1.9515435639768839, 1.6979230921715498, 1.5331597132608294, 1.401511289179325, 1.2877181367948651, 1.1498385719023645, 1.0825337823480368, 0.9998575588688254, 0.9210084350779653, 0.8489023461006582, 0.777362069580704, 0.7385610165074468, 0.6827190215699375, 0.6409932642709464, 0.5820013135671616, 0.5564065845683217, 0.5169218594674021, 0.49316382175311446, 0.4554523811675608, 0.4391448008827865, 0.4050966966897249, 0.38692419906146824, 0.3542991974391043, 0.345599110936746, 0.31982340360991657, 0.30861461721360683, 0.287466686218977, 0.27420611458364874, 0.258471897803247, 0.24882062361575663, 0.23354117234703153, 0.2187392758205533, 0.20647253876086324, 0.20324978220742196, 0.18853992514777929]"
