alpha,K,layers,hidden_channels,out_channels,norm,dropout,margin,lpl_weight,ratio,seed,aggregation,pos_weight,accuracy,f1,recall,precision
0.5,31,1,256,256,,0,0.5,0.3151376459144398,0.32135464643909073,1,sum,1,0.8788862403002485,0.8530099716853379,0.8798730158730159,0.8277386214311313
0.5,31,1,256,256,,0,0.5,0.3151376459144398,0.32135464643909073,2,sum,1,0.8793934168484049,0.854074619538537,0.8836825396825397,0.8263864149150932
0.5,31,1,256,256,,0,0.5,0.3151376459144398,0.32135464643909073,3,sum,1,0.8786326520261704,0.8522383451682618,0.8763174603174603,0.8294471153846154
0.5,31,1,256,256,,0,0.5,0.3151376459144398,0.32135464643909073,4,sum,1,0.8787848049906173,0.8525601480567551,0.8774603174603175,0.8290341931613677
0.5,31,1,256,256,,0,0.5,0.3151376459144398,0.32135464643909073,5,sum,1,0.8722929451742152,0.8457107843137255,0.8763174603174603,0.8171699230313795
