alpha,K,layers,hidden_channels,out_channels,norm,dropout,margin,lpl_weight,ratio,seed,aggregation,pos_weight,accuracy,f1,recall,precision
0.5,30,1,256,128,,0,0.5,0.8087975591017992,0.365199624644767,1,mean,1,0.8567733428006289,0.8393263541192535,0.9366349206349206,0.760333986186991
0.5,30,1,256,128,,0,0.5,0.8087975591017992,0.365199624644767,2,mean,1,0.8564183192169194,0.8389189189189189,0.9361269841269841,0.76
0.5,30,1,256,128,,0,0.5,0.8087975591017992,0.365199624644767,3,mean,1,0.8543388953694782,0.8365953573054165,0.9335873015873016,0.7578600144315019
0.5,30,1,256,128,,0,0.5,0.8087975591017992,0.365199624644767,4,mean,1,0.856469036871735,0.8389666552862183,0.9361269841269841,0.7600783585936695
0.5,30,1,256,128,,0,0.5,0.8087975591017992,0.365199624644767,5,mean,1,0.8520566009027742,0.8339878208411587,0.9304126984126984,0.7556724422442245
