K,layers,hidden_channels,out_channels,norm,lr,treatment,dropout,ratio,seed,aggregation,model_type,batch_size,rate_pairs,clusters,sampling,sampling_k,num_epochs,anomaly_detector,accuracy,f1,recall,precision,losses
12,2,256,256,,0.002653623743069932,removal,0,0.33411544656284226,654,mean,GATConv,1024,10,300,neighbor,50,100,unweighted,0.8006796165745296,0.7124670763827919,0.6182857142857143,0.8404971517348524,"[35.40391743183136, 34.822296261787415, 34.05063450336456, 33.41397953033447, 32.884785294532776, 32.380693793296814, 31.75110638141632, 31.022278547286987, 30.696671962738037, 29.922024369239807, 29.527027010917664, 28.911494255065918, 28.21669065952301, 27.57239580154419, 26.80880296230316, 26.090818762779236, 25.57250690460205, 24.80482578277588, 24.14084267616272, 23.449303150177002, 22.697433710098267, 21.94477152824402, 21.285318613052368, 20.59964120388031, 19.92617118358612, 19.114758789539337, 18.469030499458313, 17.83959448337555, 17.20690941810608, 16.582562565803528, 15.98473447561264, 15.376276671886444, 14.838797986507416, 14.295198142528534, 13.663520634174347, 13.243400931358337, 12.723114728927612, 12.247918844223022, 11.759427428245544, 11.353254556655884, 10.970528244972229, 10.632202088832855, 10.160107225179672, 9.801419019699097, 9.496823996305466, 9.19129991531372, 8.846819370985031, 8.589573949575424, 8.31128877401352, 8.018769234418869, 7.7930488884449005, 7.5188475251197815, 7.302887499332428, 7.085345506668091, 6.836700141429901, 6.654144704341888, 6.44922661781311, 6.228798002004623, 6.068308651447296, 5.913107007741928, 5.741189658641815, 5.5892578065395355, 5.415750950574875, 5.27582773566246, 5.122256889939308, 4.989125669002533, 4.8703508377075195, 4.746519684791565, 4.623266980051994, 4.510441184043884, 4.397092014551163, 4.276634931564331, 4.1701130867004395, 4.087544351816177, 3.9934229105710983, 3.885436177253723, 3.7952214926481247, 3.7055346369743347, 3.62778240442276, 3.5512950122356415, 3.46370792388916, 3.3850492537021637, 3.3214062452316284, 3.2459091246128082, 3.1800373792648315, 3.1021697521209717, 3.054259493947029, 2.9835579693317413, 2.9182183295488358, 2.863993987441063, 2.7992703914642334, 2.7434884756803513, 2.6885778307914734, 2.6424390375614166, 2.584672287106514, 2.53459070622921, 2.4830377474427223, 2.439570114016533, 2.401011385023594, 2.3581192269921303]"
