K,layers,hidden_channels,out_channels,norm,lr,treatment,dropout,ratio,seed,aggregation,model_type,batch_size,rate_pairs,clusters,sampling,num_epochs,anomaly_detector,accuracy,f1,recall,precision,losses,test_accuracy,test_f1,test_recall,test_precision
8,2,256,128,,0.005,removal,0,0.36629082749018904,654,mean,GCNConv,1024,10,50,sage,50,nearest_neighbors,nan,0.0,0.0,0.0,"[59.998120069503784, 57.83438062667847, 55.91496157646179, 53.473628282547, 51.74300193786621, 48.80245065689087, 46.50207161903381, 44.08933663368225, 41.49223065376282, 38.711259841918945, 36.279478788375854, 33.97848641872406, 31.65319311618805, 29.497730374336243, 27.383084297180176, 25.730996966362, 23.79323697090149, 22.318450808525085, 20.738064527511597, 19.33027493953705, 18.09194165468216, 17.036211013793945, 15.971031844615936, 15.045777201652527, 14.120076417922974, 13.334549248218536, 12.641863524913788, 11.996557712554932, 11.329511404037476, 10.769134998321533, 10.237514197826385, 9.724455147981644, 9.29700893163681, 8.852872669696808, 8.50039854645729, 8.083558797836304, 7.703648895025253, 7.429037719964981, 7.096259236335754, 6.825972229242325, 6.584610253572464, 6.2878537774086, 6.065681308507919, 5.814747184514999, 5.6119581162929535, 5.404921621084213, 5.259871393442154, 5.072055786848068, 4.885446414351463, 4.733034685254097]",0.8644400785854617,0.7449016100178891,0.793243586487173,0.702113309352518
