K,layers,hidden_channels,out_channels,norm,lr,treatment,dropout,ratio,seed,aggregation,model_type,batch_size,rate_pairs,clusters,sampling,num_epochs,anomaly_detector,accuracy,f1,recall,precision,losses,test_accuracy,test_f1,test_recall,test_precision
5,2,256,128,,0.005,removal,0,0.38781224065326475,654,mean,GCNConv,2048,10,50,sage,50,nearest_neighbors,nan,0.0,0.0,0.0,"[24.045938968658447, 23.629523515701294, 22.93834352493286, 22.553378343582153, 22.049907207489014, 21.469525575637817, 20.91404414176941, 20.387878894805908, 19.750787019729614, 19.173505187034607, 18.59505021572113, 18.042375564575195, 17.522130131721497, 17.030619144439697, 16.459004759788513, 15.830258011817932, 15.390756607055664, 14.862805128097534, 14.330505967140198, 13.895158886909485, 13.356371641159058, 12.914949655532837, 12.480175852775574, 12.050053715705872, 11.614118933677673, 11.25316870212555, 10.88903534412384, 10.493782877922058, 10.171007931232452, 9.794135212898254, 9.548875570297241, 9.15838634967804, 8.921356678009033, 8.586559474468231, 8.325535476207733, 8.073730707168579, 7.822646856307983, 7.58267617225647, 7.324663400650024, 7.095280230045319, 6.867874503135681, 6.726512134075165, 6.49503892660141, 6.310477256774902, 6.173993766307831, 5.982526957988739, 5.776504576206207, 5.650294542312622, 5.494117856025696, 5.3739184737205505]",0.8629824450218645,0.7517225539733579,0.8313436626873254,0.6860197023684762
