alpha,K,layers,hidden_channels,out_channels,norm,dropout,margin,lpl_weight,ratio,seed,aggregation,pos_weight,accuracy,f1,recall,precision
0.556927859857202,31,2,128,128,graphnorm,0.3673434272311998,0.5430540452020294,0.3788829359555108,0.33066346540108693,1,sum,1,0.8893340771922706,0.8668375442450873,0.9018412698412699,0.8344495358947245
0.556927859857202,31,2,128,128,graphnorm,0.3673434272311998,0.5430540452020294,0.3788829359555108,0.33066346540108693,2,sum,1,0.8871025003803824,0.8646150103393748,0.9026031746031746,0.8296953425936734
0.556927859857202,31,2,128,128,graphnorm,0.3673434272311998,0.5430540452020294,0.3788829359555108,0.33066346540108693,3,sum,1,0.887863265202617,0.8655518394648829,0.9037460317460317,0.8304550758459743
0.556927859857202,31,2,128,128,graphnorm,0.3673434272311998,0.5430540452020294,0.3788829359555108,0.33066346540108693,4,sum,1,0.8870517827255667,0.8641990365266174,0.8998095238095238,0.831299859221023
0.556927859857202,31,2,128,128,graphnorm,0.3673434272311998,0.5430540452020294,0.3788829359555108,0.33066346540108693,5,sum,1,0.8847694882588629,0.8615478366849482,0.8976507936507937,0.8282366725248975
