K,layers,hidden_channels,out_channels,norm,lr,treatment,dropout,ratio,seed,aggregation,model_type,batch_size,rate_pairs,clusters,sampling,num_epochs,anomaly_detector,accuracy,f1,recall,precision,losses,test_accuracy,test_f1,test_recall,test_precision
11,2,128,256,,0.005,removal,0,0.3946398802512576,654,mean,GCNConv,2048,10,50,sage,50,nearest_neighbors,nan,0.0,0.0,0.0,"[15.6916983127594, 15.676283478736877, 15.360568046569824, 15.204666376113892, 14.937449336051941, 14.652909994125366, 14.326991200447083, 14.082449913024902, 13.861161589622498, 13.506227374076843, 13.227691650390625, 12.982130646705627, 12.677256345748901, 12.381916880607605, 12.12191653251648, 11.762365102767944, 11.4846351146698, 11.147891640663147, 10.933096170425415, 10.514833211898804, 10.222657203674316, 9.96122294664383, 9.69362860918045, 9.340468287467957, 9.010390758514404, 8.674174726009369, 8.412182807922363, 8.12533563375473, 7.8569894433021545, 7.588003098964691, 7.347470760345459, 7.09581983089447, 6.788335680961609, 6.594231009483337, 6.3582669496536255, 6.1172831654548645, 5.936888039112091, 5.711066961288452, 5.546544969081879, 5.334264516830444, 5.148466229438782, 4.989784896373749, 4.804216623306274, 4.655006051063538, 4.505350112915039, 4.344303399324417, 4.211674928665161, 4.0795479118824005, 3.9466598331928253, 3.8204980194568634]",0.8557576525762088,0.7331144465290806,0.794005588011176,0.6808974079721194
