alpha,K,layers,hidden_channels,out_channels,norm,dropout,margin,lpl_weight,ratio,seed,aggregation,pos_weight,accuracy,f1,recall,precision
0.5,25,1,64,64,,0.14512519196531581,0.5,0.1670004911989666,0.21990764103197066,1,sum,1,0.8803570522899021,0.8465890615854849,0.8265396825396826,0.8676352972540656
0.5,25,1,64,64,,0.14512519196531581,0.5,0.1670004911989666,0.21990764103197066,2,sum,1,0.8762996399046508,0.8405986536827659,0.8166349206349206,0.8660113116078643
0.5,25,1,64,64,,0.14512519196531581,0.5,0.1670004911989666,0.21990764103197066,3,sum,1,0.8778718872039357,0.8426555148980659,0.8187936507936507,0.8679499259658097
0.5,25,1,64,64,,0.14512519196531581,0.5,0.1670004911989666,0.21990764103197066,4,sum,1,0.8736116041994219,0.8362250262881178,0.8078730158730159,0.8666394224220133
0.5,25,1,64,64,,0.14512519196531581,0.5,0.1670004911989666,0.21990764103197066,5,sum,1,0.8757924633564944,0.8404664191257899,0.8191746031746032,0.8628945960406634
