K,layers,hidden_channels,out_channels,norm,lr,treatment,dropout,ratio,seed,aggregation,model_type,batch_size,rate_pairs,reliable_mini_batch,clusters,accuracy,f1,recall,precision,losses
12,1,64,64,,0.007575320020133908,removal,0,0.3874534923873644,654,mean,GINConv,10,10,True,500,0.7875437439772784,0.7481815449353773,0.7902222222222223,0.7103881278538813,"[97.39342927932739, 92.51213657855988, 80.4003210067749, 64.28724628686905, 47.739973187446594, 34.57757651805878, 25.980586767196655, 19.928238689899445, 15.921763241291046, 13.1102015376091, 10.906758114695549, 9.415745615959167, 8.012331262230873, 7.04690009355545, 6.200085394084454, 5.506275378167629, 4.96783859282732, 4.469761416316032, 4.052975535392761, 3.713234167546034, 3.382567711174488, 3.145759169012308, 2.8916747458279133, 2.6736351400613785, 2.49483522772789, 2.322827957570553, 2.1690140813589096, 2.015117134898901, 1.8995416238904, 1.7893791999667883, 1.6830235682427883, 1.5854428317397833, 1.5027158129960299, 1.4223227612674236, 1.3480268344283104, 1.2696715984493494, 1.1990002989768982, 1.1411698311567307, 1.0957285780459642, 1.040281162597239, 0.9951948896050453, 0.9501987295225263, 0.9086263794451952, 0.861006835475564, 0.8230358976870775, 0.7892750967293978, 0.7570793004706502, 0.7247065026313066, 0.693463247269392, 0.6636176323518157]"
