K,layers,hidden_channels,out_channels,norm,lr,treatment,dropout,ratio,seed,aggregation,model_type,batch_size,rate_pairs,clusters,sampling,num_epochs,anomaly_detector,accuracy,f1,recall,precision,losses,test_accuracy,test_f1,test_recall,test_precision
11,2,256,128,,0.005,removal,0,0.4280395968955858,654,mean,GCNConv,2048,10,50,sage,50,nearest_neighbors,nan,0.0,0.0,0.0,"[33.539586782455444, 33.37078142166138, 32.65216827392578, 32.435463190078735, 32.11523127555847, 31.548235416412354, 31.172069311141968, 30.57330012321472, 29.995771646499634, 29.380367279052734, 28.799030303955078, 28.205941200256348, 27.64143419265747, 27.11095666885376, 26.4112069606781, 25.53026008605957, 25.019846200942993, 24.285059452056885, 23.51704216003418, 22.93094301223755, 22.113787412643433, 21.44227933883667, 20.750255823135376, 20.06286895275116, 19.351328372955322, 18.748398780822754, 18.112960934638977, 17.365426898002625, 16.853427052497864, 16.204331398010254, 15.722211241722107, 15.0342937707901, 14.567322969436646, 13.961997747421265, 13.479283571243286, 12.999064564704895, 12.528299927711487, 12.076170802116394, 11.602960109710693, 11.192459225654602, 10.76216721534729, 10.495626211166382, 10.072600424289703, 9.742546796798706, 9.480867743492126, 9.139494776725769, 8.779295027256012, 8.547692477703094, 8.272329688072205, 8.053788185119629]",0.8546168958742633,0.7387838761102254,0.8239776479552959,0.6695562435500516
