alpha,K,layers,hidden_channels,out_channels,norm,dropout,margin,lpl_weight,ratio,seed,aggregation,pos_weight,accuracy,f1,recall,precision
0.1532608252126889,35,2,64,128,graphnorm,0.24104944639056233,0.1307049721084915,0.45765672415490044,0.1684018023073369,1,sum,1,0.8996297611198458,0.8656392151537783,0.8095238095238095,0.930113802159323
0.1532608252126889,35,2,64,128,graphnorm,0.24104944639056233,0.1307049721084915,0.45765672415490044,0.1684018023073369,2,sum,1,0.8977024902368514,0.8633005760759065,0.8087619047619048,0.9257267441860465
0.1532608252126889,35,2,64,128,graphnorm,0.24104944639056233,0.1307049721084915,0.45765672415490044,0.1684018023073369,3,sum,1,0.9008977024902368,0.8671832517672649,0.810031746031746,0.9330115547754864
0.1532608252126889,35,2,64,128,graphnorm,0.24104944639056233,0.1307049721084915,0.45765672415490044,0.1684018023073369,4,sum,1,0.8991225845716894,0.8646662584200857,0.8068571428571428,0.9313984168865436
0.1532608252126889,35,2,64,128,graphnorm,0.24104944639056233,0.1307049721084915,0.45765672415490044,0.1684018023073369,5,sum,1,0.8980067961657453,0.8629642248722317,0.804063492063492,0.9311764705882353
