alpha,K,layers,hidden_channels,out_channels,norm,dropout,margin,lpl_weight,ratio,seed,aggregation,pos_weight,accuracy,f1,recall,precision
0.5,32,1,256,128,,0.4155570733503968,0.5,0.3797647903801716,0.24001486287788856,1,mean,1,0.8985646903687173,0.870113001688531,0.8506666666666667,0.8904692277017148
0.5,32,1,256,128,,0.4155570733503968,0.5,0.3797647903801716,0.24001486287788856,2,mean,1,0.8972460313435107,0.8682704811443434,0.8478730158730159,0.8896735509660226
0.5,32,1,256,128,,0.4155570733503968,0.5,0.3797647903801716,0.24001486287788856,3,mean,1,0.9021656438606279,0.874373168349072,0.8524444444444444,0.8974598930481283
0.5,32,1,256,128,,0.4155570733503968,0.5,0.3797647903801716,0.24001486287788856,4,mean,1,0.9011512907643151,0.8731037176899538,0.8514285714285714,0.8959112773917691
0.5,32,1,256,128,,0.4155570733503968,0.5,0.3797647903801716,0.24001486287788856,5,mean,1,0.897195313688695,0.8683509774631422,0.8488888888888889,0.8887264025525127
