K,layers,hidden_channels,out_channels,norm,lr,treatment,dropout,ratio,seed,aggregation,model_type,batch_size,rate_pairs,reliable_mini_batch,clusters,accuracy,f1,recall,precision,losses
9,1,128,128,,0.003324199193998838,relabeling,0,0.27848888434617514,654,sum,GCNConv,5,10,True,300,0.8016939696708424,0.7594734251968503,0.7838730158730158,0.7365469514377759,"[45.12114453315735, 48.98972314596176, 44.84597411751747, 41.36328023672104, 36.28309762477875, 34.20872962474823, 27.822705999016762, 26.364594668149948, 21.110292688012123, 19.084236949682236, 15.65743163973093, 14.13942439481616, 12.25009585171938, 11.771793253719807, 10.256100077182055, 8.929933406412601, 8.013234931975603, 7.068477591499686, 6.7716793566942215, 6.41934522241354, 5.875983042642474, 5.2765576876699924, 4.931429095566273, 4.542167264968157, 4.321040030568838, 3.9083261359483004, 3.73539256490767, 3.4995740316808224, 3.268846832215786, 3.1530616115778685, 2.8662325218319893, 2.677320322021842, 2.46222963090986, 2.34493856318295, 2.205607351846993, 2.202744707465172, 1.9957024762406945, 2.069124204106629, 1.851724055595696, 1.7633096380159259, 1.629973248578608, 1.6397193754091859, 1.536807588301599, 1.4718610877171159, 1.3318915283307433, 1.358087258413434, 1.2543627908453345, 1.2263308973051608, 1.1930587170645595, 1.1030573467724025]"
