K,layers,hidden_channels,out_channels,norm,lr,treatment,dropout,ratio,seed,aggregation,model_type,batch_size,rate_pairs,reliable_mini_batch,clusters,accuracy,f1,recall,precision,losses
9,2,128,128,,0.0025742939968660503,relabeling,0,0.2865023637616429,654,sum,SAGEConv,5,6,True,500,0.8584470254095451,0.8294114051708331,0.8615873015873016,0.7995522036295074,"[80.04894551634789, 84.88853061199188, 78.0877682864666, 73.33126130700111, 64.40594324469566, 57.56713789701462, 46.995714232325554, 40.292090371251106, 33.71073192358017, 28.410200126469135, 23.477550856769085, 19.994816053658724, 17.430726796388626, 14.884465295821428, 13.393055129796267, 11.681633524596691, 10.13123308122158, 9.270599842071533, 8.364154604263604, 7.514612253755331, 6.867065536789596, 6.116397362202406, 5.625212820246816, 5.229921320453286, 4.791535122320056, 4.383169921115041, 4.058950860053301, 3.83209412638098, 3.558134882710874, 3.29199777264148, 2.9994283141568303, 2.8160581225529313, 2.637362980283797, 2.425781527068466, 2.274390005506575, 2.1739203333854675, 2.096858303062618, 1.863631643122062, 1.7909981543198228, 1.6777991955168545, 1.6063462898600847, 1.4976019971072674, 1.408704281784594, 1.3181921078357846, 1.2555646274704486, 1.2007853377144784, 1.0992971683153883, 1.0347754461690784, 0.9761183692608029, 0.9551689298823476]"
