K,layers,hidden_channels,out_channels,norm,lr,treatment,dropout,ratio,seed,aggregation,model_type,batch_size,rate_pairs,reliable_mini_batch,clusters,accuracy,f1,recall,precision,losses
7,2,128,256,,0.003742618406289229,relabeling,0,0.3769717243747571,654,sum,GCNConv,5,11,True,100,0.8135619008977025,0.7924336533032185,0.8910476190476191,0.7134722928317234,"[11.570579141378403, 12.206573992967606, 11.65461215376854, 12.402433544397354, 10.682050675153732, 10.897327065467834, 10.6226307451725, 10.785277962684631, 9.865802854299545, 10.051583305001259, 8.937603145837784, 8.476777479052544, 8.062389686703682, 7.4678661823272705, 7.3733450919389725, 6.956256225705147, 6.39799427986145, 6.729488968849182, 5.903801530599594, 5.641508124768734, 5.603749796748161, 5.406784698367119, 4.890384525060654, 4.715363822877407, 4.380557909607887, 3.9783993288874626, 3.96494073420763, 3.64007917791605, 3.640172228217125, 3.349549636244774, 3.1099113523960114, 2.9782415106892586, 2.999359518289566, 3.020750969648361, 2.8202091678977013, 2.685166012495756, 2.701988898217678, 2.47706650942564, 2.3556063659489155, 2.2177828326821327, 2.12962406873703, 2.1551865078508854, 2.0352667458355427, 1.9370604641735554, 1.8711764514446259, 1.9025435782968998, 1.7038119472563267, 1.682046014815569, 1.7531470246613026, 1.6972244791686535]"
