K,layers,hidden_channels,out_channels,norm,lr,treatment,dropout,ratio,seed,aggregation,model_type,batch_size,rate_pairs,clusters,sampling,num_epochs,anomaly_detector,accuracy,f1,recall,precision,losses,test_accuracy,test_f1,test_recall,test_precision
16,3,256,128,,0.005,removal,0,0.36004307460138935,654,mean,GCNConv,2048,10,50,sage,50,nearest_neighbors,nan,0.0,0.0,0.0,"[18.47544538974762, 18.414337515830994, 18.17655336856842, 17.996626019477844, 17.634605765342712, 17.506885647773743, 17.173943638801575, 16.903244137763977, 16.761290669441223, 16.35064733028412, 16.14673924446106, 15.906306266784668, 15.686755299568176, 15.381586074829102, 15.212354183197021, 14.853837013244629, 14.429579734802246, 14.261125445365906, 13.89373505115509, 13.611067175865173, 13.285058736801147, 12.957046747207642, 12.586364269256592, 12.236990690231323, 11.948841452598572, 11.63148319721222, 11.233627676963806, 10.912451028823853, 10.558847665786743, 10.29002320766449, 9.97345894575119, 9.609883189201355, 9.31982535123825, 8.941106855869293, 8.658359229564667, 8.353535056114197, 8.08262699842453, 7.787104606628418, 7.477631032466888, 7.242703020572662, 6.994173288345337, 6.719365656375885, 6.484295904636383, 6.284251272678375, 6.041975557804108, 5.818375110626221, 5.626096487045288, 5.4276482462883, 5.2366902232170105, 5.063679248094559]",0.8546168958742633,0.7325716950338074,0.7980695961391923,0.6770092652445594
