K,layers,hidden_channels,out_channels,norm,lr,treatment,dropout,ratio,seed,aggregation,model_type,batch_size,rate_pairs,clusters,sampling,num_epochs,anomaly_detector,accuracy,f1,recall,precision,losses,test_accuracy,test_f1,test_recall,test_precision
13,3,64,256,,0.005,removal,0,0.38953459955376973,654,mean,GATConv,4096,10,50,sage,100,nearest_neighbors,nan,0.0,0.0,0.0,"[8.791582345962524, 8.901598930358887, 8.830062627792358, 8.788329124450684, 8.650550127029419, 8.588709831237793, 8.591204047203064, 8.518121838569641, 8.373241662979126, 8.371849298477173, 8.271041870117188, 8.129854440689087, 8.170871019363403, 8.075098395347595, 7.955870628356934, 7.864895582199097, 7.8523335456848145, 7.762258768081665, 7.662769198417664, 7.60338568687439, 7.566049218177795, 7.5039777755737305, 7.4302366971969604, 7.335561752319336, 7.327185392379761, 7.207464575767517, 7.146048903465271, 7.021660566329956, 6.961314797401428, 6.952158331871033, 6.824374794960022, 6.726208925247192, 6.664240598678589, 6.6490620374679565, 6.51944375038147, 6.440543174743652, 6.3652801513671875, 6.245456695556641, 6.183966159820557, 6.129731059074402, 6.051074385643005, 5.9723076820373535, 5.885295510292053, 5.755113482475281, 5.714958667755127, 5.613273024559021, 5.557219743728638, 5.45457649230957, 5.394326210021973, 5.304674744606018, 5.207118272781372, 5.1395193338394165, 5.042012870311737, 4.987712800502777, 4.921267092227936, 4.806842148303986, 4.7791468501091, 4.694414734840393, 4.604329407215118, 4.55130660533905, 4.443852126598358, 4.398150563240051, 4.325077712535858, 4.239341914653778, 4.187025427818298, 4.100032091140747, 4.0337594747543335, 3.953031539916992, 3.9098933935165405, 3.836763858795166, 3.782992422580719, 3.7009662985801697, 3.6364499926567078, 3.559718072414398, 3.5026432871818542, 3.448290705680847, 3.385752260684967, 3.334050476551056, 3.2794036269187927, 3.2015655636787415, 3.1684494018554688, 3.105023443698883, 3.0522059202194214, 3.00055593252182, 2.9582120180130005, 2.8955859541893005, 2.8533236384391785, 2.8031370639801025, 2.76142817735672, 2.7094663977622986, 2.6738405227661133, 2.6315829157829285, 2.5797826051712036, 2.5208745896816254, 2.5012213587760925, 2.456150561571121, 2.4199195504188538, 2.3818888068199158, 2.3408632278442383, 2.3059965670108795]",0.829203371569808,0.6882591093117408,0.7556515113030227,0.6319031435853866
