K,layers,hidden_channels,out_channels,norm,lr,treatment,dropout,ratio,seed,aggregation,model_type,batch_size,rate_pairs,clusters,sampling,num_epochs,anomaly_detector,accuracy,f1,recall,precision,losses,test_accuracy,test_f1,test_recall,test_precision
7,2,256,256,,0.005,removal,0,0.3767060515150249,654,mean,GATConv,2048,10,50,sage,50,nearest_neighbors,nan,0.0,0.0,0.0,"[28.467142581939697, 27.970100164413452, 27.38565754890442, 26.861534357070923, 26.397825241088867, 25.818315267562866, 25.31148386001587, 24.70895266532898, 24.226308822631836, 23.51101851463318, 22.882193326950073, 22.388474702835083, 21.644670724868774, 21.114843606948853, 20.48262095451355, 19.946359515190125, 19.284767031669617, 18.64777112007141, 18.075053215026855, 17.448200345039368, 16.9078471660614, 16.24533712863922, 15.79402220249176, 15.207802534103394, 14.707285284996033, 14.17933201789856, 13.743742942810059, 13.249917149543762, 12.727081894874573, 12.305848598480225, 11.857694625854492, 11.475067734718323, 11.009774327278137, 10.738230109214783, 10.273831844329834, 9.994100689888, 9.653682827949524, 9.3414466381073, 9.00919646024704, 8.736394882202148, 8.49820864200592, 8.244986057281494, 7.978943586349487, 7.770228862762451, 7.470289349555969, 7.246385753154755, 7.0154096484184265, 6.82410728931427, 6.6327144503593445, 6.4406415820121765]",0.8571519107674758,0.7352595724688747,0.7950215900431801,0.683854052873061
