alpha,K,layers,hidden_channels,out_channels,norm,dropout,margin,lpl_weight,ratio,seed,aggregation,pos_weight,accuracy,f1,recall,precision
0.5,34,1,256,128,,0,0.5,0.13490685724667062,0.2812710092422601,1,mean,1,0.8996297611198458,0.8782977676649653,0.9067936507936508,0.8515382780825185
0.5,34,1,256,128,,0,0.5,0.13490685724667062,0.2812710092422601,2,mean,1,0.8982096667850079,0.8765454880974349,0.9047619047619048,0.8500357909806728
0.5,34,1,256,128,,0,0.5,0.13490685724667062,0.2812710092422601,3,mean,1,0.8984632550590861,0.8768757687576876,0.9052698412698412,0.8502087060226595
0.5,34,1,256,128,,0,0.5,0.13490685724667062,0.2812710092422601,4,mean,1,0.8950651721864381,0.8727160873577361,0.9006984126984127,0.8464200477326969
0.5,34,1,256,128,,0,0.5,0.13490685724667062,0.2812710092422601,5,mean,1,0.8952680428057007,0.8729621654875422,0.900952380952381,0.8466587112171837
