alpha,K,layers,hidden_channels,out_channels,norm,dropout,margin,lpl_weight,ratio,seed,aggregation,pos_weight,accuracy,f1,recall,precision
0.5,25,2,256,256,,0,0.5,0.19204388735203343,0.29685731421426,1,mean,1,0.8963331135568291,0.8760911736178467,0.9175873015873016,0.8381858253102888
0.5,25,2,256,256,,0,0.5,0.19204388735203343,0.29685731421426,2,mean,1,0.894659430947913,0.8741135826413722,0.9156825396825397,0.8361549165120594
0.5,25,2,256,256,,0,0.5,0.19204388735203343,0.29685731421426,3,mean,1,0.8924278541360248,0.8714623356160233,0.9130158730158731,0.8335265476466497
0.5,25,2,256,256,,0,0.5,0.19204388735203343,0.29685731421426,4,mean,1,0.8924278541360248,0.8714311693035097,0.9127619047619048,0.8336812804453723
0.5,25,2,256,256,,0,0.5,0.19204388735203343,0.29685731421426,5,mean,1,0.8918699599330527,0.8707722148139169,0.9121269841269841,0.8330047547257335
