K,layers,hidden_channels,out_channels,norm,lr,treatment,dropout,ratio,seed,aggregation,model_type,batch_size,rate_pairs,clusters,sampling,sampling_k,num_epochs,anomaly_detector,accuracy,f1,recall,precision,losses
12,2,256,256,,0.0015649820420301146,removal,0,0.31544722408863035,654,mean,GATConv,512,10,400,nearest_neighbors,25,100,nearest_neighbors,0.8651417558452097,0.8244305051172004,0.7927619047619048,0.8587345254470427,"[103.8304991722107, 100.49108624458313, 98.19593381881714, 94.76829600334167, 92.35987544059753, 89.58393573760986, 87.06052589416504, 84.15971004962921, 81.64243876934052, 79.71661901473999, 76.62612009048462, 74.21186423301697, 71.3619738817215, 69.2217447757721, 67.00043296813965, 64.66166961193085, 62.41543114185333, 60.197309374809265, 57.85821211338043, 55.8444265127182, 53.80659472942352, 51.77723407745361, 49.81439292430878, 47.86929774284363, 46.13884675502777, 44.5486273765564, 42.83854913711548, 41.20499897003174, 39.678975105285645, 38.197910487651825, 36.70375311374664, 35.37156319618225, 34.00541067123413, 32.72091090679169, 31.57456088066101, 30.407254934310913, 29.36328661441803, 28.3247190117836, 27.25951862335205, 26.28707528114319, 25.360377550125122, 24.52360028028488, 23.606774032115936, 22.820046722888947, 22.049352645874023, 21.2849862575531, 20.62950164079666, 19.95161461830139, 19.242948204278946, 18.66657781600952, 18.032235860824585, 17.46560862660408, 16.94411051273346, 16.396837025880814, 15.917421340942383, 15.413548022508621, 14.944431334733963, 14.507590115070343, 14.084655791521072, 13.660709172487259, 13.25971034169197, 12.878174275159836, 12.514761805534363, 12.16343304514885, 11.831403076648712, 11.502460181713104, 11.182328969240189, 10.874284207820892, 10.561804324388504, 10.281846642494202, 9.99395740032196, 9.735847607254982, 9.50924314558506, 9.251414209604263, 9.015137523412704, 8.767753526568413, 8.564867839217186, 8.341540902853012, 8.12718378007412, 7.915771991014481, 7.732154414057732, 7.545546904206276, 7.355156362056732, 7.1789668798446655, 7.00063981115818, 6.830132365226746, 6.682542473077774, 6.510291948914528, 6.3557954132556915, 6.206969037652016, 6.056540325284004, 5.932045876979828, 5.788373365998268, 5.6581500470638275, 5.524560913443565, 5.39794947206974, 5.273958429694176, 5.165853917598724, 5.044181525707245, 4.937450498342514]"
