K,layers,hidden_channels,out_channels,norm,lr,treatment,dropout,ratio,seed,aggregation,model_type,batch_size,rate_pairs,clusters,sampling,num_epochs,anomaly_detector,accuracy,f1,recall,precision,losses,test_accuracy,test_f1,test_recall,test_precision
14,2,256,256,,0.005,removal,0,0.322073596737617,654,mean,GCNConv,1024,10,50,sage,50,nearest_neighbors,nan,0.0,0.0,0.0,"[37.52666199207306, 36.56401348114014, 35.42485547065735, 34.306625723838806, 32.93105399608612, 32.09268820285797, 30.880497097969055, 29.599520802497864, 28.095256328582764, 26.877904415130615, 25.596977949142456, 24.215564012527466, 22.76048254966736, 21.282767057418823, 19.990651607513428, 18.61841481924057, 17.423193097114563, 16.203921139240265, 15.069834530353546, 13.984457314014435, 13.009655356407166, 12.17007964849472, 11.340077579021454, 10.619856655597687, 9.904103577136993, 9.29277753829956, 8.697964012622833, 8.169958382844925, 7.69973549246788, 7.2407176196575165, 6.861951410770416, 6.507620215415955, 6.150691956281662, 5.8654758632183075, 5.551382839679718, 5.283159613609314, 5.035371944308281, 4.800881430506706, 4.586755380034447, 4.399125158786774, 4.190199092030525, 4.034128412604332, 3.8622199445962906, 3.7245113402605057, 3.5613683462142944, 3.4306112974882126, 3.302992418408394, 3.1664023101329803, 3.0755489617586136, 2.963522344827652]",0.8605108055009824,0.7213571338144069,0.7236474472948946,0.7190812720848057
