K,layers,hidden_channels,out_channels,norm,lr,treatment,dropout,ratio,seed,aggregation,model_type,batch_size,rate_pairs,clusters,sampling,num_epochs,anomaly_detector,accuracy,f1,recall,precision,losses,test_accuracy,test_f1,test_recall,test_precision
9,2,256,64,,0.005,removal,0,0.3933834083470622,654,mean,GCNConv,2048,10,50,sage,50,nearest_neighbors,nan,0.0,0.0,0.0,"[31.63290572166443, 31.284246921539307, 30.808624744415283, 30.563061237335205, 29.89878535270691, 29.233068227767944, 28.779829025268555, 28.09833073616028, 27.565373420715332, 26.941343307495117, 26.538149118423462, 25.820729970932007, 25.155634880065918, 24.468648433685303, 23.814272165298462, 23.08985733985901, 22.502816915512085, 21.82258415222168, 21.234976768493652, 20.619609355926514, 19.902331948280334, 19.21641719341278, 18.590774655342102, 17.966166257858276, 17.288817644119263, 16.705787539482117, 16.169596076011658, 15.55815327167511, 15.02348506450653, 14.440937280654907, 13.946056962013245, 13.464861154556274, 12.981772184371948, 12.567249417304993, 12.07065725326538, 11.63303005695343, 11.316433548927307, 10.884355068206787, 10.487326979637146, 10.16383308172226, 9.811428189277649, 9.486343204975128, 9.16689246892929, 8.862028896808624, 8.593637764453888, 8.291086435317993, 8.047306478023529, 7.8021769523620605, 7.571009337902069, 7.3231518268585205]",0.8418150706635401,0.7138927097661623,0.7909575819151639,0.6505118027992479
