K,layers,hidden_channels,out_channels,norm,lr,treatment,dropout,ratio,seed,aggregation,model_type,batch_size,rate_pairs,clusters,sampling,num_epochs,anomaly_detector,accuracy,f1,recall,precision,losses,test_accuracy,test_f1,test_recall,test_precision
4,2,16,1,,0.005,removal,0,0.3773852,654,mean,MLP,2048,10,50,sage,50,nearest_neighbors,nan,0.0,0.0,0.0,[],0.7622156030166677,0.09196515004840271,0.048260096520193044,0.9743589743589743
4,2,16,1,,0.005,removal,0,0.3773852,114,mean,MLP,2048,10,50,sage,50,nearest_neighbors,nan,0.0,0.0,0.0,[],0.7592369605171431,0.06864427555773474,0.03556007112014224,0.9859154929577465
4,2,16,1,,0.005,removal,0,0.3773852,25,mean,MLP,2048,10,50,sage,50,nearest_neighbors,nan,0.0,0.0,0.0,[],0.7619621015273464,0.09055690072639225,0.04749809499618999,0.9689119170984456
4,2,16,1,,0.005,removal,0,0.3773852,759,mean,MLP,2048,10,50,sage,50,nearest_neighbors,nan,0.0,0.0,0.0,[],0.7619621015273464,0.0892337536372454,0.04673609347218694,0.983957219251337
4,2,16,1,,0.005,removal,0,0.3773852,281,mean,MLP,2048,10,50,sage,50,nearest_neighbors,nan,0.0,0.0,0.0,[],0.7595538373787946,0.0714635340186001,0.03708407416814834,0.9798657718120806
