alpha,K,layers,hidden_channels,out_channels,norm,dropout,margin,lpl_weight,ratio,seed,aggregation,pos_weight,accuracy,f1,recall,precision
0.22420386913823412,35,2,128,128,graphnorm,0.24654496958462774,0.150550182120443,0.23250790590019868,0.17544569106055213,1,sum,1,0.9050058325303038,0.874253105068815,0.8267936507936507,0.9274928774928775
0.22420386913823412,35,2,128,128,graphnorm,0.24654496958462774,0.150550182120443,0.23250790590019868,0.17544569106055213,2,sum,1,0.9008469848354212,0.8687831398080408,0.8218412698412698,0.9214123006833713
0.22420386913823412,35,2,128,128,graphnorm,0.24654496958462774,0.150550182120443,0.23250790590019868,0.17544569106055213,3,sum,1,0.9008469848354212,0.8681103690211158,0.817015873015873,0.9260218767990789
0.22420386913823412,35,2,128,128,graphnorm,0.24654496958462774,0.150550182120443,0.23250790590019868,0.17544569106055213,4,sum,1,0.9029771263376781,0.8714986229596292,0.8237460317460318,0.9251283513976041
0.22420386913823412,35,2,128,128,graphnorm,0.24654496958462774,0.150550182120443,0.23250790590019868,0.17544569106055213,5,sum,1,0.8977024902368514,0.8640560760261509,0.813968253968254,0.9207124389543234
