K,layers,hidden_channels,out_channels,norm,lr,treatment,dropout,ratio,seed,aggregation,model_type,batch_size,rate_pairs,clusters,sampling,num_epochs,anomaly_detector,accuracy,f1,recall,precision,losses,test_accuracy,test_f1,test_recall,test_precision
22,2,64,256,,0.005,removal,0,0.2788473241542749,654,mean,GATConv,2048,10,50,sage,50,nearest_neighbors,nan,0.0,0.0,0.0,"[23.024749279022217, 22.56712007522583, 22.574071407318115, 21.870962381362915, 21.66981792449951, 21.46941113471985, 21.04047465324402, 21.0395770072937, 20.36338746547699, 20.29749572277069, 20.17043626308441, 19.79196262359619, 19.620988607406616, 19.217153787612915, 18.990219473838806, 18.846240401268005, 18.537351369857788, 18.215075731277466, 17.918012261390686, 17.67267155647278, 17.44389009475708, 17.196882367134094, 16.87559998035431, 16.618835926055908, 16.300219893455505, 15.984378695487976, 15.588727593421936, 15.254743814468384, 14.896458745002747, 14.510945081710815, 14.17676317691803, 13.80571961402893, 13.468190670013428, 13.109031200408936, 12.669057965278625, 12.376676797866821, 11.936652779579163, 11.596060276031494, 11.159180283546448, 10.784875631332397, 10.426158547401428, 10.134058654308319, 9.764739394187927, 9.396066844463348, 9.09362918138504, 8.715951144695282, 8.439659833908081, 8.107485473155975, 7.873964548110962, 7.518455803394318]",0.8572786615121364,0.7030590717299579,0.6771653543307087,0.7310117905127502
