alpha,K,layers,hidden_channels,out_channels,norm,dropout,margin,lpl_weight,ratio,seed,aggregation,pos_weight,accuracy,f1,recall,precision
0.5,33,2,128,256,,0,0.5,0.9670477925723329,0.10039923164028763,1,sum,1,0.8714307450423492,0.8167955481679555,0.7175873015873016,0.9478362965447836
0.5,33,2,128,256,,0,0.5,0.9670477925723329,0.10039923164028763,2,sum,1,0.8676776385859918,0.8112292887634759,0.7118730158730159,0.9428187016481668
0.5,33,2,128,256,,0,0.5,0.9670477925723329,0.10039923164028763,3,sum,1,0.8692498858852766,0.8132154760179684,0.7126349206349206,0.946853382824363
0.5,33,2,128,256,,0,0.5,0.9670477925723329,0.10039923164028763,4,sum,1,0.86793122686007,0.811304347826087,0.7108571428571429,0.9448101265822785
0.5,33,2,128,256,,0,0.5,0.9670477925723329,0.10039923164028763,5,sum,1,0.8690977329208297,0.8130387540746107,0.7126349206349206,0.9463743676222597
