alpha,K,layers,hidden_channels,out_channels,norm,dropout,margin,lpl_weight,ratio,seed,aggregation,pos_weight,accuracy,f1,recall,precision
0.304561806554624,32,2,64,128,graphnorm,0.25489107065691036,0.47323658013393094,0.12395024199466864,0.3508920785968854,1,sum,1,0.8613379317340366,0.8423480567408603,0.9274920634920635,0.7715221295024823
0.304561806554624,32,2,64,128,graphnorm,0.25489107065691036,0.47323658013393094,0.12395024199466864,0.3508920785968854,2,sum,1,0.8568747781102601,0.8373111956647066,0.9221587301587302,0.7667616935909619
0.304561806554624,32,2,64,128,graphnorm,0.25489107065691036,0.47323658013393094,0.12395024199466864,0.3508920785968854,3,sum,1,0.8617436729725617,0.842809364548495,0.928,0.7719446498362734
0.304561806554624,32,2,64,128,graphnorm,0.25489107065691036,0.47323658013393094,0.12395024199466864,0.3508920785968854,4,sum,1,0.858599178373992,0.8392713017410354,0.9243174603174603,0.7685566466054271
0.304561806554624,32,2,64,128,graphnorm,0.25489107065691036,0.47323658013393094,0.12395024199466864,0.3508920785968854,5,sum,1,0.8594106608510422,0.8401384083044983,0.924952380952381,0.7695721077654517
