K,layers,hidden_channels,out_channels,norm,lr,treatment,dropout,ratio,seed,aggregation,model_type,batch_size,rate_pairs,clusters,sampling,num_epochs,anomaly_detector,accuracy,f1,recall,precision,losses,test_accuracy,test_f1,test_recall,test_precision
12,2,256,256,,0.005,removal,0,0.3156053812325685,654,mean,GATConv,1024,10,50,sage,100,nearest_neighbors,nan,0.0,0.0,0.0,"[33.62261378765106, 32.56401443481445, 31.452548265457153, 30.37259018421173, 29.03275418281555, 28.15899693965912, 26.942267894744873, 25.718891739845276, 24.31456959247589, 23.139371871948242, 21.913435101509094, 20.65378189086914, 19.37796002626419, 18.08759903907776, 16.94852465391159, 15.75765198469162, 14.747925579547882, 13.70395803451538, 12.766950130462646, 11.868915855884552, 11.06820011138916, 10.366115987300873, 9.688478916883469, 9.093186676502228, 8.51119640469551, 7.993564158678055, 7.499810814857483, 7.066451072692871, 6.671881407499313, 6.290680140256882, 5.9757561683654785, 5.67531144618988, 5.3782432079315186, 5.134583026170731, 4.86593034863472, 4.636897012591362, 4.428392201662064, 4.225517109036446, 4.041614726185799, 3.8836263716220856, 3.7032371759414673, 3.568115621805191, 3.423710599541664, 3.305185914039612, 3.1598315238952637, 3.045821338891983, 2.937986671924591, 2.816676340997219, 2.736393481492996, 2.6409200876951218, 2.5451146960258484, 2.4671330600976944, 2.3777353391051292, 2.3171702325344086, 2.232375882565975, 2.166109398007393, 2.098788172006607, 2.038051076233387, 1.9729435667395592, 1.9243586733937263, 1.856197714805603, 1.8082952797412872, 1.7513155937194824, 1.713070273399353, 1.6626207008957863, 1.6173487454652786, 1.5760618522763252, 1.5337669178843498, 1.4966406300663948, 1.4550922811031342, 1.4164805933833122, 1.3820143565535545, 1.3485821336507797, 1.3141245245933533, 1.2861375771462917, 1.256472259759903, 1.2305618822574615, 1.2009077966213226, 1.1670497208833694, 1.1442500725388527, 1.1190476529300213, 1.0929536782205105, 1.062994096428156, 1.0442645326256752, 1.0188495516777039, 0.997207161039114, 0.9785356968641281, 0.9583494551479816, 0.9438440687954426, 0.9201689846813679, 0.9078599326312542, 0.8838538080453873, 0.8649802766740322, 0.8520543836057186, 0.8322536200284958, 0.8155642040073872, 0.7980011142790318, 0.7801901623606682, 0.7740118689835072, 0.7569536603987217]",0.8620318144369098,0.7245349867139061,0.7272034544069088,0.7218860312657589
