K,layers,hidden_channels,out_channels,norm,lr,treatment,dropout,ratio,seed,aggregation,model_type,batch_size,rate_pairs,reliable_mini_batch,clusters,accuracy,f1,recall,precision,losses
7,1,256,256,,0.009091837887362089,relabeling,0,0.22929774468260877,654,mean,GINConv,15,13,True,500,0.8549475072272658,0.8151021463666925,0.8005079365079365,0.8302383774529172,"[26.988118559122086, 25.285605788230896, 21.994157373905182, 18.74826753139496, 14.959743708372116, 11.617164626717567, 9.457331374287605, 7.431925505399704, 6.132441826164722, 5.1678653955459595, 4.349446397274733, 3.788313463330269, 3.331824816763401, 2.944269113242626, 2.5553880967199802, 2.3572413362562656, 2.0985717363655567, 1.893118031322956, 1.731517719104886, 1.5953339580446482, 1.4650897830724716, 1.3723143115639687, 1.2727052439004183, 1.1669890396296978, 1.1006630510091782, 1.0036616250872612, 0.9580036662518978, 0.9073720574378967, 0.8610395845025778, 0.7998372279107571, 0.7412237068638206, 0.7174019273370504, 0.6879979623481631, 0.6460189232602715, 0.6079737031832337, 0.5770143987610936, 0.5484014302492142, 0.5368309076875448, 0.5080566741526127, 0.4812701530754566, 0.4642220614477992, 0.440062771551311, 0.4271215433254838, 0.41132746636867523, 0.39025869918987155, 0.3738865563645959, 0.3584466325119138, 0.3475503218360245, 0.3353394130244851, 0.32726033637300134]"
