K,layers,hidden_channels,out_channels,norm,lr,treatment,dropout,ratio,seed,aggregation,model_type,batch_size,rate_pairs,clusters,sampling,num_epochs,anomaly_detector,accuracy,f1,recall,precision,losses,test_accuracy,test_f1,test_recall,test_precision
12,3,256,128,,0.005,removal,0,0.3367642733240212,654,mean,GCNConv,4096,10,50,sage,50,nearest_neighbors,nan,0.0,0.0,0.0,"[17.774524688720703, 17.817184448242188, 17.605679273605347, 17.452638864517212, 17.423165559768677, 17.189515590667725, 17.168046474456787, 17.058781623840332, 16.8746600151062, 16.74415612220764, 16.71880269050598, 16.57591700553894, 16.393250465393066, 16.236063718795776, 16.144957780838013, 15.97995924949646, 16.010435342788696, 15.708667278289795, 15.652035474777222, 15.445826292037964, 15.220847606658936, 15.180933237075806, 15.13247275352478, 14.889925479888916, 14.736628293991089, 14.482234954833984, 14.339412927627563, 14.23349404335022, 14.112869262695312, 13.918640375137329, 13.785930871963501, 13.5601487159729, 13.40450668334961, 13.18993616104126, 13.089280366897583, 12.884269952774048, 12.833603143692017, 12.724254369735718, 12.45357370376587, 12.273834705352783, 12.033521890640259, 11.922518491744995, 11.73970079421997, 11.593788623809814, 11.344321250915527, 11.228922128677368, 11.048220872879028, 10.816232442855835, 10.66506576538086, 10.577349662780762]",0.8502439951834717,0.7237226704080439,0.7861315722631446,0.6704939341421143
