K,layers,hidden_channels,out_channels,norm,lr,treatment,dropout,ratio,seed,aggregation,model_type,batch_size,rate_pairs,clusters,sampling,num_epochs,anomaly_detector,accuracy,f1,recall,precision,losses,test_accuracy,test_f1,test_recall,test_precision
6,2,128,256,,0.005,removal,0,0.3974890011809071,654,mean,GCNConv,1024,10,50,sage,50,nearest_neighbors,nan,0.0,0.0,0.0,"[24.10195744037628, 23.09796404838562, 21.87088429927826, 20.837385654449463, 19.778069257736206, 18.641891300678253, 17.62912744283676, 16.520878970623016, 15.536698341369629, 14.559195935726166, 13.58265745639801, 12.727647364139557, 11.815887033939362, 11.001371145248413, 10.328135550022125, 9.68008080124855, 9.086698949337006, 8.46394568681717, 7.929373651742935, 7.418090790510178, 6.979177415370941, 6.571572333574295, 6.206224709749222, 5.8697769939899445, 5.56435164809227, 5.218747049570084, 4.969610169529915, 4.716503947973251, 4.498955681920052, 4.284573748707771, 4.092604637145996, 3.900494486093521, 3.704512044787407, 3.560721516609192, 3.396475076675415, 3.2627097368240356, 3.122043401002884, 2.995513156056404, 2.8879152089357376, 2.771284595131874, 2.6697163432836533, 2.5642219185829163, 2.473399795591831, 2.376687467098236, 2.304741606116295, 2.2241938039660454, 2.1459900811314583, 2.076255865395069, 2.0044355913996696, 1.9405604749917984]",0.8535395145446479,0.7296127296127296,0.7919735839471679,0.676355748373102
