K,layers,hidden_channels,out_channels,norm,lr,treatment,dropout,ratio,seed,aggregation,model_type,batch_size,rate_pairs,clusters,sampling,num_epochs,anomaly_detector,accuracy,f1,recall,precision,losses,test_accuracy,test_f1,test_recall,test_precision
2,2,128,256,,0.005,removal,0,0.31730141111645743,654,mean,GATConv,4096,10,50,sage,100,nearest_neighbors,nan,0.0,0.0,0.0,"[3.176612973213196, 2.9574784636497498, 2.932748317718506, 2.874984622001648, 2.80929172039032, 2.7658798694610596, 2.721888840198517, 2.6733256578445435, 2.6352095007896423, 2.585220754146576, 2.5347917675971985, 2.5051523745059967, 2.449241280555725, 2.4130128026008606, 2.3489902913570404, 2.3310051262378693, 2.2858338952064514, 2.238062411546707, 2.198893189430237, 2.1589664220809937, 2.123371422290802, 2.0958131551742554, 2.0562930405139923, 2.0272776782512665, 1.9798292815685272, 1.9491842985153198, 1.9085606634616852, 1.8684877157211304, 1.8481648862361908, 1.8005209565162659, 1.7820844948291779, 1.7523393630981445, 1.7180485129356384, 1.6871821880340576, 1.6623148918151855, 1.6243176460266113, 1.6022889912128448, 1.5791130661964417, 1.5536383986473083, 1.521958202123642, 1.4984630644321442, 1.47822767496109, 1.455819994211197, 1.4247465431690216, 1.4035850763320923, 1.3810300827026367, 1.358092576265335, 1.3380503058433533, 1.3192981481552124, 1.2909485399723053, 1.267232060432434, 1.251589983701706, 1.2286414206027985, 1.2143280059099197, 1.2027313560247421, 1.1745310425758362, 1.1620063483715057, 1.1361146867275238, 1.124792218208313, 1.1083106696605682, 1.091893583536148, 1.071700468659401, 1.0571263581514359, 1.0425620824098587, 1.023848369717598, 1.012118622660637, 0.9987346529960632, 0.9836674630641937, 0.9683745354413986, 0.9559008926153183, 0.9434739798307419, 0.9286631196737289, 0.911750003695488, 0.9029639214277267, 0.8892655819654465, 0.8773439675569534, 0.8676696568727493, 0.8528841584920883, 0.8449397683143616, 0.8351607471704483, 0.8178009241819382, 0.8075662106275558, 0.7979158610105515, 0.7891869992017746, 0.7781989723443985, 0.7670101672410965, 0.7585314363241196, 0.7460615634918213, 0.7386470437049866, 0.729741558432579, 0.7190415412187576, 0.7117173224687576, 0.7050445079803467, 0.6934136301279068, 0.682218998670578, 0.67942014336586, 0.6691321730613708, 0.6592835336923599, 0.6504399478435516, 0.6446902453899384]",0.8286963685911655,0.6405107062109323,0.6116332232664465,0.672250139586823
