alpha,K,layers,hidden_channels,out_channels,norm,dropout,margin,lpl_weight,ratio,seed,aggregation,pos_weight,accuracy,f1,recall,precision
0.5,35,1,256,128,,0,0.5,0.2291307458766434,0.21582588604390338,1,mean,1,0.9113962570370746,0.8860330093287233,0.8623492063492063,0.9110544674000537
0.5,35,1,256,128,,0,0.5,0.2291307458766434,0.21582588604390338,2,mean,1,0.9107876451792869,0.8850552179311246,0.8599365079365079,0.9116855142703285
0.5,35,1,256,128,,0,0.5,0.2291307458766434,0.21582588604390338,3,mean,1,0.912765633717097,0.8874787387151643,0.8613333333333333,0.9152610983672919
0.5,35,1,256,128,,0,0.5,0.2291307458766434,0.21582588604390338,4,mean,1,0.9091646802251864,0.8829794184906893,0.858031746031746,0.9094212651413189
0.5,35,1,256,128,,0,0.5,0.2291307458766434,0.21582588604390338,5,mean,1,0.9075924329259015,0.8808371484630477,0.8551111111111112,0.9081591368846932
