alpha,K,layers,hidden_channels,out_channels,norm,dropout,margin,lpl_weight,ratio,seed,aggregation,pos_weight,accuracy,f1,recall,precision
0.5,33,1,128,128,,0,0.5,0.34046432577839,0.16340216702452542,1,sum,1,0.8806106405639803,0.8385680976546427,0.7763809523809524,0.9115849112867154
0.5,33,1,128,128,,0,0.5,0.34046432577839,0.16340216702452542,2,sum,1,0.8793426991935893,0.8365285508142651,0.772952380952381,0.9115004492362982
0.5,33,1,128,128,,0,0.5,0.34046432577839,0.16340216702452542,3,sum,1,0.8811685347669523,0.8393555022283168,0.7772698412698412,0.912220566318927
0.5,33,1,128,128,,0,0.5,0.34046432577839,0.16340216702452542,4,sum,1,0.8800020287061926,0.8367600386366773,0.7700317460317461,0.9161504759027044
0.5,33,1,128,128,,0,0.5,0.34046432577839,0.16340216702452542,5,sum,1,0.8826393467566059,0.840633608815427,0.774984126984127,0.9184349134687735
