K,layers,hidden_channels,out_channels,norm,lr,treatment,dropout,ratio,seed,aggregation,model_type,batch_size,rate_pairs,clusters,sampling,num_epochs,anomaly_detector,accuracy,f1,recall,precision,losses,test_accuracy,test_f1,test_recall,test_precision
7,2,256,256,,0.005,removal,0,0.3384263048994058,654,mean,GATConv,4096,10,50,sage,50,nearest_neighbors,nan,0.0,0.0,0.0,"[6.926572799682617, 6.909400820732117, 6.874072313308716, 6.845170378684998, 6.730873703956604, 6.661593556404114, 6.5494145154953, 6.497259616851807, 6.4771833419799805, 6.385230302810669, 6.318589210510254, 6.281072616577148, 6.136389493942261, 6.090614914894104, 5.999870538711548, 5.973372578620911, 5.8760576248168945, 5.814833283424377, 5.744123339653015, 5.695159077644348, 5.59456741809845, 5.53449022769928, 5.454381704330444, 5.387901544570923, 5.283223748207092, 5.214893102645874, 5.146500587463379, 5.068025827407837, 5.01155161857605, 4.932464361190796, 4.841956377029419, 4.775345265865326, 4.714350879192352, 4.655174434185028, 4.548273146152496, 4.496004104614258, 4.438771069049835, 4.340495705604553, 4.30438619852066, 4.201126754283905, 4.143786787986755, 4.092445433139801, 4.00599879026413, 3.9521222710609436, 3.872591018676758, 3.7968239784240723, 3.7272754311561584, 3.6694297194480896, 3.6020566821098328, 3.5643961429595947]",0.8593700487990367,0.7320371935756551,0.7698755397510795,0.697744014732965
