alpha,K,layers,hidden_channels,out_channels,norm,dropout,margin,lpl_weight,ratio,seed,aggregation,pos_weight,accuracy,f1,recall,precision
0.5,26,2,256,256,,0.2746380001143456,0.5,0.21907980548147396,0.08678925457700393,1,mean,1,0.8634173555814779,0.7994339763163775,0.6815238095238095,0.966678674351585
0.5,26,2,256,256,,0.2746380001143456,0.5,0.21907980548147396,0.08678925457700393,2,mean,1,0.8647867322615003,0.8004491017964072,0.678984126984127,0.9748404740200547
0.5,26,2,256,256,,0.2746380001143456,0.5,0.21907980548147396,0.08678925457700393,3,mean,1,0.8676269209311761,0.8058613507884558,0.6878730158730159,0.9727060513557192
0.5,26,2,256,256,,0.2746380001143456,0.5,0.21907980548147396,0.08678925457700393,4,mean,1,0.8662575442511539,0.8031648876614167,0.6831746031746032,0.9742846794639624
0.5,26,2,256,256,,0.2746380001143456,0.5,0.21907980548147396,0.08678925457700393,5,mean,1,0.865395344119288,0.8026765799256506,0.6854603174603174,0.9682511210762332
