K,layers,hidden_channels,out_channels,norm,lr,treatment,dropout,ratio,seed,aggregation,model_type,batch_size,rate_pairs,clusters,sampling,num_epochs,anomaly_detector,accuracy,f1,recall,precision,losses,test_accuracy,test_f1,test_recall,test_precision
10,2,128,256,,0.005,removal,0,0.3645908022670807,654,mean,GCNConv,2048,10,50,sage,50,nearest_neighbors,nan,0.0,0.0,0.0,"[15.547194480895996, 15.540200114250183, 15.2278733253479, 15.05956220626831, 14.797061085700989, 14.51067566871643, 14.167379379272461, 13.921249866485596, 13.687371850013733, 13.319822549819946, 13.044927954673767, 12.76647174358368, 12.469916582107544, 12.158716320991516, 11.884060502052307, 11.524296164512634, 11.236708283424377, 10.897841095924377, 10.670442938804626, 10.259955167770386, 9.96378767490387, 9.701919913291931, 9.4206263422966, 9.07347583770752, 8.747052550315857, 8.411610424518585, 8.157195270061493, 7.872582316398621, 7.611764311790466, 7.34748512506485, 7.1145466566085815, 6.870378077030182, 6.568670451641083, 6.38172048330307, 6.156952083110809, 5.922874987125397, 5.7488444447517395, 5.533401250839233, 5.372391939163208, 5.172089785337448, 4.9946571588516235, 4.843458890914917, 4.664360374212265, 4.519680023193359, 4.376378655433655, 4.222665190696716, 4.0962201952934265, 3.970107614994049, 3.843464970588684, 3.7246986031532288]",0.8612713099689461,0.7369938724017782,0.779019558039116,0.6992704058367533
