alpha,K,layers,hidden_channels,out_channels,norm,dropout,margin,lpl_weight,ratio,seed,aggregation,pos_weight,accuracy,f1,recall,precision
0.5,32,1,64,64,,0.20848875971241143,0.5,0.90508887540675,0.3934912652997612,1,sum,1,0.8353704924684282,0.8101754385964912,0.8796190476190476,0.7508943089430894
0.5,32,1,64,64,,0.20848875971241143,0.5,0.90508887540675,0.3934912652997612,2,sum,1,0.8343054217172998,0.8096264786434357,0.8821587301587301,0.7481154426017661
0.5,32,1,64,64,,0.20848875971241143,0.5,0.90508887540675,0.3934912652997612,3,sum,1,0.8314145153928082,0.8047921071176886,0.8700952380952381,0.7486070140937398
0.5,32,1,64,64,,0.20848875971241143,0.5,0.90508887540675,0.3934912652997612,4,sum,1,0.8301465740224172,0.8037043549616083,0.8706031746031746,0.746353146091879
0.5,32,1,64,64,,0.20848875971241143,0.5,0.90508887540675,0.3934912652997612,5,sum,1,0.8333417862758026,0.8066376368129928,0.8703492063492063,0.7516175019190701
