K,layers,hidden_channels,out_channels,norm,lr,treatment,dropout,ratio,seed,aggregation,model_type,batch_size,rate_pairs,clusters,sampling,num_epochs,anomaly_detector,accuracy,f1,recall,precision,losses,test_accuracy,test_f1,test_recall,test_precision
8,2,128,256,,0.005,removal,0,0.35735831429142256,654,mean,GATConv,4096,10,50,sage,100,nearest_neighbors,nan,0.0,0.0,0.0,"[7.292164087295532, 7.1806299686431885, 7.108155846595764, 7.061115622520447, 6.963488340377808, 6.896990537643433, 6.840844511985779, 6.773634076118469, 6.720710277557373, 6.6325764656066895, 6.5790770053863525, 6.4922178983688354, 6.416128754615784, 6.359361290931702, 6.259220480918884, 6.220458030700684, 6.1566760540008545, 6.0643393993377686, 5.9766212701797485, 5.917187213897705, 5.841403603553772, 5.828779339790344, 5.715467810630798, 5.662590861320496, 5.558316588401794, 5.481356382369995, 5.394168257713318, 5.32384181022644, 5.274989485740662, 5.153182029724121, 5.104033470153809, 5.039583623409271, 4.971680581569672, 4.88688337802887, 4.8316285610198975, 4.715513229370117, 4.661256909370422, 4.6126057505607605, 4.541690826416016, 4.456516921520233, 4.388852775096893, 4.329582631587982, 4.268239438533783, 4.176973819732666, 4.108995735645294, 4.043951094150543, 3.9807888865470886, 3.91296648979187, 3.8596978187561035, 3.7746980786323547, 3.699750006198883, 3.6551409363746643, 3.5799648761749268, 3.534010589122772, 3.4871808290481567, 3.4019729495048523, 3.3586002588272095, 3.287355601787567, 3.2446480989456177, 3.1856003999710083, 3.1387507915496826, 3.071450173854828, 3.023634612560272, 2.9720401763916016, 2.913208305835724, 2.874008595943451, 2.8308621644973755, 2.7774757146835327, 2.729109048843384, 2.6874895095825195, 2.646767020225525, 2.5929622054100037, 2.540387749671936, 2.50909087061882, 2.4624858498573303, 2.4252538979053497, 2.388850837945938, 2.345511168241501, 2.313005030155182, 2.2820497155189514, 2.227380692958832, 2.1935246288776398, 2.162555366754532, 2.1322360932826996, 2.0936762392520905, 2.059656322002411, 2.0327175855636597, 1.9938709437847137, 1.9682985246181488, 1.940993309020996, 1.9058893620967865, 1.8821147084236145, 1.8597024083137512, 1.8228800892829895, 1.7901634871959686, 1.7787331640720367, 1.7463054358959198, 1.7167270183563232, 1.6900465488433838, 1.6681646406650543]",0.8539831421509602,0.7232764833053087,0.7647955295910592,0.6860332649806334
