alpha,K,layers,hidden_channels,out_channels,norm,dropout,margin,lpl_weight,ratio,seed,aggregation,pos_weight,accuracy,f1,recall,precision
0.7126504455145188,32,1,128,128,graphnorm,0.29644095099800105,0.10622571333218211,0.5084690110248015,0.4072437229096146,1,sum,1,0.8590556372673328,0.840424921045076,0.9292698412698412,0.7670859538784067
0.7126504455145188,32,1,128,128,graphnorm,0.29644095099800105,0.10622571333218211,0.5084690110248015,0.4072437229096146,2,sum,1,0.8561647309428412,0.8372359963269054,0.9262222222222222,0.7638496177610221
0.7126504455145188,32,1,128,128,graphnorm,0.29644095099800105,0.10622571333218211,0.5084690110248015,0.4072437229096146,3,sum,1,0.8602728609829081,0.8416575665268119,0.9297777777777778,0.7687946241075179
0.7126504455145188,32,1,128,128,graphnorm,0.29644095099800105,0.10622571333218211,0.5084690110248015,0.4072437229096146,4,sum,1,0.8618451082821931,0.8433402346445825,0.931047619047619,0.7707347839798171
0.7126504455145188,32,1,128,128,graphnorm,0.29644095099800105,0.10622571333218211,0.5084690110248015,0.4072437229096146,5,sum,1,0.8589034843028859,0.8403168407760303,0.9295238095238095,0.7667330051325023
