K,layers,hidden_channels,out_channels,norm,lr,treatment,dropout,ratio,seed,aggregation,model_type,batch_size,rate_pairs,clusters,sampling,num_epochs,anomaly_detector,accuracy,f1,recall,precision,losses,test_accuracy,test_f1,test_recall,test_precision
8,2,128,256,,0.005,removal,0,0.3838873635161996,654,mean,GCNConv,2048,10,50,sage,50,nearest_neighbors,nan,0.0,0.0,0.0,"[13.932671308517456, 13.840924382209778, 13.53177547454834, 13.341808557510376, 13.085503458976746, 12.79562246799469, 12.451826691627502, 12.218102216720581, 11.978028893470764, 11.626243114471436, 11.365254163742065, 11.084960341453552, 10.796758890151978, 10.499173164367676, 10.233536660671234, 9.907009899616241, 9.623573064804077, 9.321492671966553, 9.109807550907135, 8.732259929180145, 8.468100845813751, 8.231781721115112, 7.982417583465576, 7.68095737695694, 7.402630507946014, 7.116441547870636, 6.897597253322601, 6.659167289733887, 6.439494729042053, 6.216906428337097, 6.021313965320587, 5.820137977600098, 5.5729658007621765, 5.417263686656952, 5.232649445533752, 5.039503127336502, 4.897524029016495, 4.720465421676636, 4.590036988258362, 4.42334920167923, 4.279983580112457, 4.1551399528980255, 4.008349657058716, 3.8895367085933685, 3.771597057580948, 3.646920472383499, 3.540750652551651, 3.4395591020584106, 3.332245707511902, 3.2335572242736816]",0.8605108055009824,0.73992673992674,0.7952755905511811,0.6917808219178082
