K,layers,hidden_channels,out_channels,norm,lr,treatment,dropout,ratio,seed,aggregation,model_type,batch_size,rate_pairs,clusters,sampling,num_epochs,anomaly_detector,accuracy,f1,recall,precision,losses,test_accuracy,test_f1,test_recall,test_precision
11,1,128,64,,0.005,removal,0,0.2900652841052783,654,mean,GATConv,4096,10,50,sage,50,nearest_neighbors,nan,0.0,0.0,0.0,"[17.338263273239136, 17.277307510375977, 17.08592987060547, 16.94346809387207, 16.78385043144226, 16.775887727737427, 16.64989948272705, 16.473478317260742, 16.39359474182129, 16.240256786346436, 16.17269253730774, 16.098191738128662, 15.888861894607544, 15.829090595245361, 15.628252029418945, 15.463175773620605, 15.395153760910034, 15.179880142211914, 15.052342891693115, 14.970095872879028, 14.853492736816406, 14.630887031555176, 14.35504698753357, 14.280874252319336, 14.150811433792114, 13.88888430595398, 13.886206150054932, 13.691803455352783, 13.60598111152649, 13.368790626525879, 13.187599897384644, 13.110176086425781, 12.866761684417725, 12.745162010192871, 12.496016263961792, 12.38320255279541, 12.212979555130005, 11.977602005004883, 11.90227222442627, 11.640315532684326, 11.475786209106445, 11.374998807907104, 11.125546932220459, 11.037338018417358, 10.755522727966309, 10.659945726394653, 10.420616388320923, 10.310789108276367, 10.075601577758789, 9.977451205253601]",0.8416883199188795,0.6617925805578121,0.6207772415544831,0.7086111916497535
