alpha,K,layers,hidden_channels,out_channels,norm,dropout,margin,lpl_weight,ratio,seed,aggregation,pos_weight,accuracy,f1,recall,precision
0.9909540233934103,29,3,128,128,graphnorm,0.11477989918693686,0.3045363383264393,0.6965997405442765,0.295722927229415,1,sum,1,0.8782776284424608,0.8537833556719874,0.8897777777777778,0.82058789085373
0.9909540233934103,29,3,128,128,graphnorm,0.11477989918693686,0.3045363383264393,0.6965997405442765,0.295722927229415,2,sum,1,0.87782116954912,0.8529214237743452,0.886984126984127,0.8213781749764817
0.9909540233934103,29,3,128,128,graphnorm,0.11477989918693686,0.3045363383264393,0.6965997405442765,0.295722927229415,3,sum,1,0.8775675812750419,0.8528228264845751,0.8881269841269841,0.8202181306438372
0.9909540233934103,29,3,128,128,graphnorm,0.11477989918693686,0.3045363383264393,0.6965997405442765,0.295722927229415,4,sum,1,0.878531216716539,0.852533710978388,0.8791111111111111,0.8275161367439636
0.9909540233934103,29,3,128,128,graphnorm,0.11477989918693686,0.3045363383264393,0.6965997405442765,0.295722927229415,5,sum,1,0.8798498757417457,0.854991736548938,0.8868571428571429,0.8253367998109195
