alpha,K,layers,hidden_channels,out_channels,norm,dropout,margin,lpl_weight,ratio,seed,aggregation,pos_weight,accuracy,f1,recall,precision
0.48510613437196864,34,2,128,128,,0.18706272257326356,0.20137577103608784,0.20344075404877865,0.18823145897312643,1,sum,1,0.9039407617791754,0.8749339672477549,0.8412698412698413,0.9114045948548631
0.48510613437196864,34,2,128,128,,0.18706272257326356,0.20137577103608784,0.20344075404877865,0.18823145897312643,2,sum,1,0.9025206674443373,0.8732022694286845,0.8403809523809523,0.9086914732939723
0.48510613437196864,34,2,128,128,,0.18706272257326356,0.20137577103608784,0.20344075404877865,0.18823145897312643,3,sum,1,0.8951158898412538,0.8622618889036899,0.821968253968254,0.9067096231965261
0.48510613437196864,34,2,128,128,,0.18706272257326356,0.20137577103608784,0.20344075404877865,0.18823145897312643,4,sum,1,0.9040929147436223,0.874942133456782,0.84,0.9129174717085289
0.48510613437196864,34,2,128,128,,0.18706272257326356,0.20137577103608784,0.20344075404877865,0.18823145897312643,5,sum,1,0.9025206674443373,0.872765788428439,0.8370793650793651,0.9116304798783017
