K,layers,hidden_channels,out_channels,norm,lr,treatment,dropout,ratio,seed,aggregation,model_type,batch_size,rate_pairs,clusters,sampling,sampling_k,num_epochs,anomaly_detector,accuracy,f1,recall,precision,losses
13,2,256,256,,0.0031511157890973694,removal,0,0.313579939854413,654,mean,GCNConv,256,10,200,neighbor,25,50,nearest_neighbors,0.875285286808338,0.8362086191966962,0.797079365079365,0.8793779770243766,"[158.60547697544098, 139.35525381565094, 128.37738871574402, 114.86637759208679, 103.18947350978851, 90.8563643693924, 78.33746314048767, 67.42820656299591, 58.15181463956833, 49.98463952541351, 43.33967027068138, 37.1900440454483, 32.47324216365814, 28.5872855335474, 25.37681621313095, 22.623112231492996, 20.094373255968094, 18.11443157494068, 16.37983801960945, 14.80649121105671, 13.60413871705532, 12.403111711144447, 11.391371965408325, 10.534435212612152, 9.670085459947586, 9.003494635224342, 8.378975756466389, 7.808712139725685, 7.233799837529659, 6.77465858310461, 6.303900994360447, 5.908835798501968, 5.514970768243074, 5.2006358951330185, 4.917308244854212, 4.631329335272312, 4.371015403419733, 4.146552573889494, 3.9174528531730175, 3.6710768081247807, 3.4934047423303127, 3.2864174358546734, 3.1412349566817284, 2.987817533314228, 2.812109798192978, 2.684296455234289, 2.571821242570877, 2.4126293566077948, 2.3193115200847387, 2.208587931469083]"
