alpha,K,layers,hidden_channels,out_channels,norm,dropout,margin,lpl_weight,ratio,seed,aggregation,pos_weight,accuracy,f1,recall,precision
0.5142620226310091,33,2,64,256,graphnorm,0.2647254292181002,0.6081045112652863,0.8059225995781744,0.25935636552406505,1,sum,1,0.9017599026221027,0.874440915278408,0.8565079365079366,0.8931408898305084
0.5142620226310091,33,2,64,256,graphnorm,0.2647254292181002,0.6081045112652863,0.8059225995781744,0.25935636552406505,2,sum,1,0.8973474666531419,0.8688269604666234,0.8511746031746031,0.8872270019854401
0.5142620226310091,33,2,64,256,graphnorm,0.2647254292181002,0.6081045112652863,0.8059225995781744,0.25935636552406505,3,sum,1,0.9020642085509966,0.8748298437803851,0.8568888888888889,0.8935381355932204
0.5142620226310091,33,2,64,256,graphnorm,0.2647254292181002,0.6081045112652863,0.8059225995781744,0.25935636552406505,4,sum,1,0.8985139727139017,0.8706277881942199,0.854984126984127,0.886854583772392
0.5142620226310091,33,2,64,256,graphnorm,0.2647254292181002,0.6081045112652863,0.8059225995781744,0.25935636552406505,5,sum,1,0.8993761728457677,0.8717517776341306,0.8562539682539683,0.8878209348255431
