alpha,K,layers,hidden_channels,out_channels,norm,dropout,margin,lpl_weight,ratio,seed,aggregation,pos_weight,accuracy,f1,recall,precision
0.5,26,2,64,64,,0.134307096540575,0.5,0.1871088630957671,0.2920673229971529,1,mean,1,0.900593396561343,0.8766364551863042,0.8843174603174603,0.8690877324347934
0.5,26,2,64,64,,0.134307096540575,0.5,0.1871088630957671,0.2920673229971529,2,mean,1,0.8974489019627733,0.8729420635918059,0.8820317460317461,0.8640378156487125
0.5,26,2,64,64,,0.134307096540575,0.5,0.1871088630957671,0.2920673229971529,3,mean,1,0.9028756910280469,0.8793092582088612,0.8858412698412699,0.8728728728728729
0.5,26,2,64,64,,0.134307096540575,0.5,0.1871088630957671,0.2920673229971529,4,mean,1,0.9018613379317341,0.877941083706554,0.8836825396825397,0.8722737528202557
0.5,26,2,64,64,,0.134307096540575,0.5,0.1871088630957671,0.2920673229971529,5,mean,1,0.9009484201450525,0.8771620856657651,0.8854603174603175,0.8690179461615155
