alpha,K,layers,hidden_channels,out_channels,norm,dropout,margin,lpl_weight,ratio,seed,aggregation,pos_weight,accuracy,f1,recall,precision
0.1798466142798537,34,2,128,128,graphnorm,0.32517724002924336,0.3767986050139098,0.11446735460434086,0.26671006894317684,1,sum,1,0.8860881472840696,0.8600274211641531,0.8761904761904762,0.8444498837351609
0.1798466142798537,34,2,128,128,graphnorm,0.32517724002924336,0.3767986050139098,0.11446735460434086,0.26671006894317684,2,sum,1,0.8854795354262819,0.859437250996016,0.8765714285714286,0.8429600683844182
0.1798466142798537,34,2,128,128,graphnorm,0.32517724002924336,0.3767986050139098,0.11446735460434086,0.26671006894317684,3,sum,1,0.8921742658619466,0.867505920478624,0.8838095238095238,0.8517929262024232
0.1798466142798537,34,2,128,128,graphnorm,0.32517724002924336,0.3767986050139098,0.11446735460434086,0.26671006894317684,4,sum,1,0.8908556068367399,0.8658688606332585,0.8820317460317461,0.8502876729097809
0.1798466142798537,34,2,128,128,graphnorm,0.32517724002924336,0.3767986050139098,0.11446735460434086,0.26671006894317684,5,sum,1,0.892529289445656,0.8678021086780211,0.8831746031746032,0.8529556046112338
