K,layers,hidden_channels,out_channels,norm,lr,treatment,dropout,ratio,seed,aggregation,model_type,batch_size,rate_pairs,clusters,sampling,num_epochs,anomaly_detector,accuracy,f1,recall,precision,losses,test_accuracy,test_f1,test_recall,test_precision
3,2,256,128,,0.005,removal,0,0.4022478664180015,654,mean,GCNConv,2048,10,50,sage,50,nearest_neighbors,nan,0.0,0.0,0.0,"[17.594932198524475, 17.08015549182892, 16.49051022529602, 16.084330201148987, 15.603694558143616, 15.123371124267578, 14.62169599533081, 14.213640809059143, 13.675902605056763, 13.222679257392883, 12.766536355018616, 12.342951655387878, 11.957911729812622, 11.581902265548706, 11.168187379837036, 10.733346939086914, 10.420957088470459, 10.057704091072083, 9.693282008171082, 9.395316898822784, 9.034376978874207, 8.739455759525299, 8.455948948860168, 8.171982824802399, 7.886608004570007, 7.651287913322449, 7.418479084968567, 7.172653913497925, 6.956812024116516, 6.709612548351288, 6.559125363826752, 6.301655411720276, 6.154633402824402, 5.936600983142853, 5.767816007137299, 5.608881950378418, 5.4469935297966, 5.294747769832611, 5.124610722064972, 4.973326772451401, 4.827731907367706, 4.735437512397766, 4.58482301235199, 4.461945295333862, 4.3756692707538605, 4.248541980981827, 4.110797226428986, 4.028889358043671, 3.924179971218109, 3.8457833230495453]",0.8529057608213448,0.7325728770595691,0.8074676149352299,0.6703922395613665
