K,layers,hidden_channels,out_channels,norm,lr,treatment,dropout,ratio,seed,aggregation,model_type,batch_size,rate_pairs,clusters,sampling,num_epochs,anomaly_detector,accuracy,f1,recall,precision,losses,test_accuracy,test_f1,test_recall,test_precision
5,2,256,128,,0.005,removal,0,0.40489322925213744,654,mean,GCNConv,1024,10,50,sage,50,nearest_neighbors,nan,0.0,0.0,0.0,"[47.7561571598053, 45.44291353225708, 43.291674852371216, 41.05431795120239, 39.09463727474213, 36.562095046043396, 34.50767683982849, 32.33602821826935, 30.298595428466797, 28.149391174316406, 26.32327175140381, 24.595797777175903, 22.928173661231995, 21.424006938934326, 19.946993589401245, 18.802137851715088, 17.48707342147827, 16.495797216892242, 15.404860496520996, 14.453527569770813, 13.590155124664307, 12.869515657424927, 12.132709741592407, 11.48812335729599, 10.839284062385559, 10.28055253624916, 9.794009029865265, 9.329340368509293, 8.847197383642197, 8.444029599428177, 8.06047248840332, 7.679637581110001, 7.365310192108154, 7.037757396697998, 6.777298241853714, 6.463207304477692, 6.173444479703903, 5.968097478151321, 5.716086506843567, 5.508555859327316, 5.325875610113144, 5.094992756843567, 4.924669414758682, 4.729066357016563, 4.5719160586595535, 4.409807980060577, 4.299306929111481, 4.15084283053875, 4.003687888383865, 3.884799063205719]",0.8629190696495342,0.7495078170237406,0.8219456438912878,0.6888037462750106
