K,layers,hidden_channels,out_channels,norm,lr,treatment,dropout,ratio,seed,aggregation,model_type,batch_size,rate_pairs,clusters,sampling,num_epochs,anomaly_detector,accuracy,f1,recall,precision,losses,test_accuracy,test_f1,test_recall,test_precision
7,3,256,128,,0.005,removal,0,0.3598401105227495,654,mean,GCNConv,2048,10,50,sage,50,nearest_neighbors,nan,0.0,0.0,0.0,"[28.33644723892212, 27.950963973999023, 27.51735281944275, 27.034510850906372, 26.372747898101807, 25.92928385734558, 25.282294988632202, 24.776738166809082, 24.295167922973633, 23.56959366798401, 22.92670464515686, 22.376397848129272, 21.797316312789917, 21.12044620513916, 20.616668462753296, 19.95581555366516, 19.191145658493042, 18.76156222820282, 18.06383728981018, 17.53935718536377, 16.914939641952515, 16.313232421875, 15.704256296157837, 15.203100085258484, 14.718734502792358, 14.210299491882324, 13.655093908309937, 13.23393988609314, 12.746983289718628, 12.350102663040161, 11.94838035106659, 11.488898634910583, 11.137761950492859, 10.69811725616455, 10.339361667633057, 10.020366907119751, 9.697050273418427, 9.350349962711334, 9.03188306093216, 8.782405972480774, 8.487393140792847, 8.19751900434494, 7.952003002166748, 7.748577535152435, 7.486587405204773, 7.239698171615601, 7.037095010280609, 6.842259109020233, 6.630704760551453, 6.4401185512542725]",0.8557576525762088,0.7359016012996055,0.8054356108712217,0.6774193548387096
