alpha,K,layers,hidden_channels,out_channels,norm,dropout,margin,lpl_weight,ratio,seed,aggregation,pos_weight,accuracy,f1,recall,precision
0.5,35,1,256,128,,0.49286604535151834,0.5,0.4439160934099206,0.3283295521983565,1,mean,1,0.8938479484708627,0.8695381163124104,0.8857142857142857,0.8539422135161606
0.5,35,1,256,128,,0.49286604535151834,0.5,0.4439160934099206,0.3283295521983565,2,mean,1,0.8874575239640919,0.8619767369534117,0.8798730158730159,0.8447939526944648
0.5,35,1,256,128,,0.49286604535151834,0.5,0.4439160934099206,0.3283295521983565,3,mean,1,0.8956230663894101,0.8722691161866931,0.8923174603174603,0.8531018574723808
0.5,35,1,256,128,,0.49286604535151834,0.5,0.4439160934099206,0.3283295521983565,4,mean,1,0.893239336613075,0.8683140444166406,0.8812698412698413,0.8557336621454994
0.5,35,1,256,128,,0.49286604535151834,0.5,0.4439160934099206,0.3283295521983565,5,mean,1,0.8924278541360248,0.8683344714134955,0.8881269841269841,0.8494049064853049
