K,layers,hidden_channels,out_channels,norm,lr,treatment,dropout,ratio,seed,aggregation,model_type,batch_size,rate_pairs,clusters,sampling,num_epochs,anomaly_detector,accuracy,f1,recall,precision,losses,test_accuracy,test_f1,test_recall,test_precision
30,2,256,64,,0.005,removal,0,0.2587771264484199,654,mean,GATConv,4096,10,50,sage,50,nearest_neighbors,nan,0.0,0.0,0.0,"[14.491234540939331, 14.667005062103271, 14.712157726287842, 14.556983470916748, 14.406222105026245, 13.995954751968384, 13.809982538223267, 13.868161916732788, 13.64539384841919, 13.495493173599243, 13.400945901870728, 13.26044225692749, 13.06609296798706, 12.901953935623169, 12.83299469947815, 12.678752422332764, 12.708170890808105, 12.557245254516602, 12.460870742797852, 12.28976035118103, 12.130471467971802, 12.05803370475769, 12.03321123123169, 11.907197952270508, 11.899857521057129, 11.695875883102417, 11.619210004806519, 11.53018569946289, 11.428065776824951, 11.405791521072388, 11.20176386833191, 11.241894721984863, 11.11008095741272, 11.08353590965271, 10.98966360092163, 10.887320756912231, 10.751612186431885, 10.650110006332397, 10.535610675811768, 10.447013854980469, 10.506711483001709, 10.494884490966797, 10.355091333389282, 10.172730088233948, 10.10085916519165, 10.06870186328888, 9.962740182876587, 10.027299404144287, 9.884824633598328, 9.89288341999054]",0.8664680905000317,0.7266830976780386,0.7114554229108458,0.7425768822905621
