alpha,K,layers,hidden_channels,out_channels,norm,dropout,margin,lpl_weight,ratio,seed,aggregation,pos_weight,accuracy,f1,recall,precision
0.23539935998962025,34,2,64,128,graphnorm,0.4290598461848151,0.14028753419258863,0.7097324612734129,0.3201848913406368,1,sum,1,0.8623015671755339,0.8389202017205577,0.8977777777777778,0.7873051224944321
0.23539935998962025,34,2,64,128,graphnorm,0.4290598461848151,0.14028753419258863,0.7097324612734129,0.3201848913406368,2,sum,1,0.8600699903636456,0.8363873569353022,0.8954920634920635,0.7846016911437472
0.23539935998962025,34,2,64,128,graphnorm,0.4290598461848151,0.14028753419258863,0.7097324612734129,0.3201848913406368,3,sum,1,0.8652939088096566,0.8423738872403561,0.9012063492063492,0.7907520891364902
0.23539935998962025,34,2,64,128,graphnorm,0.4290598461848151,0.14028753419258863,0.7097324612734129,0.3201848913406368,4,sum,1,0.8618451082821931,0.8384533270074724,0.8976507936507937,0.7865806164459775
0.23539935998962025,34,2,64,128,graphnorm,0.4290598461848151,0.14028753419258863,0.7097324612734129,0.3201848913406368,5,sum,1,0.8612872140792209,0.8377913528260483,0.8968888888888888,0.7860004451368796
