alpha,K,layers,hidden_channels,out_channels,norm,dropout,margin,lpl_weight,ratio,seed,aggregation,pos_weight,accuracy,f1,recall,precision
0.5,26,1,256,128,,0.14812686726110308,0.5,0.6494380321840099,0.23150198847370196,1,mean,1,0.9067809504488512,0.8803229587185831,0.8584126984126984,0.9033809969263664
0.5,26,1,256,128,,0.14812686726110308,0.5,0.6494380321840099,0.23150198847370196,2,mean,1,0.9095704214637115,0.8839570452326716,0.8623492063492063,0.906675567423231
0.5,26,1,256,128,,0.14812686726110308,0.5,0.6494380321840099,0.23150198847370196,3,mean,1,0.9084546330577674,0.8824180835124747,0.8600634920634921,0.9059657570893526
0.5,26,1,256,128,,0.14812686726110308,0.5,0.6494380321840099,0.23150198847370196,4,mean,1,0.9055130090784602,0.8784497944803288,0.8548571428571429,0.9033816425120773
0.5,26,1,256,128,,0.14812686726110308,0.5,0.6494380321840099,0.23150198847370196,5,mean,1,0.9046000912917787,0.8774672659761579,0.8552380952380952,0.9008828250401284
