alpha,K,layers,hidden_channels,out_channels,norm,dropout,margin,lpl_weight,ratio,seed,aggregation,pos_weight,accuracy,f1,recall,precision
0.17246309762498208,34,2,128,128,graphnorm,0.3211494978820338,0.4054071304376709,0.10949887051053304,0.2615399744325343,1,sum,1,0.8931886189582594,0.8680616464102243,0.8797460317460317,0.856683566217386
0.17246309762498208,34,2,128,128,graphnorm,0.3211494978820338,0.4054071304376709,0.10949887051053304,0.2615399744325343,2,sum,1,0.8925800071004717,0.8673431040962044,0.8792380952380953,0.8557656655543197
0.17246309762498208,34,2,128,128,graphnorm,0.3211494978820338,0.4054071304376709,0.10949887051053304,0.2615399744325343,3,sum,1,0.8949130192219912,0.870142892955628,0.8815238095238095,0.8590520975126841
0.17246309762498208,34,2,128,128,graphnorm,0.3211494978820338,0.4054071304376709,0.10949887051053304,0.2615399744325343,4,sum,1,0.8908556068367399,0.8651629072681705,0.8766984126984126,0.8539270253555968
0.17246309762498208,34,2,128,128,graphnorm,0.3211494978820338,0.4054071304376709,0.10949887051053304,0.2615399744325343,5,sum,1,0.8916163716589744,0.8660104081760612,0.8769523809523809,0.8553381223680951
