alpha,K,layers,hidden_channels,out_channels,norm,dropout,margin,lpl_weight,ratio,seed,aggregation,pos_weight,accuracy,f1,recall,precision
0.5,35,1,256,128,,0.4882952587254293,0.5,0.43792780603156634,0.33213850796080874,1,mean,1,0.8929857483389968,0.8686667496576621,0.886095238095238,0.8519106336222684
0.5,35,1,256,128,,0.4882952587254293,0.5,0.43792780603156634,0.33213850796080874,2,mean,1,0.8890804889181925,0.8640855136411658,0.8827936507936508,0.8461538461538461
0.5,35,1,256,128,,0.4882952587254293,0.5,0.43792780603156634,0.33213850796080874,3,mean,1,0.8924278541360248,0.8690498240414891,0.8937142857142857,0.8457101658255227
0.5,35,1,256,128,,0.4882952587254293,0.5,0.43792780603156634,0.33213850796080874,4,mean,1,0.8928335953745499,0.8684390760226636,0.8855873015873016,0.8519423405814806
0.5,35,1,256,128,,0.4882952587254293,0.5,0.43792780603156634,0.33213850796080874,5,mean,1,0.8926307247552873,0.8685174833861251,0.8878730158730159,0.849987843423292
