K,layers,hidden_channels,out_channels,norm,lr,treatment,dropout,ratio,seed,aggregation,model_type,batch_size,rate_pairs,clusters,sampling,num_epochs,anomaly_detector,accuracy,f1,recall,precision,losses,test_accuracy,test_f1,test_recall,test_precision
4,2,256,128,,0.005,removal,0,0.3954683118509484,654,mean,GCNConv,1024,10,50,sage,50,nearest_neighbors,nan,0.0,0.0,0.0,"[41.85042715072632, 39.58812069892883, 37.46679151058197, 35.3734016418457, 33.47859084606171, 31.207791090011597, 29.349899530410767, 27.410696387290955, 25.66307282447815, 23.83848476409912, 22.28909742832184, 20.827669143676758, 19.437527239322662, 18.192420542240143, 16.967026829719543, 16.016516625881195, 14.934310734272003, 14.119017004966736, 13.209314227104187, 12.425674259662628, 11.704712390899658, 11.108262717723846, 10.493577778339386, 9.954385727643967, 9.412487983703613, 8.939509272575378, 8.533665865659714, 8.13813316822052, 7.729823261499405, 7.388401955366135, 7.0636987388134, 6.738111972808838, 6.469168573617935, 6.189960271120071, 5.968379259109497, 5.6963372230529785, 5.446627646684647, 5.270681202411652, 5.052502244710922, 4.873138144612312, 4.714832440018654, 4.51441590487957, 4.367360904812813, 4.195750951766968, 4.059159129858017, 3.9175644516944885, 3.821698397397995, 3.691936641931534, 3.5630622506141663, 3.4590993225574493]",0.8615881868305977,0.7458100558659218,0.8138176276352552,0.6882921589688507
