alpha,K,layers,hidden_channels,out_channels,norm,dropout,margin,lpl_weight,ratio,seed,aggregation,pos_weight,accuracy,f1,recall,precision
0.5,31,1,128,128,,0.3263807448998714,0.5,0.17664522078687306,0.26288027679625614,1,mean,1,0.8929857483389968,0.8651757188498402,0.8596825396825397,0.8707395498392283
0.5,31,1,128,128,,0.3263807448998714,0.5,0.17664522078687306,0.26288027679625614,2,mean,1,0.891413501039712,0.8630811536739784,0.8568888888888889,0.8693635660912136
0.5,31,1,128,128,,0.3263807448998714,0.5,0.17664522078687306,0.26288027679625614,3,mean,1,0.8969924430694325,0.8703479093520587,0.8656507936507937,0.8750962772785622
0.5,31,1,128,128,,0.3263807448998714,0.5,0.17664522078687306,0.26288027679625614,4,mean,1,0.893239336613075,0.865262753632465,0.8582857142857143,0.8723541559112029
0.5,31,1,128,128,,0.3263807448998714,0.5,0.17664522078687306,0.26288027679625614,5,mean,1,0.8911091951108181,0.8629603625454778,0.8584126984126984,0.8675564681724846
