K,layers,hidden_channels,out_channels,norm,lr,treatment,dropout,ratio,seed,aggregation,model_type,batch_size,rate_pairs,clusters,sampling,num_epochs,anomaly_detector,accuracy,f1,recall,precision,losses,test_accuracy,test_f1,test_recall,test_precision
3,2,256,128,,0.005,removal,0,0.39875773805316517,654,mean,GCNConv,2048,10,50,sage,50,nearest_neighbors,nan,0.0,0.0,0.0,"[17.597388863563538, 17.087866187095642, 16.49698281288147, 16.092966556549072, 15.61014211177826, 15.129153609275818, 14.628116369247437, 14.21828806400299, 13.682106733322144, 13.229494094848633, 12.771780848503113, 12.348003387451172, 11.96358072757721, 11.586766600608826, 11.173109531402588, 10.737640857696533, 10.425735354423523, 10.061054348945618, 9.697524726390839, 9.399780333042145, 9.037984549999237, 8.744493126869202, 8.45988243818283, 8.175261795520782, 7.889722287654877, 7.654134690761566, 7.422275066375732, 7.17564845085144, 6.959275007247925, 6.711656928062439, 6.560985863208771, 6.305180728435516, 6.157488286495209, 5.939129889011383, 5.770054519176483, 5.61130428314209, 5.449399054050446, 5.29643988609314, 5.126471161842346, 4.974936306476593, 4.829420775175095, 4.7377597987651825, 4.586552113294601, 4.464183360338211, 4.377032250165939, 4.250540941953659, 4.1124685406684875, 4.029991805553436, 3.926049053668976, 3.8475560545921326]",0.8534761391723177,0.7338245452452222,0.809499618999238,0.6710886502421562
