alpha,K,layers,hidden_channels,out_channels,norm,dropout,margin,lpl_weight,ratio,seed,aggregation,pos_weight,accuracy,f1,recall,precision
0.6880821077300132,34,2,64,128,graphnorm,0.17414961452376854,0.15814229896288765,0.33272346168247724,0.14986250023073233,1,sum,1,0.8976517725820358,0.8627957574109328,0.8057142857142857,0.9285818820430265
0.6880821077300132,34,2,64,128,graphnorm,0.17414961452376854,0.15814229896288765,0.33272346168247724,0.14986250023073233,2,sum,1,0.8925800071004717,0.8557024117727211,0.7974603174603174,0.9231221519917684
0.6880821077300132,34,2,64,128,graphnorm,0.17414961452376854,0.15814229896288765,0.33272346168247724,0.14986250023073233,3,sum,1,0.8947608662575443,0.855892770331273,0.7824761904761904,0.9445125689760883
0.6880821077300132,34,2,64,128,graphnorm,0.17414961452376854,0.15814229896288765,0.33272346168247724,0.14986250023073233,4,sum,1,0.8997819140842928,0.8640055058499656,0.797079365079365,0.9432006010518407
0.6880821077300132,34,2,64,128,graphnorm,0.17414961452376854,0.15814229896288765,0.33272346168247724,0.14986250023073233,5,sum,1,0.8977024902368514,0.8617451504558229,0.7982222222222223,0.9362526064938933
