K,layers,hidden_channels,out_channels,norm,lr,treatment,dropout,ratio,seed,aggregation,model_type,batch_size,rate_pairs,clusters,sampling,num_epochs,anomaly_detector,accuracy,f1,recall,precision,losses,test_accuracy,test_f1,test_recall,test_precision
9,2,128,256,,0.005,removal,0,0.39797410889849283,654,mean,GCNConv,2048,10,50,sage,50,nearest_neighbors,nan,0.0,0.0,0.0,"[14.431347608566284, 14.368243932723999, 14.071421146392822, 13.888928890228271, 13.62289297580719, 13.343148589134216, 13.006646037101746, 12.764314532279968, 12.535904049873352, 12.181208610534668, 11.91461706161499, 11.650319457054138, 11.35718047618866, 11.066892385482788, 10.797264695167542, 10.4650799036026, 10.179719865322113, 9.86046677827835, 9.651659429073334, 9.262891173362732, 8.990067899227142, 8.746863901615143, 8.493796944618225, 8.174516797065735, 7.88303816318512, 7.574532091617584, 7.348994016647339, 7.092854201793671, 6.862021446228027, 6.625890851020813, 6.411334455013275, 6.194451928138733, 5.928583145141602, 5.7654553055763245, 5.562650799751282, 5.353540897369385, 5.202209532260895, 5.008191108703613, 4.8695855140686035, 4.69143933057785, 4.53323557972908, 4.3984761238098145, 4.240042805671692, 4.115323692560196, 3.9856787025928497, 3.849263310432434, 3.735919952392578, 3.624395728111267, 3.510776251554489, 3.405279815196991]",0.8589897965650548,0.7405852862306168,0.8067056134112268,0.6844827586206896
