K,layers,hidden_channels,out_channels,norm,lr,treatment,dropout,ratio,seed,aggregation,model_type,batch_size,rate_pairs,reliable_mini_batch,clusters,accuracy,f1,recall,precision,losses
9,2,256,256,,0.005808882182032797,removal,0,0.2221564160031153,654,mean,GINConv,15,14,True,300,0.8422680935233555,0.8009982083439979,0.7947936507936508,0.8073003998452212,"[27.63126003742218, 27.76145875453949, 26.694761395454407, 25.73435080051422, 24.98103415966034, 23.74590402841568, 22.432141959667206, 20.906925857067108, 19.573420763015747, 17.895286798477173, 16.359427213668823, 15.047629237174988, 13.572958052158356, 12.483984172344208, 11.233754813671112, 10.34063309431076, 9.327396482229233, 8.547399908304214, 7.945614844560623, 7.31192409992218, 6.751491397619247, 6.386452496051788, 5.837021559476852, 5.445013552904129, 5.137471988797188, 4.7189507484436035, 4.433056607842445, 4.194728389382362, 3.960803210735321, 3.74718376994133, 3.5193110555410385, 3.3797312825918198, 3.1800639778375626, 3.0522099137306213, 2.877081334590912, 2.7698746398091316, 2.6402877271175385, 2.544463485479355, 2.417680785059929, 2.3364192470908165, 2.232687920331955, 2.1452947929501534, 2.066236726939678, 1.960290715098381, 1.9054025039076805, 1.8173687905073166, 1.7568651884794235, 1.7054057493805885, 1.648827075958252, 1.6033234670758247]"
