K,layers,hidden_channels,out_channels,norm,lr,treatment,dropout,ratio,seed,aggregation,model_type,batch_size,rate_pairs,clusters,sampling,num_epochs,anomaly_detector,accuracy,f1,recall,precision,losses,test_accuracy,test_f1,test_recall,test_precision
5,2,256,128,,0.005,removal,0,0.4056108470182642,654,mean,GCNConv,2048,10,50,sage,50,nearest_neighbors,nan,0.0,0.0,0.0,"[24.036412239074707, 23.617753982543945, 22.928075551986694, 22.54380178451538, 22.041097402572632, 21.46115517616272, 20.905859231948853, 20.3782399892807, 19.74278736114502, 19.16698443889618, 18.588135838508606, 18.03572976589203, 17.51558017730713, 17.023902535438538, 16.450703024864197, 15.822967886924744, 15.383191108703613, 14.858367800712585, 14.32458746433258, 13.88786005973816, 13.349878311157227, 12.90894341468811, 12.474891901016235, 12.045854687690735, 11.608341932296753, 11.247992634773254, 10.883859872817993, 10.488480925559998, 10.166793048381805, 9.790721535682678, 9.544593811035156, 9.153436422348022, 8.917269229888916, 8.583573520183563, 8.321743607521057, 8.069677412509918, 7.819267511367798, 7.5796215534210205, 7.322096526622772, 7.092598080635071, 6.864844262599945, 6.724190950393677, 6.491923987865448, 6.308065831661224, 6.1713621616363525, 5.980275750160217, 5.774572968482971, 5.647305071353912, 5.491554141044617, 5.3723244071006775]",0.8596235502883579,0.749745791435996,0.8427736855473711,0.6752136752136753
