alpha,K,layers,hidden_channels,out_channels,norm,dropout,margin,lpl_weight,ratio,seed,aggregation,pos_weight,accuracy,f1,recall,precision
0.5007282640922686,27,1,256,64,,0.12769963557769654,0.9687488607436933,0.8337655344005355,0.15679776258100758,1,sum,1,0.8807627935284272,0.8388511892521763,0.777015873015873,0.9113792076258564
0.5007282640922686,27,1,256,64,,0.12769963557769654,0.9687488607436933,0.8337655344005355,0.15679776258100758,2,sum,1,0.879089110919511,0.8373140439470452,0.7790476190476191,0.9050007375719132
0.5007282640922686,27,1,256,64,,0.12769963557769654,0.9687488607436933,0.8337655344005355,0.15679776258100758,3,sum,1,0.8836029821981032,0.8430554605758053,0.7827301587301587,0.9134558387670421
0.5007282640922686,27,1,256,64,,0.12769963557769654,0.9687488607436933,0.8337655344005355,0.15679776258100758,4,sum,1,0.8811178171121368,0.8397155361050328,0.7796825396825396,0.9097644095421544
0.5007282640922686,27,1,256,64,,0.12769963557769654,0.9687488607436933,0.8337655344005355,0.15679776258100758,5,sum,1,0.8821828878632652,0.8418544489073456,0.7851428571428571,0.9073965365424127
