K,layers,hidden_channels,out_channels,norm,lr,treatment,dropout,ratio,seed,aggregation,model_type,batch_size,rate_pairs,clusters,sampling,num_epochs,anomaly_detector,accuracy,f1,recall,precision,losses,test_accuracy,test_f1,test_recall,test_precision
10,2,256,128,,0.005,removal,0,0.2572763191652301,654,mean,GCNConv,2048,10,50,sage,50,nearest_neighbors,nan,0.0,0.0,0.0,"[32.610026836395264, 32.43589687347412, 31.70817732810974, 31.470389366149902, 31.119690418243408, 30.55335283279419, 30.1416118144989, 29.534987926483154, 28.937400341033936, 28.314767122268677, 27.698142051696777, 27.10849142074585, 26.524654626846313, 25.995983362197876, 25.285660982131958, 24.42731809616089, 23.906179189682007, 23.18464970588684, 22.425537109375, 21.8483567237854, 21.060476303100586, 20.400595784187317, 19.723585605621338, 19.057798504829407, 18.383681297302246, 17.79514765739441, 17.187065601348877, 16.486879348754883, 15.994333863258362, 15.37649691104889, 14.922626376152039, 14.274500250816345, 13.835689425468445, 13.265787720680237, 12.816305756568909, 12.364433288574219, 11.926759004592896, 11.498556852340698, 11.061330199241638, 10.674240350723267, 10.273292183876038, 10.022709906101227, 9.62867420911789, 9.315949380397797, 9.072562038898468, 8.75316697359085, 8.41452544927597, 8.199651598930359, 7.939132928848267, 7.7337915897369385]",0.8698269852335383,0.7293094359515023,0.7028194056388113,0.7578745549164613
