K,layers,hidden_channels,out_channels,norm,lr,treatment,dropout,ratio,seed,aggregation,model_type,batch_size,rate_pairs,reliable_mini_batch,clusters,accuracy,f1,recall,precision,losses
5,1,256,64,,0.00025788508350841716,removal,0,0.39241392519633655,654,sum,GINConv,5,14,True,500,0.5693563929603895,0.4643240174121507,0.46730158730158733,0.46138415245737213,"[169.49998223781586, 170.8146510720253, 168.27017027139664, 168.9993578195572, 164.08494186401367, 163.5087594985962, 162.79637467861176, 162.3957462310791, 163.1347125172615, 160.61853182315826, 159.99140763282776, 156.55922424793243, 153.54047691822052, 153.4779958128929, 153.94131469726562, 149.9940055012703, 148.23746305704117, 143.38962352275848, 144.16596299409866, 142.8531602025032, 140.70177352428436, 139.59330767393112, 137.79130101203918, 135.03079229593277, 135.10938465595245, 132.18583923578262, 129.73761254549026, 129.1402668952942, 126.36056017875671, 123.73501306772232, 123.69451880455017, 120.67060053348541, 119.86590385437012, 117.17832642793655, 117.2323048710823, 115.5088461637497, 112.84037095308304, 110.69947421550751, 111.52237325906754, 107.39433884620667, 106.30757731199265, 103.75588423013687, 102.3699072599411, 100.50282096862793, 98.90945434570312, 97.52375823259354, 94.62802934646606, 94.42801409959793, 91.81716185808182, 90.71770322322845]"
