alpha,K,layers,hidden_channels,out_channels,norm,dropout,margin,lpl_weight,ratio,seed,aggregation,pos_weight,accuracy,f1,recall,precision
0.5,25,1,256,128,,0,0.5,0.3797001115283489,0.26601045868254936,1,mean,1,0.9053608561140133,0.8807362904256679,0.8749206349206349,0.8866297773774289
0.5,25,1,256,128,,0,0.5,0.3797001115283489,0.26601045868254936,2,mean,1,0.9032307146117563,0.8775824457846786,0.8684444444444445,0.8869147970431851
0.5,25,1,256,128,,0,0.5,0.3797001115283489,0.26601045868254936,3,mean,1,0.905411573768829,0.8797627490168267,0.8664126984126984,0.8935306443163961
0.5,25,1,256,128,,0,0.5,0.3797001115283489,0.26601045868254936,4,mean,1,0.9044479383273317,0.878592602139451,0.8656507936507937,0.8919272536961926
0.5,25,1,256,128,,0,0.5,0.3797001115283489,0.26601045868254936,5,mean,1,0.9017091849672871,0.8757533017053468,0.8673015873015874,0.884371358280461
