K,layers,hidden_channels,out_channels,norm,lr,treatment,dropout,ratio,seed,aggregation,model_type,batch_size,rate_pairs,clusters,sampling,num_epochs,anomaly_detector,accuracy,f1,recall,precision,losses,test_accuracy,test_f1,test_recall,test_precision
7,2,256,128,,0.005,removal,0,0.36180489911595665,654,mean,GCNConv,1024,10,50,sage,50,nearest_neighbors,nan,0.0,0.0,0.0,"[56.62797284126282, 54.39985179901123, 52.364601612091064, 49.968531131744385, 48.12262487411499, 45.27640962600708, 43.01408505439758, 40.62590742111206, 38.16792058944702, 35.54776215553284, 33.27801501750946, 31.131051301956177, 28.99630093574524, 27.038036823272705, 25.116978764533997, 23.62081754207611, 21.874183654785156, 20.553924679756165, 19.126024663448334, 17.864091157913208, 16.74372512102127, 15.797313690185547, 14.834206461906433, 13.995646119117737, 13.15682828426361, 12.44348794221878, 11.81271117925644, 11.223041713237762, 10.614238262176514, 10.102396756410599, 9.615508019924164, 9.142058223485947, 8.749446243047714, 8.33940526843071, 8.015879273414612, 7.628660082817078, 7.275933146476746, 7.021156400442123, 6.712772250175476, 6.460615187883377, 6.236538946628571, 5.958713412284851, 5.752422213554382, 5.516770154237747, 5.327258825302124, 5.1326714009046555, 4.998273625969887, 4.821251720190048, 4.646122217178345, 4.50280074775219]",0.8669750934786742,0.748411842262975,0.7929895859791719,0.7085792101679528
