K,layers,hidden_channels,out_channels,norm,lr,treatment,dropout,ratio,seed,aggregation,model_type,batch_size,rate_pairs,clusters,sampling,num_epochs,anomaly_detector,accuracy,f1,recall,precision,losses,test_accuracy,test_f1,test_recall,test_precision
28,2,256,64,,0.005,removal,0,0.27796870883274943,654,mean,GATConv,4096,10,50,sage,50,nearest_neighbors,nan,0.0,0.0,0.0,"[13.754870176315308, 13.861741065979004, 13.87987232208252, 13.728346586227417, 13.604386806488037, 13.231751918792725, 13.075850009918213, 13.137365341186523, 12.951845407485962, 12.824959516525269, 12.742614507675171, 12.618048191070557, 12.451774597167969, 12.302785396575928, 12.23408818244934, 12.10128664970398, 12.134260654449463, 11.9934663772583, 11.911604642868042, 11.755260944366455, 11.614795207977295, 11.539476156234741, 11.515941619873047, 11.400159120559692, 11.397692441940308, 11.209431409835815, 11.139593362808228, 11.059359073638916, 10.960337162017822, 10.940707921981812, 10.744470357894897, 10.780731678009033, 10.662111520767212, 10.637884616851807, 10.55357050895691, 10.453801393508911, 10.321392059326172, 10.233279347419739, 10.122398495674133, 10.032965779304504, 10.093340277671814, 10.078322649002075, 9.950835943222046, 9.775829672813416, 9.703029990196228, 9.675736546516418, 9.570655584335327, 9.62151849269867, 9.494666934013367, 9.495379328727722]",0.8657709614043982,0.7321022008601062,0.7350774701549403,0.7291509196271101
