K,layers,hidden_channels,out_channels,norm,lr,treatment,dropout,ratio,seed,aggregation,model_type,batch_size,rate_pairs,clusters,sampling,num_epochs,anomaly_detector,accuracy,f1,recall,precision,losses,test_accuracy,test_f1,test_recall,test_precision
11,2,64,256,,0.005,removal,0,0.3456425067614066,654,mean,GATConv,4096,10,50,sage,100,nearest_neighbors,nan,0.0,0.0,0.0,"[8.40140426158905, 8.321779012680054, 8.157633066177368, 8.139565229415894, 8.050169706344604, 8.091699600219727, 8.00299882888794, 7.839266061782837, 7.851663589477539, 7.775785803794861, 7.720887184143066, 7.6168495416641235, 7.597546100616455, 7.425696849822998, 7.402231216430664, 7.340397596359253, 7.256288647651672, 7.213887810707092, 7.116100072860718, 7.048287034034729, 6.932826995849609, 6.94940710067749, 6.8417840003967285, 6.737547159194946, 6.675082445144653, 6.562990307807922, 6.582115530967712, 6.465079665184021, 6.405641794204712, 6.30829918384552, 6.214699387550354, 6.1190043687820435, 6.065988659858704, 6.025713562965393, 5.94575822353363, 5.84432053565979, 5.7659807205200195, 5.685259938240051, 5.593311667442322, 5.5105226039886475, 5.435268759727478, 5.33254337310791, 5.258283376693726, 5.212219476699829, 5.128909349441528, 5.038006901741028, 4.970547556877136, 4.885152637958527, 4.7983298897743225, 4.752798616886139, 4.660445213317871, 4.581707179546356, 4.511604964733124, 4.446593344211578, 4.363600015640259, 4.284021079540253, 4.223385989665985, 4.132355690002441, 4.069516360759735, 4.026085615158081, 3.949275255203247, 3.869980573654175, 3.8120381236076355, 3.752157747745514, 3.678209960460663, 3.614333689212799, 3.5561522245407104, 3.499376595020294, 3.4365514516830444, 3.383802652359009, 3.3149975538253784, 3.2582334876060486, 3.1962982416152954, 3.1537593007087708, 3.0983256101608276, 3.038742780685425, 2.9859577417373657, 2.944541096687317, 2.8852027654647827, 2.8428932428359985, 2.7883516550064087, 2.7382530570030212, 2.695109188556671, 2.6700316667556763, 2.603146553039551, 2.5525978207588196, 2.5298301577568054, 2.493554323911667, 2.442491352558136, 2.3992033898830414, 2.3698864579200745, 2.3351360857486725, 2.28758442401886, 2.2468439042568207, 2.212394595146179, 2.1813135743141174, 2.154751420021057, 2.1090601086616516, 2.080076724290848, 2.0470659732818604]",0.8436529564611193,0.6974862047823421,0.7223774447548895,0.6742532005689901
