alpha,K,layers,hidden_channels,out_channels,norm,dropout,margin,lpl_weight,ratio,seed,aggregation,pos_weight,accuracy,f1,recall,precision
0.5,34,1,64,64,,0.16503701103885815,0.5,0.14633480548938665,0.23722274501079332,1,mean,1,0.9033828675762032,0.8759684875317404,0.8542222222222222,0.8988508818813469
0.5,34,1,64,64,,0.16503701103885815,0.5,0.14633480548938665,0.23722274501079332,2,mean,1,0.9007455495257899,0.8725164484398411,0.8504126984126984,0.8957998929909042
0.5,34,1,64,64,,0.16503701103885815,0.5,0.14633480548938665,0.23722274501079332,3,mean,1,0.9056651620429071,0.8790479906359735,0.8582857142857143,0.9008396641343462
0.5,34,1,64,64,,0.16503701103885815,0.5,0.14633480548938665,0.23722274501079332,4,mean,1,0.9039914794339909,0.8768299824321687,0.8556190476190476,0.899119295436349
0.5,34,1,64,64,,0.16503701103885815,0.5,0.14633480548938665,0.23722274501079332,5,mean,1,0.900441243596896,0.8726069180349146,0.8537142857142858,0.8923546588797452
