alpha,K,layers,hidden_channels,out_channels,norm,dropout,margin,lpl_weight,ratio,seed,aggregation,pos_weight,accuracy,f1,recall,precision
0.5,29,1,256,256,,0.19221991201902847,0.5,0.9984868771858917,0.19842266394401964,1,mean,1,0.8580920018258356,0.8012784090909091,0.7163174603174604,0.9091055600322321
0.5,29,1,256,256,,0.19221991201902847,0.5,0.9984868771858917,0.19842266394401964,2,mean,1,0.8575848252776792,0.8000569638279692,0.7133968253968254,0.9106824444804669
0.5,29,1,256,256,,0.19221991201902847,0.5,0.9984868771858917,0.19842266394401964,3,mean,1,0.8593599431962267,0.8036258055378515,0.7205079365079365,0.9084213896894012
0.5,29,1,256,256,,0.19221991201902847,0.5,0.9984868771858917,0.19842266394401964,4,mean,1,0.8607293198762489,0.8050546642055942,0.72,0.912896473997746
0.5,29,1,256,256,,0.19221991201902847,0.5,0.9984868771858917,0.19842266394401964,5,mean,1,0.8572805193487854,0.8010182435299109,0.7192380952380952,0.9037817137386309
