alpha,K,layers,hidden_channels,out_channels,norm,dropout,margin,lpl_weight,ratio,seed,aggregation,pos_weight,accuracy,f1,recall,precision
0.3905733017461206,35,2,128,128,graphnorm,0.35843415909387344,0.13388491644078554,0.6903515815427492,0.23504858097636067,1,sum,1,0.8985139727139017,0.8713762293501318,0.8606984126984127,0.8823223118979432
0.3905733017461206,35,2,128,128,graphnorm,0.35843415909387344,0.13388491644078554,0.6903515815427492,0.23504858097636067,2,sum,1,0.8940001014353096,0.8655775662464625,0.8544761904761905,0.8769711977062427
0.3905733017461206,35,2,128,128,graphnorm,0.35843415909387344,0.13388491644078554,0.6903515815427492,0.23504858097636067,3,sum,1,0.8999340670487397,0.8733388970918662,0.8637460317460317,0.8831472344845495
0.3905733017461206,35,2,128,128,graphnorm,0.35843415909387344,0.13388491644078554,0.6903515815427492,0.23504858097636067,4,sum,1,0.8965359841760917,0.8688777477824913,0.8582857142857143,0.8797344787192503
0.3905733017461206,35,2,128,128,graphnorm,0.35843415909387344,0.13388491644078554,0.6903515815427492,0.23504858097636067,5,sum,1,0.8954201957701476,0.8673954983922829,0.8563809523809524,0.8786970684039088
