K,layers,hidden_channels,out_channels,norm,lr,treatment,dropout,ratio,seed,aggregation,model_type,batch_size,rate_pairs,clusters,sampling,num_epochs,anomaly_detector,accuracy,f1,recall,precision,losses,test_accuracy,test_f1,test_recall,test_precision
20,2,256,128,,0.005,removal,0,0.21556021769731498,654,mean,GCNConv,1024,10,50,sage,50,nearest_neighbors,nan,0.0,0.0,0.0,"[48.725974559783936, 47.37374925613403, 46.57794427871704, 44.663493394851685, 44.607325315475464, 42.74970304965973, 41.83871912956238, 41.04621911048889, 39.5000946521759, 38.0690883398056, 36.56945848464966, 35.33205056190491, 33.79993677139282, 32.067240715026855, 30.365132451057434, 29.037866830825806, 27.02398192882538, 25.440211296081543, 23.686662673950195, 21.938486218452454, 20.465402901172638, 19.067551851272583, 17.69038337469101, 16.476643681526184, 15.23204106092453, 14.21521008014679, 13.26248949766159, 12.42464566230774, 11.589135527610779, 10.868472397327423, 10.187595516443253, 9.570967108011246, 9.030825316905975, 8.506784915924072, 8.070482820272446, 7.607116520404816, 7.186937004327774, 6.865833550691605, 6.501098126173019, 6.205421298742294, 5.936381459236145, 5.6397073566913605, 5.397546291351318, 5.147430986166, 4.934097692370415, 4.726601138710976, 4.573322504758835, 4.384319290518761, 4.203057080507278, 4.0567194521427155]",0.8700804867228595,0.7115925717501407,0.6423672847345695,0.7975402081362346
