K,layers,hidden_channels,out_channels,norm,lr,treatment,dropout,ratio,seed,aggregation,model_type,batch_size,rate_pairs,clusters,sampling,num_epochs,anomaly_detector,accuracy,f1,recall,precision,losses,test_accuracy,test_f1,test_recall,test_precision
29,2,256,256,,0.005,removal,0,0.42510573423933196,654,mean,GCNConv,1024,10,50,sage,100,nearest_neighbors,nan,0.0,0.0,0.0,"[48.520612478256226, 46.49291706085205, 44.90730166435242, 43.04703617095947, 41.575249791145325, 40.79191029071808, 39.63165771961212, 38.429072976112366, 37.001909255981445, 36.3538898229599, 35.682748556137085, 34.75858950614929, 33.74214732646942, 32.52447295188904, 31.733561277389526, 30.544690012931824, 29.513084888458252, 28.32855784893036, 27.287850618362427, 26.031909465789795, 24.689921259880066, 23.571914553642273, 22.307618260383606, 21.07481861114502, 19.80533719062805, 18.584111869335175, 17.39094239473343, 16.307161152362823, 15.264688193798065, 14.245665490627289, 13.377250790596008, 12.558326601982117, 11.728009343147278, 11.065023124217987, 10.353576421737671, 9.730567634105682, 9.165091544389725, 8.649940818548203, 8.163195043802261, 7.7427898645401, 7.301090955734253, 6.953422963619232, 6.59676468372345, 6.303623378276825, 5.969312280416489, 5.7042480409145355, 5.446377843618393, 5.180634826421738, 4.996210873126984, 4.780579477548599, 4.571772634983063, 4.4012109488248825, 4.209718301892281, 4.077566206455231, 3.900540828704834, 3.764517977833748, 3.628581002354622, 3.5035952627658844, 3.3740011751651764, 3.2746354192495346, 3.1454983055591583, 3.0484258383512497, 2.9410941898822784, 2.867230713367462, 2.769061490893364, 2.6880409717559814, 2.605483517050743, 2.5269424244761467, 2.4579319655895233, 2.3803070336580276, 2.31073584407568, 2.2483247816562653, 2.1874342262744904, 2.1259865313768387, 2.0738122686743736, 2.021347962319851, 1.9747361987829208, 1.922241561114788, 1.8616068363189697, 1.8225257843732834, 1.778491236269474, 1.7321816012263298, 1.68258885294199, 1.6494641974568367, 1.6068643629550934, 1.5680852085351944, 1.536843702197075, 1.5024058446288109, 1.4765553548932076, 1.4379954263567924, 1.4158034473657608, 1.3764933422207832, 1.3444881290197372, 1.324068307876587, 1.2898054867982864, 1.2635321840643883, 1.2337564565241337, 1.2059818170964718, 1.1943510808050632, 1.166403193026781]",0.8489131123645351,0.7216254086875292,0.7848615697231395,0.6678193213745407
