K,layers,hidden_channels,out_channels,norm,lr,treatment,dropout,ratio,seed,aggregation,model_type,batch_size,rate_pairs,clusters,sampling,sampling_k,num_epochs,anomaly_detector,accuracy,f1,recall,precision,losses
15,2,256,256,,0.00853490324891714,removal,0,0.27847805560919686,654,mean,GATConv,1024,10,200,neighbor,75,100,unweighted,0.8263427499112441,0.7473062730627307,0.6429206349206349,0.8921585903083701,"[37.42347598075867, 35.74361431598663, 33.71044635772705, 31.76101005077362, 29.825130343437195, 27.84951937198639, 25.56220245361328, 23.219381093978882, 21.09512507915497, 18.720150887966156, 16.63097482919693, 14.693765342235565, 12.978778183460236, 11.467230498790741, 10.140460699796677, 9.039001494646072, 8.140295833349228, 7.3091267347335815, 6.646421521902084, 6.033040523529053, 5.527450919151306, 5.074245408177376, 4.689235091209412, 4.326049253344536, 4.0398430824279785, 3.730540245771408, 3.497511610388756, 3.2867161482572556, 3.100228413939476, 2.905056670308113, 2.751415103673935, 2.5924337953329086, 2.474518559873104, 2.3410025984048843, 2.2117482647299767, 2.1211177334189415, 2.0137748643755913, 1.9205163270235062, 1.8297673538327217, 1.7521202266216278, 1.685285709798336, 1.6244206055998802, 1.5455536991357803, 1.4811555668711662, 1.4304376393556595, 1.3804114535450935, 1.323774740099907, 1.2829545363783836, 1.2382647655904293, 1.1907440572977066, 1.154249045997858, 1.112335842102766, 1.0788055062294006, 1.045269176363945, 1.006897147744894, 0.9789423011243343, 0.9474146440625191, 0.9148689582943916, 0.8908636458218098, 0.8665306977927685, 0.8409034423530102, 0.8184548430144787, 0.7925016172230244, 0.7717133164405823, 0.7487529329955578, 0.7282482869923115, 0.7112971618771553, 0.6931795589625835, 0.67500414326787, 0.6584004797041416, 0.6414681933820248, 0.6234113983809948, 0.6080585140734911, 0.5956094302237034, 0.5818772688508034, 0.5661913584917784, 0.5528025180101395, 0.5393641702830791, 0.5283167157322168, 0.5167256854474545, 0.5040153656154871, 0.4924201723188162, 0.4833415802568197, 0.4720309544354677, 0.4621717482805252, 0.451208982616663, 0.4441101234406233, 0.43361097015440464, 0.42395966686308384, 0.4161130655556917, 0.4063494522124529, 0.39840818755328655, 0.39022810757160187, 0.38373602740466595, 0.375143202021718, 0.36767585203051567, 0.3600549027323723, 0.35383001901209354, 0.3483393844217062, 0.34201335348188877]"
