K,layers,hidden_channels,out_channels,norm,lr,treatment,dropout,ratio,seed,aggregation,model_type,batch_size,rate_pairs,clusters,sampling,num_epochs,anomaly_detector,accuracy,f1,recall,precision,losses,test_accuracy,test_f1,test_recall,test_precision
10,2,128,256,,0.005,removal,0,0.42621163874866247,654,mean,GCNConv,2048,10,50,sage,50,nearest_neighbors,nan,0.0,0.0,0.0,"[14.750754833221436, 14.701106548309326, 14.399572610855103, 14.236400485038757, 13.97230350971222, 13.684703826904297, 13.371631026268005, 13.122527003288269, 12.904346585273743, 12.540806651115417, 12.275591492652893, 12.038747310638428, 11.73722779750824, 11.451756119728088, 11.19812560081482, 10.84910786151886, 10.575471758842468, 10.251592516899109, 10.058784544467926, 9.656571567058563, 9.37842720746994, 9.126142859458923, 8.877361238002777, 8.550441801548004, 8.250065386295319, 7.933641016483307, 7.693620383739471, 7.42940491437912, 7.187936425209045, 6.939391374588013, 6.718951523303986, 6.488931715488434, 6.207686007022858, 6.033252537250519, 5.822960078716278, 5.60111391544342, 5.441247880458832, 5.2364917397499084, 5.088443547487259, 4.899829655885696, 4.735571175813675, 4.589752197265625, 4.42177751660347, 4.290385007858276, 4.153872847557068, 4.010682016611099, 3.8870833814144135, 3.768171191215515, 3.6492148637771606, 3.5375715494155884]",0.8507509981621142,0.7309493887809894,0.8125476250952501,0.6642441860465116
