K,layers,hidden_channels,out_channels,norm,lr,treatment,dropout,ratio,seed,aggregation,model_type,batch_size,rate_pairs,clusters,sampling,num_epochs,anomaly_detector,accuracy,f1,recall,precision,losses,test_accuracy,test_f1,test_recall,test_precision
6,2,256,128,,0.005,removal,0,0.39535294177951213,654,mean,GCNConv,2048,10,50,sage,50,nearest_neighbors,nan,0.0,0.0,0.0,"[26.375699043273926, 26.020490646362305, 25.309757709503174, 24.955941677093506, 24.47118067741394, 23.874346017837524, 23.330618143081665, 22.774036645889282, 22.130855321884155, 21.51871609687805, 20.91322159767151, 20.3370498418808, 19.77509880065918, 19.258527278900146, 18.634150862693787, 17.93662440776825, 17.456881165504456, 16.871795296669006, 16.27768063545227, 15.78846800327301, 15.181790709495544, 14.68147897720337, 14.184775590896606, 13.692102432250977, 13.19349491596222, 12.777652263641357, 12.356009602546692, 11.891574382781982, 11.524596691131592, 11.0924152135849, 10.800796389579773, 10.352214097976685, 10.072156131267548, 9.685674011707306, 9.382255852222443, 9.08829551935196, 8.795902073383331, 8.515528082847595, 8.21667891740799, 7.953372955322266, 7.688963294029236, 7.524252951145172, 7.256041586399078, 7.044817268848419, 6.885087192058563, 6.66601037979126, 6.429930627346039, 6.284196317195892, 6.104130685329437, 5.966133117675781]",0.8605741808733126,0.7473007121525385,0.826263652527305,0.6821136506605159
