K,layers,hidden_channels,out_channels,norm,lr,treatment,dropout,ratio,seed,aggregation,model_type,batch_size,rate_pairs,clusters,sampling,num_epochs,anomaly_detector,accuracy,f1,recall,precision,losses,test_accuracy,test_f1,test_recall,test_precision
15,2,256,64,,0.005,removal,0,0.39787967340925706,654,mean,GCNConv,4096,10,50,sage,50,nearest_neighbors,nan,0.0,0.0,0.0,"[9.199287414550781, 9.310262203216553, 9.22375738620758, 9.130462169647217, 9.11691689491272, 9.06156599521637, 9.001700758934021, 8.90103542804718, 8.741597294807434, 8.662678003311157, 8.61660921573639, 8.602932810783386, 8.49050521850586, 8.406226396560669, 8.336111545562744, 8.294011950492859, 8.247590184211731, 8.115835905075073, 8.034647703170776, 8.038618683815002, 7.9127525091171265, 7.827302575111389, 7.817598104476929, 7.717920541763306, 7.671019554138184, 7.59559178352356, 7.53743577003479, 7.470348119735718, 7.3200143575668335, 7.334385514259338, 7.2690770626068115, 7.178908467292786, 7.067039728164673, 6.979653596878052, 6.917935848236084, 6.920169949531555, 6.7780715227127075, 6.665599942207336, 6.589408874511719, 6.551164865493774, 6.410957336425781, 6.392911076545715, 6.318877220153809, 6.224779844284058, 6.167930006980896, 6.064630031585693, 5.9982805252075195, 5.904922604560852, 5.840616703033447, 5.76930034160614]",0.8414348184295583,0.7159400544959128,0.8008636017272035,0.6473003490043112
