K,layers,hidden_channels,out_channels,norm,lr,treatment,dropout,ratio,seed,aggregation,model_type,batch_size,rate_pairs,clusters,sampling,num_epochs,anomaly_detector,accuracy,f1,recall,precision,losses,test_accuracy,test_f1,test_recall,test_precision
13,3,256,128,,0.005,removal,0,0.3567357889046082,654,mean,GCNConv,2048,10,50,sage,50,nearest_neighbors,nan,0.0,0.0,0.0,"[17.19434952735901, 17.122657418251038, 16.904647946357727, 16.707559823989868, 16.37689733505249, 16.220357179641724, 15.904705166816711, 15.63884961605072, 15.470652103424072, 15.059189558029175, 14.819519996643066, 14.551185607910156, 14.320984959602356, 13.979889631271362, 13.762593388557434, 13.408757209777832, 12.975346803665161, 12.775320172309875, 12.39427924156189, 12.098574042320251, 11.757577419281006, 11.415237426757812, 11.047923684120178, 10.719495296478271, 10.425187230110168, 10.106467306613922, 9.730548024177551, 9.43315041065216, 9.106526494026184, 8.842276096343994, 8.547377526760101, 8.226933717727661, 7.965988337993622, 7.637505948543549, 7.379091143608093, 7.119587182998657, 6.887958407402039, 6.62966787815094, 6.374152779579163, 6.174713850021362, 5.959294140338898, 5.736157655715942, 5.539592027664185, 5.377253234386444, 5.176108300685883, 4.98952129483223, 4.830243527889252, 4.670701563358307, 4.511846542358398, 4.369597882032394]",0.8536028899169783,0.7301401869158879,0.793751587503175,0.6759679861561756
