K,layers,hidden_channels,out_channels,norm,lr,treatment,dropout,ratio,seed,aggregation,model_type,batch_size,rate_pairs,clusters,sampling,num_epochs,anomaly_detector,accuracy,f1,recall,precision,losses,test_accuracy,test_f1,test_recall,test_precision
11,2,128,256,,0.005,removal,0,0.37702502346256256,654,mean,GCNConv,2048,10,50,sage,50,nearest_neighbors,nan,0.0,0.0,0.0,"[15.915033102035522, 15.915258169174194, 15.603088974952698, 15.448482990264893, 15.187054634094238, 14.908676624298096, 14.568301796913147, 14.325453519821167, 14.089998722076416, 13.735700726509094, 13.452004194259644, 13.203916430473328, 12.90676498413086, 12.5993891954422, 12.344645738601685, 11.968708038330078, 11.693778395652771, 11.349350929260254, 11.125953674316406, 10.706721901893616, 10.402994155883789, 10.145753979682922, 9.86306381225586, 9.508138358592987, 9.170573890209198, 8.826955080032349, 8.56391853094101, 8.266525387763977, 7.99380487203598, 7.717964589595795, 7.472578525543213, 7.218460261821747, 6.904629051685333, 6.7016377449035645, 6.463828682899475, 6.216593265533447, 6.035789847373962, 5.804283678531647, 5.634056806564331, 5.418565928936005, 5.231283664703369, 5.069477051496506, 4.881224542856216, 4.7275689244270325, 4.573288977146149, 4.410232454538345, 4.274677366018295, 4.1412451565265656, 4.006887525320053, 3.880860209465027]",0.859243298054376,0.7371286542786128,0.7909575819151639,0.6901595744680851
