alpha,K,layers,hidden_channels,out_channels,norm,dropout,margin,lpl_weight,ratio,seed,aggregation,pos_weight,accuracy,f1,recall,precision
0.5,34,1,256,256,,0,0.5,0.7034303836281722,0.3148815033998366,1,sum,1,0.8766546634883603,0.8495235738151219,0.8717460317460317,0.8284059370097744
0.5,34,1,256,256,,0,0.5,0.7034303836281722,0.3148815033998366,2,sum,1,0.8804584875995334,0.8544792245477557,0.8787301587301587,0.8315308819995193
0.5,34,1,256,256,,0,0.5,0.7034303836281722,0.3148815033998366,3,sum,1,0.8799005933965613,0.8529740469390289,0.8722539682539683,0.8345280038877415
0.5,34,1,256,256,,0,0.5,0.7034303836281722,0.3148815033998366,4,sum,1,0.8786326520261704,0.8517807370703004,0.8731428571428571,0.8314389359129384
0.5,34,1,256,256,,0,0.5,0.7034303836281722,0.3148815033998366,5,sum,1,0.8726986864127403,0.8455764734834502,0.8726349206349207,0.8201456021004894
