K,layers,hidden_channels,out_channels,norm,lr,treatment,dropout,ratio,seed,aggregation,model_type,batch_size,rate_pairs,clusters,sampling,num_epochs,anomaly_detector,accuracy,f1,recall,precision,losses,test_accuracy,test_f1,test_recall,test_precision
17,1,256,128,,0.005,removal,0,0.4815645741878794,654,mean,GCNConv,2048,10,50,sage,100,nearest_neighbors,0.6290650406504065,0.7723019338739863,0.6290650406504065,1.0,"[22.32362413406372, 21.77982759475708, 21.827372312545776, 21.40838885307312, 21.155031442642212, 20.8003249168396, 20.566206693649292, 20.373083114624023, 20.09393835067749, 19.728897094726562, 19.5157812833786, 19.244964599609375, 18.860454082489014, 18.667624592781067, 18.43169915676117, 17.97657835483551, 17.66822898387909, 17.212453484535217, 16.921878457069397, 16.530946135520935, 16.191365242004395, 15.7250314950943, 15.460994720458984, 14.898112535476685, 14.46310269832611, 14.028205037117004, 13.517923712730408, 13.111912488937378, 12.719097971916199, 12.298149228096008, 11.786592364311218, 11.37647533416748, 10.920521974563599, 10.524346947669983, 10.133835792541504, 9.760274291038513, 9.35446548461914, 8.997836887836456, 8.672117352485657, 8.367468893527985, 8.026862740516663, 7.69444215297699, 7.4405557513237, 7.173038959503174, 6.864244520664215, 6.645072162151337, 6.394217133522034, 6.1824504137039185, 5.951835095882416, 5.7780293226242065, 5.549902617931366, 5.361620306968689, 5.196893990039825, 5.02210795879364, 4.856601268053055, 4.723716080188751, 4.571465611457825, 4.437046945095062, 4.285011410713196, 4.1749028861522675, 4.049961626529694, 3.9275394678115845, 3.8206097781658173, 3.7090350091457367, 3.6268597841262817, 3.526755779981613, 3.4251800775527954, 3.337386190891266, 3.2572588324546814, 3.1776070594787598, 3.0733421444892883, 3.0125559270381927, 2.948600113391876, 2.8750829994678497, 2.800032377243042, 2.739529609680176, 2.667321890592575, 2.617155760526657, 2.5678329169750214, 2.506721258163452, 2.4385268539190292, 2.3904085755348206, 2.34566767513752, 2.2891725450754166, 2.2460708022117615, 2.1940147280693054, 2.1545115262269974, 2.0962433516979218, 2.058493956923485, 2.0172247290611267, 1.9863386452198029, 1.9502909928560257, 1.9003071039915085, 1.8804325759410858, 1.8396243751049042, 1.80268993973732, 1.7737497985363007, 1.7323272377252579, 1.7042609751224518, 1.683848038315773]",0.8388192929958919,0.7930450638187028,0.7732063492063492,0.8139286191685604
