K,layers,hidden_channels,out_channels,norm,lr,treatment,dropout,ratio,seed,aggregation,model_type,batch_size,rate_pairs,clusters,sampling,num_epochs,anomaly_detector,accuracy,f1,recall,precision,losses,test_accuracy,test_f1,test_recall,test_precision
13,1,256,128,,0.005,removal,0,0.24374400506027055,654,mean,GCNConv,2048,10,50,sage,50,nearest_neighbors,nan,0.0,0.0,0.0,"[35.98668026924133, 35.40607166290283, 34.90466117858887, 34.8774139881134, 34.301210165023804, 33.572503089904785, 33.243778705596924, 32.68612813949585, 32.127763509750366, 32.03646659851074, 31.260043382644653, 30.67987060546875, 30.174121379852295, 29.36104130744934, 28.777190923690796, 28.299936771392822, 27.470521926879883, 26.734691858291626, 26.124545335769653, 25.358458757400513, 24.642977476119995, 23.837536334991455, 23.32492232322693, 22.63627576828003, 21.880308628082275, 20.961559772491455, 20.29628884792328, 19.542961359024048, 18.971137642860413, 18.130030870437622, 17.58122432231903, 16.99933636188507, 16.307353377342224, 15.700912833213806, 15.14183247089386, 14.614542126655579, 14.008793473243713, 13.4536634683609, 13.002898931503296, 12.445857405662537, 12.040792346000671, 11.660753846168518, 11.187497854232788, 10.804075241088867, 10.406497836112976, 10.03861790895462, 9.758541584014893, 9.39732712507248, 9.13566243648529, 8.76739114522934]",0.8438430825781101,0.6392386530014641,0.5544831089662179,0.7545800207397165
