alpha,K,layers,hidden_channels,out_channels,norm,dropout,margin,lpl_weight,ratio,seed,aggregation,pos_weight,accuracy,f1,recall,precision
0.5,34,1,256,128,,0.393441839825815,0.5,0.4868172722364953,0.27468574208436447,1,sum,1,0.8820307348988182,0.8523362112747588,0.8524444444444444,0.852228005585883
0.5,34,1,256,128,,0.393441839825815,0.5,0.4868172722364953,0.27468574208436447,2,sum,1,0.8838058528173657,0.854567383990351,0.8547301587301588,0.8544046712363544
0.5,34,1,256,128,,0.393441839825815,0.5,0.4868172722364953,0.27468574208436447,3,sum,1,0.8830450879951312,0.8530086690464049,0.8496507936507937,0.8563931908357865
0.5,34,1,256,128,,0.393441839825815,0.5,0.4868172722364953,0.27468574208436447,4,sum,1,0.8817264289699245,0.8511805998723676,0.8468571428571429,0.8555484284797947
0.5,34,1,256,128,,0.393441839825815,0.5,0.4868172722364953,0.27468574208436447,5,sum,1,0.8762489222498352,0.8449218253463836,0.8440634920634921,0.845781906094923
