K,layers,hidden_channels,out_channels,norm,lr,treatment,dropout,ratio,seed,aggregation,model_type,batch_size,rate_pairs,clusters,sampling,num_epochs,anomaly_detector,accuracy,f1,recall,precision,losses,test_accuracy,test_f1,test_recall,test_precision
7,2,256,128,,0.005,removal,0,0.4372231794564739,654,mean,GCNConv,1024,10,50,sage,50,nearest_neighbors,nan,0.0,0.0,0.0,"[56.62194347381592, 54.33631443977356, 52.28535056114197, 49.917396068573, 48.07014298439026, 45.22189927101135, 42.95831060409546, 40.57615768909454, 38.114858627319336, 35.49875628948212, 33.2374769449234, 31.093836307525635, 28.95947015285492, 27.007198452949524, 25.083234548568726, 23.590899229049683, 21.851939797401428, 20.533949971199036, 19.110558450222015, 17.84586137533188, 16.73085606098175, 15.77692824602127, 14.818730056285858, 13.98229455947876, 13.144493341445923, 12.433025419712067, 11.80165159702301, 11.213597595691681, 10.605468213558197, 10.09320342540741, 9.609274983406067, 9.134876191616058, 8.742713838815689, 8.335286915302277, 8.009962499141693, 7.622892081737518, 7.269785910844803, 7.015567362308502, 6.707934886217117, 6.455398052930832, 6.231173455715179, 5.954610347747803, 5.748548924922943, 5.513059884309769, 5.323718875646591, 5.12921829521656, 4.994553327560425, 4.817604050040245, 4.6426175981760025, 4.499735355377197]",0.8529691361936751,0.7367226509305492,0.824485648971298,0.6658461538461539
