K,layers,hidden_channels,out_channels,norm,lr,treatment,dropout,ratio,seed,aggregation,model_type,batch_size,rate_pairs,clusters,sampling,num_epochs,anomaly_detector,accuracy,f1,recall,precision,losses,test_accuracy,test_f1,test_recall,test_precision
14,2,256,64,,0.005,removal,0,0.34037302212183423,654,mean,GATConv,4096,10,50,sage,50,nearest_neighbors,nan,0.0,0.0,0.0,"[9.377795338630676, 9.478544235229492, 9.460302948951721, 9.377669095993042, 9.332362413406372, 9.134364485740662, 9.033828854560852, 9.039306163787842, 8.970650911331177, 8.896547675132751, 8.838657140731812, 8.73318862915039, 8.651877641677856, 8.576228618621826, 8.498700380325317, 8.445985317230225, 8.421375751495361, 8.322782635688782, 8.26582384109497, 8.1571546792984, 8.05585789680481, 7.997429728507996, 7.957505941390991, 7.866285085678101, 7.831266522407532, 7.703005313873291, 7.658697247505188, 7.5729289054870605, 7.495019197463989, 7.443053841590881, 7.307267069816589, 7.297606587409973, 7.172184944152832, 7.142198801040649, 7.083122491836548, 6.95186710357666, 6.847294092178345, 6.7807759046554565, 6.68222975730896, 6.601373910903931, 6.556962728500366, 6.485694766044617, 6.389331340789795, 6.284094572067261, 6.17792010307312, 6.111676931381226, 6.021733522415161, 5.964527249336243, 5.875694632530212, 5.8170506954193115]",0.8568350339058242,0.7298816214277173,0.7752095504191009,0.6895616809760506
