alpha,K,layers,hidden_channels,out_channels,norm,dropout,margin,lpl_weight,ratio,seed,aggregation,pos_weight,accuracy,f1,recall,precision
0.5,28,1,256,256,,0,0.5,0.3211063846777349,0.22474784381115143,1,mean,1,0.9119541512400466,0.8871848193397452,0.8667936507936508,0.9085584986024224
0.5,28,1,256,256,,0,0.5,0.3211063846777349,0.22474784381115143,2,mean,1,0.9111426687629964,0.8861450480894203,0.8657777777777778,0.9074936776254492
0.5,28,1,256,256,,0,0.5,0.3211063846777349,0.22474784381115143,3,mean,1,0.9106862098696556,0.8855378615534611,0.865015873015873,0.9070572569906791
0.5,28,1,256,256,,0,0.5,0.3211063846777349,0.22474784381115143,4,mean,1,0.9091646802251864,0.8834970402654003,0.8623492063492063,0.9057081888503601
0.5,28,1,256,256,,0,0.5,0.3211063846777349,0.22474784381115143,5,mean,1,0.9074402799614546,0.8813162515445145,0.8604444444444445,0.9032258064516129
