K,layers,hidden_channels,out_channels,norm,lr,treatment,dropout,ratio,seed,aggregation,model_type,batch_size,rate_pairs,clusters,sampling,num_epochs,anomaly_detector,accuracy,f1,recall,precision,losses,test_accuracy,test_f1,test_recall,test_precision
8,2,256,128,,0.005,removal,0,0.25793544688630926,654,mean,GCNConv,2048,10,50,sage,100,nearest_neighbors,0.524390243902439,0.688,0.524390243902439,1.0,"[16.851856112480164, 16.57365584373474, 16.349697828292847, 16.05184757709503, 15.678993701934814, 15.309841752052307, 15.125825047492981, 14.755368828773499, 14.437448143959045, 14.002427577972412, 13.712197184562683, 13.33402156829834, 12.956583857536316, 12.633640170097351, 12.255033135414124, 11.888888120651245, 11.492775559425354, 11.172382235527039, 10.784340620040894, 10.44858431816101, 10.102258503437042, 9.77254730463028, 9.38962870836258, 9.082848310470581, 8.760018289089203, 8.461096346378326, 8.164684772491455, 7.866942405700684, 7.573968589305878, 7.316832959651947, 7.060330629348755, 6.83061957359314, 6.610741496086121, 6.360335409641266, 6.134477972984314, 5.9396679401397705, 5.747385740280151, 5.538656413555145, 5.368647933006287, 5.186264455318451, 5.040883123874664, 4.853309065103531, 4.724153220653534, 4.548327267169952, 4.425566494464874, 4.290662795305252, 4.178327679634094, 4.041490286588669, 3.9311831295490265, 3.8089868128299713, 3.699757933616638, 3.599198192358017, 3.5040085911750793, 3.4091642796993256, 3.3287851810455322, 3.2266300320625305, 3.145358592271805, 3.0664950907230377, 2.9866334795951843, 2.923615962266922, 2.8518973290920258, 2.7833396196365356, 2.7065586149692535, 2.6405660212039948, 2.589743345975876, 2.5334622859954834, 2.456691548228264, 2.4048617482185364, 2.356393665075302, 2.3109477013349533, 2.247287482023239, 2.2028409242630005, 2.1552707850933075, 2.1047420352697372, 2.0618478655815125, 2.0280435532331467, 1.984645664691925, 1.9421534538269043, 1.9007856249809265, 1.8599998652935028, 1.8310978412628174, 1.793707698583603, 1.7606281340122223, 1.7255894839763641, 1.688063457608223, 1.6634718179702759, 1.6267499327659607, 1.6033560186624527, 1.5726191401481628, 1.537424311041832, 1.5155453234910965, 1.4937531501054764, 1.4650645852088928, 1.4421696960926056, 1.4087465405464172, 1.3907880932092667, 1.3609032332897186, 1.3431563675403595, 1.323575109243393, 1.300080269575119]",0.8574326723132323,0.796907737880211,0.7003174603174603,0.9244049614482065
