K,layers,hidden_channels,out_channels,norm,lr,treatment,dropout,ratio,seed,aggregation,model_type,batch_size,rate_pairs,clusters,sampling,num_epochs,anomaly_detector,accuracy,f1,recall,precision,losses,test_accuracy,test_f1,test_recall,test_precision
7,1,64,256,,0.009187216764301032,removal,0,0.4059780429704426,654,mean,GCNConv,1024,4,100,sage,100,nearest_neighbors,0.43902439024390244,0.6101694915254238,0.43902439024390244,1.0,"[31.685487508773804, 29.151060104370117, 26.599255800247192, 23.983893632888794, 21.404597997665405, 18.914689123630524, 16.579933643341064, 14.476856887340546, 12.75508576631546, 11.284398019313812, 9.989511400461197, 8.907197326421738, 7.959618926048279, 7.165615141391754, 6.50155508518219, 5.888639539480209, 5.362900674343109, 4.950675457715988, 4.571400061249733, 4.210269406437874, 3.902524918317795, 3.658903628587723, 3.4085070341825485, 3.17718805372715, 2.979744032025337, 2.808786079287529, 2.653874009847641, 2.497830666601658, 2.37753963470459, 2.243931420147419, 2.13420906662941, 2.0302489325404167, 1.9283329173922539, 1.8363470509648323, 1.7550086826086044, 1.6758160591125488, 1.596473179757595, 1.5335706248879433, 1.4708779826760292, 1.4143134206533432, 1.3601620197296143, 1.3011956438422203, 1.2535775937139988, 1.2145015448331833, 1.1639753952622414, 1.1243360340595245, 1.083435945212841, 1.050705686211586, 1.0108717381954193, 0.9739766493439674, 0.9415241293609142, 0.9170863665640354, 0.8900406621396542, 0.8614067509770393, 0.8336546421051025, 0.8087530396878719, 0.783278401941061, 0.7600359469652176, 0.7404876537621021, 0.7177353799343109, 0.699165515601635, 0.679824598133564, 0.660481657832861, 0.6451464854180813, 0.6270284801721573, 0.6105089876800776, 0.5911752730607986, 0.5807153601199389, 0.5643080193549395, 0.5506076272577047, 0.5366461649537086, 0.5239137783646584, 0.5124386847019196, 0.499922689050436, 0.48943095467984676, 0.47707577235996723, 0.46420691534876823, 0.45384666323661804, 0.4429773576557636, 0.43590153381228447, 0.42713762260973454, 0.41644181683659554, 0.4061757307499647, 0.39714440144598484, 0.3890478517860174, 0.3826215788722038, 0.37392725981771946, 0.3636843152344227, 0.3592714089900255, 0.3518207799643278, 0.3434519488364458, 0.33613561652600765, 0.3310365565121174, 0.3246855568140745, 0.31851975806057453, 0.3099712822586298, 0.3062794851139188, 0.2992958603426814, 0.29385197535157204, 0.2884116554632783]",0.8261398792919815,0.7515221803421281,0.6582857142857143,0.8755277824691775
