K,layers,hidden_channels,out_channels,norm,lr,treatment,dropout,ratio,seed,aggregation,model_type,batch_size,rate_pairs,clusters,sampling,num_epochs,anomaly_detector,accuracy,f1,recall,precision,losses,test_accuracy,test_f1,test_recall,test_precision
7,2,128,256,,0.005,removal,0,0.35553247858305526,654,mean,GATConv,4096,10,50,sage,100,nearest_neighbors,nan,0.0,0.0,0.0,"[6.8534015417099, 6.720121622085571, 6.655777215957642, 6.602585792541504, 6.5063157081604, 6.443801522254944, 6.385518908500671, 6.314169645309448, 6.265799045562744, 6.178564190864563, 6.12444269657135, 6.046320796012878, 5.968835830688477, 5.9097453355789185, 5.807215571403503, 5.773409605026245, 5.707635045051575, 5.617161273956299, 5.5342864990234375, 5.470320224761963, 5.400289535522461, 5.382343530654907, 5.2761969566345215, 5.222610592842102, 5.119837284088135, 5.049505591392517, 4.965283393859863, 4.894871473312378, 4.845045864582062, 4.730076968669891, 4.6852030754089355, 4.621487081050873, 4.551699876785278, 4.473783016204834, 4.4208714962005615, 4.311999320983887, 4.2628583908081055, 4.211356222629547, 4.145751357078552, 4.065580785274506, 4.002623677253723, 3.948064923286438, 3.8898056745529175, 3.8073569536209106, 3.7436782121658325, 3.6831732392311096, 3.623038351535797, 3.5615223050117493, 3.5114482045173645, 3.435396194458008, 3.3651991486549377, 3.322853684425354, 3.2566943168640137, 3.214137017726898, 3.170953691005707, 3.0949124097824097, 3.055694818496704, 2.9884185791015625, 2.9513555765151978, 2.8974103927612305, 2.855624496936798, 2.7945695519447327, 2.753068685531616, 2.704725742340088, 2.6522868871688843, 2.616939663887024, 2.5780341029167175, 2.5301686227321625, 2.4859226644039154, 2.450051099061966, 2.4136685132980347, 2.364981919527054, 2.3180451095104218, 2.289449393749237, 2.2484388053417206, 2.2145758271217346, 2.1823967695236206, 2.143363505601883, 2.114839404821396, 2.0865511894226074, 2.038702756166458, 2.007667988538742, 1.9797546565532684, 1.9529979825019836, 1.920043408870697, 1.888292521238327, 1.8646160066127777, 1.8291340470314026, 1.806698977947235, 1.781729370355606, 1.7503643035888672, 1.7291485965251923, 1.7093640565872192, 1.6761455833911896, 1.6469221711158752, 1.6365520358085632, 1.6069917678833008, 1.5810778737068176, 1.5569990575313568, 1.5375244915485382]",0.8562646555548514,0.7273383024765568,0.7683515367030734,0.6904816251997261
