alpha,K,layers,hidden_channels,out_channels,norm,dropout,margin,lpl_weight,ratio,seed,aggregation,pos_weight,accuracy,f1,recall,precision
0.9550993283073252,34,2,256,128,graphnorm,0.16105738284311047,0.10370756589321314,0.16523921731862434,0.1914049076558119,1,sum,1,0.9056651620429071,0.8771466314398944,0.8431746031746031,0.9139710942876806
0.9550993283073252,34,2,256,128,graphnorm,0.16105738284311047,0.10370756589321314,0.16523921731862434,0.1914049076558119,2,sum,1,0.8994776081553989,0.8692439635835862,0.8365714285714285,0.9045722916380612
0.9550993283073252,34,2,256,128,graphnorm,0.16105738284311047,0.10370756589321314,0.16523921731862434,0.1914049076558119,3,sum,1,0.903129279302125,0.873693955825949,0.8388571428571429,0.9115496067338209
0.9550993283073252,34,2,256,128,graphnorm,0.16105738284311047,0.10370756589321314,0.16523921731862434,0.1914049076558119,4,sum,1,0.8992240198813207,0.8681398898400691,0.8306031746031746,0.9092299138170697
0.9550993283073252,34,2,256,128,graphnorm,0.16105738284311047,0.10370756589321314,0.16523921731862434,0.1914049076558119,5,sum,1,0.8983111020946392,0.8673854090879026,0.8326349206349206,0.9051628934290448
