K,layers,hidden_channels,out_channels,norm,lr,treatment,dropout,ratio,seed,aggregation,model_type,batch_size,rate_pairs,clusters,sampling,sampling_k,num_epochs,anomaly_detector,accuracy,f1,recall,precision,losses
16,2,256,256,,0.00805703576002886,removal,0,0.35670896292399934,654,mean,GCNConv,1024,10,50,cluster,50,50,nearest_neighbors,0.866511132525232,0.8363387638353439,0.8539682539682539,0.8194224442549044,"[3.862497091293335, 3.8871891498565674, 4.24043881893158, 4.047873020172119, 3.903193473815918, 3.869476795196533, 3.9473276138305664, 3.810429334640503, 3.9196903705596924, 3.9562402963638306, 3.911010265350342, 4.141915202140808, 3.8628878593444824, 3.6773667335510254, 3.8655905723571777, 3.695506274700165, 3.741042137145996, 3.735117554664612, 3.7415878772735596, 3.815880537033081, 3.6856040954589844, 3.7295539379119873, 3.731582283973694, 3.830888867378235, 3.89455509185791, 3.5887120962142944, 3.575957417488098, 3.833592414855957, 3.6366419792175293, 3.5387368202209473, 3.4497395753860474, 3.7400883436203003, 3.3655328154563904, 3.385722041130066, 3.4096330404281616, 3.4083900451660156, 3.3001580238342285, 3.210151195526123, 3.213760733604431, 3.243638038635254, 3.2726999521255493, 3.088488757610321, 3.1836429834365845, 3.0595834255218506, 2.9444316029548645, 2.8836445212364197, 2.920214295387268, 2.890473425388336, 2.860374093055725, 2.765516757965088]"
