K,layers,hidden_channels,out_channels,norm,lr,treatment,dropout,ratio,seed,aggregation,model_type,batch_size,rate_pairs,clusters,sampling,num_epochs,anomaly_detector,accuracy,f1,recall,precision,losses,test_accuracy,test_f1,test_recall,test_precision
16,2,256,128,,0.005,removal,0,0.34880350118180165,654,mean,GCNConv,2048,10,50,sage,50,nearest_neighbors,nan,0.0,0.0,0.0,"[18.68463444709778, 18.609177947044373, 18.186147451400757, 18.07646155357361, 17.91975700855255, 17.586149096488953, 17.45442020893097, 17.166723489761353, 16.837170481681824, 16.577014446258545, 16.333913922309875, 16.075757145881653, 15.874252557754517, 15.62355351448059, 15.351962924003601, 14.899898886680603, 14.7175452709198, 14.371203184127808, 13.991256713867188, 13.767491698265076, 13.327961921691895, 13.02702796459198, 12.70630156993866, 12.368578314781189, 12.012065410614014, 11.711656212806702, 11.393084168434143, 10.933310627937317, 10.7144113779068, 10.344205617904663, 10.049354791641235, 9.67606270313263, 9.394534349441528, 9.027004361152649, 8.734694838523865, 8.432046234607697, 8.12414699792862, 7.830036699771881, 7.523984968662262, 7.260769546031952, 6.9810298681259155, 6.788406550884247, 6.5009506940841675, 6.2744327783584595, 6.103075563907623, 5.860108256340027, 5.627084314823151, 5.463964521884918, 5.2647377252578735, 5.1192105412483215]",0.8613980607136067,0.7394257119027762,0.7881635763271526,0.6963644524236984
