K,layers,hidden_channels,out_channels,norm,lr,treatment,dropout,ratio,seed,aggregation,model_type,batch_size,rate_pairs,clusters,sampling,num_epochs,anomaly_detector,accuracy,f1,recall,precision,losses,test_accuracy,test_f1,test_recall,test_precision
2,1,64,128,,0.005,removal,0,0.43282255120541385,654,mean,GATConv,4096,10,50,sage,50,nearest_neighbors,nan,0.0,0.0,0.0,"[3.1835453510284424, 2.8013229966163635, 2.753934621810913, 2.7190017700195312, 2.6685150861740112, 2.612573742866516, 2.5785868763923645, 2.5257320404052734, 2.495328336954117, 2.449089288711548, 2.408003717660904, 2.3602578938007355, 2.321302682161331, 2.272858440876007, 2.2384257912635803, 2.198996424674988, 2.158281832933426, 2.123246908187866, 2.082316517829895, 2.04572194814682, 2.0068923234939575, 1.9807405173778534, 1.9459304213523865, 1.9135134518146515, 1.867176592350006, 1.829002559185028, 1.8174685537815094, 1.775887370109558, 1.7470157444477081, 1.7083259522914886, 1.6767071187496185, 1.6625545024871826, 1.6243838667869568, 1.6039892733097076, 1.5715150833129883, 1.5437138676643372, 1.5269092321395874, 1.4915491044521332, 1.4682757258415222, 1.4451149702072144, 1.4235373437404633, 1.394277423620224, 1.3714445233345032, 1.3476129472255707, 1.3314652740955353, 1.3013071417808533, 1.2894173860549927, 1.2656971514225006, 1.2418698221445084, 1.219248279929161]",0.8402306863552823,0.7066216688001862,0.7711455422910846,0.6520618556701031
