K,layers,hidden_channels,out_channels,norm,lr,treatment,dropout,ratio,seed,aggregation,model_type,batch_size,rate_pairs,clusters,sampling,num_epochs,anomaly_detector,accuracy,f1,recall,precision,losses,test_accuracy,test_f1,test_recall,test_precision
1,2,16,2,,0.005,removal,0,0.22206428826631608,654,mean,GCNConv,2048,10,50,sage,50,nearest_neighbors,nan,0.0,0.0,0.0,"[6.352256894111633, 5.1863208413124084, 4.570646196603775, 4.418125867843628, 4.349516004323959, 4.258772611618042, 4.1749091148376465, 4.123958945274353, 4.049906134605408, 3.9912158250808716, 3.937686115503311, 3.896547794342041, 3.847406715154648, 3.8161085844039917, 3.773306965827942, 3.728180170059204, 3.6950619518756866, 3.6584666669368744, 3.6277374029159546, 3.6063966751098633, 3.575930416584015, 3.5620283484458923, 3.5412486493587494, 3.5293741822242737, 3.515537351369858, 3.5136172771453857, 3.496980160474777, 3.4891336262226105, 3.487208515405655, 3.476643353700638, 3.458381563425064, 3.459349274635315, 3.451665222644806, 3.4469819962978363, 3.448810428380966, 3.4443621933460236, 3.4249235093593597, 3.429642677307129, 3.434984862804413, 3.4294534027576447, 3.4233205020427704, 3.4135056138038635, 3.4046764969825745, 3.417152523994446, 3.40930113196373, 3.4017617404460907, 3.403191417455673, 3.3952281177043915, 3.3922334611415863, 3.3937996923923492]",0.7147944709361984,0.0,0.0,0.0
