alpha,K,layers,hidden_channels,out_channels,norm,dropout,margin,lpl_weight,ratio,seed,aggregation,pos_weight,accuracy,f1,recall,precision
0.8952800923037607,34,1,128,64,graphnorm,0.40674542189187124,0.7714836601982721,0.9608682616897146,0.42813270752793064,1,mean,1,0.7788710250038038,0.7624754848550882,0.8886349206349207,0.66768438126133
0.8952800923037607,34,1,128,64,graphnorm,0.40674542189187124,0.7714836601982721,0.9608682616897146,0.42813270752793064,2,mean,1,0.8041284171019932,0.7912432432432432,0.9293968253968254,0.6888470588235294
0.8952800923037607,34,1,128,64,graphnorm,0.40674542189187124,0.7714836601982721,0.9608682616897146,0.42813270752793064,3,mean,1,0.8020489932545519,0.7890384303551159,0.9268571428571428,0.6869000564652739
0.8952800923037607,34,1,128,64,graphnorm,0.40674542189187124,0.7714836601982721,0.9608682616897146,0.42813270752793064,4,mean,1,0.7978394279048536,0.7842139454309225,0.9197460317460318,0.6834953288666604
0.8952800923037607,34,1,128,64,graphnorm,0.40674542189187124,0.7714836601982721,0.9608682616897146,0.42813270752793064,5,mean,1,0.802454734493077,0.7893341987127481,0.9266031746031747,0.687488223101564
