alpha,K,layers,hidden_channels,out_channels,norm,dropout,margin,lpl_weight,ratio,seed,aggregation,pos_weight,accuracy,f1,recall,precision
0.5,26,2,64,64,,0.12170499122193341,0.5,0.25269098970448844,0.2456055571640033,1,mean,1,0.9051072678399351,0.879001487421587,0.862984126984127,0.8956246705324196
0.5,26,2,64,64,,0.12170499122193341,0.5,0.25269098970448844,0.2456055571640033,2,mean,1,0.9029771263376781,0.87655675291992,0.8624761904761905,0.8911046969299397
0.5,26,2,64,64,,0.12170499122193341,0.5,0.25269098970448844,0.2456055571640033,3,mean,1,0.9049551148754882,0.8790967741935484,0.8651428571428571,0.8935081967213114
0.5,26,2,64,64,,0.12170499122193341,0.5,0.25269098970448844,0.2456055571640033,4,mean,1,0.9043465030177005,0.8786045314109165,0.8666666666666667,0.8908758647696123
0.5,26,2,64,64,,0.12170499122193341,0.5,0.25269098970448844,0.2456055571640033,5,mean,1,0.903839326469544,0.8775984506132989,0.8631111111111112,0.89258043335522
