alpha,K,layers,hidden_channels,out_channels,norm,dropout,margin,lpl_weight,ratio,seed,aggregation,pos_weight,accuracy,f1,recall,precision
0.5,27,1,64,128,,0.20828137481421782,0.5,0.2896588098578713,0.25611138316924287,1,mean,1,0.9019120555865496,0.8757548503147886,0.8655238095238095,0.886230659212066
0.5,27,1,64,128,,0.20828137481421782,0.5,0.2896588098578713,0.25611138316924287,2,mean,1,0.8987168433331643,0.8710031651702086,0.8561269841269842,0.8864054693662897
0.5,27,1,64,128,,0.20828137481421782,0.5,0.2896588098578713,0.25611138316924287,3,mean,1,0.9070852563777451,0.8815772462831286,0.865904761904762,0.8978275181040158
0.5,27,1,64,128,,0.20828137481421782,0.5,0.2896588098578713,0.25611138316924287,4,mean,1,0.9046508089465943,0.8787096774193548,0.8647619047619047,0.8931147540983606
0.5,27,1,64,128,,0.20828137481421782,0.5,0.2896588098578713,0.25611138316924287,5,mean,1,0.9033321499213877,0.8770956925457828,0.8636190476190476,0.8909996069697367
