K,layers,hidden_channels,out_channels,norm,lr,treatment,dropout,ratio,seed,aggregation,model_type,batch_size,rate_pairs,clusters,sampling,num_epochs,anomaly_detector,accuracy,f1,recall,precision,losses,test_accuracy,test_f1,test_recall,test_precision
5,2,256,128,,0.005,removal,0,0.3861830193094294,654,mean,GCNConv,2048,10,50,sage,50,nearest_neighbors,nan,0.0,0.0,0.0,"[24.030874252319336, 23.62624979019165, 22.933131456375122, 22.55020570755005, 22.044475317001343, 21.466256380081177, 20.910686254501343, 20.38241171836853, 19.749688625335693, 19.170769214630127, 18.592217803001404, 18.03999638557434, 17.5176602602005, 17.026266932487488, 16.45693027973175, 15.827977180480957, 15.388297080993652, 14.861120223999023, 14.32873523235321, 13.893004775047302, 13.353896498680115, 12.913155794143677, 12.478362679481506, 12.048046112060547, 11.612316250801086, 11.25133502483368, 10.886440396308899, 10.49202847480774, 10.169003963470459, 9.792443752288818, 9.546112179756165, 9.156103312969208, 8.919564843177795, 8.584687888622284, 8.324016213417053, 8.072357594966888, 7.821102976799011, 7.580503761768341, 7.324076533317566, 7.094273626804352, 6.86649614572525, 6.72537487745285, 6.493544578552246, 6.309792399406433, 6.172865629196167, 5.981016457080841, 5.775738477706909, 5.649398446083069, 5.4928393959999084, 5.373010873794556]",0.8626021927878826,0.7510335323840147,0.8305816611633223,0.6853909033745545
