alpha,K,layers,hidden_channels,out_channels,norm,dropout,margin,lpl_weight,ratio,seed,aggregation,pos_weight,accuracy,f1,recall,precision
0.2051401924171139,35,2,128,128,graphnorm,0.20510392321899867,0.5563340050887937,0.4628189589395539,0.31462574202703125,1,sum,1,0.8764517928690977,0.8548098700679461,0.9106031746031746,0.8054588341008648
0.2051401924171139,35,2,128,128,graphnorm,0.20510392321899867,0.5563340050887937,0.4628189589395539,0.31462574202703125,2,sum,1,0.8521073185575899,0.8261802575107297,0.88,0.7785642062689585
0.2051401924171139,35,2,128,128,graphnorm,0.20510392321899867,0.5563340050887937,0.4628189589395539,0.31462574202703125,3,sum,1,0.8770604047268854,0.8555423122765197,0.9114920634920635,0.806064008983717
0.2051401924171139,35,2,128,128,graphnorm,0.20510392321899867,0.5563340050887937,0.4628189589395539,0.31462574202703125,4,sum,1,0.8768068164528072,0.8552529646624158,0.9112380952380953,0.8057489333033909
0.2051401924171139,35,2,128,128,graphnorm,0.20510392321899867,0.5563340050887937,0.4628189589395539,0.31462574202703125,5,sum,1,0.8767560987979915,0.8552020021451555,0.9112380952380953,0.8056584708656113
