K,layers,hidden_channels,out_channels,norm,lr,treatment,dropout,ratio,seed,aggregation,model_type,batch_size,rate_pairs,reliable_mini_batch,clusters,accuracy,f1,recall,precision,losses
5,2,128,256,,0.006351279523051924,removal,0,0.2780391177609681,654,mean,SAGEConv,15,8,True,200,0.8520566009027742,0.8111362900615086,0.7954285714285714,0.8274768824306473,"[13.376898884773254, 13.490896165370941, 12.800488591194153, 12.217888534069061, 11.80848503112793, 11.314973294734955, 10.662468910217285, 10.081686317920685, 9.648071765899658, 9.02804708480835, 8.605237245559692, 7.874532163143158, 7.541160434484482, 7.072384148836136, 6.583537250757217, 6.125794231891632, 5.774889826774597, 5.432248145341873, 5.048691272735596, 4.786944210529327, 4.5685553550720215, 4.389983177185059, 4.085340052843094, 3.8050829023122787, 3.7028608918190002, 3.456218183040619, 3.2953000366687775, 3.100700229406357, 2.9322945028543472, 2.782708004117012, 2.6561769545078278, 2.5487557649612427, 2.467421442270279, 2.3693791329860687, 2.2180921882390976, 2.1763840168714523, 2.15289269387722, 1.9796116426587105, 1.860902950167656, 1.8432839512825012, 1.7865592539310455, 1.7310823425650597, 1.6670154854655266, 1.6412594765424728, 1.5313468500971794, 1.4899282082915306, 1.448183462023735, 1.4087684154510498, 1.348588116466999, 1.290057584643364]"
