alpha,K,layers,hidden_channels,out_channels,norm,dropout,margin,lpl_weight,ratio,seed,aggregation,pos_weight,accuracy,f1,recall,precision
0.39016985945306515,35,2,64,128,,0.33934939857632657,0.2803978732059837,0.9175736717610383,0.49012793516805014,1,sum,1,0.768524623421413,0.7658766800041038,0.947936507936508,0.6424821413202513
0.39016985945306515,35,2,64,128,,0.33934939857632657,0.2803978732059837,0.9175736717610383,0.49012793516805014,2,sum,1,0.7652279758583963,0.7624813997639694,0.9434920634920635,0.6397451351816773
0.39016985945306515,35,2,64,128,,0.33934939857632657,0.2803978732059837,0.9175736717610383,0.49012793516805014,3,sum,1,0.7695896941725414,0.7666546818018388,0.9476825396825397,0.6436950146627566
0.39016985945306515,35,2,64,128,,0.33934939857632657,0.2803978732059837,0.9175736717610383,0.49012793516805014,4,sum,1,0.7622863518790891,0.7594066013038345,0.9393015873015873,0.6373427537480614
0.39016985945306515,35,2,64,128,,0.33934939857632657,0.2803978732059837,0.9175736717610383,0.49012793516805014,5,sum,1,0.7662423289547091,0.7633619140524721,0.944,0.6407515945526633
