alpha,K,layers,hidden_channels,out_channels,norm,dropout,margin,lpl_weight,ratio,seed,aggregation,pos_weight,accuracy,f1,recall,precision
0.5,29,1,256,128,,0,0.5,0.15273928484668015,0.29426081197833265,1,mean,1,0.8945072779834661,0.8736176935229067,0.9128888888888889,0.8375859256670162
0.5,29,1,256,128,,0,0.5,0.15273928484668015,0.29426081197833265,2,mean,1,0.8921742658619466,0.8708540882031345,0.9102222222222223,0.8347502037964365
0.5,29,1,256,128,,0,0.5,0.15273928484668015,0.29426081197833265,3,mean,1,0.8938479484708627,0.8728509811068587,0.9122539682539682,0.8367109247612392
0.5,29,1,256,128,,0,0.5,0.15273928484668015,0.29426081197833265,4,mean,1,0.8928843130293656,0.8716733503463361,0.9108571428571428,0.835721775602936
0.5,29,1,256,128,,0,0.5,0.15273928484668015,0.29426081197833265,5,mean,1,0.8896891007759801,0.8678373944218266,0.9067936507936508,0.8320904218130972
