alpha,K,layers,hidden_channels,out_channels,norm,dropout,margin,lpl_weight,ratio,seed,aggregation,pos_weight,accuracy,f1,recall,precision
0.38226049291745984,34,3,128,128,layernorm,0.18183161480283322,0.29886696427768605,0.7844676610622193,0.20746565770303896,1,sum,1,0.8972967489983263,0.8677766895200784,0.8438095238095238,0.8931451612903226
0.38226049291745984,34,3,128,128,layernorm,0.18183161480283322,0.29886696427768605,0.7844676610622193,0.20746565770303896,2,sum,1,0.8768575341076229,0.841659058301813,0.8194285714285714,0.8651293739107119
0.38226049291745984,34,3,128,128,layernorm,0.18183161480283322,0.29886696427768605,0.7844676610622193,0.20746565770303896,3,sum,1,0.879089110919511,0.845295262816353,0.827047619047619,0.8643662906436629
0.38226049291745984,34,3,128,128,layernorm,0.18183161480283322,0.29886696427768605,0.7844676610622193,0.20746565770303896,4,sum,1,0.8920728305523152,0.8614402917046491,0.84,0.8840037418147801
0.38226049291745984,34,3,128,128,layernorm,0.18183161480283322,0.29886696427768605,0.7844676610622193,0.20746565770303896,5,sum,1,0.8917685246234214,0.8614105728016626,0.8421587301587301,0.8815632061677522
