alpha,K,layers,hidden_channels,out_channels,norm,dropout,margin,lpl_weight,ratio,seed,aggregation,pos_weight,accuracy,f1,recall,precision
0.5,31,1,256,64,,0.1661228412682496,0.5,0.36738953157803583,0.1721412646175986,1,mean,1,0.9027235380636,0.8697895451459606,0.8134603174603174,0.9345003646973012
0.5,31,1,256,64,,0.1661228412682496,0.5,0.36738953157803583,0.1721412646175986,2,mean,1,0.9005426789065274,0.8675984065896969,0.8158730158730159,0.9263264129181085
0.5,31,1,256,64,,0.1661228412682496,0.5,0.36738953157803583,0.1721412646175986,3,mean,1,0.9002383729776335,0.8662905308952484,0.8091428571428572,0.9321240491515506
0.5,31,1,256,64,,0.1661228412682496,0.5,0.36738953157803583,0.1721412646175986,4,mean,1,0.900441243596896,0.8663625842467152,0.808,0.9338127384796008
0.5,31,1,256,64,,0.1661228412682496,0.5,0.36738953157803583,0.1721412646175986,5,mean,1,0.9009484201450525,0.8671157379056951,0.8091428571428572,0.9340369393139841
