K,layers,hidden_channels,out_channels,norm,lr,treatment,dropout,ratio,seed,aggregation,model_type,batch_size,rate_pairs,clusters,sampling,num_epochs,anomaly_detector,accuracy,f1,recall,precision,losses,test_accuracy,test_f1,test_recall,test_precision
18,2,256,64,,0.005,removal,0,0.31306696707707,654,mean,GATConv,4096,10,50,sage,50,nearest_neighbors,nan,0.0,0.0,0.0,"[20.600148677825928, 20.522345542907715, 20.584853649139404, 20.451191425323486, 20.26280450820923, 19.88513731956482, 19.689522981643677, 19.75218629837036, 19.493388175964355, 19.423648834228516, 19.275335788726807, 19.174771547317505, 18.89485478401184, 18.823497533798218, 18.709518432617188, 18.534603357315063, 18.62580919265747, 18.46593141555786, 18.303773164749146, 18.069753646850586, 17.83093547821045, 17.830867290496826, 17.76548433303833, 17.56001901626587, 17.59125804901123, 17.327840328216553, 17.19740056991577, 17.115500450134277, 16.94966983795166, 16.889949083328247, 16.61200737953186, 16.649612188339233, 16.436368703842163, 16.36524534225464, 16.285298109054565, 16.040628910064697, 15.815972805023193, 15.695735216140747, 15.491617202758789, 15.365279197692871, 15.30496621131897, 15.202006816864014, 15.014756202697754, 14.791982173919678, 14.556154489517212, 14.510102272033691, 14.288479089736938, 14.231318235397339, 14.03625750541687, 13.949480533599854]",0.8620951898092402,0.7339202739056004,0.762255524511049,0.707616128271634
