alpha,K,layers,hidden_channels,out_channels,norm,dropout,margin,lpl_weight,ratio,seed,aggregation,pos_weight,accuracy,f1,recall,precision
0.5,27,1,256,256,,0.4583523773623458,0.5,0.38575164452219096,0.4987788402844503,1,mean,1,0.8704163919460364,0.8512719017404972,0.9285079365079365,0.7858985382631126
0.5,27,1,256,256,,0.4583523773623458,0.5,0.38575164452219096,0.4987788402844503,2,mean,1,0.8679819445148856,0.8476262951472224,0.9193650793650794,0.7862728062554301
0.5,27,1,256,256,,0.4583523773623458,0.5,0.38575164452219096,0.4987788402844503,3,mean,1,0.8696556271238018,0.8500058363487802,0.9246984126984127,0.7864780213845988
0.5,27,1,256,256,,0.4583523773623458,0.5,0.38575164452219096,0.4987788402844503,4,mean,1,0.8702642389815894,0.8503568503568504,0.9229206349206349,0.7883718407636403
0.5,27,1,256,256,,0.4583523773623458,0.5,0.38575164452219096,0.4987788402844503,5,mean,1,0.8701120860171425,0.8502076387670352,0.9229206349206349,0.7881153762741271
