alpha,K,layers,hidden_channels,out_channels,norm,dropout,margin,lpl_weight,ratio,seed,aggregation,pos_weight,accuracy,f1,recall,precision
0.5,27,1,256,128,,0,0.5,0.2845371398960577,0.24116984842235886,1,mean,1,0.908809656641477,0.8851851851851852,0.8801269841269841,0.8903018625561978
0.5,27,1,256,128,,0,0.5,0.2845371398960577,0.24116984842235886,2,mean,1,0.9081503271288736,0.88440671475075,0.8797460317460317,0.8891170431211499
0.5,27,1,256,128,,0,0.5,0.2845371398960577,0.24116984842235886,3,mean,1,0.9093168331896333,0.8856777493606138,0.8794920634920635,0.8919510624597553
0.5,27,1,256,128,,0,0.5,0.2845371398960577,0.24116984842235886,4,mean,1,0.9063752092103261,0.8819844009717428,0.8759365079365079,0.8881163898545127
0.5,27,1,256,128,,0,0.5,0.2845371398960577,0.24116984842235886,5,mean,1,0.9043972206725162,0.8794988173623985,0.8735238095238095,0.8855561277033985
