K,layers,hidden_channels,out_channels,norm,lr,treatment,dropout,ratio,seed,aggregation,model_type,batch_size,rate_pairs,clusters,sampling,num_epochs,anomaly_detector,accuracy,f1,recall,precision,losses,test_accuracy,test_f1,test_recall,test_precision
9,2,128,64,,0.005,removal,0,0.3494581081508138,654,mean,GATConv,1024,10,50,sage,100,nearest_neighbors,0.6697154471544715,0.8021911138161899,0.6697154471544715,1.0,"[36.10220968723297, 34.48524606227875, 33.325597405433655, 32.09754526615143, 30.62082350254059, 29.34399402141571, 27.575931072235107, 26.31862461566925, 24.58386242389679, 23.059005618095398, 21.640531420707703, 20.23455321788788, 18.85734099149704, 17.55507218837738, 16.318013429641724, 15.180153012275696, 14.1995108127594, 13.188553154468536, 12.357480764389038, 11.514460682868958, 10.831469774246216, 10.160492062568665, 9.540056347846985, 8.912177294492722, 8.440329223871231, 7.963510423898697, 7.508444637060165, 7.119411021471024, 6.742962449789047, 6.389117121696472, 6.077457398176193, 5.786626696586609, 5.510939836502075, 5.2467160820961, 5.019874930381775, 4.787765830755234, 4.59043961763382, 4.3996212631464005, 4.197881177067757, 4.040609285235405, 3.8861469477415085, 3.7416805177927017, 3.5999972224235535, 3.4703208059072495, 3.3501060605049133, 3.2278987914323807, 3.1022685766220093, 3.000350520014763, 2.898314908146858, 2.81379471719265, 2.7160306125879288, 2.634431153535843, 2.544679693877697, 2.4741674065589905, 2.398094020783901, 2.317941941320896, 2.2497206553816795, 2.1853255927562714, 2.119986690580845, 2.0695978105068207, 2.008373439311981, 1.955278255045414, 1.8939251080155373, 1.8496278524398804, 1.795385628938675, 1.7468876168131828, 1.7176041156053543, 1.6594480350613594, 1.6264162063598633, 1.5786405205726624, 1.5452355667948723, 1.508401282131672, 1.4719267711043358, 1.4351506903767586, 1.4031711742281914, 1.3637848496437073, 1.3403257727622986, 1.3056271150708199, 1.2785332575440407, 1.2518763281404972, 1.2209402360022068, 1.196418922394514, 1.1664816476404667, 1.1449949331581593, 1.1204276047647, 1.0906293168663979, 1.0718577429652214, 1.0514520779252052, 1.0304747819900513, 1.004506777971983, 0.9870193190872669, 0.9712467342615128, 0.9494629129767418, 0.931591484695673, 0.9118579477071762, 0.8948305547237396, 0.8826503753662109, 0.861425407230854, 0.8427534997463226, 0.8289935663342476]",0.8792919815387736,0.8414179104477612,0.8017777777777778,0.8851815505397449
