K,layers,hidden_channels,out_channels,norm,lr,treatment,dropout,ratio,seed,aggregation,model_type,batch_size,rate_pairs,clusters,sampling,num_epochs,anomaly_detector,accuracy,f1,recall,precision,losses,test_accuracy,test_f1,test_recall,test_precision
4,2,128,256,,0.005,removal,0,0.4014879587153172,654,mean,GCNConv,2048,10,50,sage,50,nearest_neighbors,nan,0.0,0.0,0.0,"[9.48109257221222, 9.223100900650024, 8.968306362628937, 8.731802523136139, 8.521098971366882, 8.265080451965332, 7.973727822303772, 7.763174474239349, 7.563598036766052, 7.277503848075867, 7.072005212306976, 6.842823386192322, 6.622801959514618, 6.40742152929306, 6.2025046944618225, 5.987151324748993, 5.772487998008728, 5.582527458667755, 5.439936339855194, 5.199092745780945, 5.038578271865845, 4.884203612804413, 4.729677766561508, 4.556414842605591, 4.395541816949844, 4.2258292734622955, 4.104556649923325, 3.9704721868038177, 3.848073899745941, 3.72318035364151, 3.614113748073578, 3.5069907903671265, 3.367546409368515, 3.282942056655884, 3.184699922800064, 3.0727023780345917, 2.9986422061920166, 2.899948865175247, 2.8306151926517487, 2.7378824055194855, 2.6593297719955444, 2.589774250984192, 2.5073776841163635, 2.4420381486415863, 2.3788596987724304, 2.305584281682968, 2.246851608157158, 2.1889114677906036, 2.1268154978752136, 2.071586951613426]",0.852525508587363,0.7290720689253697,0.7952755905511811,0.6730438521066208
