K,layers,hidden_channels,out_channels,norm,lr,treatment,dropout,ratio,seed,aggregation,model_type,batch_size,rate_pairs,clusters,sampling,num_epochs,anomaly_detector,accuracy,f1,recall,precision,losses,test_accuracy,test_f1,test_recall,test_precision
6,2,256,64,,0.005,removal,0,0.3782484081697203,654,mean,GATConv,1024,10,50,sage,100,nearest_neighbors,0.7022357723577236,0.8250746268656717,0.7022357723577236,1.0,"[29.571228742599487, 28.18796169757843, 26.82251274585724, 25.567543625831604, 24.159740686416626, 22.742806315422058, 21.355708718299866, 20.042001962661743, 18.722861886024475, 17.66218400001526, 16.416446924209595, 15.299102425575256, 14.253910779953003, 13.385224282741547, 12.403707087039948, 11.616215705871582, 10.894051611423492, 10.213418692350388, 9.55986374616623, 9.002118349075317, 8.450708359479904, 7.958034485578537, 7.547507554292679, 7.1090743243694305, 6.698168516159058, 6.376566290855408, 6.0663667023181915, 5.758455276489258, 5.472746312618256, 5.2008957862854, 4.971363350749016, 4.755305856466293, 4.518722057342529, 4.344202548265457, 4.168948620557785, 3.975748121738434, 3.8314248472452164, 3.66530679166317, 3.534735828638077, 3.387986436486244, 3.2554283142089844, 3.132672354578972, 3.0357482731342316, 2.919501855969429, 2.816976547241211, 2.7203662395477295, 2.6392273753881454, 2.5453907027840614, 2.4752334654331207, 2.3842057585716248, 2.3080048635601997, 2.2344441637396812, 2.168361485004425, 2.112380586564541, 2.0335443541407585, 1.9850335195660591, 1.9226152896881104, 1.8690030798316002, 1.8239105865359306, 1.7643316462635994, 1.7180785462260246, 1.677586279809475, 1.6366304382681847, 1.583859845995903, 1.5479900538921356, 1.5096862018108368, 1.4702794402837753, 1.435860551893711, 1.401037447154522, 1.3666263297200203, 1.3239174336194992, 1.2955165803432465, 1.2646324560046196, 1.236436776816845, 1.2140494510531425, 1.178672417998314, 1.156939148902893, 1.1316304802894592, 1.102879237383604, 1.083519607782364, 1.058062817901373, 1.036731205880642, 1.0142366327345371, 0.9972915276885033, 0.971573568880558, 0.947933129966259, 0.9325795695185661, 0.9064487032592297, 0.8940582014620304, 0.8749391548335552, 0.8613153994083405, 0.8409974500536919, 0.828487653285265, 0.8084056228399277, 0.7945949248969555, 0.7772351130843163, 0.7666576392948627, 0.7501389235258102, 0.7353631928563118, 0.7209632731974125]",0.8716336156616118,0.8364035938206967,0.8215873015873015,0.8517640863612428
