K,layers,hidden_channels,out_channels,norm,lr,treatment,dropout,ratio,seed,aggregation,model_type,batch_size,rate_pairs,reliable_mini_batch,clusters,accuracy,f1,recall,precision,losses
14,2,256,256,,0.00925982930423927,removal,0,0.2437946241872866,654,mean,GINConv,5,5,True,300,0.858599178373992,0.8225560081466395,0.8205714285714286,0.8245502105397473,"[101.92789578437805, 94.62855803966522, 69.9712940454483, 42.62051901221275, 27.067144840955734, 18.359911531209946, 13.48161594569683, 10.480285629630089, 8.407657124102116, 6.938769958913326, 5.787962593138218, 4.965335059911013, 4.328456066548824, 3.7692480981349945, 3.3106112517416477, 2.9938036799430847, 2.6782168615609407, 2.389359137043357, 2.179676240310073, 1.998535443097353, 1.8273431230336428, 1.7322161570191383, 1.5517014861106873, 1.431583657860756, 1.343427469022572, 1.2255061008036137, 1.1553865456953645, 1.0752887884154916, 1.020223207771778, 0.9430478280410171, 0.8779117949306965, 0.8339290376752615, 0.7804520414210856, 0.7498322306200862, 0.7130075357854366, 0.6687952680513263, 0.6405968200415373, 0.6089947875589132, 0.5683312434703112, 0.5505728954449296, 0.5149607402272522, 0.49264874774962664, 0.46827836940065026, 0.4480425794608891, 0.4255572622641921, 0.4072525091469288, 0.387887102086097, 0.370374770835042, 0.3583166408352554, 0.33994125854223967]"
