alpha,K,layers,hidden_channels,out_channels,norm,dropout,margin,lpl_weight,ratio,seed,aggregation,pos_weight,accuracy,f1,recall,precision
0.5,25,2,128,256,,0.11095177279889956,0.5,0.3240380657010947,0.26709136300274616,1,mean,1,0.9016077496576558,0.8766844647851513,0.8756825396825397,0.8776886852488227
0.5,25,2,128,256,,0.11095177279889956,0.5,0.3240380657010947,0.26709136300274616,2,mean,1,0.8992747375361363,0.8737283825025433,0.8725079365079365,0.8749522475487075
0.5,25,2,128,256,,0.11095177279889956,0.5,0.3240380657010947,0.26709136300274616,3,mean,1,0.9041943500532535,0.8799796683397929,0.8793650793650793,0.8805951169888098
0.5,25,2,128,256,,0.11095177279889956,0.5,0.3240380657010947,0.26709136300274616,4,mean,1,0.9042450677080692,0.8796071929600816,0.8758095238095238,0.8834379403099782
0.5,25,2,128,256,,0.11095177279889956,0.5,0.3240380657010947,0.26709136300274616,5,mean,1,0.9014048790383933,0.8762256462498408,0.8737777777777778,0.8786872685480781
