K,layers,hidden_channels,out_channels,norm,lr,treatment,dropout,ratio,seed,aggregation,model_type,batch_size,rate_pairs,clusters,sampling,num_epochs,anomaly_detector,accuracy,f1,recall,precision,losses,test_accuracy,test_f1,test_recall,test_precision
4,2,256,128,,0.005,removal,0,0.34556961065207614,654,mean,GCNConv,2048,10,50,sage,50,nearest_neighbors,nan,0.0,0.0,0.0,"[21.2005774974823, 20.727168321609497, 20.07504975795746, 19.669644117355347, 19.159924268722534, 18.614521741867065, 18.069186329841614, 17.586737394332886, 16.98460042476654, 16.45323956012726, 15.918926239013672, 15.421829342842102, 14.958004593849182, 14.510079860687256, 14.003191351890564, 13.463410377502441, 13.080024123191833, 12.626994490623474, 12.165926098823547, 11.794825434684753, 11.33833920955658, 10.965364456176758, 10.599630236625671, 10.237289547920227, 9.874396324157715, 9.572228491306305, 9.269388794898987, 8.947267234325409, 8.674785435199738, 8.359205424785614, 8.15934270620346, 7.833047389984131, 7.638520538806915, 7.35974794626236, 7.144426226615906, 6.936498701572418, 6.728941917419434, 6.530320227146149, 6.315005123615265, 6.12237274646759, 5.933948338031769, 5.816383183002472, 5.623990833759308, 5.469310104846954, 5.356912076473236, 5.195266842842102, 5.022398352622986, 4.916917264461517, 4.785047501325607, 4.685261130332947]",0.8698269852335383,0.7541297581996649,0.8001016002032004,0.7131537242472267
