K,layers,hidden_channels,out_channels,norm,lr,treatment,dropout,ratio,seed,aggregation,model_type,batch_size,rate_pairs,clusters,sampling,num_epochs,anomaly_detector,accuracy,f1,recall,precision,losses,test_accuracy,test_f1,test_recall,test_precision
10,2,128,256,,0.005,removal,0,0.3499503243874222,654,mean,GCNConv,2048,10,50,sage,50,nearest_neighbors,nan,0.0,0.0,0.0,"[15.774306893348694, 15.750769138336182, 15.429958701133728, 15.262986540794373, 14.995363116264343, 14.719303250312805, 14.374324083328247, 14.123231410980225, 13.877928018569946, 13.51498019695282, 13.235845446586609, 12.958442449569702, 12.661505818367004, 12.341448187828064, 12.065577983856201, 11.696356058120728, 11.397497415542603, 11.065962433815002, 10.828346729278564, 10.405615210533142, 10.105263769626617, 9.84012758731842, 9.55614960193634, 9.201689839363098, 8.876022815704346, 8.536197900772095, 8.27519154548645, 7.986389696598053, 7.720425188541412, 7.449837923049927, 7.214842200279236, 6.968647301197052, 6.662644803524017, 6.4702576994895935, 6.2433998584747314, 6.003227889537811, 5.829291462898254, 5.608688235282898, 5.444552361965179, 5.244057059288025, 5.062261879444122, 4.908233553171158, 4.726621925830841, 4.577634036540985, 4.433930903673172, 4.2769778072834015, 4.14815491437912, 4.022549986839294, 3.893732935190201, 3.773668497800827]",0.8621585651815704,0.7355623100303952,0.7683515367030734,0.7054570895522388
