alpha,K,layers,hidden_channels,out_channels,norm,dropout,margin,lpl_weight,ratio,seed,aggregation,pos_weight,accuracy,f1,recall,precision
0.11950927946688132,35,2,128,128,graphnorm,0.3116236621723191,0.3788192866731203,0.10885689330934062,0.28507418132784657,1,sum,1,0.8817264289699245,0.8571953459889774,0.8887619047619048,0.8277942046126552
0.11950927946688132,35,2,128,128,graphnorm,0.3116236621723191,0.3788192866731203,0.10885689330934062,0.28507418132784657,2,sum,1,0.8832479586143936,0.8589633623330474,0.8901587301587301,0.8298804309222209
0.11950927946688132,35,2,128,128,graphnorm,0.3116236621723191,0.3788192866731203,0.10885689330934062,0.28507418132784657,3,sum,1,0.8836536998529188,0.8595739471106758,0.8915555555555555,0.8298073513769058
0.11950927946688132,35,2,128,128,graphnorm,0.3116236621723191,0.3788192866731203,0.10885689330934062,0.28507418132784657,4,sum,1,0.8845666176396003,0.8605221228091678,0.8915555555555555,0.8315764538671089
0.11950927946688132,35,2,128,128,graphnorm,0.3116236621723191,0.3788192866731203,0.10885689330934062,0.28507418132784657,5,sum,1,0.8851245118425723,0.861170701808152,0.8920634920634921,0.832345971563981
