alpha,K,layers,hidden_channels,out_channels,norm,dropout,margin,lpl_weight,ratio,seed,aggregation,pos_weight,accuracy,f1,recall,precision
0.5989480224006816,32,3,128,128,layernorm,0.2293728939705018,0.10477949385640212,0.44416839783301654,0.34267401826376903,1,sum,1,0.8469848354212102,0.824276311957598,0.8985396825396825,0.7613514095115128
0.5989480224006816,32,3,128,128,layernorm,0.2293728939705018,0.10477949385640212,0.44416839783301654,0.34267401826376903,2,sum,1,0.8457168940508191,0.822706609161907,0.8962539682539683,0.7603145534848648
0.5989480224006816,32,3,128,128,layernorm,0.2293728939705018,0.10477949385640212,0.44416839783301654,0.34267401826376903,3,sum,1,0.8287264796875793,0.8029410048433214,0.8736507936507937,0.7428201252429281
0.5989480224006816,32,3,128,128,layernorm,0.2293728939705018,0.10477949385640212,0.44416839783301654,0.34267401826376903,4,sum,1,0.837399198661054,0.813344201210992,0.886984126984127,0.7509945167186324
0.5989480224006816,32,3,128,128,layernorm,0.2293728939705018,0.10477949385640212,0.44416839783301654,0.34267401826376903,5,sum,1,0.7929198153877365,0.7606822577809038,0.824,0.7064010450685826
