alpha,K,layers,hidden_channels,out_channels,norm,dropout,margin,lpl_weight,ratio,seed,aggregation,pos_weight,accuracy,f1,recall,precision
0.5,25,2,128,256,,0.39502584063967017,0.5,0.20692991890000656,0.13179588139140447,1,sum,1,0.8605264492569864,0.8033466819221968,0.7132698412698413,0.9194630872483222
0.5,25,2,128,256,,0.39502584063967017,0.5,0.20692991890000656,0.13179588139140447,2,sum,1,0.8573819546584166,0.7986250358063592,0.7080634920634921,0.9157497125964854
0.5,25,2,128,256,,0.39502584063967017,0.5,0.20692991890000656,0.13179588139140447,3,sum,1,0.8615915200081148,0.8050296492105451,0.7154285714285714,0.9202874877491016
0.5,25,2,128,256,,0.39502584063967017,0.5,0.20692991890000656,0.13179588139140447,4,sum,1,0.8611857787695897,0.803785217578321,0.7118730158730159,0.9229502798814619
0.5,25,2,128,256,,0.39502584063967017,0.5,0.20692991890000656,0.13179588139140447,5,sum,1,0.8588020489932545,0.8004014912532262,0.7088253968253968,0.9191503375596904
