alpha,K,layers,hidden_channels,out_channels,norm,dropout,margin,lpl_weight,ratio,seed,aggregation,pos_weight,accuracy,f1,recall,precision
0.6151373746804762,33,2,128,256,graphnorm,0.2242311994290817,0.2819664095322346,0.5761878193110654,0.2998670983377616,1,sum,1,0.8954709134249632,0.8736900165471594,0.9051428571428571,0.8443496801705757
0.6151373746804762,33,2,128,256,graphnorm,0.2242311994290817,0.2819664095322346,0.5761878193110654,0.2998670983377616,2,sum,1,0.8938479484708627,0.8723235527359239,0.9079365079365079,0.8393989199342569
0.6151373746804762,33,2,128,256,graphnorm,0.2242311994290817,0.2819664095322346,0.5761878193110654,0.2998670983377616,3,sum,1,0.8928843130293656,0.8703817356081993,0.9004444444444445,0.842261551253118
0.6151373746804762,33,2,128,256,graphnorm,0.2242311994290817,0.2819664095322346,0.5761878193110654,0.2998670983377616,4,sum,1,0.8959780899731197,0.8743644716692189,0.9062857142857143,0.8446153846153847
0.6151373746804762,33,2,128,256,graphnorm,0.2242311994290817,0.2819664095322346,0.5761878193110654,0.2998670983377616,5,sum,1,0.8941015367449409,0.8723560337449566,0.9060317460317461,0.8410939526111045
