K,layers,hidden_channels,out_channels,norm,lr,treatment,dropout,ratio,seed,aggregation,model_type,batch_size,rate_pairs,clusters,sampling,num_epochs,anomaly_detector,accuracy,f1,recall,precision,losses,test_accuracy,test_f1,test_recall,test_precision
8,2,256,128,,0.005,removal,0,0.3671224532674184,654,mean,GCNConv,1024,10,50,sage,50,nearest_neighbors,nan,0.0,0.0,0.0,"[60.01615285873413, 57.81752014160156, 55.900227308273315, 53.46552538871765, 51.72865891456604, 48.79845094680786, 46.49678683280945, 44.085164070129395, 41.48588752746582, 38.70407247543335, 36.27768540382385, 33.974475026130676, 31.649105548858643, 29.493332624435425, 27.3812096118927, 25.72891855239868, 23.788732647895813, 22.314323663711548, 20.735892355442047, 19.328638970851898, 18.09101676940918, 17.035006821155548, 15.969868540763855, 15.043537616729736, 14.118155539035797, 13.33412516117096, 12.640748679637909, 11.994365751743317, 11.328323423862457, 10.768237590789795, 10.23592421412468, 9.72301596403122, 9.296203434467316, 8.851698875427246, 8.500315874814987, 8.082755982875824, 7.703428119421005, 7.428283870220184, 7.094887673854828, 6.825359642505646, 6.584504038095474, 6.286622762680054, 6.065167278051376, 5.814051538705826, 5.6112156212329865, 5.404209554195404, 5.259909749031067, 5.070739895105362, 4.884616479277611, 4.73217011988163]",0.8652005830534254,0.7459084936088878,0.7929895859791719,0.7041046459179071
