alpha,K,layers,hidden_channels,out_channels,norm,dropout,margin,lpl_weight,ratio,seed,aggregation,pos_weight,accuracy,f1,recall,precision
0.5,27,1,256,128,,0.2996119351034251,0.5,0.3816578672466776,0.2676307375220656,1,mean,1,0.8982603844398235,0.8726995811651225,0.8731428571428571,0.8722567550424966
0.5,27,1,256,128,,0.2996119351034251,0.5,0.3816578672466776,0.2676307375220656,2,mean,1,0.8980067961657453,0.8723741829028369,0.8727619047619047,0.8719868053793454
0.5,27,1,256,128,,0.2996119351034251,0.5,0.3816578672466776,0.2676307375220656,3,mean,1,0.9017091849672871,0.8768429079816981,0.8760634920634921,0.8776237119959293
0.5,27,1,256,128,,0.2996119351034251,0.5,0.3816578672466776,0.2676307375220656,4,mean,1,0.8992240198813207,0.8730108007924842,0.8673015873015874,0.8787956767884715
0.5,27,1,256,128,,0.2996119351034251,0.5,0.3816578672466776,0.2676307375220656,5,mean,1,0.899325455190952,0.8739442433479393,0.8737777777777778,0.8741107723577236
