K,layers,hidden_channels,out_channels,norm,lr,treatment,dropout,ratio,seed,aggregation,model_type,batch_size,rate_pairs,reliable_mini_batch,clusters,accuracy,f1,recall,precision,losses
12,2,64,128,,0.004458846581906622,removal,0,0.3674033927972689,654,mean,SAGEConv,10,13,True,300,0.850535071258305,0.8164663386684935,0.8323809523809523,0.801148863358592,"[38.508568823337555, 39.96161192655563, 37.737067222595215, 36.05985414981842, 35.08694189786911, 33.230393409729004, 30.948309898376465, 28.936939239501953, 25.88755190372467, 23.097613871097565, 21.264021813869476, 18.830149710178375, 16.58477348089218, 14.840472519397736, 13.32861503958702, 12.095084726810455, 10.847282096743584, 9.785996288061142, 8.971254482865334, 8.06410326063633, 7.621807664632797, 7.044366389513016, 6.521651014685631, 6.017202273011208, 5.6265488266944885, 5.206396207213402, 4.914664804935455, 4.597350612282753, 4.2959830313920975, 4.121726475656033, 3.849930852651596, 3.6756937727332115, 3.448214963078499, 3.3532535657286644, 3.1291926875710487, 3.038670741021633, 2.876487798988819, 2.6893842928111553, 2.567718245089054, 2.490938998758793, 2.3655626960098743, 2.2641211934387684, 2.200189273804426, 2.0661291033029556, 2.0244992785155773, 1.9299766384065151, 1.845507875084877, 1.7996930368244648, 1.7295176535844803, 1.664366889744997]"
