K,layers,hidden_channels,out_channels,norm,lr,treatment,dropout,ratio,seed,aggregation,model_type,batch_size,rate_pairs,clusters,sampling,num_epochs,anomaly_detector,accuracy,f1,recall,precision,losses,test_accuracy,test_f1,test_recall,test_precision
16,3,256,128,,0.005,removal,0,0.4037380446370681,654,mean,GCNConv,2048,10,50,sage,50,nearest_neighbors,nan,0.0,0.0,0.0,"[17.82686173915863, 17.737106800079346, 17.501863598823547, 17.302600383758545, 16.964245438575745, 16.80541694164276, 16.5041526556015, 16.226449966430664, 16.097001910209656, 15.685635685920715, 15.50306236743927, 15.248349905014038, 15.053271770477295, 14.764459371566772, 14.582908391952515, 14.22928535938263, 13.825358748435974, 13.647059679031372, 13.322614312171936, 13.037916541099548, 12.737269401550293, 12.418811678886414, 12.05941915512085, 11.733013153076172, 11.4520663022995, 11.155699372291565, 10.776426792144775, 10.465471267700195, 10.139817714691162, 9.88787317276001, 9.585386753082275, 9.235531985759735, 8.96881115436554, 8.608286738395691, 8.34606659412384, 8.048108458518982, 7.7957276701927185, 7.504708468914032, 7.211725056171417, 6.995846390724182, 6.7517523765563965, 6.493551254272461, 6.264055490493774, 6.07941746711731, 5.849230885505676, 5.633384823799133, 5.44501119852066, 5.253315806388855, 5.07576248049736, 4.9076792895793915]",0.837949172951391,0.7191652937946184,0.8315976631953264,0.6335139318885449
