K,layers,hidden_channels,out_channels,norm,lr,treatment,dropout,ratio,seed,aggregation,model_type,batch_size,rate_pairs,clusters,sampling,num_epochs,anomaly_detector,accuracy,f1,recall,precision,losses,test_accuracy,test_f1,test_recall,test_precision
10,1,128,128,,0.005,removal,0,0.3451739800059118,654,mean,GCNConv,4096,10,50,sage,50,nearest_neighbors,nan,0.0,0.0,0.0,"[16.824331998825073, 16.61482858657837, 16.655250310897827, 16.486682891845703, 16.269198656082153, 16.32323670387268, 16.04360795021057, 15.961496591567993, 15.87535285949707, 15.72282099723816, 15.593994140625, 15.394008159637451, 15.30994200706482, 15.145917177200317, 15.099973917007446, 14.83120059967041, 14.761661291122437, 14.552497386932373, 14.429293632507324, 14.382411003112793, 14.115315437316895, 14.012274265289307, 13.820140600204468, 13.750567436218262, 13.624668836593628, 13.406107664108276, 13.280925512313843, 13.045353412628174, 12.9179847240448, 12.756029605865479, 12.587669134140015, 12.486712217330933, 12.243189096450806, 12.055817127227783, 11.907928705215454, 11.693567514419556, 11.524919033050537, 11.447905540466309, 11.266755819320679, 11.05424189567566, 10.874380350112915, 10.660417318344116, 10.577302694320679, 10.369360446929932, 10.29463267326355, 10.058842897415161, 9.877795696258545, 9.726125359535217, 9.558395028114319, 9.374194622039795]",0.839343431142658,0.6712488652574244,0.6573533147066294,0.6857445680975093
