alpha,K,layers,hidden_channels,out_channels,norm,dropout,margin,lpl_weight,ratio,seed,aggregation,pos_weight,accuracy,f1,recall,precision
0.5,29,2,128,128,,0.13019271568601654,0.5,0.9617526580395241,0.4686918535680597,1,mean,1,0.8648881675711315,0.8455293981213035,0.9258412698412698,0.7780386298153878
0.5,29,2,128,128,,0.13019271568601654,0.5,0.9617526580395241,0.4686918535680597,2,mean,1,0.8669168737637571,0.846027461565544,0.9154285714285715,0.7864077669902912
0.5,29,2,128,128,,0.13019271568601654,0.5,0.9617526580395241,0.4686918535680597,3,mean,1,0.8623522848303494,0.8431938987751328,0.9266031746031747,0.7735609032121277
0.5,29,2,128,128,,0.13019271568601654,0.5,0.9617526580395241,0.4686918535680597,4,mean,1,0.8642795557133438,0.8423099587507366,0.9075555555555556,0.7858163826278175
0.5,29,2,128,128,,0.13019271568601654,0.5,0.9617526580395241,0.4686918535680597,5,mean,1,0.8643302733681595,0.8438320976122365,0.9177142857142857,0.7809595850443052
