K,layers,hidden_channels,out_channels,norm,lr,treatment,dropout,ratio,seed,aggregation,model_type,batch_size,rate_pairs,clusters,sampling,num_epochs,anomaly_detector,accuracy,f1,recall,precision,losses,test_accuracy,test_f1,test_recall,test_precision
4,2,128,256,,0.005,removal,0,0.4090463847381991,654,mean,GATConv,4096,10,50,sage,100,nearest_neighbors,nan,0.0,0.0,0.0,"[5.060088813304901, 4.868022918701172, 4.833625257015228, 4.766790986061096, 4.6782174706459045, 4.617179870605469, 4.5638837814331055, 4.491348028182983, 4.450066447257996, 4.372986793518066, 4.31575220823288, 4.262678503990173, 4.187618017196655, 4.13082891702652, 4.043468713760376, 4.01357764005661, 3.9495221376419067, 3.877583146095276, 3.813267230987549, 3.7545899152755737, 3.6961780786514282, 3.663746476173401, 3.5932488441467285, 3.5442745685577393, 3.465163290500641, 3.4158449172973633, 3.3506264090538025, 3.2880369424819946, 3.252046585083008, 3.1710168719291687, 3.1374370455741882, 3.0842365622520447, 3.0297189354896545, 2.9750086665153503, 2.9324243664741516, 2.8624284267425537, 2.826344668865204, 2.7838463187217712, 2.7415689826011658, 2.683581054210663, 2.6406967639923096, 2.60249787569046, 2.5639596581459045, 2.5076091289520264, 2.467911183834076, 2.427053928375244, 2.3861435055732727, 2.346909523010254, 2.3142507076263428, 2.263830214738846, 2.220093786716461, 2.1908671259880066, 2.148746609687805, 2.119998574256897, 2.0963274240493774, 2.0456424355506897, 2.0226460099220276, 1.9764021337032318, 1.9568033814430237, 1.9215809404850006, 1.894784539937973, 1.8572212755680084, 1.8291044235229492, 1.8012983798980713, 1.7677454948425293, 1.7473369538784027, 1.7214181125164032, 1.6931036710739136, 1.6646805107593536, 1.6428261995315552, 1.6215353310108185, 1.5919005274772644, 1.5604922473430634, 1.5453948974609375, 1.518363893032074, 1.4976977407932281, 1.4784768223762512, 1.4525340497493744, 1.4364717900753021, 1.4189890027046204, 1.3883862495422363, 1.3690542876720428, 1.3508222699165344, 1.3343624472618103, 1.3136955201625824, 1.29463529586792, 1.279428631067276, 1.2569623738527298, 1.2430375069379807, 1.2271529585123062, 1.207786500453949, 1.1933416724205017, 1.1819748431444168, 1.1604080647230148, 1.1419022232294083, 1.135817751288414, 1.1173210442066193, 1.1007614731788635, 1.0835893601179123, 1.0729253590106964]",0.8456809683756892,0.7209169054441261,0.7988315976631953,0.6568504594820385
