K,layers,hidden_channels,out_channels,norm,lr,treatment,dropout,ratio,seed,aggregation,model_type,batch_size,rate_pairs,clusters,sampling,num_epochs,anomaly_detector,accuracy,f1,recall,precision,losses,test_accuracy,test_f1,test_recall,test_precision
15,2,256,256,,0.005,removal,0,0.2791975277863405,654,mean,GATConv,1024,10,50,sage,100,nearest_neighbors,nan,0.0,0.0,0.0,"[36.6129424571991, 35.54269206523895, 34.44435787200928, 33.35249698162079, 32.0797073841095, 31.309836864471436, 30.168570518493652, 28.99226212501526, 27.607563257217407, 26.459664940834045, 25.25889003276825, 23.978516459465027, 22.62481665611267, 21.215389728546143, 19.98455572128296, 18.641023814678192, 17.459299981594086, 16.26128441095352, 15.145995855331421, 14.070614337921143, 13.089112162590027, 12.231574892997742, 11.396287500858307, 10.659677565097809, 9.938606321811676, 9.305974960327148, 8.701019287109375, 8.17327105998993, 7.689081132411957, 7.224706947803497, 6.842631310224533, 6.4772626757621765, 6.121907591819763, 5.827594488859177, 5.510496109724045, 5.235903590917587, 4.989410877227783, 4.753769516944885, 4.53609624505043, 4.34981706738472, 4.140443488955498, 3.979760065674782, 3.8103605061769485, 3.6729743480682373, 3.5098510831594467, 3.37748721241951, 3.2517237067222595, 3.1162214428186417, 3.021790489554405, 2.913945585489273, 2.803736612200737, 2.7168091982603073, 2.6151487976312637, 2.546266794204712, 2.450228214263916, 2.37570209056139, 2.300068035721779, 2.230583570897579, 2.157988913357258, 2.103500559926033, 2.027888484299183, 1.9743832051753998, 1.9107669740915298, 1.8681520968675613, 1.8119080811738968, 1.7617446258664131, 1.7157156020402908, 1.6680141240358353, 1.627342328429222, 1.5819924622774124, 1.5390280857682228, 1.5011375546455383, 1.4643767550587654, 1.426064558327198, 1.3947199881076813, 1.363248698413372, 1.333812564611435, 1.300523690879345, 1.2636114470660686, 1.2391794994473457, 1.211066585034132, 1.1825785860419273, 1.1496860422194004, 1.1287142671644688, 1.1017232686281204, 1.0775897912681103, 1.0570487789809704, 1.0343987345695496, 1.0185465104877949, 0.9928636997938156, 0.9795555099844933, 0.9531421475112438, 0.9331515207886696, 0.9194779172539711, 0.8974468000233173, 0.8796106539666653, 0.8607073463499546, 0.8404261618852615, 0.8341305181384087, 0.8154082149267197]",0.860447430128652,0.7105678233438486,0.6865633731267462,0.7363116317079815
