K,layers,hidden_channels,out_channels,norm,lr,treatment,dropout,ratio,seed,aggregation,model_type,batch_size,rate_pairs,clusters,sampling,num_epochs,anomaly_detector,accuracy,f1,recall,precision,losses,test_accuracy,test_f1,test_recall,test_precision
8,1,256,64,,0.008649134502913443,removal,0,0.4821852113399958,654,mean,GATConv,512,1,400,sage,100,nearest_neighbors,0.649390243902439,0.7874306839186691,0.649390243902439,1.0,"[65.75271022319794, 55.83718144893646, 45.70340442657471, 36.48440903425217, 28.789406538009644, 22.97171312570572, 18.4619602560997, 15.190455943346024, 12.689191728830338, 10.84972819685936, 9.312760442495346, 8.091679945588112, 7.113810107111931, 6.301907077431679, 5.66150389611721, 5.092293664813042, 4.6231337785720825, 4.200842171907425, 3.8314836770296097, 3.5233544036746025, 3.257298432290554, 3.020092152059078, 2.804010659456253, 2.610253244638443, 2.437763925641775, 2.280604474246502, 2.1408831365406513, 2.0057112649083138, 1.892521407455206, 1.7855213470757008, 1.69007533416152, 1.6027731522917747, 1.508222557604313, 1.441238958388567, 1.3669447377324104, 1.30221794731915, 1.239364905282855, 1.188506942242384, 1.1289117597043514, 1.0781839210540056, 1.0323047041893005, 0.9940015282481909, 0.9442231561988592, 0.9084411282092333, 0.8696452919393778, 0.8381692543625832, 0.8027568310499191, 0.7734898719936609, 0.7449136935174465, 0.7176774684339762, 0.6888381782919168, 0.662559425458312, 0.6418766882270575, 0.6185026532039046, 0.595768473111093, 0.5756563227623701, 0.5572131965309381, 0.5389592172577977, 0.5220851441845298, 0.5056109372526407, 0.4878645921126008, 0.47129922546446323, 0.4577580997720361, 0.44341002218425274, 0.4291755659505725, 0.4159977212548256, 0.40325810201466084, 0.3913842625916004, 0.3790606241673231, 0.3678784528747201, 0.35661829821765423, 0.3472617007791996, 0.33758455887436867, 0.3276900635100901, 0.3176376554183662, 0.30952782463282347, 0.3009370299987495, 0.2927897502668202, 0.28540888149291277, 0.27724494505673647, 0.2691581668332219, 0.2624282347969711, 0.25528485234826803, 0.2489376114681363, 0.2427435414865613, 0.23629686050117016, 0.22981899790465832, 0.22244268283247948, 0.21795785520225763, 0.21284544793888927, 0.20690400013700128, 0.20197257911786437, 0.1968692559748888, 0.1922051296569407, 0.18724485347047448, 0.1826075022108853, 0.1775685576722026, 0.17319596698507667, 0.1696920869871974, 0.16480696806684136]",0.8261905969467972,0.7868913624774578,0.8034285714285714,0.7710212039970753
