K,layers,hidden_channels,out_channels,norm,lr,treatment,dropout,ratio,seed,aggregation,model_type,batch_size,rate_pairs,clusters,sampling,num_epochs,anomaly_detector,accuracy,f1,recall,precision,losses,test_accuracy,test_f1,test_recall,test_precision
14,2,256,64,,0.005,removal,0,0.4502217723679568,654,mean,GCNConv,2048,10,50,sage,50,nearest_neighbors,nan,0.0,0.0,0.0,"[36.492181062698364, 36.23478150367737, 35.844181299209595, 35.72393083572388, 35.09858798980713, 34.42274785041809, 34.203590393066406, 33.47843623161316, 33.008018493652344, 32.52972054481506, 32.2541720867157, 31.525614023208618, 30.993765354156494, 30.315630197525024, 29.714770555496216, 28.964112043380737, 28.466278791427612, 27.683000326156616, 27.116442918777466, 26.494428634643555, 25.67026710510254, 24.93277382850647, 24.195470571517944, 23.465893030166626, 22.66020441055298, 21.953601837158203, 21.304911136627197, 20.49731135368347, 19.822697162628174, 19.05535578727722, 18.370110034942627, 17.73015034198761, 17.065064787864685, 16.48224663734436, 15.7967027425766, 15.195162177085876, 14.738322615623474, 14.132781267166138, 13.567765593528748, 13.105494737625122, 12.608704328536987, 12.142336368560791, 11.695236563682556, 11.262805104255676, 10.880491018295288, 10.464374542236328, 10.125290632247925, 9.778664469718933, 9.452579200267792, 9.110337793827057]",0.8269218581659167,0.704852480276667,0.8282956565913132,0.613431151241535
