alpha,K,layers,hidden_channels,out_channels,norm,dropout,margin,lpl_weight,ratio,seed,aggregation,pos_weight,accuracy,f1,recall,precision
0.5,28,1,256,128,,0.37140801658437883,0.5,0.5203797098507965,0.21932446627185948,1,mean,1,0.9008469848354212,0.8711357194647683,0.8391111111111111,0.9057017543859649
0.5,28,1,256,128,,0.37140801658437883,0.5,0.5203797098507965,0.21932446627185948,2,mean,1,0.8985139727139017,0.8677374578623835,0.8335238095238096,0.9048800661703887
0.5,28,1,256,128,,0.37140801658437883,0.5,0.5203797098507965,0.21932446627185948,3,mean,1,0.9036364558502815,0.8746205622277946,0.8415238095238096,0.9104272564912763
0.5,28,1,256,128,,0.37140801658437883,0.5,0.5203797098507965,0.21932446627185948,4,mean,1,0.9036871735050971,0.8745789577967109,0.8407619047619047,0.9112303881090008
0.5,28,1,256,128,,0.37140801658437883,0.5,0.5203797098507965,0.21932446627185948,5,mean,1,0.9023177968250748,0.8729886573463466,0.8405079365079365,0.9080806695019893
