K,layers,hidden_channels,out_channels,norm,lr,treatment,dropout,ratio,seed,aggregation,model_type,batch_size,rate_pairs,clusters,sampling,num_epochs,anomaly_detector,accuracy,f1,recall,precision,losses,test_accuracy,test_f1,test_recall,test_precision
10,1,128,128,,0.005,removal,0,0.44696262818706184,654,mean,GCNConv,1024,10,50,sage,50,nearest_neighbors,nan,0.0,0.0,0.0,"[30.474720358848572, 29.22029936313629, 28.05483639240265, 27.039386987686157, 25.844755053520203, 24.81543791294098, 23.67410457134247, 22.47023344039917, 21.177064180374146, 19.883154153823853, 18.697332859039307, 17.55183970928192, 16.47914582490921, 15.410665392875671, 14.39288866519928, 13.364361643791199, 12.488127887248993, 11.665505468845367, 10.81000131368637, 10.118568688631058, 9.44558009505272, 8.872888624668121, 8.318166941404343, 7.805008918046951, 7.356003642082214, 6.917433977127075, 6.524471461772919, 6.188303470611572, 5.85335510969162, 5.562976390123367, 5.267480045557022, 5.006413698196411, 4.761575281620026, 4.52439571917057, 4.291725903749466, 4.145915970206261, 3.9327260106801987, 3.7629731446504593, 3.6068054139614105, 3.4615153819322586, 3.324513927102089, 3.192378431558609, 3.07070854306221, 2.943179741501808, 2.8439135998487473, 2.7333321422338486, 2.651868060231209, 2.5627313926815987, 2.468017064034939, 2.387642562389374]",0.8087965016794474,0.6384661473936489,0.6766573533147067,0.604355716878403
