K,layers,hidden_channels,out_channels,norm,lr,treatment,dropout,ratio,seed,aggregation,model_type,batch_size,rate_pairs,clusters,sampling,num_epochs,anomaly_detector,accuracy,f1,recall,precision,losses,test_accuracy,test_f1,test_recall,test_precision
18,2,64,64,,0.005,removal,0,0.3135895168358134,654,mean,GATConv,1024,10,50,sage,100,nearest_neighbors,0.540650406504065,0.7018469656992085,0.540650406504065,1.0,"[45.8349187374115, 44.342294692993164, 42.722474217414856, 42.17316150665283, 40.76943063735962, 39.76980113983154, 38.362329840660095, 37.22081387042999, 35.95135319232941, 34.7254958152771, 33.065462946891785, 31.758560299873352, 29.982831954956055, 28.695682644844055, 26.74632716178894, 25.043120861053467, 23.500893473625183, 21.769284963607788, 20.36198091506958, 18.778511881828308, 17.44638615846634, 16.142601907253265, 15.006444454193115, 13.9432013630867, 12.9137202501297, 12.126694858074188, 11.291955292224884, 10.58370566368103, 9.896734863519669, 9.324314713478088, 8.778025299310684, 8.26243793964386, 7.774696409702301, 7.378580838441849, 7.04950538277626, 6.621667444705963, 6.300790220499039, 6.018017381429672, 5.73818239569664, 5.479280412197113, 5.233616471290588, 5.013495028018951, 4.785622954368591, 4.594493463635445, 4.406389132142067, 4.2228192538022995, 4.058579578995705, 3.8991303890943527, 3.770462289452553, 3.6285454481840134, 3.5158707350492477, 3.387765124440193, 3.2602967768907547, 3.146749421954155, 3.039452835917473, 2.9377453178167343, 2.8534282445907593, 2.7692165225744247, 2.676399953663349, 2.6014923751354218, 2.5147333294153214, 2.460104778409004, 2.3785438761115074, 2.3180832117795944, 2.2527479454874992, 2.1933135390281677, 2.13494148850441, 2.0720263943076134, 2.0146235302090645, 1.9677070900797844, 1.9043130055069923, 1.8626547157764435, 1.8203720822930336, 1.7653590589761734, 1.737368829548359, 1.6857587918639183, 1.6479387655854225, 1.604864977300167, 1.5693557187914848, 1.531180001795292, 1.490668997168541, 1.4632424116134644, 1.43240574747324, 1.3983218297362328, 1.3622625097632408, 1.3293776661157608, 1.3082153424620628, 1.2810907661914825, 1.2553503140807152, 1.2278489917516708, 1.2028821520507336, 1.1759755872189999, 1.1556858643889427, 1.13057404384017, 1.1043881848454475, 1.0834874287247658, 1.0606661960482597, 1.0458979569375515, 1.0249137468636036, 1.0015003234148026]",0.8479484708627073,0.7911674561159098,0.7211428571428572,0.8762536645579386
