alpha,K,layers,hidden_channels,out_channels,norm,dropout,margin,lpl_weight,ratio,seed,aggregation,pos_weight,accuracy,f1,recall,precision
0.5,33,1,128,256,,0,0.5,0.38793505507257897,0.1022132176933089,1,sum,1,0.8721407922097683,0.8182277020693633,0.7205079365079365,0.9466132799466133
0.5,33,1,128,256,,0,0.5,0.38793505507257897,0.1022132176933089,2,sum,1,0.876553228178729,0.8259688259688259,0.7334603174603175,0.9451808214694812
0.5,33,1,128,256,,0,0.5,0.38793505507257897,0.1022132176933089,3,sum,1,0.8754881574276006,0.8247054623348804,0.7333333333333333,0.9420880913539967
0.5,33,1,128,256,,0,0.5,0.38793505507257897,0.1022132176933089,4,sum,1,0.873307298270528,0.8198730891260456,0.7219047619047619,0.9486067078257968
0.5,33,1,128,256,,0,0.5,0.38793505507257897,0.1022132176933089,5,sum,1,0.875285286808338,0.8232842256557672,0.7273650793650793,0.9483443708609272
