K,layers,hidden_channels,out_channels,norm,lr,treatment,dropout,ratio,seed,aggregation,model_type,batch_size,rate_pairs,clusters,sampling,num_epochs,anomaly_detector,accuracy,f1,recall,precision,losses,test_accuracy,test_f1,test_recall,test_precision
10,2,128,256,,0.005,removal,0,0.40248299189067516,654,mean,GCNConv,1024,10,50,sage,50,nearest_neighbors,nan,0.0,0.0,0.0,"[30.63062047958374, 29.694526076316833, 28.436782360076904, 27.36587953567505, 26.25721275806427, 25.054017305374146, 23.915842175483704, 22.67478108406067, 21.548194527626038, 20.33223605155945, 19.091200947761536, 17.960870802402496, 16.711489737033844, 15.610966801643372, 14.63170838356018, 13.659884631633759, 12.779280722141266, 11.851186335086823, 11.05447906255722, 10.276815623044968, 9.625184148550034, 9.000952154397964, 8.462489753961563, 7.946724086999893, 7.494440674781799, 6.992351472377777, 6.625300198793411, 6.251718491315842, 5.934848487377167, 5.624697268009186, 5.349884927272797, 5.076884940266609, 4.804543346166611, 4.599706470966339, 4.374115467071533, 4.186056196689606, 3.9927950650453568, 3.8179279565811157, 3.67119537293911, 3.5131934583187103, 3.375713512301445, 3.234130397439003, 3.113406226038933, 2.9847058057785034, 2.887775495648384, 2.782746911048889, 2.6786749735474586, 2.5872833132743835, 2.4938160479068756, 2.41056951880455]",0.8511946257684264,0.7279888785912882,0.7980695961391923,0.6692225772097976
