K,layers,hidden_channels,out_channels,norm,lr,treatment,dropout,ratio,seed,aggregation,model_type,batch_size,rate_pairs,clusters,sampling,num_epochs,anomaly_detector,accuracy,f1,recall,precision,losses,test_accuracy,test_f1,test_recall,test_precision
4,2,128,256,,0.005,removal,0,0.41429331272752995,654,mean,GCNConv,2048,10,50,sage,50,nearest_neighbors,nan,0.0,0.0,0.0,"[9.368347883224487, 9.113014817237854, 8.858689844608307, 8.630051970481873, 8.413540542125702, 8.160934448242188, 7.87793242931366, 7.670077681541443, 7.473530292510986, 7.188522398471832, 6.987186849117279, 6.7595051527023315, 6.54287576675415, 6.331720471382141, 6.129323184490204, 5.9127137660980225, 5.701117217540741, 5.514376580715179, 5.373651385307312, 5.136537462472916, 4.974317938089371, 4.822923243045807, 4.67343932390213, 4.5003664791584015, 4.343378990888596, 4.172668427228928, 4.054234027862549, 3.9218194484710693, 3.800817906856537, 3.6790855824947357, 3.570879489183426, 3.4634678959846497, 3.3273066580295563, 3.2434612214565277, 3.1440623998641968, 3.035620778799057, 2.9628025889396667, 2.864284634590149, 2.795698434114456, 2.7067765295505524, 2.626067489385605, 2.5595818758010864, 2.4765777587890625, 2.4136627465486526, 2.3492382913827896, 2.278212144970894, 2.2189159393310547, 2.1624861657619476, 2.100858762860298, 2.046528682112694]",0.8532860130553267,0.7314696670919847,0.8008636017272035,0.6731426131511529
