K,layers,hidden_channels,out_channels,norm,lr,treatment,dropout,ratio,seed,aggregation,model_type,batch_size,rate_pairs,clusters,sampling,num_epochs,anomaly_detector,accuracy,f1,recall,precision,losses,test_accuracy,test_f1,test_recall,test_precision
7,2,128,256,,0.005,removal,0,0.3722994979618388,654,mean,GCNConv,2048,10,50,sage,50,nearest_neighbors,nan,0.0,0.0,0.0,"[13.253023624420166, 13.13653016090393, 12.838299632072449, 12.620856046676636, 12.366974234580994, 12.078736305236816, 11.741141200065613, 11.499805688858032, 11.26261019706726, 10.907270073890686, 10.65316379070282, 10.369499564170837, 10.086967825889587, 9.800371706485748, 9.531465470790863, 9.214548230171204, 8.938391089439392, 8.654400169849396, 8.445247173309326, 8.091120600700378, 7.839781045913696, 7.61720484495163, 7.380343675613403, 7.100216448307037, 6.842969357967377, 6.57497251033783, 6.379270315170288, 6.155226171016693, 5.953830599784851, 5.74862676858902, 5.570912718772888, 5.386678695678711, 5.160080194473267, 5.0212176740169525, 4.855367660522461, 4.676932215690613, 4.548927664756775, 4.3864739537239075, 4.268246173858643, 4.120391845703125, 3.9864494800567627, 3.8711490631103516, 3.738140791654587, 3.6314189732074738, 3.5254357755184174, 3.4090268313884735, 3.312711238861084, 3.2195456326007843, 3.1204353868961334, 3.0332657992839813]",0.8628556942772039,0.7415810843085742,0.7886715773431547,0.6997971602434077
