alpha,K,layers,hidden_channels,out_channels,norm,dropout,margin,lpl_weight,ratio,seed,aggregation,pos_weight,accuracy,f1,recall,precision
0.5,27,1,64,128,,0.23988829997004413,0.5,0.2755506865852721,0.2558550585240761,1,mean,1,0.9039914794339909,0.8783027965284474,0.8674285714285714,0.889453125
0.5,27,1,64,128,,0.23988829997004413,0.5,0.2755506865852721,0.2558550585240761,2,mean,1,0.8996804787746615,0.8726828012358393,0.8608253968253968,0.8848714267066963
0.5,27,1,64,128,,0.23988829997004413,0.5,0.2755506865852721,0.2558550585240761,3,mean,1,0.9046000912917787,0.8784648187633263,0.8632380952380952,0.8942383583267561
0.5,27,1,64,128,,0.23988829997004413,0.5,0.2755506865852721,0.2558550585240761,4,mean,1,0.9036364558502815,0.8775457592162929,0.8645079365079366,0.8909828556471666
0.5,27,1,64,128,,0.23988829997004413,0.5,0.2755506865852721,0.2558550585240761,5,mean,1,0.9006441142161586,0.8735557993932744,0.8593015873015873,0.8882908899973746
