K,layers,hidden_channels,out_channels,norm,lr,treatment,dropout,ratio,seed,aggregation,model_type,batch_size,rate_pairs,clusters,sampling,num_epochs,anomaly_detector,accuracy,f1,recall,precision,losses,test_accuracy,test_f1,test_recall,test_precision
27,2,256,256,,0.005,removal,0,0.38193716726033683,654,mean,GATConv,1024,10,50,sage,100,nearest_neighbors,nan,0.0,0.0,0.0,"[46.305952310562134, 44.8227174282074, 43.21817719936371, 41.5164258480072, 40.09511876106262, 39.34511470794678, 38.28428292274475, 37.07895636558533, 35.733702421188354, 35.07321107387543, 34.34820485115051, 33.42796564102173, 32.33881175518036, 31.09432053565979, 30.26268231868744, 29.005337357521057, 27.887614130973816, 26.6305969953537, 25.52237606048584, 24.213280081748962, 22.859546065330505, 21.73363471031189, 20.477710843086243, 19.23378211259842, 18.03301966190338, 16.868961930274963, 15.749714374542236, 14.737638175487518, 13.770735144615173, 12.844874620437622, 12.068562269210815, 11.328026711940765, 10.584390640258789, 9.991726815700531, 9.359847515821457, 8.809992969036102, 8.313815772533417, 7.850155979394913, 7.423756122589111, 7.0497400760650635, 6.6565220057964325, 6.353560656309128, 6.034824848175049, 5.773994565010071, 5.47383725643158, 5.2340624034404755, 5.0072958171367645, 4.765088737010956, 4.604131266474724, 4.40739181637764, 4.2189498990774155, 4.068426966667175, 3.8975366204977036, 3.7766879945993423, 3.616629719734192, 3.4896930009126663, 3.3658296912908554, 3.2532395124435425, 3.1355761885643005, 3.047139123082161, 2.9272088408470154, 2.840254083275795, 2.7406739443540573, 2.6710584461688995, 2.584954559803009, 2.5076516568660736, 2.431996263563633, 2.362512454390526, 2.2961026057600975, 2.226502813398838, 2.161745600402355, 2.1033786088228226, 2.0489066019654274, 1.9914717748761177, 1.9429273381829262, 1.894621156156063, 1.851226381957531, 1.8032785058021545, 1.7471135035157204, 1.7103388831019402, 1.6709286868572235, 1.6274689808487892, 1.5805890038609505, 1.5505770817399025, 1.5105965360999107, 1.4749895706772804, 1.4458624497056007, 1.4139410480856895, 1.3893223404884338, 1.3526511266827583, 1.3325359597802162, 1.2956801801919937, 1.2664157003164291, 1.2464082837104797, 1.2157665714621544, 1.189594592899084, 1.1629694439470768, 1.1367966011166573, 1.1251684613525867, 1.0998523384332657]",0.8526522593320236,0.7223217484772483,0.7680975361950724,0.6816952209197475
