alpha,K,layers,hidden_channels,out_channels,norm,dropout,margin,lpl_weight,ratio,seed,aggregation,pos_weight,accuracy,f1,recall,precision
0.5,25,1,64,64,,0.10270603070976356,0.5,0.11782729989130511,0.3236432081973954,1,mean,1,0.9001369376680022,0.8776790706342796,0.897015873015873,0.8591583556312333
0.5,25,1,64,64,,0.10270603070976356,0.5,0.11782729989130511,0.3236432081973954,2,mean,1,0.8988689962976112,0.8756702830776905,0.8916825396825396,0.8602229572461105
0.5,25,1,64,64,,0.10270603070976356,0.5,0.11782729989130511,0.3236432081973954,3,mean,1,0.9001369376680022,0.8775116640746501,0.8956190476190476,0.8601219512195122
0.5,25,1,64,64,,0.10270603070976356,0.5,0.11782729989130511,0.3236432081973954,4,mean,1,0.9008977024902368,0.8785430134261561,0.8973968253968254,0.8604651162790697
0.5,25,1,64,64,,0.10270603070976356,0.5,0.11782729989130511,0.3236432081973954,5,mean,1,0.8970431607242481,0.8739130434782608,0.8933333333333333,0.8553191489361702
