alpha,K,layers,hidden_channels,out_channels,norm,dropout,margin,lpl_weight,ratio,seed,aggregation,pos_weight,accuracy,f1,recall,precision
0.2610684398072343,34,2,128,128,,0.18566836891692762,0.3031484994499624,0.21102394685700954,0.18923318203815817,1,sum,1,0.9012020084191307,0.870873657695877,0.8341587301587302,0.9109693523783109
0.2610684398072343,34,2,128,128,,0.18566836891692762,0.3031484994499624,0.21102394685700954,0.18923318203815817,2,sum,1,0.8988182786427955,0.8681166126793152,0.8337777777777777,0.9054054054054054
0.2610684398072343,34,2,128,128,,0.18566836891692762,0.3031484994499624,0.21102394685700954,0.18923318203815817,3,sum,1,0.9023685144798904,0.8728281693862721,0.8388571428571429,0.9096667584687413
0.2610684398072343,34,2,128,128,,0.18566836891692762,0.3031484994499624,0.21102394685700954,0.18923318203815817,4,sum,1,0.902013490896181,0.8722560169267389,0.8375873015873015,0.9099186094633742
0.2610684398072343,34,2,128,128,,0.18566836891692762,0.3031484994499624,0.21102394685700954,0.18923318203815817,5,sum,1,0.8977532078916671,0.8665960825833775,0.8314920634920635,0.9047948044769932
