K,layers,hidden_channels,out_channels,norm,lr,treatment,dropout,ratio,seed,aggregation,model_type,batch_size,rate_pairs,clusters,sampling,num_epochs,anomaly_detector,accuracy,f1,recall,precision,losses,test_accuracy,test_f1,test_recall,test_precision
5,2,256,128,,0.005,removal,0,0.38105779416143637,654,mean,GCNConv,2048,10,50,sage,50,nearest_neighbors,nan,0.0,0.0,0.0,"[24.036083936691284, 23.625543355941772, 22.9352970123291, 22.550474882125854, 22.046243906021118, 21.46949601173401, 20.910717964172363, 20.383527994155884, 19.751300573349, 19.173097372055054, 18.592251300811768, 18.04232621192932, 17.51973855495453, 17.027852535247803, 16.456549167633057, 15.828902006149292, 15.389791369438171, 14.864214897155762, 14.329843759536743, 13.893004655838013, 13.355438709259033, 12.914379119873047, 12.47933292388916, 12.048281908035278, 11.613306641578674, 11.253875017166138, 10.888652086257935, 10.492364883422852, 10.170161485671997, 9.793145716190338, 9.546309769153595, 9.155741214752197, 8.919879615306854, 8.585591793060303, 8.325348913669586, 8.072145462036133, 7.821661591529846, 7.582268476486206, 7.324608206748962, 7.095138847827911, 6.867208421230316, 6.725545108318329, 6.494410455226898, 6.30938845872879, 6.172601282596588, 5.981500804424286, 5.775566101074219, 5.649284243583679, 5.493353307247162, 5.373457312583923]",0.8630458203941949,0.7500289184499711,0.8234696469392939,0.6886151231945624
