K,layers,hidden_channels,out_channels,norm,lr,treatment,dropout,ratio,seed,aggregation,model_type,batch_size,rate_pairs,reliable_mini_batch,clusters,accuracy,f1,recall,precision,losses
14,2,256,256,,0.007396362272542344,removal,0,0.23166502759305702,654,mean,GINConv,10,2,True,100,0.8295379621646295,0.7870763382958504,0.7888253968253969,0.7853350189633376,"[14.621084570884705, 14.689992427825928, 14.841792583465576, 14.54962146282196, 14.584973692893982, 14.141332387924194, 14.654267430305481, 13.827009439468384, 13.622930645942688, 13.403562426567078, 13.08744192123413, 12.488906800746918, 12.469568967819214, 11.668705344200134, 11.083675861358643, 10.721220433712006, 9.784568548202515, 9.265751421451569, 8.829224526882172, 8.115411758422852, 7.672271907329559, 7.188827753067017, 6.708574056625366, 6.159987032413483, 5.784659206867218, 5.466464966535568, 5.19648140668869, 4.770364433526993, 4.4671661257743835, 4.27974334359169, 4.010271728038788, 3.8189161717891693, 3.5950011610984802, 3.409943163394928, 3.259479135274887, 3.1688776910305023, 2.986341208219528, 2.823004812002182, 2.6734264194965363, 2.566414102911949, 2.43621963262558, 2.3540132343769073, 2.256632760167122, 2.1441795229911804, 2.0738835483789444, 2.015297457575798, 1.9389949291944504, 1.860482707619667, 1.7695759981870651, 1.726274311542511]"
