alpha,K,layers,hidden_channels,out_channels,norm,dropout,margin,lpl_weight,ratio,seed,aggregation,pos_weight,accuracy,f1,recall,precision
0.5,28,1,256,128,,0,0.5,0.4514539856288249,0.34329023429302186,1,mean,1,0.8722422275193995,0.8537930233907945,0.933968253968254,0.7862946333119522
0.5,28,1,256,128,,0,0.5,0.4514539856288249,0.34329023429302186,2,mean,1,0.871735050971243,0.8532126066515758,0.9333333333333333,0.7857601026298909
0.5,28,1,256,128,,0,0.5,0.4514539856288249,0.34329023429302186,3,mean,1,0.8719886392453213,0.8535113174695299,0.9337142857142857,0.7859967931587386
0.5,28,1,256,128,,0,0.5,0.4514539856288249,0.34329023429302186,4,mean,1,0.8714814626971649,0.8529138611562572,0.932952380952381,0.7855233614882925
0.5,28,1,256,128,,0,0.5,0.4514539856288249,0.34329023429302186,5,mean,1,0.8678297915504387,0.8487521764364481,0.9285079365079365,0.78161411010155
