alpha,K,layers,hidden_channels,out_channels,norm,dropout,margin,lpl_weight,ratio,seed,aggregation,pos_weight,accuracy,f1,recall,precision
0.5,32,1,256,128,,0.3488497023774219,0.5,0.3256643922855605,0.05240386741338385,1,sum,1,0.8486585180301263,0.7740078764010906,0.6488888888888888,0.958904109589041
0.5,32,1,256,128,,0.3488497023774219,0.5,0.3256643922855605,0.05240386741338385,2,sum,1,0.8521580362124055,0.7800829875518672,0.6565079365079365,0.9609665427509294
0.5,32,1,256,128,,0.3488497023774219,0.5,0.3256643922855605,0.05240386741338385,3,sum,1,0.8520566009027742,0.778964916268849,0.6526984126984127,0.9658023299511462
0.5,32,1,256,128,,0.3488497023774219,0.5,0.3256643922855605,0.05240386741338385,4,sum,1,0.8495714358168078,0.774859571884014,0.6481269841269841,0.9632006038875259
0.5,32,1,256,128,,0.3488497023774219,0.5,0.3256643922855605,0.05240386741338385,5,sum,1,0.8489628239590201,0.7750075551526141,0.6513015873015873,0.9567244916993098
