alpha,K,layers,hidden_channels,out_channels,norm,dropout,margin,lpl_weight,ratio,seed,aggregation,pos_weight,accuracy,f1,recall,precision
0.5,25,1,64,64,,0.143990299581757,0.5,0.1677774926832579,0.2262743781037054,1,mean,1,0.9051072678399351,0.8777683412817665,0.8530793650793651,0.9039289558665231
0.5,25,1,64,64,,0.143990299581757,0.5,0.1677774926832579,0.2262743781037054,2,mean,1,0.9042450677080692,0.8761804826862539,0.8482539682539683,0.9060084090600841
0.5,25,1,64,64,,0.143990299581757,0.5,0.1677774926832579,0.2262743781037054,3,mean,1,0.9072881269970077,0.8799106556300091,0.8504126984126984,0.9115285150401524
0.5,25,1,64,64,,0.143990299581757,0.5,0.1677774926832579,0.2262743781037054,4,mean,1,0.9061723385910635,0.8786885245901639,0.8507936507936508,0.9084745762711864
0.5,25,1,64,64,,0.143990299581757,0.5,0.1677774926832579,0.2262743781037054,5,mean,1,0.9041436323984379,0.8763250883392226,0.8502857142857143,0.9040097205346294
