K,layers,hidden_channels,out_channels,norm,lr,treatment,dropout,ratio,seed,aggregation,model_type,batch_size,rate_pairs,clusters,sampling,num_epochs,anomaly_detector,accuracy,f1,recall,precision,losses,test_accuracy,test_f1,test_recall,test_precision
14,1,128,128,,0.005,removal,0,0.23172531261824117,654,mean,GATConv,2048,10,50,sage,100,nearest_neighbors,0.32621951219512196,0.49195402298850577,0.32621951219512196,1.0,"[20.61333930492401, 20.302547335624695, 20.113283395767212, 19.972829222679138, 19.538767218589783, 19.232064604759216, 18.94512104988098, 18.730074524879456, 18.437819123268127, 18.05095398426056, 17.81352150440216, 17.537391901016235, 17.13275158405304, 16.871073007583618, 16.601662158966064, 16.141844034194946, 15.8169424533844, 15.338641166687012, 15.0291987657547, 14.622511386871338, 14.256693005561829, 13.80112910270691, 13.51232922077179, 12.972954750061035, 12.561086177825928, 12.141014218330383, 11.692310094833374, 11.295525431632996, 10.93600869178772, 10.556341409683228, 10.120505034923553, 9.764332950115204, 9.37824922800064, 9.031696557998657, 8.696546077728271, 8.384147465229034, 8.05388605594635, 7.750157654285431, 7.479462623596191, 7.229868233203888, 6.936302840709686, 6.667752921581268, 6.4593727588653564, 6.235796868801117, 5.986934006214142, 5.79772824048996, 5.59477561712265, 5.414125978946686, 5.2217442989349365, 5.075124353170395, 4.884084463119507, 4.737261742353439, 4.590266436338425, 4.4410205483436584, 4.30957618355751, 4.198316276073456, 4.067311644554138, 3.948511481285095, 3.8268689811229706, 3.730104386806488, 3.6244453489780426, 3.516093134880066, 3.4262767136096954, 3.326056271791458, 3.2582020461559296, 3.1721450984477997, 3.084043502807617, 3.005191385746002, 2.93819460272789, 2.8707177340984344, 2.7775467932224274, 2.7248768508434296, 2.670138359069824, 2.6025364696979523, 2.5397287756204605, 2.4857024550437927, 2.423567920923233, 2.3779012262821198, 2.334882289171219, 2.282884180545807, 2.2240628600120544, 2.17705138027668, 2.139033168554306, 2.0918565839529037, 2.0497448593378067, 2.004261553287506, 1.9694386571645737, 1.9160996824502945, 1.8859402537345886, 1.850250780582428, 1.8207011371850967, 1.7866201102733612, 1.7449177503585815, 1.7252664119005203, 1.6884181797504425, 1.653449296951294, 1.6302895545959473, 1.5933816581964493, 1.5689826607704163, 1.5496022552251816]",0.8114317593954455,0.7094404501406689,0.5763809523809523,0.9223735013208697
