K,layers,hidden_channels,out_channels,norm,lr,treatment,dropout,ratio,seed,aggregation,model_type,batch_size,rate_pairs,clusters,sampling,num_epochs,anomaly_detector,accuracy,f1,recall,precision,losses,test_accuracy,test_f1,test_recall,test_precision
21,2,256,128,,0.005,removal,0,0.20109735265441048,654,mean,GATConv,4096,10,50,sage,50,nearest_neighbors,nan,0.0,0.0,0.0,"[13.350687742233276, 13.392061233520508, 13.447792053222656, 13.19396710395813, 13.191114664077759, 13.000299453735352, 12.878376245498657, 12.732582807540894, 12.751716613769531, 12.61872673034668, 12.53446340560913, 12.371662855148315, 12.248938083648682, 12.244982242584229, 12.214904308319092, 12.02528715133667, 11.937929153442383, 11.824065446853638, 11.842499732971191, 11.702982902526855, 11.672066688537598, 11.580257415771484, 11.383271217346191, 11.390901327133179, 11.310646057128906, 11.212316751480103, 11.139364957809448, 10.985834836959839, 10.896765232086182, 10.84934377670288, 10.731950044631958, 10.721246480941772, 10.639544248580933, 10.518115758895874, 10.381080389022827, 10.425201892852783, 10.337953090667725, 10.189370036125183, 10.136266469955444, 10.04069435596466, 10.037269234657288, 9.855077862739563, 9.750187873840332, 9.694112539291382, 9.633697867393494, 9.55977201461792, 9.466603875160217, 9.392263650894165, 9.242305040359497, 9.185905814170837]",0.8639964509791495,0.6920206659012629,0.6123952247904496,0.7954470471791488
