alpha,K,layers,hidden_channels,out_channels,norm,dropout,margin,lpl_weight,ratio,seed,aggregation,pos_weight,accuracy,f1,recall,precision
0.5,31,1,256,64,,0.4279293259882632,0.5,0.11741995250728765,0.2782204977968954,1,mean,1,0.8898919713952427,0.8633989806833197,0.8712380952380953,0.8556996757296084
0.5,31,1,256,64,,0.4279293259882632,0.5,0.11741995250728765,0.2782204977968954,2,mean,1,0.8867981944514886,0.8588056680161943,0.8619682539682539,0.8556662044623724
0.5,31,1,256,64,,0.4279293259882632,0.5,0.11741995250728765,0.2782204977968954,3,mean,1,0.8925800071004717,0.8663722397476341,0.8718730158730159,0.8609404388714733
0.5,31,1,256,64,,0.4279293259882632,0.5,0.11741995250728765,0.2782204977968954,4,mean,1,0.8889283359537455,0.8619689902937098,0.8683174603174603,0.8557126767613565
0.5,31,1,256,64,,0.4279293259882632,0.5,0.11741995250728765,0.2782204977968954,5,mean,1,0.8889283359537455,0.8622641509433963,0.8704761904761905,0.8542056074766355
