K,layers,hidden_channels,out_channels,norm,lr,treatment,dropout,ratio,seed,aggregation,model_type,batch_size,rate_pairs,clusters,sampling,num_epochs,anomaly_detector,accuracy,f1,recall,precision,losses,test_accuracy,test_f1,test_recall,test_precision
27,3,256,256,,0.005,removal,0,0.41166761662475576,654,mean,GATConv,1024,10,50,sage,100,nearest_neighbors,nan,0.0,0.0,0.0,"[46.91461682319641, 45.06790065765381, 44.02515482902527, 41.970388412475586, 40.317776918411255, 39.07365965843201, 38.36138725280762, 37.539164423942566, 36.850184082984924, 35.619388461112976, 34.91522145271301, 33.9829386472702, 32.59678769111633, 31.683242321014404, 30.54118037223816, 29.502291560173035, 28.253763556480408, 27.112215638160706, 25.88805663585663, 24.621285557746887, 23.431074261665344, 22.10598611831665, 20.902841329574585, 19.762564182281494, 18.533759236335754, 17.32297533750534, 16.205540001392365, 15.158018350601196, 14.252897560596466, 13.27562940120697, 12.390450537204742, 11.622518837451935, 10.919325113296509, 10.266953647136688, 9.658183455467224, 9.111439317464828, 8.652394384145737, 8.131430476903915, 7.663662314414978, 7.278683096170425, 6.920439690351486, 6.542567104101181, 6.2046860456466675, 5.909114271402359, 5.658015131950378, 5.413411349058151, 5.177782207727432, 4.960484996438026, 4.7345066368579865, 4.539098963141441, 4.349044382572174, 4.2001210898160934, 4.034079492092133, 3.854481592774391, 3.7383356541395187, 3.594173714518547, 3.4753109514713287, 3.356107220053673, 3.2335101068019867, 3.123007670044899, 3.01495261490345, 2.9301076382398605, 2.8257231414318085, 2.7345180958509445, 2.6514792442321777, 2.570902667939663, 2.4965816140174866, 2.425133816897869, 2.3691974729299545, 2.303439199924469, 2.2364741563796997, 2.1592226773500443, 2.107531316578388, 2.0596005618572235, 2.0015144795179367, 1.9430640488862991, 1.898282252252102, 1.846904642879963, 1.8006466627120972, 1.7559268027544022, 1.7119892835617065, 1.675839513540268, 1.6380017697811127, 1.5957154408097267, 1.5595798939466476, 1.5236186161637306, 1.483520694077015, 1.4497046396136284, 1.4190388023853302, 1.3925830349326134, 1.3634414002299309, 1.3261034861207008, 1.2926642633974552, 1.2724041193723679, 1.2446424327790737, 1.2211709842085838, 1.1998687386512756, 1.1746625453233719, 1.1468232348561287, 1.1272201761603355]",0.8375055453450789,0.7154904571682201,0.8188976377952756,0.6352709359605911
