alpha,K,layers,hidden_channels,out_channels,norm,dropout,margin,lpl_weight,ratio,seed,aggregation,pos_weight,accuracy,f1,recall,precision
0.5,25,1,256,128,,0.20663168282832392,0.5,0.23138612762769567,0.1718553673045025,1,mean,1,0.9047015266014099,0.8709566650642127,0.8052063492063493,0.9483996410409812
0.5,25,1,256,128,,0.20663168282832392,0.5,0.23138612762769567,0.1718553673045025,2,mean,1,0.9066287974844043,0.8740852198892005,0.8114285714285714,0.9472279869552327
0.5,25,1,256,128,,0.20663168282832392,0.5,0.23138612762769567,0.1718553673045025,3,mean,1,0.905969467971801,0.8728395061728395,0.808,0.9489932885906041
0.5,25,1,256,128,,0.20663168282832392,0.5,0.23138612762769567,0.1718553673045025,4,mean,1,0.9035857381954658,0.8693021656926779,0.8027936507936508,0.9478260869565217
0.5,25,1,256,128,,0.20663168282832392,0.5,0.23138612762769567,0.1718553673045025,5,mean,1,0.9053101384591976,0.8718159972536903,0.8062222222222222,0.9490284005979073
