K,layers,hidden_channels,out_channels,norm,lr,treatment,dropout,ratio,seed,aggregation,model_type,batch_size,rate_pairs,clusters,sampling,num_epochs,anomaly_detector,accuracy,f1,recall,precision,losses,test_accuracy,test_f1,test_recall,test_precision
20,3,256,128,,0.005,removal,0,0.2711020583040905,654,mean,GCNConv,1024,10,50,sage,50,nearest_neighbors,nan,0.0,0.0,0.0,"[45.93423914909363, 44.490591287612915, 43.080225110054016, 42.00092554092407, 41.07181000709534, 39.370418548583984, 38.45997953414917, 37.850162625312805, 36.51937532424927, 35.11483383178711, 34.24825179576874, 32.647979378700256, 31.34643018245697, 30.031015634536743, 28.493032693862915, 26.883217692375183, 25.593454241752625, 24.00365161895752, 22.45137631893158, 20.97964656352997, 19.620534241199493, 18.218458890914917, 16.798519551753998, 15.735795736312866, 14.648674964904785, 13.654741406440735, 12.730451583862305, 11.778023958206177, 11.056239604949951, 10.359706342220306, 9.776419550180435, 9.173340559005737, 8.614614427089691, 8.159571170806885, 7.700640678405762, 7.270837754011154, 6.908825933933258, 6.527198314666748, 6.2123013734817505, 5.9129151701927185, 5.641422748565674, 5.382481962442398, 5.159204542636871, 4.889741510152817, 4.700626373291016, 4.517624408006668, 4.34489780664444, 4.175449788570404, 4.01185505092144, 3.8498513400554657]",0.8591799226820458,0.712697181277476,0.7000254000508,0.7258361864629971
