K,layers,hidden_channels,out_channels,norm,lr,treatment,dropout,ratio,seed,aggregation,model_type,batch_size,rate_pairs,clusters,sampling,num_epochs,anomaly_detector,accuracy,f1,recall,precision,losses,test_accuracy,test_f1,test_recall,test_precision
19,2,256,64,,0.005,removal,0,0.39160529618287715,654,mean,GATConv,4096,10,50,sage,50,nearest_neighbors,nan,0.0,0.0,0.0,"[10.167863845825195, 10.388056993484497, 10.37758183479309, 10.271541357040405, 10.226688265800476, 9.946531057357788, 9.836834788322449, 9.873703718185425, 9.78233015537262, 9.673589706420898, 9.634227395057678, 9.512359023094177, 9.421690702438354, 9.317337274551392, 9.238906979560852, 9.177429795265198, 9.163782358169556, 9.046995282173157, 9.000391602516174, 8.897228956222534, 8.800406336784363, 8.713467240333557, 8.698571801185608, 8.617886781692505, 8.59446668624878, 8.452391743659973, 8.412990808486938, 8.34023666381836, 8.258829951286316, 8.230552792549133, 8.080642223358154, 8.096546649932861, 7.970003128051758, 7.961216330528259, 7.913852572441101, 7.787952661514282, 7.681146144866943, 7.626312494277954, 7.530906319618225, 7.456034302711487, 7.4446269273757935, 7.400263667106628, 7.296393156051636, 7.184002637863159, 7.09130585193634, 7.039125204086304, 6.956522107124329, 6.932310938835144, 6.8337719440460205, 6.794586181640625]",0.850497496672793,0.731229349436026,0.8150876301752603,0.6630165289256198
