alpha,K,layers,hidden_channels,out_channels,norm,dropout,margin,lpl_weight,ratio,seed,aggregation,pos_weight,accuracy,f1,recall,precision
0.5,27,1,256,128,,0,0.5,0.23715426467656936,0.22179057400780028,1,mean,1,0.9114976923467059,0.8865335847584368,0.8656507936507937,0.9084488272921108
0.5,27,1,256,128,,0,0.5,0.23715426467656936,0.22179057400780028,2,mean,1,0.909925445047421,0.8846753246753247,0.865015873015873,0.9052491694352159
0.5,27,1,256,128,,0,0.5,0.23715426467656936,0.22179057400780028,3,mean,1,0.9129177866815439,0.8884702825592725,0.8684444444444445,0.9094414893617021
0.5,27,1,256,128,,0,0.5,0.23715426467656936,0.22179057400780028,4,mean,1,0.9104326215955775,0.8850858927641854,0.8636190476190476,0.9076471373281729
0.5,27,1,256,128,,0,0.5,0.23715426467656936,0.22179057400780028,5,mean,1,0.9068823857584826,0.8804376139619693,0.8584126984126984,0.9036225103595776
