K,layers,hidden_channels,out_channels,norm,lr,treatment,dropout,ratio,seed,aggregation,model_type,batch_size,rate_pairs,clusters,sampling,num_epochs,anomaly_detector,accuracy,f1,recall,precision,losses,test_accuracy,test_f1,test_recall,test_precision
10,2,128,256,,0.005,removal,0,0.37939845676762435,654,mean,GCNConv,2048,10,50,sage,50,nearest_neighbors,nan,0.0,0.0,0.0,"[15.334885120391846, 15.30710232257843, 14.988104224205017, 14.826177716255188, 14.560790419578552, 14.272448897361755, 13.932990789413452, 13.700924515724182, 13.461241960525513, 13.091256380081177, 12.823509335517883, 12.561739087104797, 12.262999296188354, 11.962732672691345, 11.69083023071289, 11.336089372634888, 11.05079436302185, 10.720673680305481, 10.498401522636414, 10.084709823131561, 9.790407836437225, 9.537396848201752, 9.269234895706177, 8.9217010140419, 8.60580289363861, 8.276534616947174, 8.022785305976868, 7.746250927448273, 7.492175400257111, 7.232338607311249, 7.002863109111786, 6.761942744255066, 6.467615723609924, 6.284790754318237, 6.064740538597107, 5.833672642707825, 5.663869082927704, 5.4511494636535645, 5.294991612434387, 5.094209611415863, 4.92108279466629, 4.772993326187134, 4.59738627076149, 4.454999893903732, 4.314602345228195, 4.163877874612808, 4.037485808134079, 3.914579212665558, 3.7892424762248993, 3.672124356031418]",0.8583560428417517,0.7367181057839557,0.794259588519177,0.68695079086116
