K,layers,hidden_channels,out_channels,norm,lr,treatment,dropout,ratio,seed,aggregation,model_type,batch_size,rate_pairs,clusters,sampling,num_epochs,anomaly_detector,accuracy,f1,recall,precision,losses,test_accuracy,test_f1,test_recall,test_precision
26,2,256,256,,0.005,removal,0,0.40973792160950373,654,mean,GATConv,1024,10,50,sage,100,nearest_neighbors,nan,0.0,0.0,0.0,"[45.53488540649414, 44.00732421875, 42.47023916244507, 40.8265620470047, 39.43389165401459, 38.69745099544525, 37.67101240158081, 36.514288663864136, 35.18095028400421, 34.47307813167572, 33.74345147609711, 32.77720558643341, 31.667393445968628, 30.401198148727417, 29.499509572982788, 28.194018125534058, 27.060606718063354, 25.787245750427246, 24.63820171356201, 23.311986088752747, 21.954325914382935, 20.809365808963776, 19.56565570831299, 18.352833330631256, 17.174901604652405, 16.05181109905243, 14.962410569190979, 13.994342982769012, 13.070931494235992, 12.193572103977203, 11.453936219215393, 10.760527789592743, 10.06294384598732, 9.504360884428024, 8.906445652246475, 8.392848283052444, 7.921832472085953, 7.489801436662674, 7.085990488529205, 6.737791150808334, 6.363891094923019, 6.0781161189079285, 5.7791135013103485, 5.533874809741974, 5.2517649829387665, 5.0225656777620316, 4.808473572134972, 4.580223843455315, 4.42694091796875, 4.239520028233528, 4.0603998601436615, 3.919928342103958, 3.754526600241661, 3.6399323493242264, 3.4864218831062317, 3.3662478625774384, 3.24991375207901, 3.1431088596582413, 3.0278546661138535, 2.944506600499153, 2.8306620866060257, 2.7464626729488373, 2.651702404022217, 2.584522068500519, 2.5020956248044968, 2.428177997469902, 2.3550538271665573, 2.288484737277031, 2.224452830851078, 2.157023638486862, 2.0955478698015213, 2.04024251550436, 1.9868337288498878, 1.9321259260177612, 1.8850214630365372, 1.8389143198728561, 1.7971383780241013, 1.751210018992424, 1.6960518136620522, 1.660712443292141, 1.622353196144104, 1.5807360857725143, 1.5354492589831352, 1.506518080830574, 1.4678472951054573, 1.4342378228902817, 1.4054003730416298, 1.3743388131260872, 1.3511256650090218, 1.3155243657529354, 1.2964519038796425, 1.2602027729153633, 1.2317005395889282, 1.2130432836711407, 1.1823780201375484, 1.1576873920857906, 1.1312816925346851, 1.1060531362891197, 1.0954028517007828, 1.071024514734745]",0.8506242474174536,0.7244241786507658,0.7868935737871475,0.6711438474870017
