K,layers,hidden_channels,out_channels,norm,lr,treatment,dropout,ratio,seed,aggregation,model_type,batch_size,rate_pairs,clusters,sampling,num_epochs,anomaly_detector,accuracy,f1,recall,precision,losses,test_accuracy,test_f1,test_recall,test_precision
13,2,128,256,,0.005,removal,0,0.38954521836020034,654,mean,GATConv,4096,10,50,sage,100,nearest_neighbors,nan,0.0,0.0,0.0,"[8.89777672290802, 8.88174819946289, 8.765711903572083, 8.752217054367065, 8.638867974281311, 8.552348136901855, 8.518096089363098, 8.429732203483582, 8.388713479042053, 8.289186120033264, 8.248605489730835, 8.1368647813797, 8.042617440223694, 8.019447803497314, 7.9181060791015625, 7.862772583961487, 7.81716001033783, 7.723219156265259, 7.621965646743774, 7.5762680768966675, 7.486273884773254, 7.516787767410278, 7.370108366012573, 7.321317553520203, 7.220669746398926, 7.135403871536255, 7.0367289781570435, 6.973923683166504, 6.9334622621536255, 6.789537787437439, 6.742844820022583, 6.680267572402954, 6.629256367683411, 6.515496373176575, 6.478108286857605, 6.324259638786316, 6.280480742454529, 6.243872404098511, 6.159675121307373, 6.058008670806885, 5.987210631370544, 5.921922206878662, 5.857349872589111, 5.742022156715393, 5.656960129737854, 5.588684320449829, 5.516833066940308, 5.432124972343445, 5.372038125991821, 5.263732314109802, 5.162727952003479, 5.119289696216583, 5.021151065826416, 4.970093607902527, 4.901941299438477, 4.790339946746826, 4.737464547157288, 4.640552282333374, 4.589567422866821, 4.501187801361084, 4.44847708940506, 4.352509796619415, 4.289624035358429, 4.213024914264679, 4.138181746006012, 4.0805163979530334, 4.02144855260849, 3.9409453868865967, 3.875369966030121, 3.821065902709961, 3.7569751143455505, 3.6750056743621826, 3.599204897880554, 3.5550949573516846, 3.4825677275657654, 3.433477997779846, 3.374055325984955, 3.311809241771698, 3.264317035675049, 3.218101739883423, 3.1382676362991333, 3.086975932121277, 3.037855565547943, 2.9920411705970764, 2.932854950428009, 2.882376194000244, 2.842113733291626, 2.78321236371994, 2.744194447994232, 2.7028740644454956, 2.6496708393096924, 2.6127344965934753, 2.5777429938316345, 2.5221316814422607, 2.474962055683136, 2.4567697942256927, 2.4070186018943787, 2.363904446363449, 2.321914881467819, 2.288766771554947]",0.8496102414601686,0.7224236752836589,0.7843535687071375,0.6695576756287944
