alpha,K,layers,hidden_channels,out_channels,norm,dropout,margin,lpl_weight,ratio,seed,aggregation,pos_weight,accuracy,f1,recall,precision
0.5,26,1,128,128,,0,0.5,0.2979886238094673,0.24160272141589867,1,mean,1,0.9029264086828626,0.8778401838141435,0.8732698412698413,0.8824586167073014
0.5,26,1,128,128,,0,0.5,0.2979886238094673,0.24160272141589867,2,mean,1,0.9041943500532535,0.8797045150608164,0.8770793650793651,0.8823454266734798
0.5,26,1,128,128,,0,0.5,0.2979886238094673,0.24160272141589867,3,mean,1,0.90667951513922,0.8825181969097178,0.8775873015873016,0.8875048157185051
0.5,26,1,128,128,,0,0.5,0.2979886238094673,0.24160272141589867,4,mean,1,0.9033321499213877,0.8783663050414805,0.8739047619047619,0.8828736369467608
0.5,26,1,128,128,,0,0.5,0.2979886238094673,0.24160272141589867,5,mean,1,0.9057158796977228,0.8811457067962406,0.8750476190476191,0.8873293844965233
