alpha,K,layers,hidden_channels,out_channels,norm,dropout,margin,lpl_weight,ratio,seed,aggregation,pos_weight,accuracy,f1,recall,precision
0.5,25,2,64,64,,0.15179923278389026,0.5,0.23297281109167756,0.2466045116124213,1,mean,1,0.9043465030177005,0.8785263429086694,0.866031746031746,0.8913867468304797
0.5,25,2,64,64,,0.15179923278389026,0.5,0.23297281109167756,0.2466045116124213,2,mean,1,0.901455596693209,0.8745237326444947,0.8598095238095238,0.8897503285151117
0.5,25,2,64,64,,0.15179923278389026,0.5,0.23297281109167756,0.2466045116124213,3,mean,1,0.9072881269970077,0.8815908796476227,0.8641269841269841,0.8997752214729605
0.5,25,2,64,64,,0.15179923278389026,0.5,0.23297281109167756,0.2466045116124213,4,mean,1,0.9051579854947507,0.8794170750580346,0.865904761904762,0.8933577885497184
0.5,25,2,64,64,,0.15179923278389026,0.5,0.23297281109167756,0.2466045116124213,5,mean,1,0.9028756910280469,0.8764117457244273,0.8622222222222222,0.8910761154855643
