K,layers,hidden_channels,out_channels,norm,lr,treatment,dropout,ratio,seed,aggregation,model_type,batch_size,rate_pairs,clusters,sampling,num_epochs,anomaly_detector,accuracy,f1,recall,precision,losses,test_accuracy,test_f1,test_recall,test_precision
23,3,64,256,,0.005,removal,0,0.3543115548132505,654,mean,GCNConv,1024,10,50,sage,100,nearest_neighbors,nan,0.0,0.0,0.0,"[4.604892730712891, 4.317354798316956, 4.486431837081909, 4.390258312225342, 4.56878662109375, 4.481026530265808, 4.251737713813782, 4.42173969745636, 4.406112909317017, 4.3208988904953, 4.4071996212005615, 4.315959811210632, 4.466508507728577, 4.372174501419067, 4.30427873134613, 4.379951596260071, 4.318931937217712, 4.145534634590149, 4.303925037384033, 4.180517792701721, 4.191330909729004, 4.141214966773987, 4.1513895988464355, 4.067836165428162, 4.267773628234863, 4.31765615940094, 4.20953893661499, 4.196001410484314, 4.22471559047699, 4.1341458559036255, 4.12128210067749, 4.151583194732666, 4.103788733482361, 4.049753904342651, 4.1205655336380005, 4.107203245162964, 4.049943208694458, 4.169299840927124, 4.045395016670227, 4.110987186431885, 4.026769518852234, 3.9695920944213867, 3.994505286216736, 3.847970724105835, 3.953652024269104, 3.903876304626465, 3.948770046234131, 3.999485492706299, 3.966609835624695, 3.9039924144744873, 3.8631962537765503, 3.999129891395569, 3.85434627532959, 3.8928542137145996, 3.7458139657974243, 3.8300323486328125, 3.8082094192504883, 3.7977360486984253, 3.8256688117980957, 3.8825186491012573, 3.745985269546509, 3.6622743606567383, 3.770938515663147, 3.7631837129592896, 3.733840227127075, 3.707791805267334, 3.7137539386749268, 3.7425979375839233, 3.66204035282135, 3.6483383178710938, 3.5863300561904907, 3.5548290014266968, 3.499890089035034, 3.5083181858062744, 3.5186638832092285, 3.565169930458069, 3.570162534713745, 3.496124505996704, 3.5165518522262573, 3.4484657049179077, 3.439775228500366, 3.4103366136550903, 3.4677456617355347, 3.460171937942505, 3.456103801727295, 3.344508171081543, 3.328558087348938, 3.369706869125366, 3.354920744895935, 3.2275809049606323, 3.2275253534317017, 3.2846157550811768, 3.2620898485183716, 3.1760720014572144, 3.1712759733200073, 3.148311972618103, 3.1511495113372803, 3.136041522026062, 3.0770856142044067, 3.024543046951294]",0.86820356676816,0.6666666666666666,0.7408312958435208,0.606
