K,layers,hidden_channels,out_channels,norm,lr,treatment,dropout,ratio,seed,aggregation,model_type,batch_size,rate_pairs,clusters,sampling,num_epochs,anomaly_detector,accuracy,f1,recall,precision,losses,test_accuracy,test_f1,test_recall,test_precision
15,1,256,64,,0.005,removal,0,0.3265120902874116,654,mean,GCNConv,1024,10,50,sage,100,nearest_neighbors,nan,0.0,0.0,0.0,"[4.599964261054993, 4.092385411262512, 4.0034637451171875, 4.088913321495056, 4.158901572227478, 4.030356526374817, 4.0604026317596436, 4.032894492149353, 4.091666102409363, 3.974709630012512, 4.0516380071640015, 3.8426953554153442, 3.8982675075531006, 3.8465718030929565, 3.7902185916900635, 3.8806523084640503, 3.900125503540039, 3.85152804851532, 3.818662166595459, 3.7880245447158813, 3.8658124208450317, 3.802027463912964, 3.752189040184021, 3.7774029970169067, 3.7796167135238647, 3.7807955741882324, 3.736575484275818, 3.816543936729431, 3.7592862844467163, 3.731300711631775, 3.785367727279663, 3.682014226913452, 3.654986262321472, 3.6527228355407715, 3.6225138902664185, 3.715714454650879, 3.5527682304382324, 3.5704307556152344, 3.6001482009887695, 3.649190902709961, 3.554291844367981, 3.5826843976974487, 3.544257640838623, 3.530050754547119, 3.4756332635879517, 3.4708162546157837, 3.4941864013671875, 3.450007677078247, 3.4625422954559326, 3.4021233320236206, 3.440356969833374, 3.3639702796936035, 3.360365152359009, 3.418750047683716, 3.3665355443954468, 3.3164769411087036, 3.3008720874786377, 3.257298231124878, 3.2879821062088013, 3.2602169513702393, 3.1556707620620728, 3.2239773273468018, 3.2189037799835205, 3.1153151988983154, 3.1687581539154053, 3.1630308628082275, 3.1302032470703125, 3.11030375957489, 3.012459874153137, 3.0446953177452087, 3.0887739658355713, 3.0485095381736755, 2.9824551343917847, 2.920801341533661, 2.9520334005355835, 2.9149048924446106, 2.9140138626098633, 2.8636372685432434, 2.8399208784103394, 2.8549638986587524, 2.7877594232559204, 2.744181752204895, 2.7461724877357483, 2.739613175392151, 2.673306703567505, 2.6712745428085327, 2.599502205848694, 2.626917243003845, 2.5382906198501587, 2.545300781726837, 2.548466980457306, 2.4882642030715942, 2.481962203979492, 2.439302921295166, 2.428073287010193, 2.415202260017395, 2.3928759694099426, 2.360445201396942, 2.326771080493927, 2.321435868740082]",0.8512396694214877,0.5581395348837209,0.5281173594132029,0.5917808219178082
