alpha,K,layers,hidden_channels,out_channels,norm,dropout,margin,lpl_weight,ratio,seed,aggregation,pos_weight,accuracy,f1,recall,precision
0.5,34,1,256,256,,0.4797382671311088,0.5,0.14605185361849027,0.2719189874863531,1,sum,1,0.9309453471196455,0.8871454435727217,0.8985330073349633,0.8760429082240763
0.5,34,1,256,256,,0.4797382671311088,0.5,0.14605185361849027,0.2719189874863531,2,sum,1,0.9338995568685377,0.8898461538461538,0.8838630806845966,0.895910780669145
0.5,34,1,256,256,,0.4797382671311088,0.5,0.14605185361849027,0.2719189874863531,3,sum,1,0.9213441654357459,0.8737403675163011,0.9009779951100244,0.8481012658227848
0.5,34,1,256,256,,0.4797382671311088,0.5,0.14605185361849027,0.2719189874863531,4,sum,1,0.9302067946824224,0.886622675464907,0.9034229828850856,0.8704358068315665
0.5,34,1,256,256,,0.4797382671311088,0.5,0.14605185361849027,0.2719189874863531,5,sum,1,0.930576070901034,0.8863361547762999,0.8960880195599022,0.8767942583732058
