K,layers,hidden_channels,out_channels,norm,lr,treatment,dropout,ratio,seed,aggregation,model_type,batch_size,rate_pairs,clusters,sampling,num_epochs,anomaly_detector,accuracy,f1,recall,precision,losses,test_accuracy,test_f1,test_recall,test_precision
25,3,256,256,,0.005,removal,0,0.16427095849454199,654,mean,GCNConv,1024,10,50,sage,50,nearest_neighbors,nan,0.0,0.0,0.0,"[7.1482093334198, 7.123902797698975, 6.8825953006744385, 7.210666656494141, 6.991421222686768, 7.2066650390625, 6.88752293586731, 7.026986598968506, 6.878146648406982, 7.116780757904053, 7.29787540435791, 7.120465040206909, 7.001671075820923, 7.072883129119873, 6.967069625854492, 6.806755304336548, 6.696914196014404, 6.9614222049713135, 6.744499921798706, 6.888510465621948, 6.724184036254883, 6.736997604370117, 7.075921058654785, 6.872669458389282, 6.693516731262207, 6.714874029159546, 6.645269870758057, 6.842525482177734, 6.840378522872925, 6.706662654876709, 6.41159987449646, 6.648806810379028, 6.733192205429077, 6.876213550567627, 6.425604343414307, 6.411344051361084, 6.494261264801025, 6.556167364120483, 6.510553359985352, 6.560912847518921, 6.499061107635498, 6.264461517333984, 6.637021780014038, 6.566701173782349, 6.431389570236206, 6.30988621711731, 6.397239685058594, 6.345156669616699, 6.233793258666992, 6.286487102508545]",0.9173553719008265,0.7338935574229691,0.6405867970660146,0.8590163934426229
