alpha,K,layers,hidden_channels,out_channels,norm,dropout,margin,lpl_weight,ratio,seed,aggregation,pos_weight,accuracy,f1,recall,precision
0.22805216370986903,29,1,128,128,layernorm,0.4839441104290726,0.47948628055488735,0.8800054181052948,0.1836585764782951,1,sum,1,0.9265140324963073,0.8755472170106317,0.8557457212713936,0.8962868117797695
0.22805216370986903,29,1,128,128,layernorm,0.4839441104290726,0.47948628055488735,0.8800054181052948,0.1836585764782951,2,sum,1,0.9276218611521418,0.8768844221105527,0.8533007334963325,0.9018087855297158
0.22805216370986903,29,1,128,128,layernorm,0.4839441104290726,0.47948628055488735,0.8800054181052948,0.1836585764782951,3,sum,1,0.931314623338257,0.8828715365239295,0.8569682151589242,0.9103896103896104
0.22805216370986903,29,1,128,128,layernorm,0.4839441104290726,0.47948628055488735,0.8800054181052948,0.1836585764782951,4,sum,1,0.9364844903988183,0.8926342072409488,0.8740831295843521,0.9119897959183674
0.22805216370986903,29,1,128,128,layernorm,0.4839441104290726,0.47948628055488735,0.8800054181052948,0.1836585764782951,5,sum,1,0.9372230428360414,0.8942786069651741,0.8789731051344744,0.910126582278481
