K,layers,hidden_channels,out_channels,norm,lr,treatment,dropout,ratio,seed,aggregation,model_type,batch_size,rate_pairs,clusters,sampling,sampling_k,num_epochs,anomaly_detector,accuracy,f1,recall,precision,losses
10,1,64,128,,0.006189291118325057,removal,0,0.28126423005633766,654,mean,GATConv,256,1,100,cluster,50,100,nearest_neighbors,0.904357459379616,0.8412017167381974,0.8386308068459658,0.8437884378843789,"[29.029040098190308, 28.104463934898376, 28.450084328651428, 26.73483830690384, 24.07956376671791, 24.60695618391037, 23.183179140090942, 22.46538719534874, 21.68247503042221, 20.753313720226288, 19.784902155399323, 18.539556831121445, 17.389970779418945, 16.093154430389404, 15.196213752031326, 14.825240552425385, 14.015256702899933, 11.924973607063293, 11.802493959665298, 10.80603551864624, 10.336014419794083, 9.670758605003357, 9.363237500190735, 8.148635596036911, 8.042389661073685, 7.331583648920059, 6.4767653234303, 6.52158784866333, 6.223301261663437, 5.574517227709293, 5.486735567450523, 5.090569883584976, 4.901410028338432, 4.595669224858284, 4.401857435703278, 4.112007603049278, 3.7603029310703278, 3.857638791203499, 3.5701797902584076, 3.4234944581985474, 3.317852944135666, 3.1702354848384857, 3.078034318983555, 2.904515340924263, 2.696170751005411, 2.65557412058115, 2.563676066696644, 2.3986476734280586, 2.33416161686182, 2.2500910833477974, 2.1927697844803333, 2.0641011893749237, 2.070435404777527, 1.9600553959608078, 1.9130412340164185, 1.8060237541794777, 1.7449347265064716, 1.6953314580023289, 1.650012094527483, 1.5503216683864594, 1.4817331433296204, 1.515519630163908, 1.4855337627232075, 1.4231054186820984, 1.4061913378536701, 1.322537213563919, 1.3282981105148792, 1.25748660415411, 1.237225230783224, 1.2210467346012592, 1.1877530291676521, 1.111207365989685, 1.1102771814912558, 1.0827803649008274, 1.0642920844256878, 0.980799000710249, 0.9833692908287048, 1.004032626748085, 0.9226306024938822, 0.9681818224489689, 0.8961392212659121, 0.9216361660510302, 0.9054056815803051, 0.8341259676963091, 0.8496339842677116, 0.7949169166386127, 0.794648053124547, 0.7800396848469973, 0.7812811601907015, 0.7248708698898554, 0.7330475375056267, 0.7244506888091564, 0.6936352290213108, 0.6555674076080322, 0.6679893508553505, 0.6499778907746077, 0.6541766040027142, 0.6422612555325031, 0.6239246912300587, 0.5830629877746105]"
