K,layers,hidden_channels,out_channels,norm,lr,treatment,dropout,ratio,seed,aggregation,model_type,batch_size,rate_pairs,clusters,sampling,num_epochs,anomaly_detector,accuracy,f1,recall,precision,losses,test_accuracy,test_f1,test_recall,test_precision
2,1,256,256,,0.005,removal,0,0.3785155601060888,654,mean,GCNConv,1024,10,50,sage,100,nearest_neighbors,0.6862745098039216,0.813953488372093,0.6862745098039216,1.0,"[2.1112066507339478, 1.9144587516784668, 1.9501279592514038, 1.869264304637909, 1.8640296459197998, 1.8774130940437317, 1.841211199760437, 1.8273439407348633, 1.8054409623146057, 1.790852129459381, 1.766953945159912, 1.7390832304954529, 1.7392043471336365, 1.7117019891738892, 1.6987227201461792, 1.6768852472305298, 1.6557990312576294, 1.6778685450553894, 1.641399621963501, 1.621508240699768, 1.6000996828079224, 1.568485140800476, 1.5595096945762634, 1.5596494674682617, 1.5371026992797852, 1.5190348625183105, 1.4997638165950775, 1.4970789551734924, 1.4652914702892303, 1.4559358358383179, 1.4407315254211426, 1.4430347383022308, 1.387665569782257, 1.4163726270198822, 1.3833763599395752, 1.3699942827224731, 1.3518499732017517, 1.3437801599502563, 1.334263175725937, 1.3287958204746246, 1.3020111620426178, 1.308174967765808, 1.2614043951034546, 1.2570099830627441, 1.2576173543930054, 1.248223453760147, 1.2335325479507446, 1.2103599309921265, 1.1856786608695984, 1.1704519987106323, 1.1675069034099579, 1.1668584644794464, 1.1442908346652985, 1.136332482099533, 1.1169068813323975, 1.1207560896873474, 1.098909705877304, 1.0852099061012268, 1.0790176093578339, 1.0691022872924805, 1.0599656403064728, 1.0481744706630707, 1.0220381021499634, 1.0198619663715363, 1.0210763812065125, 1.0009039342403412, 0.9915286302566528, 0.9809959828853607, 0.9738034605979919, 0.9576194286346436, 0.9537132978439331, 0.9445443153381348, 0.9356001317501068, 0.9318884015083313, 0.9172700047492981, 0.9052203297615051, 0.8942319750785828, 0.8865413069725037, 0.8874200284481049, 0.8688736259937286, 0.8696997463703156, 0.8464913666248322, 0.8557183146476746, 0.8361898064613342, 0.8271450102329254, 0.8198505640029907, 0.8028933703899384, 0.8040605783462524, 0.7931165397167206, 0.8004898726940155, 0.7707743793725967, 0.7653377652168274, 0.766360342502594, 0.7591504752635956, 0.7486412227153778, 0.7556595057249069, 0.7423500120639801, 0.7382447272539139, 0.7169427424669266, 0.7188279628753662]",0.9183899556868538,0.8649969456322542,0.8655256723716381,0.8644688644688645
