alpha,K,layers,hidden_channels,out_channels,norm,dropout,margin,lpl_weight,ratio,seed,aggregation,pos_weight,accuracy,f1,recall,precision
0.5,35,2,256,256,,0,0.5,0.12449169669666324,0.2151214674126541,1,sum,1,0.9298375184638109,0.8824257425742574,0.871638141809291,0.893483709273183
0.5,35,2,256,256,,0,0.5,0.12449169669666324,0.2151214674126541,2,sum,1,0.9268833087149188,0.8730769230769231,0.8325183374083129,0.9177897574123989
0.5,35,2,256,256,,0,0.5,0.12449169669666324,0.2151214674126541,3,sum,1,0.9342688330871491,0.8898514851485149,0.8789731051344744,0.9010025062656641
0.5,35,2,256,256,,0,0.5,0.12449169669666324,0.2151214674126541,4,sum,1,0.9279911373707533,0.88,0.8740831295843521,0.885997521685254
0.5,35,2,256,256,,0,0.5,0.12449169669666324,0.2151214674126541,5,sum,1,0.9324224519940916,0.8856964397251718,0.8667481662591687,0.9054916985951469
