alpha,K,layers,hidden_channels,out_channels,norm,dropout,margin,lpl_weight,ratio,seed,aggregation,pos_weight,accuracy,f1,recall,precision
0.5,35,2,256,256,,0.44693667388565494,0.5,0.3645000267030102,0.25490364657849995,1,sum,1,0.9350073855243722,0.8925518925518926,0.8936430317848411,0.8914634146341464
0.5,35,2,256,256,,0.44693667388565494,0.5,0.3645000267030102,0.25490364657849995,2,sum,1,0.9372230428360414,0.8941469489414695,0.8777506112469438,0.9111675126903553
0.5,35,2,256,256,,0.44693667388565494,0.5,0.3645000267030102,0.25490364657849995,3,sum,1,0.9246676514032496,0.8751529987760098,0.8740831295843521,0.8762254901960784
0.5,35,2,256,256,,0.44693667388565494,0.5,0.3645000267030102,0.25490364657849995,4,sum,1,0.9294682422451994,0.8862418106015485,0.9095354523227384,0.8641114982578397
0.5,35,2,256,256,,0.44693667388565494,0.5,0.3645000267030102,0.25490364657849995,5,sum,1,0.9353766617429837,0.8927038626609443,0.8899755501222494,0.8954489544895449
