K,layers,hidden_channels,out_channels,norm,lr,treatment,dropout,ratio,seed,aggregation,model_type,batch_size,rate_pairs,clusters,sampling,sampling_k,num_epochs,anomaly_detector,accuracy,f1,recall,precision,losses
9,2,128,128,,0.008202295230883847,removal,0,0.2361499103172517,654,mean,GCNConv,512,10,50,cluster,75,100,nearest_neighbors,0.9084194977843427,0.8395860284605433,0.793398533007335,0.8914835164835165,"[4.9770761132240295, 5.050078094005585, 5.015974164009094, 5.017493367195129, 4.919527530670166, 4.865122199058533, 5.106584429740906, 4.760093331336975, 4.7094686627388, 4.90962028503418, 4.554718196392059, 4.7235928773880005, 4.88578599691391, 4.385942041873932, 4.521146535873413, 4.527790904045105, 4.233348190784454, 4.2820685505867, 4.147127032279968, 4.049808859825134, 3.9267126321792603, 3.8681309819221497, 3.8665172457695007, 3.785680592060089, 3.6478883028030396, 3.5741673707962036, 3.4367048740386963, 3.3922807574272156, 3.210702061653137, 3.2052562832832336, 3.1384036540985107, 3.0472463369369507, 2.908787250518799, 2.84441214799881, 2.701434940099716, 2.85411274433136, 2.584241509437561, 2.4395985901355743, 2.338296502828598, 2.383479595184326, 2.348988890647888, 2.2087871432304382, 2.1014612019062042, 2.054396152496338, 1.975510597229004, 2.025158166885376, 1.8474593460559845, 1.7795549035072327, 1.7292419373989105, 1.652675062417984, 1.6106038987636566, 1.5762331187725067, 1.5243137776851654, 1.4487228393554688, 1.4589963257312775, 1.4036512076854706, 1.3949203193187714, 1.3260776549577713, 1.3250450938940048, 1.261383056640625, 1.2254356145858765, 1.219706952571869, 1.145343080163002, 1.1123568564653397, 1.0814476907253265, 1.1010532826185226, 1.0385805666446686, 1.0119939297437668, 0.9941464066505432, 0.9704089462757111, 0.9301309287548065, 0.956218346953392, 0.9237532317638397, 0.8888495415449142, 0.8880981206893921, 0.8357975035905838, 0.8448353856801987, 0.8200085312128067, 0.7999640703201294, 0.770991325378418, 0.7662317603826523, 0.7641509175300598, 0.7243752926588058, 0.7080667912960052, 0.6889336854219437, 0.6959519684314728, 0.6808986365795135, 0.6513795331120491, 0.6393256261944771, 0.6430172100663185, 0.629684716463089, 0.6247308254241943, 0.6034956648945808, 0.6098953112959862, 0.598420538008213, 0.5707782879471779, 0.5536676570773125, 0.5555026531219482, 0.554752767086029, 0.5355898812413216]"
