K,layers,hidden_channels,out_channels,norm,lr,treatment,dropout,ratio,seed,aggregation,model_type,batch_size,rate_pairs,clusters,sampling,num_epochs,anomaly_detector,accuracy,f1,recall,precision,losses,test_accuracy,test_f1,test_recall,test_precision
10,1,64,64,,0.005,removal,0,0.202502656187115,654,mean,GATConv,2048,10,50,sage,50,nearest_neighbors,nan,0.0,0.0,0.0,"[7.222461462020874, 7.218646287918091, 7.216686964035034, 7.033113956451416, 6.980765104293823, 7.1673102378845215, 7.3049156665802, 6.960091590881348, 6.641265630722046, 7.044971227645874, 7.137681722640991, 7.040590286254883, 6.893535375595093, 7.136359214782715, 6.89250111579895, 7.070746898651123, 6.909606218338013, 6.882105588912964, 6.761983394622803, 7.019933223724365, 6.979346752166748, 6.786172151565552, 6.8039562702178955, 6.525538682937622, 6.59503698348999, 6.863497257232666, 6.9201273918151855, 6.656665802001953, 6.6797473430633545, 6.577964782714844, 6.640963554382324, 6.772897005081177, 6.84149694442749, 6.790048599243164, 6.651916980743408, 6.522159099578857, 6.627615451812744, 6.760005474090576, 6.450212240219116, 6.453305959701538, 6.5304954051971436, 6.577271938323975, 6.308773994445801, 6.426481246948242, 6.513385772705078, 6.561791896820068, 6.461345195770264, 6.469634532928467, 6.00994610786438, 6.335999250411987]",0.903871248368856,0.7126137841352406,0.6699266503667481,0.7611111111111111
