K,layers,hidden_channels,out_channels,norm,lr,treatment,dropout,ratio,seed,aggregation,model_type,batch_size,rate_pairs,clusters,sampling,num_epochs,anomaly_detector,accuracy,f1,recall,precision,losses,test_accuracy,test_f1,test_recall,test_precision
7,1,64,128,,0.00021034943683231574,removal,0,0.31292132737189626,654,mean,GCNConv,1024,9,100,cluster,100,nearest_neighbors,0.5490196078431373,0.7088607594936709,0.5490196078431373,1.0,"[7.52759325504303, 7.741501092910767, 7.313926458358765, 7.578150391578674, 7.413781404495239, 7.36060643196106, 7.299875259399414, 7.423738121986389, 7.252574682235718, 7.416863918304443, 7.15280544757843, 7.587849974632263, 7.14644467830658, 7.292965769767761, 7.297276020050049, 7.121791124343872, 7.577850341796875, 7.18784499168396, 7.319440841674805, 7.391980290412903, 7.304109692573547, 7.158236384391785, 7.451003909111023, 7.407034873962402, 7.232410788536072, 7.242656707763672, 7.334914445877075, 7.3832279443740845, 7.240928649902344, 7.181265711784363, 7.3071359395980835, 7.1603924036026, 7.307605147361755, 7.16254734992981, 7.36125922203064, 7.180033206939697]",0.8906942392909897,0.7991858887381276,0.7200488997555012,0.8978658536585366
