K,layers,hidden_channels,out_channels,norm,lr,treatment,dropout,ratio,seed,aggregation,model_type,batch_size,rate_pairs,clusters,sampling,num_epochs,anomaly_detector,accuracy,f1,recall,precision,losses,test_accuracy,test_f1,test_recall,test_precision
9,2,128,256,,0.005,removal,0,0.3299017054482505,654,mean,GCNConv,2048,10,50,sage,100,nearest_neighbors,nan,0.0,0.0,0.0,"[2.4935938119888306, 2.363975763320923, 2.322042465209961, 2.3361891508102417, 2.3334646224975586, 2.2854849100112915, 2.3051825761795044, 2.31699001789093, 2.301459312438965, 2.2711955308914185, 2.352610230445862, 2.2850881814956665, 2.271575093269348, 2.3077958822250366, 2.252363920211792, 2.224219799041748, 2.285572052001953, 2.2244426012039185, 2.219475507736206, 2.219937562942505, 2.233721971511841, 2.2426559925079346, 2.229207396507263, 2.244341254234314, 2.222016453742981, 2.218796133995056, 2.224536180496216, 2.1250933408737183, 2.123949408531189, 2.144406318664551, 2.0575568675994873, 2.1082462072372437, 2.0988991260528564, 2.1338611841201782, 2.1322720050811768, 2.1044602394104004, 2.120134949684143, 2.1648789644241333, 2.1325639486312866, 2.065107226371765, 2.1621859073638916, 2.1378467082977295, 2.0703039169311523, 2.0226986408233643, 2.065764904022217, 2.014120399951935, 1.9895354509353638, 2.136711359024048, 2.03141051530838, 2.0578893423080444, 2.025104820728302, 1.9266595244407654, 1.9987537860870361, 1.9701812863349915, 1.9568844437599182, 1.9662982821464539, 1.9820635914802551, 1.9877287149429321, 1.9259917736053467, 1.9469926357269287, 1.960202932357788, 1.9285305738449097, 1.932446837425232, 1.9273890256881714, 1.9016647934913635, 1.9000361561775208, 1.943525493144989, 1.8895370960235596, 1.8664224743843079, 1.8696258664131165, 1.825988233089447, 1.8623632788658142, 1.816173791885376, 1.8270328640937805, 1.806380033493042, 1.7951785326004028, 1.8157906532287598, 1.7915895581245422, 1.761985957622528, 1.7331096529960632, 1.723836362361908, 1.770210862159729, 1.7637943625450134, 1.7550014853477478, 1.7244448065757751, 1.701658308506012, 1.7326946258544922, 1.6836301684379578, 1.675678014755249, 1.69218248128891, 1.6444403529167175, 1.6368521451950073, 1.6665524244308472, 1.6394363641738892, 1.6041558384895325, 1.6003704071044922, 1.6229727268218994, 1.5878100395202637, 1.5870028138160706, 1.5756192803382874]",0.8995215311004785,0.7335640138408305,0.7775061124694377,0.6943231441048034
