K,layers,hidden_channels,out_channels,norm,lr,treatment,dropout,ratio,seed,aggregation,model_type,batch_size,rate_pairs,clusters,sampling,num_epochs,anomaly_detector,accuracy,f1,recall,precision,losses,test_accuracy,test_f1,test_recall,test_precision
16,1,128,128,,0.005,removal,0,0.2996101455792354,654,mean,GCNConv,2048,10,50,sage,50,nearest_neighbors,nan,0.0,0.0,0.0,"[3.4273273944854736, 3.114487409591675, 3.072908401489258, 3.2498496770858765, 3.244114637374878, 3.139416813850403, 3.101126194000244, 3.3174333572387695, 3.1666797399520874, 3.238507866859436, 3.1613714694976807, 3.1389080286026, 3.036880850791931, 3.222025156021118, 3.0937795639038086, 3.2143970727920532, 3.145683526992798, 3.0619280338287354, 3.156404137611389, 3.1623541116714478, 3.126497745513916, 3.0699474811553955, 3.0251775979995728, 3.12917423248291, 3.089364528656006, 3.023630380630493, 3.0618791580200195, 2.99631929397583, 3.041152596473694, 3.0143747329711914, 2.992989182472229, 3.050570845603943, 2.9702398777008057, 2.997304320335388, 3.0472848415374756, 2.9323716163635254, 2.9489903450012207, 2.9685295820236206, 2.9517533779144287, 2.884048819541931, 3.011204957962036, 3.0809634923934937, 2.8915135860443115, 2.9845077991485596, 2.848267912864685, 2.859415650367737, 2.9750516414642334, 2.972685217857361, 2.8388729095458984, 2.9307087659835815]",0.9025663331883428,0.7488789237668162,0.8166259168704156,0.6915113871635611
