alpha,K,layers,hidden_channels,out_channels,norm,dropout,margin,lpl_weight,ratio,seed,aggregation,pos_weight,accuracy,f1,recall,precision
0.5,30,1,256,256,,0.3800181105680518,0.5,0.4200019564269302,0.26101878728137334,1,sum,1,0.9287296898079763,0.8832425892317,0.8924205378973105,0.874251497005988
0.5,30,1,256,256,,0.3800181105680518,0.5,0.4200019564269302,0.26101878728137334,2,sum,1,0.9346381093057607,0.8912108174554395,0.8863080684596577,0.896168108776267
0.5,30,1,256,256,,0.3800181105680518,0.5,0.4200019564269302,0.26101878728137334,3,sum,1,0.9276218611521418,0.8816425120772947,0.8924205378973105,0.8711217183770883
0.5,30,1,256,256,,0.3800181105680518,0.5,0.4200019564269302,0.26101878728137334,4,sum,1,0.930576070901034,0.8846625766871166,0.8814180929095354,0.8879310344827587
0.5,30,1,256,256,,0.3800181105680518,0.5,0.4200019564269302,0.26101878728137334,5,sum,1,0.920605612998523,0.8724035608308606,0.8985330073349633,0.8477508650519031
