K,layers,hidden_channels,out_channels,norm,lr,treatment,dropout,ratio,seed,aggregation,model_type,batch_size,rate_pairs,clusters,sampling,num_epochs,anomaly_detector,accuracy,f1,recall,precision,losses,test_accuracy,test_f1,test_recall,test_precision
2,2,64,256,,0.005,removal,0,0.3667723119578492,654,mean,GCNConv,1024,10,50,sage,100,nearest_neighbors,0.6176470588235294,0.7636363636363637,0.6176470588235294,1.0,"[2.0544321537017822, 1.9484711289405823, 1.982842206954956, 1.9200319051742554, 1.893027424812317, 1.9076256155967712, 1.8463295698165894, 1.8487352132797241, 1.832274079322815, 1.8147174715995789, 1.8049518465995789, 1.8000901937484741, 1.7394116520881653, 1.7323140501976013, 1.7233667373657227, 1.7044066786766052, 1.6745926141738892, 1.6868897676467896, 1.6493529677391052, 1.624941110610962, 1.6136764287948608, 1.594170093536377, 1.5945813655853271, 1.5836607217788696, 1.5571860074996948, 1.571624517440796, 1.5277130603790283, 1.5353821516036987, 1.4819656014442444, 1.4832563400268555, 1.4670695066452026, 1.4436381459236145, 1.4342347383499146, 1.4258262515068054, 1.3983829617500305, 1.4065759479999542, 1.3815561830997467, 1.3602640330791473, 1.3458502888679504, 1.3290594816207886, 1.304579108953476, 1.2927334308624268, 1.2783753871917725, 1.2829318344593048, 1.2684614956378937, 1.246938318014145, 1.2148466110229492, 1.2223795652389526, 1.2152529656887054, 1.1798906922340393, 1.202627271413803, 1.1783711910247803, 1.1668367683887482, 1.1504149734973907, 1.1521376967430115, 1.13092839717865, 1.0976111888885498, 1.112101137638092, 1.0916730463504791, 1.071976125240326, 1.0695991814136505, 1.06136554479599, 1.0369185507297516, 1.0351549088954926, 1.0273170173168182, 1.029103308916092, 1.0074717998504639, 0.9906590282917023, 0.9779402613639832, 0.9780945777893066, 0.9682393074035645, 0.9473182857036591, 0.9538000226020813, 0.9356782734394073, 0.9497726857662201, 0.9119563102722168, 0.9106257259845734, 0.8966349363327026, 0.9058128595352173, 0.8865436017513275, 0.8823520541191101, 0.8679217994213104, 0.8579170405864716, 0.8616539537906647, 0.8541034758090973, 0.8237967789173126, 0.8282796144485474, 0.823583334684372, 0.8169817924499512, 0.8082731068134308, 0.7888020873069763, 0.7852170467376709, 0.7906713783740997, 0.7718682885169983, 0.7664003074169159, 0.7510738670825958, 0.7567147761583328, 0.7409023344516754, 0.7461022436618805, 0.7252099364995956]",0.8785081240768094,0.7916402786573781,0.7640586797066015,0.8212877792378449
