K,layers,hidden_channels,out_channels,norm,lr,treatment,dropout,ratio,seed,aggregation,model_type,batch_size,rate_pairs,clusters,sampling,sampling_k,num_epochs,anomaly_detector,accuracy,f1,recall,precision,losses
9,2,128,128,,0.005,removal,0,0.22,654,mean,GCNConv,15,6,100,cluster,25,50,nearest_neighbors,0.912850812407681,0.8541409147095179,0.8447432762836186,0.86375,"[8.524783074855804, 9.186524868011475, 9.16162782907486, 9.139241099357605, 8.902561783790588, 8.306630194187164, 7.902518093585968, 8.10720282793045, 8.745505094528198, 8.45380574464798, 8.037488460540771, 7.822684705257416, 7.773030936717987, 8.08515202999115, 8.344776332378387, 7.185049116611481, 7.998900234699249, 7.14765340089798, 7.3430463671684265, 7.201941013336182, 7.123028337955475, 6.988786578178406, 6.959505140781403, 6.7797834277153015, 6.979142546653748, 6.572333037853241, 6.448775768280029, 6.640920162200928, 6.385804533958435, 6.465207278728485, 6.066238343715668, 6.127040088176727, 6.162896156311035, 5.880072772502899, 5.637012720108032, 5.604551255702972, 5.539132058620453, 5.316517114639282, 5.522375643253326, 5.250562429428101, 5.132804036140442, 5.054915189743042, 4.92060911655426, 4.728021860122681, 4.6293585896492, 4.711733758449554, 4.4538534283638, 4.163654208183289, 4.31537264585495, 4.273325800895691]"
9,2,128,128,,0.005,removal,0,0.22,114,mean,GCNConv,15,6,100,cluster,25,50,nearest_neighbors,0.8792466765140325,0.7773995915588836,0.6980440097799511,0.8771121351766513,"[8.417411506175995, 8.575365543365479, 8.933313131332397, 8.939913630485535, 8.737670481204987, 8.348408937454224, 7.921401560306549, 8.44029676914215, 7.681235671043396, 7.912093281745911, 7.6215492486953735, 7.475210547447205, 7.765439748764038, 7.393336236476898, 7.486671805381775, 7.48539400100708, 7.331761658191681, 6.903859436511993, 6.99105042219162, 6.80174332857132, 6.704405128955841, 6.402406990528107, 6.535735607147217, 6.382118463516235, 6.485888183116913, 6.44188928604126, 5.90875905752182, 6.197039842605591, 5.794476807117462, 6.1376131772994995, 5.466078460216522, 5.740335404872894, 5.627385258674622, 5.552452921867371, 5.458619177341461, 5.383695006370544, 5.015526115894318, 5.136997818946838, 5.0623167753219604, 5.0661540031433105, 4.722598493099213, 5.088055670261383, 4.535592198371887, 4.664032161235809, 4.584343612194061, 4.548853516578674, 4.205501616001129, 4.166824191808701, 4.004814833402634, 3.9484411478042603]"
