alpha,K,layers,hidden_channels,out_channels,norm,dropout,margin,lpl_weight,ratio,seed,aggregation,pos_weight,accuracy,f1,recall,precision
0.5,27,1,256,256,,0.39649812591293493,0.5,0.32196886620224335,0.25089783916612607,1,sum,1,0.9372230428360414,0.8955773955773956,0.89119804400978,0.9
0.5,27,1,256,256,,0.39649812591293493,0.5,0.32196886620224335,0.25089783916612607,2,sum,1,0.9331610044313147,0.8882025941939469,0.8789731051344744,0.8976279650436954
0.5,27,1,256,256,,0.39649812591293493,0.5,0.32196886620224335,0.25089783916612607,3,sum,1,0.9357459379615952,0.8935128518971848,0.8924205378973105,0.8946078431372549
0.5,27,1,256,256,,0.39649812591293493,0.5,0.32196886620224335,0.25089783916612607,4,sum,1,0.9327917282127031,0.8870967741935484,0.8740831295843521,0.9005037783375315
0.5,27,1,256,256,,0.39649812591293493,0.5,0.32196886620224335,0.25089783916612607,5,sum,1,0.9375923190546529,0.896888346552776,0.8985330073349633,0.8952496954933008
