alpha,K,layers,hidden_channels,out_channels,norm,dropout,margin,lpl_weight,ratio,seed,aggregation,pos_weight,accuracy,f1,recall,precision
0.581752928874506,27,1,128,128,layernorm,0.3479867395995856,0.4637095119530624,0.9533680204072149,0.29211154227191566,1,sum,1,0.9239290989660266,0.875,0.8814180929095354,0.8686746987951808
0.581752928874506,27,1,128,128,layernorm,0.3479867395995856,0.4637095119530624,0.9533680204072149,0.29211154227191566,2,sum,1,0.9246676514032496,0.8802816901408451,0.9168704156479217,0.8465011286681715
0.581752928874506,27,1,128,128,layernorm,0.3479867395995856,0.4637095119530624,0.9533680204072149,0.29211154227191566,3,sum,1,0.9261447562776958,0.8820754716981132,0.9144254278728606,0.8519362186788155
0.581752928874506,27,1,128,128,layernorm,0.3479867395995856,0.4637095119530624,0.9533680204072149,0.29211154227191566,4,sum,1,0.9235598227474151,0.8758248350329934,0.8924205378973105,0.8598351001177856
0.581752928874506,27,1,128,128,layernorm,0.3479867395995856,0.4637095119530624,0.9533680204072149,0.29211154227191566,5,sum,1,0.9250369276218612,0.8792385484830458,0.9034229828850856,0.8563151796060255
