K,layers,hidden_channels,out_channels,norm,lr,treatment,dropout,ratio,seed,aggregation,model_type,batch_size,rate_pairs,clusters,sampling,num_epochs,anomaly_detector,accuracy,f1,recall,precision,losses,test_accuracy,test_f1,test_recall,test_precision
9,2,256,256,,0.005,removal,0,0.31899822668141575,654,mean,GATConv,2048,10,50,sage,100,nearest_neighbors,nan,0.0,0.0,0.0,"[2.478063941001892, 2.321865200996399, 2.2628817558288574, 2.2933768033981323, 2.240131974220276, 2.2637112140655518, 2.1760056018829346, 2.190093159675598, 2.2485663890838623, 2.2377994060516357, 2.267908215522766, 2.250107526779175, 2.1915544271469116, 2.174683451652527, 2.152711033821106, 2.208835482597351, 2.2111676931381226, 2.1868717670440674, 2.233180522918701, 2.2090675830841064, 2.16425359249115, 2.0871490240097046, 2.2356449365615845, 2.1755291223526, 2.177522897720337, 2.1893582344055176, 2.206159830093384, 2.150174140930176, 2.120134711265564, 2.0964436531066895, 2.1449577808380127, 2.105018138885498, 2.116784989833832, 2.1445930004119873, 2.09953373670578, 2.116839051246643, 2.1031806468963623, 2.0350956320762634, 2.059868097305298, 2.0086143612861633, 2.0134811401367188, 2.036964237689972, 2.0857951641082764, 2.0657055377960205, 2.0747861862182617, 2.027624011039734, 2.0351436734199524, 1.9833275079727173, 1.9984293580055237, 1.9687101244926453, 1.9780332446098328, 1.9568688869476318, 1.92366224527359, 1.9583543539047241, 1.9994924664497375, 1.920948565006256, 1.9329692721366882, 1.9279624819755554, 1.907041609287262, 1.919982135295868, 1.8759378790855408, 1.8799776434898376, 1.8702127933502197, 1.9087432026863098, 1.8584617376327515, 1.875339686870575, 1.8609949350357056, 1.8291581869125366, 1.8346309661865234, 1.8284631967544556, 1.7776706218719482, 1.8219062685966492, 1.8018192052841187, 1.763232409954071, 1.7693520188331604, 1.7959740161895752, 1.810747504234314, 1.7160444855690002, 1.7467706203460693, 1.7222406268119812, 1.711535394191742, 1.7680912613868713, 1.6922140717506409, 1.6845535635948181, 1.6482479572296143, 1.669326663017273, 1.6498620510101318, 1.652462363243103, 1.631833255290985, 1.6238216757774353, 1.6288268566131592, 1.6490886211395264, 1.6217058300971985, 1.624133586883545, 1.611038863658905, 1.5559327006340027, 1.5652026534080505, 1.5616827607154846, 1.5739250183105469, 1.5313405394554138]",0.9304045237059592,0.8090692124105012,0.8288508557457213,0.7902097902097902
