alpha,K,layers,hidden_channels,out_channels,norm,dropout,margin,lpl_weight,ratio,seed,aggregation,pos_weight,accuracy,f1,recall,precision
0.5,31,2,256,256,,0,0.5,0.6486454649512727,0.29944366531405037,1,sum,1,0.914327917282127,0.8651162790697674,0.9095354523227384,0.8248337028824834
0.5,31,2,256,256,,0,0.5,0.6486454649512727,0.29944366531405037,2,sum,1,0.9342688330871491,0.8927710843373494,0.9058679706601467,0.8800475059382423
0.5,31,2,256,256,,0,0.5,0.6486454649512727,0.29944366531405037,3,sum,1,0.9132200886262924,0.8626534190531853,0.902200488997555,0.826427771556551
0.5,31,2,256,256,,0,0.5,0.6486454649512727,0.29944366531405037,4,sum,1,0.9257754800590842,0.882661996497373,0.9242053789731052,0.8446927374301676
0.5,31,2,256,256,,0,0.5,0.6486454649512727,0.29944366531405037,5,sum,1,0.9146971935007385,0.8657757117954678,0.910757946210269,0.8250276854928018
