K,layers,hidden_channels,out_channels,norm,lr,treatment,dropout,ratio,seed,aggregation,model_type,batch_size,rate_pairs,clusters,sampling,sampling_k,num_epochs,anomaly_detector,accuracy,f1,recall,precision,losses
2,2,128,128,,0.008999483761724828,removal,0,0.18993950775578347,654,mean,GATConv,20,2,300,cluster,25,100,nearest_neighbors,0.9124815361890695,0.8493324856961221,0.8166259168704156,0.8847682119205298,"[8.782840073108673, 8.213961333036423, 7.422981768846512, 6.846804082393646, 6.253825336694717, 5.801687568426132, 5.368943125009537, 4.770937010645866, 4.217597156763077, 3.8753651678562164, 3.5451264828443527, 3.2876660227775574, 3.0670751333236694, 2.9317531138658524, 2.672276794910431, 2.503818169236183, 2.211715407669544, 2.1458196118474007, 1.9676140174269676, 1.8558478876948357, 1.7734923213720322, 1.644989937543869, 1.577406644821167, 1.4519368335604668, 1.3823448792099953, 1.3191251009702682, 1.250468336045742, 1.1773236691951752, 1.1023405604064465, 1.0762773640453815, 1.0279377810657024, 1.0126358568668365, 0.9477721452713013, 0.9161039367318153, 0.8716118633747101, 0.8267411775887012, 0.8030407913029194, 0.7873300947248936, 0.7350662909448147, 0.7029655463993549, 0.6875188201665878, 0.6662803161889315, 0.637216042727232, 0.6216766573488712, 0.6000248994678259, 0.5685343686491251, 0.5605655498802662, 0.5332397781312466, 0.5346918758004904, 0.496940441429615, 0.49002345837652683, 0.4783081393688917, 0.46852457895874977, 0.4570149593055248, 0.4304989520460367, 0.43354885280132294, 0.408351544290781, 0.39808985963463783, 0.38519586622714996, 0.38069927506148815, 0.3735589850693941, 0.35856480710208416, 0.35155959241092205, 0.33687834814190865, 0.3379450337961316, 0.3306746082380414, 0.3221808038651943, 0.31485517509281635, 0.30734254233539104, 0.2988069262355566, 0.28653721418231726, 0.27930963691323996, 0.2817809050902724, 0.2701514158397913, 0.2644690591841936, 0.25622333586215973, 0.25981605611741543, 0.2519510602578521, 0.24295716919004917, 0.2400112459436059, 0.2324248244985938, 0.2264523934572935, 0.22586638946086168, 0.2209705924615264, 0.21889271307736635, 0.20614068116992712, 0.20266283117234707, 0.20164053048938513, 0.19889868423342705, 0.1930438093841076, 0.19134543742984533, 0.18611127603799105, 0.18009237758815289, 0.18293145578354597, 0.17797050811350346, 0.17613465804606676, 0.17257405910640955, 0.16998148895800114, 0.16768997069448233, 0.165603160392493]"
