K,layers,hidden_channels,out_channels,norm,lr,treatment,dropout,ratio,seed,aggregation,model_type,batch_size,rate_pairs,clusters,sampling,num_epochs,anomaly_detector,accuracy,f1,recall,precision,losses,test_accuracy,test_f1,test_recall,test_precision
8,3,64,64,,0.005,removal,0,0.2791812443719256,654,mean,GCNConv,2048,10,50,sage,50,nearest_neighbors,nan,0.0,0.0,0.0,"[6.754103422164917, 6.78847861289978, 6.45182991027832, 6.737176895141602, 6.756714820861816, 6.613522529602051, 6.5644211769104, 6.638162136077881, 6.603585481643677, 6.5188446044921875, 6.639975070953369, 6.657320499420166, 6.433468580245972, 6.571081876754761, 6.809579610824585, 6.2389609813690186, 6.401798725128174, 6.4976513385772705, 6.523230314254761, 6.300302743911743, 6.594746828079224, 6.283795356750488, 6.203638553619385, 6.1460936069488525, 6.488801002502441, 6.391346216201782, 6.307875871658325, 6.064021825790405, 6.211068391799927, 6.421081304550171, 6.277559995651245, 6.249950885772705, 6.223388195037842, 5.9531238079071045, 6.052409648895264, 6.0468034744262695, 6.105919599533081, 5.925984621047974, 6.210190773010254, 5.941243648529053, 5.923856258392334, 5.895343065261841, 5.769468784332275, 5.984188079833984, 5.908285140991211, 6.046804189682007, 5.827857732772827, 5.914148569107056, 5.87284779548645, 5.733628988265991]",0.8929969551979121,0.7007299270072993,0.7041564792176039,0.6973365617433414
