K,layers,hidden_channels,out_channels,norm,lr,treatment,dropout,ratio,seed,aggregation,model_type,batch_size,rate_pairs,clusters,sampling,num_epochs,anomaly_detector,accuracy,f1,recall,precision,losses,test_accuracy,test_f1,test_recall,test_precision
1,1,64,128,,0.003550293212509138,removal,0,0.37432769160267987,654,mean,GATConv,512,6,300,cluster,100,nearest_neighbors,0.5490196078431373,0.7088607594936709,0.5490196078431373,1.0,"[12.053424552083015, 11.246475145220757, 10.62437655031681, 9.678284361958504, 8.831609010696411, 8.160607144236565, 7.392551697790623, 7.172974422574043, 6.672476924955845, 6.064486362040043, 5.704339608550072, 5.402681797742844, 4.92900887131691, 4.7329243794083595, 4.444419153034687, 4.089085564017296, 3.949978604912758, 3.764925502240658, 3.578916762024164, 3.337068870663643, 3.281993590295315, 2.9926784336566925, 2.86807394772768, 2.667587134987116, 2.474387709982693, 2.4821268916130066, 2.323522701859474, 2.190623167902231, 2.139140509068966, 2.0862425714731216, 1.942680686712265, 1.916403368115425, 1.764011798426509, 1.7489284127950668, 1.6700206696987152, 1.6381417103111744, 1.5325702372938395, 1.4616925064474344, 1.425588434562087, 1.3935814760625362, 1.3211925402283669, 1.2673984058201313, 1.226824726909399, 1.2194289863109589, 1.16056570969522, 1.1068776473402977, 1.0332547295838594, 1.0484806280583143, 1.0078005213290453, 0.9971655644476414, 0.9348779320716858, 0.9231047704815865, 0.8937954679131508, 0.8656764375045896, 0.8383550923317671, 0.819480849429965, 0.7759956493973732, 0.7680252324789762, 0.7624902054667473, 0.7131922515109181, 0.7205679081380367, 0.6894225860014558, 0.6593486880883574, 0.647475297562778, 0.6421174956485629, 0.5813347797375172, 0.5949257705360651, 0.5887314444407821, 0.5662564439699054, 0.5498177986592054, 0.545910113491118, 0.5341446017846465, 0.5187069457024336, 0.5065973363816738, 0.4952100031077862, 0.4793576207011938, 0.4562936150468886, 0.46894951071590185, 0.4472238877788186, 0.42345048766583204, 0.41701371502131224, 0.40582842845469713, 0.4062734437175095, 0.3927683662623167, 0.393452406860888, 0.37908040080219507, 0.37640412198379636, 0.36568652000278234, 0.35101547185331583, 0.3460820880718529, 0.3411100311204791, 0.3301649037748575, 0.32036635745316744, 0.31660689087584615, 0.3118465091101825, 0.3058697530068457, 0.3010205663740635, 0.2990223406814039, 0.289229953661561, 0.2785142441280186]",0.8666912850812407,0.7582049564634963,0.6919315403422983,0.8385185185185186
