alpha,K,layers,hidden_channels,out_channels,norm,dropout,margin,lpl_weight,ratio,seed,aggregation,pos_weight,accuracy,f1,recall,precision
0.5,33,2,128,128,,0.43127800539379113,0.5,0.6860908483980507,0.19538365753430453,1,mean,1,0.8474889217134417,0.7039426523297491,0.6002444987775061,0.8509532062391681
0.5,33,2,128,128,,0.43127800539379113,0.5,0.6860908483980507,0.19538365753430453,2,mean,1,0.8367799113737076,0.6820143884892086,0.5794621026894865,0.8286713286713286
0.5,33,2,128,128,,0.43127800539379113,0.5,0.6860908483980507,0.19538365753430453,3,mean,1,0.8626292466765141,0.7308248914616498,0.617359413202934,0.8953900709219859
0.5,33,2,128,128,,0.43127800539379113,0.5,0.6860908483980507,0.19538365753430453,4,mean,1,0.8441654357459379,0.6915204678362573,0.578239608801956,0.86
0.5,33,2,128,128,,0.43127800539379113,0.5,0.6860908483980507,0.19538365753430453,5,mean,1,0.8604135893648449,0.724087591240876,0.6063569682151589,0.8985507246376812
