alpha,K,layers,hidden_channels,out_channels,norm,dropout,margin,lpl_weight,ratio,seed,aggregation,pos_weight,accuracy,f1,recall,precision
0.1039587928487396,29,2,256,64,graphnorm,0.1432370677420261,0.5058032106703939,0.27119056302724337,0.3256170337151093,1,sum,1,0.9254062038404727,0.8829663962920047,0.9315403422982885,0.8392070484581498
0.1039587928487396,29,2,256,64,graphnorm,0.1432370677420261,0.5058032106703939,0.27119056302724337,0.3256170337151093,2,sum,1,0.9194977843426884,0.8738425925925926,0.9229828850855746,0.8296703296703297
0.1039587928487396,29,2,256,64,graphnorm,0.1432370677420261,0.5058032106703939,0.27119056302724337,0.3256170337151093,3,sum,1,0.9272525849335302,0.8849970811441915,0.9266503667481663,0.846927374301676
0.1039587928487396,29,2,256,64,graphnorm,0.1432370677420261,0.5058032106703939,0.27119056302724337,0.3256170337151093,4,sum,1,0.9202363367799113,0.8735362997658079,0.9119804400977995,0.8382022471910112
0.1039587928487396,29,2,256,64,graphnorm,0.1432370677420261,0.5058032106703939,0.27119056302724337,0.3256170337151093,5,sum,1,0.9235598227474151,0.8798607080673244,0.9266503667481663,0.8375690607734807
