K,layers,hidden_channels,out_channels,norm,lr,treatment,dropout,ratio,seed,aggregation,model_type,batch_size,rate_pairs,reliable_mini_batch,clusters,accuracy,f1,recall,precision,losses
4,2,64,256,,0.009440431274442959,removal,0,0.2509091484136089,654,sum,GCNConv,10,7,True,400,0.9449778434268833,0.9100784550392276,0.921760391198044,0.8986889153754469,"[36.99736088514328, 31.056693822145462, 23.232080161571503, 19.493267372250557, 15.477467566728592, 12.89856718480587, 10.204267121851444, 8.212107941508293, 6.929607780650258, 6.104329731315374, 5.426165129989386, 4.688651837408543, 3.97512548789382, 3.566993799060583, 3.1726569323800504, 2.8398024272173643, 2.6450046319514513, 2.4031926272436976, 2.20377466827631, 2.013102878583595, 1.8253692034631968, 1.6736193094402552, 1.6051999349147081, 1.4339869525283575, 1.3688747771084309, 1.2563390079885721, 1.2005525082349777, 1.1419396614655852, 1.0752909006550908, 1.0254837619140744, 0.9289145262446254, 0.9040211462415755, 0.8553733844310045, 0.7950871771899983, 0.7717428831383586, 0.7369222212582827, 0.6960340193472803, 0.6603083936497569, 0.6231595388380811, 0.59664943581447, 0.5615813449257985, 0.5547044603154063, 0.5517318821512163, 0.48055406438652426, 0.4737933929282008, 0.4757021372206509, 0.46952802408486605, 0.41474939603358507, 0.39419258368434384, 0.39348921412602067]"
