K,layers,hidden_channels,out_channels,norm,lr,treatment,dropout,ratio,seed,aggregation,model_type,batch_size,rate_pairs,reliable_mini_batch,clusters,accuracy,f1,recall,precision,losses
7,2,64,64,,0.0010345910456658154,relabeling,0,0.3144875725281022,654,sum,GATConv,15,14,True,500,0.7950516986706057,0.7155304971809329,0.8533007334963325,0.6160635481023831,"[52.0222492814064, 54.079749047756195, 49.14005696773529, 48.85868048667908, 47.11208355426788, 47.95704972743988, 45.38647925853729, 44.640699833631516, 43.14156520366669, 41.967405676841736, 42.03479617834091, 41.612706780433655, 39.981540501117706, 39.808524787425995, 39.59858858585358, 37.93656465411186, 36.89829361438751, 36.033751010894775, 34.646451860666275, 34.515364587306976, 34.70184504985809, 32.9474658370018, 32.89693319797516, 31.599535137414932, 30.590447902679443, 30.697574138641357, 30.266234159469604, 30.1016064286232, 28.516783833503723, 26.847705617547035, 27.326848834753036, 26.80309423804283, 26.44542133808136, 26.095464825630188, 25.150216042995453, 24.50735154747963, 24.1242458820343, 24.39049583673477, 22.994233548641205, 22.42103272676468, 21.883893102407455, 22.018599659204483, 20.91027718782425, 20.634303510189056, 20.285861775279045, 19.9770510494709, 20.207477509975433, 19.211739808321, 18.85027438402176, 18.796928107738495]"
