alpha,K,layers,hidden_channels,out_channels,norm,dropout,margin,lpl_weight,ratio,seed,aggregation,pos_weight,accuracy,f1,recall,precision
0.7996191771362848,35,2,128,128,graphnorm,0.21733147989226265,0.89260670603617,0.7124147202851032,0.4632024393277153,1,mean,1,0.8589364844903988,0.7884828349944629,0.8704156479217604,0.7206477732793523
0.7996191771362848,35,2,128,128,graphnorm,0.21733147989226265,0.89260670603617,0.7124147202851032,0.4632024393277153,2,mean,1,0.8489660265878878,0.7799892415277031,0.8863080684596577,0.696445725264169
0.7996191771362848,35,2,128,128,graphnorm,0.21733147989226265,0.89260670603617,0.7124147202851032,0.4632024393277153,3,mean,1,0.8545051698670606,0.7888531618435155,0.8997555012224939,0.7022900763358778
0.7996191771362848,35,2,128,128,graphnorm,0.21733147989226265,0.89260670603617,0.7124147202851032,0.4632024393277153,4,mean,1,0.845642540620384,0.7738095238095238,0.8740831295843521,0.6941747572815534
0.7996191771362848,35,2,128,128,graphnorm,0.21733147989226265,0.89260670603617,0.7124147202851032,0.4632024393277153,5,mean,1,0.8463810930576071,0.7780149413020278,0.89119804400978,0.6903409090909091
