K,layers,hidden_channels,out_channels,norm,lr,treatment,dropout,ratio,seed,aggregation,model_type,batch_size,rate_pairs,clusters,sampling,num_epochs,anomaly_detector,accuracy,f1,recall,precision,losses,test_accuracy,test_f1,test_recall,test_precision
1,2,16,1,,0.005,removal,0,0.11206225986408355,654,mean,MLP,2048,10,50,sage,50,nearest_neighbors,nan,0.0,0.0,0.0,[],0.8315833683326334,0.3458401305057096,0.2158859470468432,0.8688524590163934
1,2,16,1,,0.005,removal,0,0.11206225986408355,114,mean,MLP,2048,10,50,sage,50,nearest_neighbors,nan,0.0,0.0,0.0,[],0.8084838303233935,0.16483516483516483,0.09164969450101833,0.8181818181818182
1,2,16,1,,0.005,removal,0,0.11206225986408355,25,mean,MLP,2048,10,50,sage,50,nearest_neighbors,nan,0.0,0.0,0.0,[],0.8147837043259135,0.19378427787934185,0.1079429735234216,0.9464285714285714
