K,layers,hidden_channels,out_channels,norm,lr,treatment,dropout,ratio,seed,aggregation,model_type,batch_size,rate_pairs,clusters,sampling,num_epochs,anomaly_detector,accuracy,f1,recall,precision,losses,test_accuracy,test_f1,test_recall,test_precision
10,1,256,256,,0.005,removal,0,0.21363096801864456,654,mean,GCNConv,2048,10,50,sage,50,nearest_neighbors,nan,0.0,0.0,0.0,"[7.209947347640991, 7.3957953453063965, 7.113428115844727, 6.9691667556762695, 7.249311447143555, 7.2145092487335205, 6.880072832107544, 7.050506114959717, 6.806416749954224, 6.921170473098755, 7.062957525253296, 6.965918064117432, 6.921732425689697, 7.179378986358643, 7.0561363697052, 6.82892918586731, 6.975995063781738, 6.844983339309692, 6.638901472091675, 6.801477909088135, 6.679450035095215, 6.895075798034668, 6.800558805465698, 6.957483530044556, 6.82649827003479, 6.836248397827148, 6.613497734069824, 6.883431911468506, 6.719091415405273, 6.7305498123168945, 6.76927375793457, 6.737609624862671, 6.546856880187988, 6.423380374908447, 6.6225762367248535, 6.536727666854858, 6.57153058052063, 6.36681866645813, 6.566447019577026, 6.600818157196045, 6.480989694595337, 6.439471483230591, 6.474399089813232, 6.448007583618164, 6.46066689491272, 6.255349636077881, 6.42028284072876, 6.350780010223389, 6.34054970741272, 6.341094255447388]",0.9186602870813397,0.7593307593307593,0.7212713936430318,0.8016304347826086
