alpha,K,layers,hidden_channels,out_channels,norm,dropout,margin,lpl_weight,ratio,seed,aggregation,pos_weight,accuracy,f1,recall,precision
0.3865516084536964,27,1,256,256,layernorm,0.28585854246527576,0.20379334279075662,0.6191721351694487,0.1695841059927249,1,sum,1,0.9294682422451994,0.8762151652624757,0.8264058679706602,0.9324137931034483
0.3865516084536964,27,1,256,256,layernorm,0.28585854246527576,0.20379334279075662,0.6191721351694487,0.1695841059927249,2,sum,1,0.9276218611521418,0.8728923476005188,0.8227383863080685,0.9295580110497238
0.3865516084536964,27,1,256,256,layernorm,0.28585854246527576,0.20379334279075662,0.6191721351694487,0.1695841059927249,3,sum,1,0.9346381093057607,0.8861736334405145,0.8422982885085575,0.9348710990502035
0.3865516084536964,27,1,256,256,layernorm,0.28585854246527576,0.20379334279075662,0.6191721351694487,0.1695841059927249,4,sum,1,0.9316838995568686,0.8799480856586632,0.8288508557457213,0.9377593360995851
0.3865516084536964,27,1,256,256,layernorm,0.28585854246527576,0.20379334279075662,0.6191721351694487,0.1695841059927249,5,sum,1,0.9350073855243722,0.8873239436619719,0.8471882640586798,0.9314516129032258
