K,layers,hidden_channels,out_channels,norm,lr,treatment,dropout,ratio,seed,aggregation,model_type,batch_size,rate_pairs,clusters,sampling,sampling_k,num_epochs,anomaly_detector,accuracy,f1,recall,precision,losses
4,2,64,128,,0.006788565817477118,removal,0,0.16369959191012384,654,mean,GATConv,20,2,100,cluster,25,100,nearest_neighbors,0.8903249630723782,0.8034414295168762,0.7420537897310513,0.8759018759018758,"[4.520025730133057, 4.488396167755127, 4.310528039932251, 4.229645729064941, 4.190945267677307, 4.134548008441925, 3.9631600379943848, 4.071398675441742, 3.8104710578918457, 3.809274435043335, 3.879247784614563, 3.6867384910583496, 3.682030498981476, 3.6248324513435364, 3.6038572788238525, 3.491245210170746, 3.505196452140808, 3.3080798983573914, 3.3421987891197205, 3.2640501856803894, 3.1414573788642883, 3.132024347782135, 3.0709962248802185, 2.9287596344947815, 2.837783098220825, 2.8180644810199738, 2.778099834918976, 2.708693027496338, 2.584135264158249, 2.5387445390224457, 2.680862307548523, 2.428564637899399, 2.372322678565979, 2.3277627527713776, 2.3411048352718353, 2.2577421367168427, 2.1715937554836273, 2.1287021934986115, 2.0897337198257446, 2.029309958219528, 2.0097829699516296, 1.9601660072803497, 1.8611123263835907, 1.923442929983139, 1.8485118746757507, 1.7646553814411163, 1.6825048327445984, 1.7046765387058258, 1.6738527119159698, 1.6515288054943085, 1.565107673406601, 1.5735141336917877, 1.5037673115730286, 1.5056488513946533, 1.475637525320053, 1.3819583356380463, 1.3805751502513885, 1.4122085869312286, 1.3579217344522476, 1.298445999622345, 1.286250501871109, 1.2600120604038239, 1.1996541768312454, 1.2493883818387985, 1.2027469277381897, 1.1410409063100815, 1.139487862586975, 1.1517473757266998, 1.1147503107786179, 1.096728265285492, 1.0727076679468155, 1.047328233718872, 1.0509666800498962, 1.0370154231786728, 1.0068333148956299, 0.9598049372434616, 0.9626348614692688, 0.927887037396431, 0.9138353914022446, 0.9113001674413681, 0.87822026014328, 0.88009212911129, 0.8823026120662689, 0.8424136936664581, 0.8514607101678848, 0.8144247978925705, 0.8089609891176224, 0.8273604512214661, 0.7947528809309006, 0.7596083432435989, 0.7540009319782257, 0.7560102120041847, 0.7390470206737518, 0.7292324155569077, 0.7023453265428543, 0.7122220098972321, 0.6901917159557343, 0.6912656202912331, 0.6759266331791878, 0.6594617366790771]"
