K,layers,hidden_channels,out_channels,norm,lr,treatment,dropout,ratio,seed,aggregation,model_type,batch_size,rate_pairs,clusters,sampling,sampling_k,num_epochs,anomaly_detector,accuracy,f1,recall,precision,losses
11,1,128,128,,0.002341175937509194,removal,0,0.1613190450067413,654,mean,GATConv,256,1,50,neighbor,50,100,nearest_neighbors,0.9058345642540621,0.8282828282828283,0.7518337408312958,0.9220389805097451,"[16.652126908302307, 16.00079619884491, 15.727084159851074, 15.78503131866455, 15.948965787887573, 15.536463975906372, 15.011561393737793, 15.483073592185974, 15.138467788696289, 15.097886204719543, 14.937376618385315, 14.868808031082153, 14.78123950958252, 14.599379539489746, 14.772707462310791, 14.417484521865845, 14.216149091720581, 13.829128861427307, 14.117793798446655, 13.73591148853302, 13.677491426467896, 13.58983051776886, 13.768280029296875, 13.365868330001831, 13.415687441825867, 13.299964308738708, 12.9859117269516, 12.694438338279724, 12.448804020881653, 12.408689618110657, 12.605096518993378, 12.252538800239563, 11.988063275814056, 11.78334242105484, 11.491107404232025, 11.248178839683533, 11.314083874225616, 11.025232374668121, 10.8877574801445, 10.817634999752045, 10.526925384998322, 10.435376644134521, 10.2428879737854, 10.145444989204407, 9.906592190265656, 9.760379314422607, 9.669811069965363, 9.240857899188995, 9.203706324100494, 8.904674530029297, 8.839255392551422, 8.877524554729462, 8.527445197105408, 8.373640656471252, 8.200055718421936, 8.053682148456573, 7.995843946933746, 7.775225341320038, 7.725492000579834, 7.491290211677551, 7.261816442012787, 7.189163863658905, 7.055501401424408, 6.738732993602753, 6.827253043651581, 6.664124250411987, 6.432795345783234, 6.398047924041748, 6.221730947494507, 6.208252966403961, 5.976511240005493, 5.906681537628174, 5.788068920373917, 5.682463049888611, 5.668966889381409, 5.479207992553711, 5.441632270812988, 5.3502516746521, 5.200024515390396, 5.111695408821106, 5.041928678750992, 4.894618570804596, 4.88384747505188, 4.770104825496674, 4.6493978798389435, 4.557805180549622, 4.448951929807663, 4.408114939928055, 4.284179657697678, 4.304670691490173, 4.170901715755463, 4.1842876970767975, 4.055384337902069, 4.03141313791275, 3.873462587594986, 3.839954912662506, 3.7858352661132812, 3.779819577932358, 3.7028887271881104, 3.6221536695957184]"
