alpha,K,layers,hidden_channels,out_channels,norm,dropout,margin,lpl_weight,ratio,seed,aggregation,pos_weight,accuracy,f1,recall,precision
0.5,30,2,256,256,,0,0.5,0.7669865665026514,0.3438221432245233,1,sum,1,0.8906942392909897,0.8357380688124306,0.9205378973105135,0.7652439024390244
0.5,30,2,256,256,,0,0.5,0.7669865665026514,0.3438221432245233,2,sum,1,0.9158050221565731,0.8697142857142857,0.9303178484107579,0.8165236051502146
0.5,30,2,256,256,,0,0.5,0.7669865665026514,0.3438221432245233,3,sum,1,0.8925406203840472,0.8384230982787341,0.9229828850855746,0.768056968463886
0.5,30,2,256,256,,0,0.5,0.7669865665026514,0.3438221432245233,4,sum,1,0.9080502215657311,0.8606603245663123,0.9400977995110025,0.7936016511867905
0.5,30,2,256,256,,0,0.5,0.7669865665026514,0.3438221432245233,5,sum,1,0.9091580502215657,0.8605442176870748,0.9278728606356969,0.8023255813953488
