alpha,K,layers,hidden_channels,out_channels,norm,dropout,margin,lpl_weight,ratio,seed,aggregation,pos_weight,accuracy,f1,recall,precision
0.5,25,2,256,128,,0.33428249547962724,0.5,0.34625098612549665,0.2112110176772992,1,sum,1,0.9268833087149188,0.8737244897959183,0.8374083129584352,0.9133333333333333
0.5,25,2,256,128,,0.33428249547962724,0.5,0.34625098612549665,0.2112110176772992,2,sum,1,0.9202363367799113,0.8634639696586599,0.8349633251833741,0.893979057591623
0.5,25,2,256,128,,0.33428249547962724,0.5,0.34625098612549665,0.2112110176772992,3,sum,1,0.9316838995568686,0.882837238758708,0.8520782396088019,0.9159001314060446
0.5,25,2,256,128,,0.33428249547962724,0.5,0.34625098612549665,0.2112110176772992,4,sum,1,0.9209748892171344,0.8647281921618205,0.8361858190709046,0.8952879581151832
0.5,25,2,256,128,,0.33428249547962724,0.5,0.34625098612549665,0.2112110176772992,5,sum,1,0.9217134416543574,0.8671679197994987,0.8459657701711492,0.8894601542416453
