alpha,K,layers,hidden_channels,out_channels,norm,dropout,margin,lpl_weight,ratio,seed,aggregation,pos_weight,accuracy,f1,recall,precision
0.5,33,2,256,256,,0,0.5,0.8848565402473083,0.19195644074796467,1,sum,1,0.8999261447562777,0.8376273217495507,0.8545232273838631,0.8213866039952996
0.5,33,2,256,256,,0,0.5,0.8848565402473083,0.19195644074796467,2,sum,1,0.8766617429837519,0.7997601918465228,0.815403422982885,0.7847058823529411
0.5,33,2,256,256,,0,0.5,0.8848565402473083,0.19195644074796467,3,sum,1,0.8825701624815362,0.8093525179856115,0.8251833740831296,0.7941176470588235
0.5,33,2,256,256,,0,0.5,0.8848565402473083,0.19195644074796467,4,sum,1,0.8914327917282127,0.8237410071942446,0.8398533007334963,0.808235294117647
0.5,33,2,256,256,,0,0.5,0.8848565402473083,0.19195644074796467,5,sum,1,0.8925406203840472,0.8256440982624326,0.8422982885085575,0.8096357226792009
