alpha,K,layers,hidden_channels,out_channels,norm,dropout,margin,lpl_weight,ratio,seed,aggregation,pos_weight,accuracy,f1,recall,precision
0.5,35,2,256,256,,0,0.5,0.37511859888903176,0.25113231988093715,1,sum,1,0.9298375184638109,0.8855421686746988,0.8985330073349633,0.8729216152019003
0.5,35,2,256,256,,0,0.5,0.37511859888903176,0.25113231988093715,2,sum,1,0.9405465288035451,0.9006785934608267,0.8924205378973105,0.9090909090909091
0.5,35,2,256,256,,0,0.5,0.37511859888903176,0.25113231988093715,3,sum,1,0.9239290989660266,0.8740831295843521,0.8740831295843521,0.8740831295843521
0.5,35,2,256,256,,0,0.5,0.37511859888903176,0.25113231988093715,4,sum,1,0.9287296898079763,0.8836648583484027,0.8960880195599022,0.8715814506539834
0.5,35,2,256,256,,0,0.5,0.37511859888903176,0.25113231988093715,5,sum,1,0.9327917282127031,0.8880688806888068,0.882640586797066,0.8935643564356436
