alpha,K,layers,hidden_channels,out_channels,norm,dropout,margin,lpl_weight,ratio,seed,aggregation,pos_weight,accuracy,f1,recall,precision
0.5,35,2,256,256,,0.42999042017432465,0.5,0.3024715736310176,0.27884353522044325,1,sum,1,0.9379615952732644,0.8974358974358975,0.8985330073349633,0.8963414634146342
0.5,35,2,256,256,,0.42999042017432465,0.5,0.3024715736310176,0.27884353522044325,2,sum,1,0.9364844903988183,0.8953771289537713,0.8997555012224939,0.8910411622276029
0.5,35,2,256,256,,0.42999042017432465,0.5,0.3024715736310176,0.27884353522044325,3,sum,1,0.9302067946824224,0.8852459016393442,0.89119804400978,0.879372738238842
0.5,35,2,256,256,,0.42999042017432465,0.5,0.3024715736310176,0.27884353522044325,4,sum,1,0.9361152141802068,0.8952150211992732,0.9034229828850856,0.8871548619447779
0.5,35,2,256,256,,0.42999042017432465,0.5,0.3024715736310176,0.27884353522044325,5,sum,1,0.9357459379615952,0.8948004836759371,0.9046454767726161,0.8851674641148325
