alpha,K,layers,hidden_channels,out_channels,norm,dropout,margin,lpl_weight,ratio,seed,aggregation,pos_weight,accuracy,f1,recall,precision
0.7164230090799545,26,3,64,256,graphnorm,0.19601754767043902,0.40048512473586273,0.4494474884498101,0.248779709965228,1,mean,1,0.8666912850812407,0.7993329627570873,0.8789731051344744,0.7329255861365953
0.7164230090799545,26,3,64,256,graphnorm,0.19601754767043902,0.40048512473586273,0.4494474884498101,0.248779709965228,2,mean,1,0.8585672082717873,0.7871039466370205,0.8655256723716381,0.7217125382262997
0.7164230090799545,26,3,64,256,graphnorm,0.19601754767043902,0.40048512473586273,0.4494474884498101,0.248779709965228,3,mean,1,0.8622599704579025,0.7926625903279599,0.871638141809291,0.7268093781855249
0.7164230090799545,26,3,64,256,graphnorm,0.19601754767043902,0.40048512473586273,0.4494474884498101,0.248779709965228,4,mean,1,0.8711225997045791,0.8060033351862146,0.8863080684596577,0.7390417940876657
0.7164230090799545,26,3,64,256,graphnorm,0.19601754767043902,0.40048512473586273,0.4494474884498101,0.248779709965228,5,mean,1,0.8530280649926145,0.778642936596218,0.8557457212713936,0.7142857142857143
