K,layers,hidden_channels,out_channels,norm,lr,treatment,dropout,ratio,seed,aggregation,model_type,batch_size,rate_pairs,clusters,sampling,sampling_k,num_epochs,anomaly_detector,accuracy,f1,recall,precision,losses
6,1,128,128,,0.006589928510775319,removal,0,0.28671368983718576,654,mean,GATConv,512,1,100,neighbor,50,50,unweighted,0.8611521418020679,0.7247437774524158,0.6051344743276283,0.9032846715328468,"[7.021716356277466, 6.603666126728058, 6.489492416381836, 6.458422958850861, 6.331394553184509, 6.1447396874427795, 6.144703269004822, 6.003206253051758, 5.914988338947296, 5.877596020698547, 5.721326172351837, 5.665813624858856, 5.661760210990906, 5.444755554199219, 5.333109676837921, 5.16797000169754, 5.073491811752319, 4.928891479969025, 4.754603266716003, 4.63645601272583, 4.536459505558014, 4.490514755249023, 4.399551510810852, 4.195077359676361, 4.093758761882782, 4.101639091968536, 3.8810314536094666, 3.8127328753471375, 3.7348570823669434, 3.5649384260177612, 3.5581624507904053, 3.4948354959487915, 3.351737678050995, 3.2463083267211914, 3.1479519605636597, 3.0879743099212646, 2.9556804895401, 2.858439087867737, 2.8055722415447235, 2.7497984170913696, 2.6632773876190186, 2.5940735936164856, 2.5165931582450867, 2.423732340335846, 2.38352307677269, 2.3093270659446716, 2.27656352519989, 2.180353820323944, 2.1203402876853943, 2.109245330095291]"
