K,layers,hidden_channels,out_channels,norm,lr,treatment,dropout,ratio,seed,aggregation,model_type,batch_size,rate_pairs,reliable_mini_batch,clusters,accuracy,f1,recall,precision,losses
4,2,64,256,,0.009648893014105842,removal,0,0.25206452931982976,654,sum,GCNConv,10,3,True,400,0.9446085672082718,0.9090909090909091,0.9168704156479217,0.9014423076923077,"[37.168341010808945, 30.877662748098373, 23.12536095827818, 19.275574415922165, 15.275219202041626, 12.649732902646065, 9.982842952013016, 8.017621949315071, 6.741593316197395, 5.9292042925953865, 5.285344172269106, 4.556196760386229, 3.8656444884836674, 3.4726642221212387, 3.0879727588035166, 2.7577023673802614, 2.5639496073126793, 2.3381367521360517, 2.141135036945343, 1.959086470771581, 1.7741025537252426, 1.6249487102031708, 1.5517868213355541, 1.388994475826621, 1.332938195206225, 1.2210407024249434, 1.1668897131457925, 1.1092966347932816, 1.0423603923991323, 0.993863720446825, 0.9022726351395249, 0.8759373198263347, 0.8297689044848084, 0.7714372911723331, 0.7477165679447353, 0.7139014531858265, 0.6771607957780361, 0.6413007187657058, 0.6039052102714777, 0.5795508860610425, 0.545453758793883, 0.5375468293204904, 0.5350750852376223, 0.46682085166685283, 0.4599864933406934, 0.462502081412822, 0.4552851556800306, 0.40183647396042943, 0.3829474130179733, 0.38188879122026265]"
