K,layers,hidden_channels,out_channels,norm,lr,treatment,dropout,ratio,seed,aggregation,model_type,batch_size,rate_pairs,clusters,sampling,num_epochs,anomaly_detector,accuracy,f1,recall,precision,losses,test_accuracy,test_f1,test_recall,test_precision
22,3,256,128,,0.005,removal,0,0.18149847150594955,654,mean,GATConv,1024,10,50,sage,50,nearest_neighbors,nan,0.0,0.0,0.0,"[13.417262077331543, 13.08722448348999, 13.063645362854004, 13.022910118103027, 13.431347846984863, 12.679309368133545, 12.733685493469238, 12.60857629776001, 12.28830337524414, 12.522390842437744, 12.29176664352417, 12.549969673156738, 12.598575592041016, 12.735335350036621, 12.796815395355225, 12.655473709106445, 12.429400444030762, 12.384913921356201, 12.760566711425781, 12.977918148040771, 12.105974197387695, 12.217642784118652, 12.224263906478882, 12.246909141540527, 12.29164433479309, 12.103498220443726, 12.138360500335693, 12.151062965393066, 12.225910186767578, 12.106680393218994, 11.962440967559814, 12.310608148574829, 11.98367977142334, 12.365812063217163, 11.880589246749878, 11.753660917282104, 12.0315420627594, 11.61055326461792, 11.873965740203857, 11.842094421386719, 12.266747951507568, 11.638378620147705, 11.769334316253662, 11.893864870071411, 11.455907106399536, 11.670100212097168, 11.378421306610107, 11.435479164123535, 11.575255632400513, 11.368433475494385]",0.919965202261853,0.7513513513513513,0.6797066014669927,0.8398791540785498
