K,layers,hidden_channels,out_channels,norm,lr,treatment,dropout,ratio,seed,aggregation,model_type,batch_size,rate_pairs,clusters,sampling,sampling_k,num_epochs,anomaly_detector,accuracy,f1,recall,precision,losses
9,2,128,128,,0.0003190830761030834,removal,0,0.1809885596782283,654,mean,GCNConv,256,7,300,nearest_neighbors,75,100,nearest_neighbors,0.8785081240768094,0.7707317073170732,0.676039119804401,0.8962722852512156,"[56.093482971191406, 55.52173614501953, 56.20702600479126, 56.24537897109985, 56.02173137664795, 55.817326068878174, 55.51325035095215, 54.77377462387085, 55.117058753967285, 55.34429931640625, 54.53710603713989, 54.965378761291504, 54.60361337661743, 54.717905044555664, 53.63403654098511, 54.43157625198364, 54.212870597839355, 53.85916757583618, 53.586284160614014, 54.13052034378052, 53.31859588623047, 54.17288303375244, 54.123196601867676, 52.598068714141846, 52.24731922149658, 53.76341772079468, 52.74404001235962, 52.62360715866089, 52.38971567153931, 51.89332818984985, 52.021997928619385, 51.63619613647461, 51.86633014678955, 52.037055015563965, 51.45744562149048, 51.49036741256714, 51.16355228424072, 52.13593530654907, 51.28951072692871, 51.140785694122314, 50.86097955703735, 50.93847990036011, 50.67780780792236, 50.26159429550171, 50.59746599197388, 50.801124572753906, 49.93409252166748, 49.12911796569824, 49.04978656768799, 49.81629753112793, 49.508948802948, 49.14949655532837, 49.38617277145386, 49.002493381500244, 48.73095417022705, 48.282423973083496, 48.94673562049866, 48.72129154205322, 48.29279184341431, 48.54285192489624, 48.6025824546814, 48.09488010406494, 48.03678512573242, 47.81194829940796, 47.581892013549805, 47.52148985862732, 47.64720416069031, 47.31065273284912, 47.19465208053589, 47.49873685836792, 46.92731952667236, 46.9783251285553, 46.51856350898743, 46.78074550628662, 46.572410345077515, 46.656944274902344, 46.33431148529053, 46.49082136154175, 46.4149124622345, 46.483707904815674, 45.22853207588196, 46.082643032073975, 46.169429302215576, 46.33726978302002, 44.99383878707886, 44.926456451416016, 45.089266538619995, 45.543379068374634, 45.29701113700867, 44.867684841156006, 44.65117573738098, 44.07967281341553, 44.297460317611694, 44.854225873947144, 44.414921283721924, 43.96855401992798, 44.8373863697052, 44.09082794189453, 43.7210156917572, 43.55148696899414]"
