K,layers,hidden_channels,out_channels,norm,lr,treatment,dropout,ratio,seed,aggregation,model_type,batch_size,rate_pairs,clusters,sampling,num_epochs,anomaly_detector,accuracy,f1,recall,precision,losses,test_accuracy,test_f1,test_recall,test_precision
15,2,64,256,,0.005,removal,0,0.3273395693411123,654,mean,GCNConv,2048,10,50,sage,100,nearest_neighbors,nan,0.0,0.0,0.0,"[2.744045376777649, 2.6985291242599487, 2.6837624311447144, 2.656211018562317, 2.6850703954696655, 2.6519978046417236, 2.6654036045074463, 2.5915489196777344, 2.753997802734375, 2.689389228820801, 2.6614832878112793, 2.7008596658706665, 2.696422576904297, 2.6196058988571167, 2.7349923849105835, 2.6566203832626343, 2.5526918172836304, 2.630546808242798, 2.6777184009552, 2.446634888648987, 2.6639639139175415, 2.6611104011535645, 2.6017788648605347, 2.7161625623703003, 2.5301049947738647, 2.4558186531066895, 2.5675913095474243, 2.7112029790878296, 2.5159571170806885, 2.535766124725342, 2.620478868484497, 2.556803584098816, 2.5637929439544678, 2.5062893629074097, 2.4648754596710205, 2.529852509498596, 2.4705504179000854, 2.5605188608169556, 2.493300437927246, 2.5297586917877197]",0.8977816441931274,0.7192353643966547,0.7359413202933985,0.7032710280373832
