K,layers,hidden_channels,out_channels,norm,lr,treatment,dropout,ratio,seed,aggregation,model_type,batch_size,rate_pairs,reliable_mini_batch,clusters,accuracy,f1,recall,precision,losses
9,1,256,64,,0.009602237729210436,relabeling,0,0.1757833109313324,654,sum,GINConv,5,14,True,200,0.8212703101920237,0.7037943696450428,0.7029339853300733,0.7046568627450981,"[78.19314497709274, 64.29074874520302, 49.2649250626564, 41.47430473566055, 33.83212986588478, 28.959739685058594, 22.93277731537819, 19.627165764570236, 16.28450545668602, 14.319444715976715, 12.371741257607937, 11.011091127991676, 9.847099214792252, 8.313494563102722, 7.860121764242649, 7.050394952297211, 6.267628386616707, 5.568617053329945, 5.217339433729649, 4.696645878255367, 4.3902073465287685, 3.926846005022526, 3.709449615329504, 3.3796991482377052, 3.244417332112789, 3.0480758361518383, 2.884063169360161, 2.7036286182701588, 2.5292220152914524, 2.357195222750306, 2.1720688715577126, 2.1278092488646507, 2.006985193118453, 1.9072724003344774, 1.8074226342141628, 1.684382151812315, 1.5594157567247748, 1.514575719833374, 1.4501487743109465, 1.3736616782844067, 1.3325853645801544, 1.2526588989421725, 1.2267694110050797, 1.1820479473099113, 1.1472396543249488, 1.0993302324786782, 1.0651287622749805, 0.9810042222961783, 0.9637680482119322, 0.8995588859543204]"
