K,layers,hidden_channels,out_channels,norm,lr,treatment,dropout,ratio,seed,aggregation,model_type,batch_size,rate_pairs,clusters,sampling,num_epochs,anomaly_detector,accuracy,f1,recall,precision,losses,test_accuracy,test_f1,test_recall,test_precision
8,1,128,64,,0.008002614221645034,removal,0,0.3349056843614653,654,mean,GCNConv,768,2,100,cluster,100,nearest_neighbors,0.7254901960784313,0.8409090909090909,0.7254901960784313,1.0,"[10.236897468566895, 9.862948775291443, 10.151959419250488, 9.796470046043396, 9.390071153640747, 9.134645104408264, 9.01499319076538, 9.584882497787476, 8.857465147972107, 8.62765347957611, 8.22809088230133, 8.2093745470047, 8.082320034503937, 7.801980793476105, 7.373538672924042, 7.333228766918182, 6.9674875140190125, 7.096835970878601, 6.631867289543152, 6.370342373847961, 6.024554371833801, 6.113168358802795, 5.965370059013367, 5.812054455280304, 5.553793013095856, 5.4056236743927, 5.072435259819031, 4.90032297372818, 4.892387926578522, 4.5433918833732605, 4.494084358215332, 4.267734527587891, 4.047691643238068, 3.9769879579544067, 3.8551072776317596, 3.6900110840797424, 3.570658802986145, 3.3666038811206818, 3.198487639427185, 3.186118185520172, 3.0622335970401764, 2.9528618156909943, 2.8549948632717133, 2.748205542564392, 2.681822746992111, 2.6417238116264343, 2.6235405802726746, 2.433540254831314, 2.3836704790592194, 2.310079663991928, 2.2240699231624603, 2.082836076617241, 2.0602836310863495, 2.018120065331459, 1.9302851557731628, 1.904290348291397, 1.8932218551635742, 1.858881637454033, 1.766970545053482, 1.671599492430687, 1.6318571120500565, 1.5873968005180359, 1.558916062116623, 1.537746548652649, 1.4682416319847107, 1.468928948044777, 1.4520155787467957, 1.4298598617315292, 1.360299751162529, 1.3201144188642502, 1.2463665306568146, 1.2683408111333847, 1.2417954802513123, 1.2025787234306335, 1.1932554990053177, 1.164817065000534, 1.1312260031700134, 1.0894820615649223, 1.064298003911972, 1.050979070365429, 1.0549632459878922, 1.0194580107927322, 0.9878505542874336, 0.9806909784674644, 0.9573417156934738, 0.9145985469222069, 0.926292173564434, 0.8885650038719177, 0.9038087874650955, 0.8535250723361969, 0.8393714502453804, 0.8242926970124245, 0.8451258689165115, 0.8037699982523918, 0.8089898526668549, 0.7690763026475906, 0.7615751847624779, 0.7631352245807648, 0.7393826097249985, 0.7408638596534729]",0.9110044313146234,0.8511426806670784,0.8422982885085575,0.8601747815230961
