alpha,K,layers,hidden_channels,out_channels,norm,dropout,margin,lpl_weight,ratio,seed,aggregation,pos_weight,accuracy,f1,recall,precision
0.5,30,1,128,128,,0.43039302220722503,0.5,0.39367646840548937,0.2625807774003093,1,mean,1,0.8593057607090103,0.7448091091761554,0.6797066014669927,0.8237037037037037
0.5,30,1,128,128,,0.43039302220722503,0.5,0.39367646840548937,0.2625807774003093,2,mean,1,0.8135155096011817,0.6635576282478348,0.60880195599022,0.7291361639824304
0.5,30,1,128,128,,0.43039302220722503,0.5,0.39367646840548937,0.2625807774003093,3,mean,1,0.8644756277695717,0.7501701837985024,0.6735941320293398,0.8463901689708141
0.5,30,1,128,128,,0.43039302220722503,0.5,0.39367646840548937,0.2625807774003093,4,mean,1,0.837149187592319,0.6887791107974595,0.5965770171149144,0.8146911519198664
0.5,30,1,128,128,,0.43039302220722503,0.5,0.39367646840548937,0.2625807774003093,5,mean,1,0.8600443131462334,0.733286418015482,0.636919315403423,0.8640132669983416
