K,layers,hidden_channels,out_channels,norm,lr,treatment,dropout,ratio,seed,aggregation,model_type,batch_size,rate_pairs,clusters,sampling,num_epochs,anomaly_detector,accuracy,f1,recall,precision,losses,test_accuracy,test_f1,test_recall,test_precision
18,1,256,256,,0.005,removal,0,0.32278923185268715,654,mean,GCNConv,2048,10,50,sage,100,nearest_neighbors,nan,0.0,0.0,0.0,"[3.2734421491622925, 2.989166021347046, 2.8006064891815186, 2.727199912071228, 2.8841062784194946, 2.84630286693573, 2.6833688020706177, 2.813218593597412, 2.659677028656006, 2.743415951728821, 2.8174943923950195, 2.7483915090560913, 2.722002863883972, 2.8327728509902954, 2.7679394483566284, 2.711411237716675, 2.7753453254699707, 2.6586313247680664, 2.6142932176589966, 2.7091785669326782, 2.598046660423279, 2.7356584072113037, 2.6811481714248657, 2.711542248725891, 2.6939765214920044, 2.7186156511306763, 2.6102712154388428, 2.762596845626831, 2.7071239948272705, 2.666032314300537, 2.6742947101593018, 2.6966423988342285, 2.6160041093826294, 2.596061944961548, 2.649474263191223, 2.5971091985702515, 2.6370575428009033, 2.578076124191284, 2.6115580797195435, 2.609343647956848, 2.6148226261138916, 2.6079070568084717, 2.632345676422119, 2.5826306343078613, 2.593103289604187, 2.4735708236694336, 2.592830538749695, 2.5798330307006836, 2.597193956375122, 2.5697156190872192, 2.602798104286194, 2.592273473739624, 2.53749680519104, 2.5632089376449585, 2.593227744102478, 2.5237715244293213, 2.547818422317505, 2.535611867904663, 2.4846601486206055, 2.4613161087036133, 2.530678153038025, 2.5469990968704224, 2.4397854804992676, 2.5074974298477173, 2.432587742805481, 2.5516430139541626, 2.4457463026046753, 2.4739274978637695, 2.4712897539138794, 2.4701907634735107, 2.422285556793213, 2.4639365673065186, 2.4146337509155273, 2.413732886314392, 2.40925931930542, 2.393601417541504, 2.4196057319641113, 2.395238757133484, 2.3073590993881226, 2.4233903884887695, 2.3110357522964478, 2.3989663124084473, 2.361108660697937, 2.306846022605896, 2.382897973060608, 2.284414768218994, 2.360190272331238, 2.4038039445877075, 2.3194022178649902, 2.3017163276672363, 2.30692982673645, 2.2449159622192383, 2.3256723880767822, 2.2092113494873047, 2.3146660327911377, 2.2426273822784424, 2.298155188560486, 2.2471121549606323, 2.239748477935791, 2.2329174280166626]",0.8925619834710744,0.6574202496532594,0.5794621026894865,0.7596153846153846
