K,layers,hidden_channels,out_channels,norm,lr,treatment,dropout,ratio,seed,aggregation,model_type,batch_size,rate_pairs,clusters,sampling,num_epochs,anomaly_detector,accuracy,f1,recall,precision,losses,test_accuracy,test_f1,test_recall,test_precision
7,3,128,256,,0.005,removal,0,0.3348983182629792,654,mean,GCNConv,2048,10,50,sage,100,nearest_neighbors,nan,0.0,0.0,0.0,"[2.29708993434906, 2.1199190616607666, 2.0862947702407837, 2.100376844406128, 2.092602849006653, 2.0833269357681274, 2.1036848425865173, 2.11252361536026, 2.0428643226623535, 2.0986907482147217, 2.0383589267730713, 2.0656479597091675, 2.040699779987335, 2.02306467294693, 1.9848245978355408, 2.097171664237976, 2.066002607345581, 1.9786807894706726, 2.0407562255859375, 1.9406978487968445, 2.027572810649872, 2.0027458667755127, 1.998706340789795, 1.9857548475265503, 2.032823085784912, 1.9933294653892517, 1.9554335474967957, 1.9619901180267334, 1.9534597396850586, 1.938192903995514, 1.9687713384628296, 1.901657521724701, 1.9068979024887085, 1.9531227350234985, 1.9283085465431213, 1.9183036088943481, 1.8568307757377625, 1.9206308126449585, 1.9010238647460938, 1.8853878378868103, 1.9165746569633484, 1.8620214462280273, 1.8127020597457886, 1.8131178617477417, 1.8762369751930237, 1.8575407266616821, 1.8315905928611755, 1.832600176334381, 1.817444086074829, 1.8239651918411255, 1.814835786819458, 1.769376814365387, 1.7913928627967834, 1.7576680183410645, 1.7605419754981995, 1.7533565759658813, 1.7595028281211853, 1.7480412721633911, 1.6955735087394714, 1.698360025882721, 1.6760845184326172, 1.7089785933494568, 1.6576374769210815, 1.6545769572257996, 1.6721079349517822, 1.6495271921157837, 1.665030837059021, 1.6504324674606323, 1.6671396493911743, 1.6066830158233643, 1.6054848432540894, 1.5967851877212524, 1.5723747611045837, 1.5884668827056885, 1.589702546596527, 1.5544549226760864, 1.5414999127388, 1.5461426377296448, 1.578145980834961, 1.5632562041282654, 1.5200607180595398, 1.5322604775428772, 1.533004105091095, 1.4882206916809082, 1.4986902475357056, 1.4921053051948547, 1.4728103280067444, 1.4140425324440002, 1.4603617787361145, 1.4580190181732178, 1.4220806956291199, 1.4381218552589417, 1.4105817079544067, 1.3864811062812805, 1.4022353291511536, 1.4061263799667358, 1.3961447477340698, 1.3567572236061096, 1.3568755388259888, 1.361144244670868]",0.9230100043497173,0.8039867109634552,0.8875305623471883,0.7348178137651822
