K,layers,hidden_channels,out_channels,norm,lr,treatment,dropout,ratio,seed,aggregation,model_type,batch_size,rate_pairs,reliable_mini_batch,clusters,accuracy,f1,recall,precision,losses
9,2,128,128,,0.006020729805320065,removal,0,0.22574625250879365,654,mean,GINConv,5,9,True,200,0.9342688330871491,0.8894409937888199,0.8753056234718827,0.9040404040404041,"[65.22908145189285, 61.120217978954315, 56.61906933784485, 48.89411324262619, 46.132254332304, 41.154740542173386, 35.285405188798904, 31.42668228596449, 28.567015416920185, 27.066482931375504, 21.993966698646545, 20.762137942016125, 18.663382664322853, 15.974220141768456, 14.979384437203407, 13.298709064722061, 11.579531695693731, 10.528293501585722, 9.582099810242653, 9.100788071751595, 8.325568214058876, 7.202411352656782, 6.959111608564854, 6.573420211672783, 6.048590302467346, 5.640834191814065, 5.387985683977604, 4.89630800485611, 4.60111965611577, 4.393529377877712, 4.2455393224954605, 3.863229149952531, 3.6983836740255356, 3.5493221916258335, 3.238315839320421, 3.0779000259935856, 2.9621323980391026, 2.71230923011899, 2.5938125802204013, 2.4467674922198057, 2.379901150241494, 2.250629583373666, 2.214283670298755, 2.1294994689524174, 2.059715587645769, 1.8530901377089322, 1.8044339790940285, 1.7267319075763226, 1.7064407356083393, 1.6356815579347312]"
