alpha,K,layers,hidden_channels,out_channels,norm,dropout,margin,lpl_weight,ratio,seed,aggregation,pos_weight,accuracy,f1,recall,precision
0.5,35,1,256,256,,0.13624395583900256,0.5,0.7056735787516104,0.14396306714408127,1,sum,1,0.922082717872969,0.8582941571524513,0.7811735941320294,0.9523099850968704
0.5,35,1,256,256,,0.13624395583900256,0.5,0.7056735787516104,0.14396306714408127,2,sum,1,0.9250369276218612,0.8652952886529529,0.7970660146699267,0.9462989840348331
0.5,35,1,256,256,,0.13624395583900256,0.5,0.7056735787516104,0.14396306714408127,3,sum,1,0.931314623338257,0.876984126984127,0.8105134474327629,0.9553314121037464
0.5,35,1,256,256,,0.13624395583900256,0.5,0.7056735787516104,0.14396306714408127,4,sum,1,0.9287296898079763,0.8724388631857237,0.8068459657701712,0.9496402877697842
0.5,35,1,256,256,,0.13624395583900256,0.5,0.7056735787516104,0.14396306714408127,5,sum,1,0.9350073855243722,0.8846657929226737,0.8251833740831296,0.9533898305084746
