alpha,K,layers,hidden_channels,out_channels,norm,dropout,margin,lpl_weight,ratio,seed,aggregation,pos_weight,accuracy,f1,recall,precision
0.5,34,2,256,256,,0,0.5,0.19330102589961307,0.22186179943568662,1,sum,1,0.9327917282127031,0.8886168910648715,0.8875305623471883,0.8897058823529411
0.5,34,2,256,256,,0,0.5,0.19330102589961307,0.22186179943568662,2,sum,1,0.9364844903988183,0.8922305764411027,0.8704156479217604,0.9151670951156813
0.5,34,2,256,256,,0,0.5,0.19330102589961307,0.22186179943568662,3,sum,1,0.9294682422451994,0.8793430195830702,0.8508557457212714,0.9098039215686274
0.5,34,2,256,256,,0,0.5,0.19330102589961307,0.22186179943568662,4,sum,1,0.9346381093057607,0.8912108174554395,0.8863080684596577,0.896168108776267
0.5,34,2,256,256,,0,0.5,0.19330102589961307,0.22186179943568662,5,sum,1,0.9283604135893648,0.8785982478097623,0.8581907090464548,0.9
