K,layers,hidden_channels,out_channels,norm,lr,treatment,dropout,ratio,seed,aggregation,model_type,batch_size,rate_pairs,clusters,sampling,num_epochs,anomaly_detector,accuracy,f1,recall,precision,losses,test_accuracy,test_f1,test_recall,test_precision
17,2,64,64,,0.005,removal,0,0.25916106852690746,654,sum,GATConv,2048,10,50,sage,100,nearest_neighbors,nan,0.0,0.0,0.0,"[2.9060728549957275, 2.7360787391662598, 2.762826681137085, 2.78696870803833, 2.800788640975952, 2.771244764328003, 2.680947780609131, 2.688113570213318, 2.7343093156814575, 2.841800332069397, 2.7787898778915405, 2.788264274597168, 2.6216816902160645, 2.7329195737838745, 2.662938714027405, 2.6215890645980835, 2.795668125152588, 2.6344375610351562, 2.6743860244750977, 2.6377874612808228, 2.714150309562683, 2.6832200288772583, 2.7977688312530518, 2.5959842205047607, 2.6614701747894287, 2.602341890335083, 2.6970114707946777, 2.5859216451644897, 2.5641342401504517, 2.630962610244751, 2.6693201065063477, 2.580012559890747, 2.6016024351119995, 2.632901430130005, 2.5823986530303955, 2.6671119928359985, 2.5523624420166016, 2.515761613845825, 2.6090288162231445, 2.5279473066329956, 2.581259250640869, 2.5364454984664917, 2.62197482585907, 2.55222749710083, 2.4511284828186035, 2.494660973548889, 2.603921413421631, 2.466432571411133, 2.630860686302185, 2.5131430625915527, 2.476329803466797, 2.526132583618164, 2.4707565307617188, 2.4600770473480225, 2.4347219467163086, 2.5546900033950806, 2.563380718231201, 2.503340244293213, 2.442613124847412, 2.469619631767273, 2.438702940940857, 2.4185229539871216, 2.512186646461487, 2.4399499893188477, 2.4559595584869385, 2.3091719150543213, 2.404806971549988, 2.3874776363372803, 2.327213168144226, 2.426879644393921, 2.3955572843551636, 2.370584487915039, 2.37277090549469, 2.3717293739318848, 2.389539122581482, 2.3883848190307617, 2.366755485534668, 2.320770263671875, 2.3778005838394165, 2.3682825565338135, 2.402930498123169, 2.3844339847564697, 2.353192925453186, 2.320501208305359, 2.273387908935547, 2.261852741241455, 2.252054214477539, 2.214722752571106, 2.2548052072525024, 2.281282663345337, 2.2817485332489014, 2.218538999557495, 2.2556077241897583, 2.197724223136902, 2.285011053085327, 2.207730531692505, 2.1595590114593506, 2.241706967353821, 2.166866421699524, 2.1796936988830566]",0.8786428882122662,0.6097902097902098,0.5330073349633252,0.7124183006535948
