K,layers,hidden_channels,out_channels,norm,lr,treatment,dropout,ratio,seed,aggregation,model_type,batch_size,rate_pairs,clusters,sampling,num_epochs,anomaly_detector,accuracy,f1,recall,precision,losses,test_accuracy,test_f1,test_recall,test_precision
17,2,128,256,,0.005,removal,0,0.160439153380123,654,mean,GCNConv,1024,10,50,sage,100,nearest_neighbors,nan,0.0,0.0,0.0,"[4.342123031616211, 4.096005439758301, 4.085426211357117, 4.073904633522034, 3.9864217042922974, 3.9799193143844604, 4.008580684661865, 4.049028396606445, 4.062798500061035, 4.00035834312439, 3.9534908533096313, 3.9677846431732178, 3.974524140357971, 3.9570356607437134, 3.9157304763793945, 3.949890375137329, 3.915738821029663, 4.008910655975342, 3.9559892416000366, 3.901058316230774, 3.8622512817382812, 3.886286735534668, 3.847771644592285, 3.7774152755737305, 3.91897976398468, 3.823201298713684, 3.7789289951324463, 3.810291290283203, 3.7994245290756226, 3.806823492050171, 3.847407102584839, 3.7196595668792725, 3.7673178911209106, 3.742108106613159, 3.710150122642517, 3.685466170310974, 3.6825450658798218, 3.7006465196609497, 3.6434566974639893, 3.7382993698120117, 3.613651752471924, 3.658023476600647, 3.5771275758743286, 3.6109399795532227, 3.551339864730835, 3.485503911972046, 3.5566486120224, 3.532046675682068, 3.47628116607666, 3.409862756729126, 3.5672236680984497, 3.507281184196472, 3.44109308719635, 3.3788671493530273, 3.455251932144165, 3.4610724449157715, 3.4256314039230347, 3.4078599214553833, 3.4324084520339966, 3.4187146425247192, 3.3279013633728027, 3.3373574018478394, 3.3041895627975464, 3.2945464849472046, 3.2215484380722046, 3.1660878658294678, 3.198344588279724, 3.1785346269607544, 3.206666111946106, 3.212570309638977, 3.2447030544281006, 3.0854991674423218, 3.117726445198059, 3.0832093954086304, 3.0936837196350098, 3.0523086190223694, 3.034103512763977, 3.0253552198410034, 3.043120265007019, 2.9605607986450195, 2.8876235485076904, 2.9313929677009583, 2.85185968875885, 2.892343580722809, 2.848646342754364, 2.847814619541168, 2.7930994629859924, 2.8206393122673035, 2.79959774017334, 2.685522735118866, 2.7202711701393127, 2.687797963619232, 2.649368703365326, 2.636413097381592, 2.616075098514557, 2.580058991909027, 2.5298998951911926, 2.523330509662628, 2.526142179965973, 2.476637840270996]",0.8964767290126142,0.6327160493827161,0.5012224938875306,0.8577405857740585
