alpha,K,layers,hidden_channels,out_channels,norm,dropout,margin,lpl_weight,ratio,seed,aggregation,pos_weight,accuracy,f1,recall,precision
0.5,26,2,256,256,,0.1052324647189783,0.5,0.9903852456057282,0.25292022405568587,1,sum,1,0.922821270310192,0.8753726893261777,0.8973105134474327,0.8544819557625145
0.5,26,2,256,256,,0.1052324647189783,0.5,0.9903852456057282,0.25292022405568587,2,sum,1,0.9187592319054653,0.8661800486618005,0.8704156479217604,0.8619854721549637
0.5,26,2,256,256,,0.1052324647189783,0.5,0.9903852456057282,0.25292022405568587,3,sum,1,0.9154357459379616,0.8607902735562311,0.8655256723716381,0.8561064087061668
0.5,26,2,256,256,,0.1052324647189783,0.5,0.9903852456057282,0.25292022405568587,4,sum,1,0.9276218611521418,0.8836104513064132,0.9095354523227384,0.859122401847575
0.5,26,2,256,256,,0.1052324647189783,0.5,0.9903852456057282,0.25292022405568587,5,sum,1,0.9246676514032496,0.8782816229116945,0.8997555012224939,0.8578088578088578
