K,layers,hidden_channels,out_channels,norm,lr,treatment,dropout,ratio,seed,aggregation,model_type,batch_size,rate_pairs,clusters,sampling,sampling_k,num_epochs,anomaly_detector,accuracy,f1,recall,precision,losses
10,1,256,64,,0.007535209624698688,removal,0,0.29393487122366835,654,mean,GATConv,1024,1,400,neighbor,75,100,nearest_neighbors,0.9028803545051699,0.8441019561351512,0.8704156479217604,0.8193325661680092,"[3.735173463821411, 3.5658129453659058, 3.444229483604431, 3.490135431289673, 3.5183565616607666, 3.4607497453689575, 3.553167700767517, 3.538277268409729, 3.4686834812164307, 3.403436541557312, 3.372747540473938, 3.3816580772399902, 3.3511000871658325, 3.326121687889099, 3.379259943962097, 3.2766566276550293, 3.2835638523101807, 3.3390591144561768, 3.2368977069854736, 3.2671478986740112, 3.1724283695220947, 3.18945574760437, 3.1262274980545044, 3.0938369035720825, 3.0899380445480347, 3.103891134262085, 3.084824800491333, 3.059747278690338, 2.970969259738922, 2.9610849618911743, 2.9560163617134094, 2.910076081752777, 2.860698640346527, 2.8396710753440857, 2.847698986530304, 2.7895345091819763, 2.7608712911605835, 2.7215253710746765, 2.7665926814079285, 2.670084834098816, 2.604577422142029, 2.5821624994277954, 2.5578307509422302, 2.4952129125595093, 2.4794552326202393, 2.468820869922638, 2.4137980937957764, 2.417496383190155, 2.3371087312698364, 2.322488009929657, 2.272115707397461, 2.2666931748390198, 2.1903499960899353, 2.1758569478988647, 2.143266201019287, 2.094376027584076, 2.063055396080017, 2.0566487312316895, 2.033732533454895, 1.9748820066452026, 1.9526416659355164, 1.9260895252227783, 1.9035342335700989, 1.8451585173606873, 1.8317928314208984, 1.7771373391151428, 1.7754924893379211, 1.7067169547080994, 1.7297720313072205, 1.6358303427696228, 1.6050674319267273, 1.5825674533843994, 1.5756875276565552, 1.550852656364441, 1.5522025525569916, 1.5048855245113373, 1.4718357026576996, 1.4203885793685913, 1.4289979934692383, 1.3944926857948303, 1.3634607195854187, 1.3463149666786194, 1.3380165696144104, 1.2964254319667816, 1.2850863635540009, 1.2459522485733032, 1.2298322916030884, 1.206589549779892, 1.203031450510025, 1.1669563055038452, 1.1562106311321259, 1.1416667699813843, 1.1087141036987305, 1.105153113603592, 1.089140385389328, 1.0566961765289307, 1.0543174147605896, 1.0242113769054413, 1.0086896121501923, 1.013867974281311]"
