alpha,K,layers,hidden_channels,out_channels,norm,dropout,margin,lpl_weight,ratio,seed,aggregation,pos_weight,accuracy,f1,recall,precision
0.20405508456222662,29,1,256,256,layernorm,0.44546933782905024,0.500445751438134,0.8283815988283176,0.19128253676857995,1,sum,1,0.941285081240768,0.9004383218534753,0.8789731051344744,0.9229781771501926
0.20405508456222662,29,1,256,256,layernorm,0.44546933782905024,0.500445751438134,0.8283815988283176,0.19128253676857995,2,sum,1,0.9320531757754801,0.885143570536829,0.8667481662591687,0.9043367346938775
0.20405508456222662,29,1,256,256,layernorm,0.44546933782905024,0.500445751438134,0.8283815988283176,0.19128253676857995,3,sum,1,0.9379615952732644,0.8940731399747793,0.8667481662591687,0.9231770833333334
0.20405508456222662,29,1,256,256,layernorm,0.44546933782905024,0.500445751438134,0.8283815988283176,0.19128253676857995,4,sum,1,0.9346381093057607,0.8883280757097792,0.8606356968215159,0.9178617992177314
0.20405508456222662,29,1,256,256,layernorm,0.44546933782905024,0.500445751438134,0.8283815988283176,0.19128253676857995,5,sum,1,0.9324224519940916,0.8859813084112149,0.8691931540342298,0.9034307496823379
