K,layers,hidden_channels,out_channels,norm,lr,treatment,dropout,ratio,seed,aggregation,model_type,batch_size,rate_pairs,reliable_mini_batch,clusters,accuracy,f1,recall,precision,losses
4,2,64,256,,0.009057435241898457,removal,0,0.25842167740801,654,sum,GCNConv,10,3,True,400,0.9431314623338257,0.9070048309178744,0.9180929095354523,0.89618138424821,"[37.40338405966759, 31.49142676591873, 23.83672498166561, 20.254679575562477, 16.199986770749092, 13.598627120256424, 10.80100604891777, 8.71354591101408, 7.370323438197374, 6.509216260164976, 5.802228409796953, 5.017243430018425, 4.254398923367262, 3.828047063201666, 3.3992916822899133, 3.046132318675518, 2.837064675986767, 2.580488158389926, 2.36379068903625, 2.1710342173464596, 1.9640171378850937, 1.7962628826498985, 1.7162781301885843, 1.5387054085731506, 1.4714148258790374, 1.350512858480215, 1.2895974023267627, 1.2265515718609095, 1.15457331109792, 1.1016964223235846, 0.9970285343006253, 0.9725027615204453, 0.9180697351694107, 0.8546916800551116, 0.8309050304815173, 0.7910483023151755, 0.747830705717206, 0.7106057098135352, 0.6697046061744913, 0.6414089626632631, 0.6024282340076752, 0.5959318522363901, 0.5952787650749087, 0.5170240040170029, 0.5086376567487605, 0.5125274509191513, 0.5041132178157568, 0.445195356849581, 0.42333507543662563, 0.4221006992738694]"
