K,layers,hidden_channels,out_channels,norm,lr,treatment,dropout,ratio,seed,aggregation,model_type,batch_size,rate_pairs,clusters,sampling,sampling_k,num_epochs,anomaly_detector,accuracy,f1,recall,precision,losses
1,1,256,256,,0.005971630432897777,removal,0,0.3075947123146664,654,mean,GCNConv,1024,1,100,nearest_neighbors,25,100,nearest_neighbors,0.9091580502215657,0.8454773869346733,0.8227383863080685,0.8695090439276486,"[2.216433823108673, 2.0681475400924683, 2.009099066257477, 1.9708890914916992, 1.9627033472061157, 1.948945701122284, 1.893273115158081, 1.8896299600601196, 1.8623627424240112, 1.8236448764801025, 1.8126683831214905, 1.7628870606422424, 1.7594557404518127, 1.7380164861679077, 1.6953144669532776, 1.6748581528663635, 1.6526178121566772, 1.6358269453048706, 1.621211588382721, 1.592811644077301, 1.5749891996383667, 1.556132435798645, 1.5330761671066284, 1.5050212144851685, 1.4846681654453278, 1.4632102251052856, 1.4384765625, 1.422371357679367, 1.4117741286754608, 1.3811275660991669, 1.3729186058044434, 1.3520207703113556, 1.325596958398819, 1.3157678842544556, 1.3022718727588654, 1.2825835049152374, 1.2640097737312317, 1.2570037543773651, 1.231041818857193, 1.2222902476787567, 1.2101173102855682, 1.1951558589935303, 1.1610475778579712, 1.160409927368164, 1.1473479270935059, 1.1366629898548126, 1.1172550022602081, 1.1057149469852448, 1.090478777885437, 1.0757615864276886, 1.0698662400245667, 1.0499297976493835, 1.04073104262352, 1.0246859788894653, 1.011147290468216, 0.9997602105140686, 0.986825555562973, 0.9723625481128693, 0.962255984544754, 0.9559471607208252, 0.9376114010810852, 0.9304563105106354, 0.9260777533054352, 0.9155846238136292, 0.9033206701278687, 0.8875294327735901, 0.882051020860672, 0.8643974959850311, 0.8558116555213928, 0.8472316563129425, 0.8439971506595612, 0.8284660577774048, 0.8245892226696014, 0.8120481371879578, 0.8107593953609467, 0.7964060008525848, 0.7919257283210754, 0.7822504937648773, 0.7686975002288818, 0.7603806555271149, 0.7558241486549377, 0.7483073621988297, 0.7403797060251236, 0.7292331904172897, 0.7226696908473969, 0.7157126069068909, 0.7131017297506332, 0.6994700282812119, 0.6917988657951355, 0.6886225938796997, 0.681723102927208, 0.6736781150102615, 0.6639327704906464, 0.6551730036735535, 0.6475216299295425, 0.6481100171804428, 0.6414677202701569, 0.6368118077516556, 0.6261222958564758, 0.6207619905471802]"
