alpha,K,layers,hidden_channels,out_channels,norm,dropout,margin,lpl_weight,ratio,seed,aggregation,pos_weight,accuracy,f1,recall,precision
0.5,25,2,256,256,,0,0.5,0.2522725033011074,0.2616051963748084,1,sum,1,0.8578286558345642,0.7895024603608529,0.882640586797066,0.7141444114737884
0.5,25,2,256,256,,0,0.5,0.2522725033011074,0.2616051963748084,2,sum,1,0.8626292466765141,0.7967213114754098,0.89119804400978,0.7203557312252964
0.5,25,2,256,256,,0,0.5,0.2522725033011074,0.2616051963748084,3,sum,1,0.8467503692762186,0.7731000546746856,0.8643031784841075,0.6993076162215628
0.5,25,2,256,256,,0,0.5,0.2522725033011074,0.2616051963748084,4,sum,1,0.8644756277695717,0.7993439037725533,0.8936430317848411,0.7230464886251237
0.5,25,2,256,256,,0,0.5,0.2522725033011074,0.2616051963748084,5,sum,1,0.8570901033973413,0.7884089666484417,0.8814180929095354,0.7131552917903067
