alpha,K,layers,hidden_channels,out_channels,norm,dropout,margin,lpl_weight,ratio,seed,aggregation,pos_weight,accuracy,f1,recall,precision
0.1566240352709073,29,1,256,256,layernorm,0.3849488637366818,0.37263962835114545,0.9952370760595798,0.20301691042384845,1,sum,1,0.930576070901034,0.8823529411764706,0.8618581907090465,0.9038461538461539
0.1566240352709073,29,1,256,256,layernorm,0.3849488637366818,0.37263962835114545,0.9952370760595798,0.20301691042384845,2,sum,1,0.9309453471196455,0.8846391116594695,0.8765281173594132,0.8929016189290162
0.1566240352709073,29,1,256,256,layernorm,0.3849488637366818,0.37263962835114545,0.9952370760595798,0.20301691042384845,3,sum,1,0.9379615952732644,0.8962962962962963,0.8875305623471883,0.9052369077306733
0.1566240352709073,29,1,256,256,layernorm,0.3849488637366818,0.37263962835114545,0.9952370760595798,0.20301691042384845,4,sum,1,0.9357459379615952,0.8917910447761194,0.8765281173594132,0.9075949367088607
0.1566240352709073,29,1,256,256,layernorm,0.3849488637366818,0.37263962835114545,0.9952370760595798,0.20301691042384845,5,sum,1,0.9401772525849336,0.8997524752475248,0.8887530562347188,0.9110275689223057
