alpha,K,layers,hidden_channels,out_channels,norm,dropout,margin,lpl_weight,ratio,seed,aggregation,pos_weight,accuracy,f1,recall,precision
0.34150530211691593,26,1,128,256,layernorm,0.42919042319339296,0.4761943991240059,0.763091696640072,0.182611623197284,1,mean,1,0.9080502215657311,0.8338892595063375,0.7640586797066015,0.9177679882525698
0.34150530211691593,26,1,128,256,layernorm,0.42919042319339296,0.4761943991240059,0.763091696640072,0.182611623197284,2,mean,1,0.9146971935007385,0.846307385229541,0.7775061124694377,0.9284671532846716
0.34150530211691593,26,1,128,256,layernorm,0.42919042319339296,0.4761943991240059,0.763091696640072,0.182611623197284,3,mean,1,0.9239290989660266,0.8639365918097754,0.7995110024449877,0.9396551724137931
0.34150530211691593,26,1,128,256,layernorm,0.42919042319339296,0.4761943991240059,0.763091696640072,0.182611623197284,4,mean,1,0.9154357459379616,0.8484447385837194,0.7836185819070904,0.924963924963925
0.34150530211691593,26,1,128,256,layernorm,0.42919042319339296,0.4761943991240059,0.763091696640072,0.182611623197284,5,mean,1,0.9165435745937962,0.8503311258278146,0.784841075794621,0.9277456647398844
