alpha,K,layers,hidden_channels,out_channels,norm,dropout,margin,lpl_weight,ratio,seed,aggregation,pos_weight,accuracy,f1,recall,precision
0.5,32,1,256,256,,0.1946559768975305,0.5,0.4168261631330453,0.23211982879244158,1,mean,1,0.9117429837518464,0.8405603735823882,0.7701711491442543,0.9251101321585903
0.5,32,1,256,256,,0.1946559768975305,0.5,0.4168261631330453,0.23211982879244158,2,mean,1,0.9010339734121122,0.8174386920980926,0.7334963325183375,0.9230769230769231
0.5,32,1,256,256,,0.1946559768975305,0.5,0.4168261631330453,0.23211982879244158,3,mean,1,0.9102658788774003,0.8393919365499009,0.7762836185819071,0.9136690647482014
0.5,32,1,256,256,,0.1946559768975305,0.5,0.4168261631330453,0.23211982879244158,4,mean,1,0.9132200886262924,0.8467058056099152,0.793398533007335,0.9076923076923077
0.5,32,1,256,256,,0.1946559768975305,0.5,0.4168261631330453,0.23211982879244158,5,mean,1,0.9069423929098966,0.8326693227091634,0.7665036674816625,0.9113372093023255
