K,layers,hidden_channels,out_channels,norm,lr,treatment,dropout,ratio,seed,aggregation,model_type,batch_size,rate_pairs,clusters,sampling,num_epochs,anomaly_detector,accuracy,f1,recall,precision,losses,test_accuracy,test_f1,test_recall,test_precision
23,2,256,256,,0.005,removal,0,0.27869395349896087,654,mean,GATConv,1024,10,50,sage,100,nearest_neighbors,nan,0.0,0.0,0.0,"[4.507570505142212, 4.485789656639099, 4.392656564712524, 4.433219075202942, 4.300224661827087, 4.21660304069519, 4.112967014312744, 4.290330529212952, 4.144347786903381, 4.273389935493469, 4.314253568649292, 4.226585149765015, 4.1383583545684814, 4.179427623748779, 4.166858792304993, 4.164831638336182, 4.363519549369812, 4.322198271751404, 4.117464303970337, 4.208130121231079, 4.158800363540649, 4.175823211669922, 4.09971559047699, 4.139117360115051, 4.230300068855286, 4.066288709640503, 4.105645537376404, 4.008129119873047, 4.062006711959839, 4.143026232719421, 3.993448495864868, 3.967969059944153, 4.028334617614746, 3.949029803276062, 3.9109820127487183, 3.996456742286682, 3.8325115442276, 3.9734294414520264, 3.9002116918563843, 3.8541680574417114, 3.82225501537323, 4.017510414123535, 3.815742611885071, 3.946409821510315, 4.001261353492737, 3.838263750076294, 3.8903133869171143, 3.7713465690612793, 3.8691028356552124, 3.8018453121185303, 3.8326042890548706, 3.847228527069092, 3.7289422750473022, 3.686436176300049, 3.76032817363739, 3.711999535560608, 3.5691332817077637, 3.694861650466919, 3.667416572570801, 3.681501269340515, 3.6668487787246704, 3.71722674369812, 3.619328260421753, 3.6193515062332153, 3.575124740600586, 3.6280421018600464, 3.6293338537216187, 3.5212624073028564, 3.5332391262054443, 3.5725048780441284, 3.5034366846084595, 3.4634958505630493, 3.508311629295349, 3.501181960105896, 3.495629072189331, 3.4147393703460693, 3.3913190364837646, 3.289335608482361, 3.4111987352371216, 3.395601272583008, 3.43512499332428, 3.311959981918335, 3.36430823802948, 3.203660488128662, 3.245540976524353, 3.30599582195282, 3.191293478012085, 3.2132537364959717, 3.1869176626205444, 3.223728895187378, 3.2055537700653076, 3.1328158378601074, 3.175176501274109, 3.1023568511009216, 3.1258729696273804, 3.1156357526779175, 3.030021607875824, 2.961432635784149, 3.0128464698791504, 3.0094354152679443]",0.9260548064375815,0.7896039603960396,0.7799511002444988,0.7994987468671679
