K,layers,hidden_channels,out_channels,norm,lr,treatment,dropout,ratio,seed,aggregation,model_type,batch_size,rate_pairs,clusters,sampling,num_epochs,anomaly_detector,accuracy,f1,recall,precision,losses,test_accuracy,test_f1,test_recall,test_precision
12,2,128,256,,0.005,removal,0,0.1621821517111489,654,mean,GATConv,1024,10,50,sage,50,nearest_neighbors,nan,0.0,0.0,0.0,"[11.362887144088745, 11.18215799331665, 11.634527444839478, 11.037189722061157, 11.16296124458313, 10.887138843536377, 10.697711944580078, 10.907268762588501, 11.060790538787842, 11.44606328010559, 10.654199123382568, 11.122270107269287, 11.066338539123535, 10.97699522972107, 10.614696025848389, 11.001712322235107, 10.92234206199646, 10.707942247390747, 10.957943677902222, 10.556000232696533, 10.65410327911377, 10.990643739700317, 10.73167634010315, 10.438677310943604, 10.186862707138062, 10.428032159805298, 10.427496910095215, 10.476836919784546, 10.056377649307251, 10.205106019973755, 10.504534721374512, 10.293273210525513, 10.075753450393677, 10.111621141433716, 10.116893529891968, 10.108092069625854, 9.635158777236938, 9.93625545501709, 9.775649785995483, 9.84239912033081, 9.784711360931396, 9.704915761947632, 9.788047790527344, 9.596902132034302, 9.57094120979309, 9.757153987884521, 9.378958940505981, 9.292787313461304, 9.454905986785889, 9.448536157608032]",0.9243149195302305,0.7583333333333333,0.6674816625916871,0.8778135048231511
