K,layers,hidden_channels,out_channels,norm,lr,treatment,dropout,ratio,seed,aggregation,model_type,batch_size,rate_pairs,reliable_mini_batch,clusters,accuracy,f1,recall,precision,losses
8,2,64,256,,0.009556910557256599,removal,0,0.2504136322137182,654,sum,GCNConv,10,6,True,400,0.939069423929099,0.8995739500912964,0.9034229828850856,0.8957575757575758,"[56.48152330517769, 49.39805033802986, 38.4389224499464, 34.15931165218353, 28.40467381477356, 24.590730369091034, 19.462124541401863, 15.872629597783089, 13.196591705083847, 11.56148724257946, 10.133599638938904, 8.613725051283836, 7.187503352761269, 6.4350146017968655, 5.65381607087329, 5.0245142467319965, 4.630788937211037, 4.184628527611494, 3.813129672780633, 3.468593530356884, 3.116024937480688, 2.850501660257578, 2.7153938617557287, 2.4121948331594467, 2.3076090095564723, 2.099729973822832, 2.0111540826037526, 1.9078394677489996, 1.7848229985684156, 1.7085633017122746, 1.5359772080555558, 1.4932681797072291, 1.4089178955182433, 1.3069846347207204, 1.266558438539505, 1.204696006141603, 1.140346597880125, 1.0820660507306457, 1.0123921586200595, 0.9725314918905497, 0.9136534499702975, 0.9009887352585793, 0.8988910196349025, 0.7789177019149065, 0.7675067548989318, 0.7715933443978429, 0.7593211745843291, 0.6694914936088026, 0.6358132204622962, 0.6356479814276099]"
