K,layers,hidden_channels,out_channels,norm,lr,treatment,dropout,ratio,seed,aggregation,model_type,batch_size,rate_pairs,clusters,sampling,num_epochs,anomaly_detector,accuracy,f1,recall,precision,losses,test_accuracy,test_f1,test_recall,test_precision
11,2,256,64,,0.005,removal,0,0.2232108858905898,654,mean,GATConv,1024,10,50,sage,50,nearest_neighbors,nan,0.0,0.0,0.0,"[10.98363447189331, 10.956624031066895, 10.887612581253052, 10.865223169326782, 11.118344783782959, 10.967530727386475, 11.100704908370972, 10.901492595672607, 11.123671770095825, 10.621225595474243, 10.918773889541626, 10.496401309967041, 10.591722965240479, 10.581991195678711, 11.126739740371704, 10.580361604690552, 10.74053955078125, 10.714148044586182, 10.327702522277832, 10.436113119125366, 10.4277925491333, 10.558200359344482, 10.304931163787842, 10.265348672866821, 9.941672086715698, 10.33973479270935, 10.065510272979736, 10.093478918075562, 10.027334928512573, 10.089065551757812, 10.048392295837402, 9.873527765274048, 9.97316837310791, 9.960549116134644, 9.877193927764893, 9.811943769454956, 9.615785598754883, 9.735632419586182, 9.872501134872437, 9.589706182479858, 9.453520774841309, 9.401346921920776, 9.379912376403809, 9.394399166107178, 9.352891683578491, 9.297539234161377, 9.103098392486572, 9.076767206192017, 9.077840805053711, 9.2229163646698]",0.9151805132666376,0.7607361963190185,0.7579462102689487,0.7635467980295566
