K,layers,hidden_channels,out_channels,norm,lr,treatment,dropout,ratio,seed,aggregation,model_type,batch_size,rate_pairs,clusters,sampling,num_epochs,anomaly_detector,accuracy,f1,recall,precision,losses,test_accuracy,test_f1,test_recall,test_precision
12,3,256,256,,0.005,removal,0,0.3541160351953425,654,mean,GATConv,1024,10,50,sage,100,nearest_neighbors,nan,0.0,0.0,0.0,"[3.9048632383346558, 3.713799834251404, 3.7938979864120483, 3.768186926841736, 3.791211724281311, 3.7104073762893677, 3.742764711380005, 3.7277249097824097, 3.669909715652466, 3.6859962940216064, 3.7382330894470215, 3.5837632417678833, 3.574129581451416, 3.5615592002868652, 3.6177393198013306, 3.554780125617981, 3.5410141944885254, 3.5526429414749146, 3.5643008947372437, 3.4795258045196533, 3.5872875452041626, 3.547662854194641, 3.5433164834976196, 3.5409289598464966, 3.3889986276626587, 3.4326783418655396, 3.434404969215393, 3.4298665523529053, 3.4078896045684814, 3.395300507545471, 3.3749717473983765, 3.4270468950271606, 3.403896450996399, 3.4122761487960815, 3.3052890300750732, 3.25423800945282, 3.240923285484314, 3.260461926460266, 3.3396522998809814, 3.212446451187134, 3.2402485609054565, 3.1627166271209717, 3.175026059150696, 3.1472069025039673, 3.1725693941116333, 3.1247087717056274, 3.1224865913391113, 3.1623666286468506, 3.0856478214263916, 3.092729330062866, 3.0636743903160095, 3.0850650668144226, 3.0988082885742188, 3.010609209537506, 3.030829429626465, 2.9723731875419617, 2.965333104133606, 2.9215428233146667, 2.8627402782440186, 2.811461567878723, 2.799877345561981, 2.7889603972434998, 2.9059606790542603, 2.832089900970459, 2.720392107963562, 2.77865207195282, 2.7056244611740112, 2.7406997084617615, 2.7116862535476685, 2.71349036693573, 2.645407557487488, 2.6492125391960144, 2.5682796239852905, 2.554142415523529, 2.5615686774253845, 2.521335244178772, 2.507057249546051, 2.462180197238922, 2.432422637939453, 2.448086738586426, 2.3939313888549805, 2.3939127922058105, 2.3675679564476013, 2.362944185733795, 2.291670083999634, 2.2900031208992004, 2.2792187333106995, 2.2250216603279114, 2.2241838574409485, 2.209766924381256, 2.1662795543670654, 2.1050881147384644, 2.149176597595215, 2.114066243171692, 2.076794147491455, 2.068269908428192, 2.020786762237549, 2.0423865914344788, 1.9898735880851746, 1.974672019481659]",0.9177903436276642,0.7849829351535836,0.843520782396088,0.7340425531914894
