alpha,K,layers,hidden_channels,out_channels,norm,dropout,margin,lpl_weight,ratio,seed,aggregation,pos_weight,accuracy,f1,recall,precision
0.5,32,2,256,256,,0,0.5,0.11515847543476376,0.23542205993125936,1,sum,1,0.9272525849335302,0.8806783767413688,0.8887530562347188,0.8727490996398559
0.5,32,2,256,256,,0,0.5,0.11515847543476376,0.23542205993125936,2,sum,1,0.9387001477104875,0.8958594730238394,0.8728606356968215,0.9201030927835051
0.5,32,2,256,256,,0,0.5,0.11515847543476376,0.23542205993125936,3,sum,1,0.922082717872969,0.8704726826273788,0.8667481662591687,0.87422934648582
0.5,32,2,256,256,,0,0.5,0.11515847543476376,0.23542205993125936,4,sum,1,0.9361152141802068,0.8950879320800486,0.902200488997555,0.8880866425992779
0.5,32,2,256,256,,0,0.5,0.11515847543476376,0.23542205993125936,5,sum,1,0.9250369276218612,0.8746139592340951,0.8655256723716381,0.8838951310861424
