K,layers,hidden_channels,out_channels,norm,lr,treatment,dropout,ratio,seed,aggregation,model_type,batch_size,rate_pairs,clusters,sampling,num_epochs,anomaly_detector,accuracy,f1,recall,precision,losses,test_accuracy,test_f1,test_recall,test_precision
11,2,256,128,,0.005,removal,0,0.35886358409967817,654,mean,GCNConv,2048,10,50,sage,100,nearest_neighbors,nan,0.0,0.0,0.0,"[2.555083751678467, 2.5045347213745117, 2.4725441932678223, 2.506838798522949, 2.4516093730926514, 2.457323670387268, 2.4488065242767334, 2.410996675491333, 2.4781503677368164, 2.491577625274658, 2.443656325340271, 2.3102675676345825, 2.434036135673523, 2.339020013809204, 2.3967883586883545, 2.3403199911117554, 2.408723831176758, 2.3894307613372803, 2.4266127347946167, 2.346349596977234, 2.4457896947860718, 2.386271834373474, 2.3395203351974487, 2.343637466430664, 2.369484066963196, 2.4014300107955933, 2.383734703063965, 2.3224692344665527, 2.3811792135238647, 2.2891184091567993, 2.3554528951644897, 2.360574960708618, 2.3625515699386597, 2.298828601837158, 2.264115333557129, 2.2821933031082153, 2.2602996826171875, 2.2493627071380615, 2.291774868965149, 2.2504175901412964, 2.268157720565796, 2.1962255239486694, 2.3217780590057373, 2.244196057319641, 2.246704339981079, 2.2227739095687866, 2.1740288734436035, 2.2635562419891357, 2.2614246606826782, 2.2310097217559814, 2.187437891960144, 2.2902140617370605, 2.2040984630584717, 2.1955764293670654, 2.1582969427108765, 2.215717315673828, 2.147876262664795, 2.183516502380371, 2.1486705541610718, 2.0802433490753174, 2.120804786682129, 2.1156212091445923, 2.1298482418060303, 2.0646218061447144, 2.073525309562683, 2.1073272228240967, 2.089002013206482, 2.0496237874031067, 2.023363173007965, 2.091270685195923, 2.0782560110092163, 2.0383113622665405, 2.0211167335510254, 2.0711817145347595, 2.040492057800293, 2.0611470341682434, 2.0124611258506775, 1.9558779001235962, 1.9568569660186768, 1.907773733139038, 1.9126214385032654, 1.9346358180046082, 1.9117023944854736, 1.917765200138092, 1.9004550576210022, 1.894917368888855, 1.8842946887016296, 1.9036977887153625, 1.8792808055877686, 1.8559043407440186, 1.8400636911392212, 1.8392413258552551, 1.8618021607398987, 1.830185353755951, 1.8500908017158508, 1.8377490043640137, 1.8005378246307373, 1.8458744883537292, 1.7761492133140564, 1.8026856780052185]",0.8908220965637234,0.7208008898776418,0.7921760391198044,0.6612244897959184
