alpha,K,layers,hidden_channels,out_channels,norm,dropout,margin,lpl_weight,ratio,seed,aggregation,pos_weight,accuracy,f1,recall,precision
0.6542624796240574,30,1,256,128,layernorm,0.4188125370678939,0.4105745199863263,0.8931405364933357,0.20489728686124284,1,sum,1,0.9394387001477105,0.8985148514851485,0.8875305623471883,0.9097744360902256
0.6542624796240574,30,1,256,128,layernorm,0.4188125370678939,0.4105745199863263,0.8931405364933357,0.20489728686124284,2,sum,1,0.9361152141802068,0.8935384615384615,0.8875305623471883,0.8996282527881041
0.6542624796240574,30,1,256,128,layernorm,0.4188125370678939,0.4105745199863263,0.8931405364933357,0.20489728686124284,3,sum,1,0.9383308714918759,0.8973570989551322,0.8924205378973105,0.9023485784919654
0.6542624796240574,30,1,256,128,layernorm,0.4188125370678939,0.4105745199863263,0.8931405364933357,0.20489728686124284,4,sum,1,0.9324224519940916,0.8868274582560297,0.8765281173594132,0.8973717146433041
0.6542624796240574,30,1,256,128,layernorm,0.4188125370678939,0.4105745199863263,0.8931405364933357,0.20489728686124284,5,sum,1,0.9431314623338257,0.9062119366626066,0.9095354523227384,0.9029126213592233
