K,layers,hidden_channels,out_channels,norm,lr,treatment,dropout,ratio,seed,aggregation,model_type,batch_size,rate_pairs,clusters,sampling,sampling_k,num_epochs,anomaly_detector,accuracy,f1,recall,precision,losses
9,2,128,128,,0.007291592088767971,removal,0,0.22067870378659157,654,mean,GATConv,512,10,200,neighbor,50,50,nearest_neighbors,0.9028803545051699,0.8346951602765557,0.8117359413202934,0.8589909443725744,"[7.714798808097839, 7.531197786331177, 7.3438942432403564, 7.383456230163574, 7.0730355978012085, 7.152252435684204, 7.058978915214539, 6.8306968212127686, 6.846827983856201, 6.631976962089539, 6.576307773590088, 6.300423622131348, 6.634107530117035, 6.362646162509918, 6.13993227481842, 6.047446846961975, 5.993880331516266, 5.854960799217224, 5.620868742465973, 5.569080412387848, 5.201593697071075, 5.143404185771942, 4.992635130882263, 4.853569746017456, 4.81623911857605, 4.626242756843567, 4.42181259393692, 4.35570627450943, 4.177344381809235, 4.047433137893677, 3.931147813796997, 3.859118700027466, 3.6993916034698486, 3.6724854707717896, 3.451099157333374, 3.3891565799713135, 3.2370502948760986, 3.146716058254242, 3.0336745977401733, 2.978817105293274, 2.8555693328380585, 2.719409793615341, 2.657472997903824, 2.6047883331775665, 2.4732507467269897, 2.448161333799362, 2.360225796699524, 2.263497084379196, 2.2324094772338867, 2.15701487660408]"
