alpha,K,layers,hidden_channels,out_channels,norm,dropout,margin,lpl_weight,ratio,seed,aggregation,pos_weight,accuracy,f1,recall,precision
0.13318950807832142,29,1,256,256,layernorm,0.3609475111929165,0.17816021591482978,0.8584045277849213,0.20659836901798856,1,sum,1,0.9320531757754801,0.8854296388542964,0.8691931540342298,0.9022842639593909
0.13318950807832142,29,1,256,256,layernorm,0.3609475111929165,0.17816021591482978,0.8584045277849213,0.20659836901798856,2,sum,1,0.9309453471196455,0.8842105263157894,0.8728606356968215,0.8958594730238394
0.13318950807832142,29,1,256,256,layernorm,0.3609475111929165,0.17816021591482978,0.8584045277849213,0.20659836901798856,3,sum,1,0.9387001477104875,0.8974042027194067,0.8875305623471883,0.9075
0.13318950807832142,29,1,256,256,layernorm,0.3609475111929165,0.17816021591482978,0.8584045277849213,0.20659836901798856,4,sum,1,0.9368537666174298,0.8939863608183509,0.8814180929095354,0.9069182389937107
0.13318950807832142,29,1,256,256,layernorm,0.3609475111929165,0.17816021591482978,0.8584045277849213,0.20659836901798856,5,sum,1,0.9387001477104875,0.8967661691542289,0.8814180929095354,0.9126582278481012
