K,layers,hidden_channels,out_channels,norm,lr,treatment,dropout,ratio,seed,aggregation,model_type,batch_size,rate_pairs,clusters,sampling,sampling_k,num_epochs,anomaly_detector,accuracy,f1,recall,precision,losses
12,2,256,256,,0.009896271215138362,removal,0,0.21029398971387445,654,mean,GATConv,20,2,50,cluster,25,100,nearest_neighbors,0.9117429837518464,0.8445022771633052,0.793398533007335,0.9026425591098748,"[3.5227519273757935, 3.2442411184310913, 3.3750996589660645, 3.342692792415619, 3.25308620929718, 3.190864622592926, 3.1648401618003845, 3.1305630207061768, 2.9914743900299072, 3.13295578956604, 3.0743004083633423, 3.2676262259483337, 3.157511353492737, 2.9936218857765198, 2.951395630836487, 2.9878793358802795, 2.8245304226875305, 3.0421332120895386, 2.941901385784149, 2.9291816353797913, 2.838979184627533, 2.866002917289734, 2.832369804382324, 2.866226017475128, 2.840112268924713, 2.8163204193115234, 2.7522361278533936, 2.7431384921073914, 2.643094301223755, 2.6403706669807434, 2.7539732456207275, 2.5843828320503235, 2.5382418036460876, 2.4839832186698914, 2.4517796635627747, 2.466827154159546, 2.4327322840690613, 2.2663454413414, 2.366372764110565, 2.3195770978927612, 2.1812747716903687, 2.2357531785964966, 2.188419282436371, 2.169782042503357, 2.1359150409698486, 2.094334840774536, 2.000815272331238, 1.9935871362686157, 1.9254645109176636, 1.9004865288734436, 1.8774402737617493, 1.7992027401924133, 1.6947941184043884, 1.6539544761180878, 1.6394989490509033, 1.6536257863044739, 1.623673528432846, 1.547615885734558, 1.5362763702869415, 1.4971595108509064, 1.4175664186477661, 1.39206463098526, 1.3879400491714478, 1.3173129558563232, 1.2958597540855408, 1.2573193311691284, 1.2459108233451843, 1.2133291065692902, 1.1679588556289673, 1.1666617393493652, 1.131401002407074, 1.0971795320510864, 1.014122098684311, 1.0352265238761902, 1.0222838521003723, 0.9875531494617462, 0.9711264669895172, 0.967284619808197, 0.9194270968437195, 0.8731422871351242, 0.8957099914550781, 0.858479231595993, 0.8312922418117523, 0.8300694525241852, 0.7918071150779724, 0.8003128319978714, 0.7653692811727524, 0.7463338822126389, 0.7150357514619827, 0.7261022180318832, 0.7281409651041031, 0.7246039807796478, 0.7065876573324203, 0.6741418689489365, 0.6579148322343826, 0.6537804752588272, 0.6408461034297943, 0.6164138615131378, 0.6274951100349426, 0.6018879860639572]"
