K,layers,hidden_channels,out_channels,norm,lr,treatment,dropout,ratio,seed,aggregation,model_type,batch_size,rate_pairs,reliable_mini_batch,clusters,accuracy,f1,recall,precision,losses
4,2,64,256,,0.009670907898454977,removal,0,0.24826194386206724,654,sum,GCNConv,10,7,True,400,0.946824224519941,0.912621359223301,0.9193154034229829,0.9060240963855422,"[37.148338198661804, 30.87974187731743, 23.04851919412613, 19.223591908812523, 15.183141082525253, 12.625537097454071, 9.963939882814884, 8.01073470711708, 6.724466256797314, 5.912569742649794, 5.265440385788679, 4.544873721897602, 3.852323707193136, 3.465163102373481, 3.08139325119555, 2.751334263011813, 2.55712378770113, 2.3278888687491417, 2.137685777619481, 1.9518899973481894, 1.7717899307608604, 1.6219693180173635, 1.5525435954332352, 1.3872602451592684, 1.3293075785040855, 1.2175456089898944, 1.1638472126796842, 1.1056161532178521, 1.0404701475054026, 0.993093678727746, 0.898538583656773, 0.8749164049513638, 0.8282911679707468, 0.7692367760464549, 0.7452178569510579, 0.7125291475094855, 0.6742257596924901, 0.6402314556762576, 0.6030045599909499, 0.5780976973474026, 0.5441088500665501, 0.5370010989718139, 0.5325595843605697, 0.4653062904253602, 0.45887328054232057, 0.46108470764011145, 0.45398729108273983, 0.40075233741663396, 0.38272263249382377, 0.38072495674714446]"
