K,layers,hidden_channels,out_channels,norm,lr,treatment,dropout,ratio,seed,aggregation,model_type,batch_size,rate_pairs,clusters,sampling,num_epochs,anomaly_detector,accuracy,f1,recall,precision,losses,test_accuracy,test_f1,test_recall,test_precision
5,2,128,256,,0.004620323538509746,removal,0,0.3685133396578127,654,mean,GCNConv,768,10,50,cluster,100,nearest_neighbors,0.7254901960784313,0.8409090909090909,0.7254901960784313,1.0,"[4.3357197642326355, 4.315213859081268, 4.078800976276398, 4.070208847522736, 3.9448021054267883, 4.207445383071899, 4.151046812534332, 3.9287338256835938, 4.101512372493744, 4.126695930957794, 3.981499493122101, 3.8036921620368958, 3.949495851993561, 4.011501848697662, 4.019761919975281, 3.8423449397087097, 3.7986311316490173, 3.9863831996917725, 3.605680227279663, 3.72021222114563, 3.5416850447654724, 3.669245719909668, 3.5820173025131226, 3.6878141164779663, 3.592610776424408, 3.724695324897766, 3.7417194843292236, 3.3456531167030334, 3.567661166191101, 3.787763774394989, 3.472327470779419, 3.393946349620819, 3.340786874294281, 3.217663884162903, 3.3561360836029053, 3.104239583015442, 3.081281840801239, 3.118025302886963, 2.89503276348114, 3.321603775024414, 3.101157009601593, 2.8537648916244507, 3.027563750743866, 2.9508888721466064, 2.861734688282013, 2.8524264097213745, 2.84297376871109, 2.7636287808418274, 2.825810432434082, 2.5665478706359863, 2.5165692567825317, 2.6061107516288757, 2.4443964064121246, 2.5915364623069763, 2.5154572427272797, 2.595889151096344, 2.4379743337631226, 2.4889779686927795, 2.4745770692825317, 2.3778421878814697, 2.334164619445801, 2.39530873298645, 2.2636688351631165, 2.350253641605377, 2.2196297645568848, 2.1311629712581635, 2.1500383019447327, 2.24340957403183, 2.2393438816070557, 2.1791047751903534, 1.9959887266159058, 2.0724517703056335, 2.026215076446533, 1.9548704028129578, 1.9119366109371185, 1.9699791967868805, 1.8941083252429962, 1.9013609290122986, 1.9126784801483154, 1.84840926527977, 1.8450420498847961, 1.7590900659561157, 1.7270710468292236, 1.6835926175117493, 1.7704777121543884, 1.6393687725067139, 1.6047163009643555, 1.6338826715946198, 1.6059127748012543, 1.6584299206733704, 1.5741741955280304, 1.5180347859859467, 1.527843862771988, 1.5472822785377502, 1.5522631704807281, 1.4751459062099457, 1.4823159575462341, 1.527217447757721, 1.4379477798938751, 1.4122763276100159]",0.9132200886262924,0.8559166155732679,0.8533007334963325,0.8585485854858549
