K,layers,hidden_channels,out_channels,norm,lr,treatment,dropout,ratio,seed,aggregation,model_type,batch_size,rate_pairs,clusters,sampling,sampling_k,num_epochs,anomaly_detector,accuracy,f1,recall,precision,losses
10,1,128,64,,0.0035044527680373736,removal,0,0.3232827246700435,654,mean,GCNConv,20,1,100,cluster,25,100,nearest_neighbors,0.8870014771048744,0.8165467625899281,0.8325183374083129,0.8011764705882353,"[7.007644891738892, 7.146406412124634, 7.9247483015060425, 7.155453562736511, 7.073919296264648, 6.889250159263611, 6.7681920528411865, 7.229944348335266, 6.7452393770217896, 6.823778748512268, 6.751218557357788, 7.013701260089874, 6.768778562545776, 6.435936331748962, 6.534637451171875, 6.768645644187927, 6.214790463447571, 6.886471748352051, 6.01238489151001, 6.715352296829224, 6.2825270891189575, 6.229362845420837, 6.553979754447937, 6.278994560241699, 6.131230711936951, 6.36552619934082, 6.212308883666992, 6.186980247497559, 5.978889167308807, 6.268143653869629, 5.923475027084351, 5.812471270561218, 6.0172306299209595, 5.766515731811523, 5.932752907276154, 5.750134348869324, 5.796411156654358, 5.668436646461487, 5.690232872962952, 5.883322715759277, 5.589222013950348, 5.609670400619507, 5.462631404399872, 5.517592430114746, 5.52148824930191, 5.411782681941986, 5.3595224022865295, 5.435518503189087, 5.500334739685059, 5.219383180141449, 5.273142099380493, 5.193630695343018, 5.110336720943451, 4.997050642967224, 5.10475766658783, 5.025228142738342, 5.270076096057892, 5.199578046798706, 4.963204860687256, 5.018498718738556, 4.876131892204285, 4.726230323314667, 4.796533644199371, 4.83517849445343, 4.701441586017609, 4.763565421104431, 4.562197625637054, 4.676945984363556, 4.436839938163757, 4.4361461997032166, 4.36526221036911, 4.34181535243988, 4.480848968029022, 4.386705577373505, 4.112058579921722, 4.191940665245056, 4.3663612604141235, 4.129131197929382, 3.987261116504669, 4.166390955448151, 4.176461696624756, 4.1115224957466125, 3.99923837184906, 4.031847953796387, 3.8883132338523865, 3.8778781294822693, 3.963775932788849, 3.8080743551254272, 3.795262098312378, 3.6928346157073975, 3.67639297246933, 3.6299344897270203, 3.645719587802887, 3.578425705432892, 3.540783166885376, 3.3887599110603333, 3.564677596092224, 3.4107415676116943, 3.4753457903862, 3.412528157234192]"
