alpha,K,layers,hidden_channels,out_channels,norm,dropout,margin,lpl_weight,ratio,seed,aggregation,pos_weight,accuracy,f1,recall,precision
0.3281223239559194,30,3,128,128,,0.3593138802971175,0.36180182931632177,0.779169884804215,0.2563031474872138,1,sum,1,0.8906942392909897,0.8370044052863436,0.9290953545232273,0.7615230460921844
0.3281223239559194,30,3,128,128,,0.3593138802971175,0.36180182931632177,0.779169884804215,0.2563031474872138,2,sum,1,0.8855243722304283,0.829295154185022,0.9205378973105135,0.7545090180360722
0.3281223239559194,30,3,128,128,,0.3593138802971175,0.36180182931632177,0.779169884804215,0.2563031474872138,3,sum,1,0.8951255539143279,0.8436123348017621,0.9364303178484108,0.7675350701402806
0.3281223239559194,30,3,128,128,,0.3593138802971175,0.36180182931632177,0.779169884804215,0.2563031474872138,4,sum,1,0.8936484490398818,0.8414096916299559,0.9339853300733496,0.7655310621242485
0.3281223239559194,30,3,128,128,,0.3593138802971175,0.36180182931632177,0.779169884804215,0.2563031474872138,5,sum,1,0.8921713441654358,0.8392070484581498,0.9315403422982885,0.7635270541082164
