K,layers,hidden_channels,out_channels,norm,lr,treatment,dropout,ratio,seed,aggregation,model_type,batch_size,rate_pairs,reliable_mini_batch,clusters,accuracy,f1,recall,precision,losses
4,2,64,256,,0.009421468556367864,removal,0,0.2574156552308148,654,sum,GCNConv,10,4,True,400,0.9460856720827179,0.9119420989143546,0.9242053789731052,0.9,"[37.20667266845703, 31.10469815135002, 23.374497830867767, 19.56273466348648, 15.604518622159958, 12.980931848287582, 10.248395077884197, 8.278894387185574, 6.958479400724173, 6.133304849267006, 5.470461867749691, 4.713365204632282, 3.9933638907969, 3.5969464294612408, 3.2030270085670054, 2.8646854422986507, 2.6625446900725365, 2.425825730897486, 2.218263480812311, 2.03563289437443, 1.841339761391282, 1.6885253805667162, 1.613896880298853, 1.4474061839282513, 1.3821173757314682, 1.2648000353947282, 1.210250535979867, 1.1510121934115887, 1.081604540348053, 1.035302348434925, 0.9333792086690664, 0.910706733353436, 0.8613283671438694, 0.8021921422332525, 0.7771999360993505, 0.7419760753400624, 0.7008093427866697, 0.6660918844863772, 0.6268538422882557, 0.6015256620012224, 0.5670146878110245, 0.5582464803010225, 0.5563654047437012, 0.4852583819301799, 0.4783093576261308, 0.48064423678442836, 0.47363926423713565, 0.4170743403956294, 0.39749218663200736, 0.39667050656862557]"
