alpha,K,layers,hidden_channels,out_channels,norm,dropout,margin,lpl_weight,ratio,seed,aggregation,pos_weight,accuracy,f1,recall,precision
0.5,35,1,256,256,,0.39742706122902005,0.5,0.17630948624587128,0.20933726014053688,1,sum,1,0.9401772525849336,0.8981132075471698,0.8728606356968215,0.9248704663212435
0.5,35,1,256,256,,0.39742706122902005,0.5,0.17630948624587128,0.20933726014053688,2,sum,1,0.9357459379615952,0.889171974522293,0.8533007334963325,0.9281914893617021
0.5,35,1,256,256,,0.39742706122902005,0.5,0.17630948624587128,0.20933726014053688,3,sum,1,0.9279911373707533,0.8755583918315252,0.8386308068459658,0.9158878504672897
0.5,35,1,256,256,,0.39742706122902005,0.5,0.17630948624587128,0.20933726014053688,4,sum,1,0.9320531757754801,0.8835443037974684,0.8533007334963325,0.916010498687664
0.5,35,1,256,256,,0.39742706122902005,0.5,0.17630948624587128,0.20933726014053688,5,sum,1,0.9327917282127031,0.8846641318124208,0.8533007334963325,0.9184210526315789
