K,layers,hidden_channels,out_channels,norm,lr,treatment,dropout,ratio,seed,aggregation,model_type,batch_size,rate_pairs,clusters,sampling,sampling_k,num_epochs,anomaly_detector,accuracy,f1,recall,precision,losses
9,2,128,128,,0.007495881833511641,removal,0,0.1696426284281127,654,mean,GATConv,1024,11,50,nearest_neighbors,50,50,unweighted,0.8504431314623339,0.6924829157175398,0.5574572127139364,0.9138276553106213,"[18.20877504348755, 17.94602870941162, 17.272971153259277, 17.03228998184204, 16.59706449508667, 16.5537166595459, 16.479985237121582, 16.094443798065186, 15.91410493850708, 15.519772052764893, 15.043546199798584, 14.653725624084473, 14.45784330368042, 14.279253482818604, 14.081630229949951, 14.00925588607788, 13.63939094543457, 13.374804973602295, 13.128567218780518, 12.899312019348145, 12.855100631713867, 12.535605430603027, 12.318843126296997, 12.071944952011108, 11.928282737731934, 11.834820747375488, 11.44456696510315, 11.311244487762451, 11.152044296264648, 10.8411705493927, 10.637575626373291, 10.588873624801636, 10.510615825653076, 10.296695947647095, 10.12512493133545, 9.984028339385986, 9.827988862991333, 9.686851978302002, 9.477303504943848, 9.318490743637085, 9.193350553512573, 9.081652164459229, 8.86577582359314, 8.77004623413086, 8.70964002609253, 8.517428874969482, 8.422361373901367, 8.303263664245605, 8.154064178466797, 7.988822937011719]"
