K,layers,hidden_channels,out_channels,norm,lr,treatment,dropout,ratio,seed,aggregation,model_type,batch_size,rate_pairs,clusters,sampling,num_epochs,anomaly_detector,accuracy,f1,recall,precision,losses,test_accuracy,test_f1,test_recall,test_precision
4,1,256,256,,0.003839447799300962,removal,0,0.23677284261576803,654,mean,GATConv,1024,5,300,sage,100,nearest_neighbors,0.7352941176470589,0.847457627118644,0.7352941176470589,1.0,"[3.1531732082366943, 3.019119441509247, 2.930838465690613, 2.9271742701530457, 2.968092620372772, 2.9151492714881897, 2.894425928592682, 2.8987311124801636, 2.882155656814575, 2.840377151966095, 2.813478410243988, 2.7881675958633423, 2.8281471729278564, 2.8057257533073425, 2.8149271607398987, 2.7320857644081116, 2.7874910831451416, 2.7056221961975098, 2.683785319328308, 2.7353952527046204, 2.7097280025482178, 2.6854275465011597, 2.687082529067993, 2.637183725833893, 2.6214956641197205, 2.572181284427643, 2.558915913105011, 2.586195647716522, 2.556297183036804, 2.510083854198456, 2.531883478164673, 2.5310086607933044, 2.511731505393982, 2.4722652435302734, 2.4410643577575684, 2.4275110363960266, 2.4100223183631897, 2.3906164169311523, 2.3905270099639893, 2.4034804105758667, 2.3456329703330994, 2.360191285610199, 2.3087412118911743, 2.304583728313446, 2.3016258478164673, 2.2752844095230103, 2.2577564120292664, 2.2564279437065125, 2.2291237115859985, 2.1895376443862915, 2.216877043247223, 2.211356043815613, 2.1572242379188538, 2.150981843471527, 2.126088798046112, 2.136054813861847, 2.1466166973114014, 2.099278211593628, 2.092588424682617, 2.0501198172569275, 2.0531707406044006, 2.036688268184662, 2.0236132740974426, 2.0320059657096863, 1.9763490557670593, 1.9590386152267456, 1.9745876789093018, 1.930052101612091, 1.9199859499931335, 1.8939509987831116, 1.9071646928787231, 1.9012427926063538, 1.8668169379234314, 1.850707232952118, 1.849356472492218, 1.821839690208435, 1.820622980594635, 1.7969850897789001, 1.7608106136322021, 1.7539817690849304, 1.7661151885986328, 1.750333547592163, 1.709933876991272, 1.7285009026527405, 1.696460783481598, 1.6788691878318787, 1.6865657567977905, 1.6507210731506348, 1.64293771982193, 1.6381390690803528, 1.6243423819541931, 1.6115580797195435, 1.616317868232727, 1.6069185137748718, 1.5732338428497314, 1.5732007026672363, 1.563082993030548, 1.5386045575141907, 1.508789449930191, 1.4988763928413391]",0.9283604135893648,0.8759590792838875,0.8374083129584352,0.9182305630026809
