alpha,K,layers,hidden_channels,out_channels,norm,dropout,margin,lpl_weight,ratio,seed,aggregation,pos_weight,accuracy,f1,recall,precision
0.5,30,1,256,256,,0.42253000071478536,0.5,0.46351394753980135,0.28416193940760504,1,sum,1,0.9335302806499262,0.8899755501222494,0.8899755501222494,0.8899755501222494
0.5,30,1,256,256,,0.42253000071478536,0.5,0.46351394753980135,0.28416193940760504,2,sum,1,0.9161742983751846,0.8644776119402985,0.8850855745721271,0.8448074679113186
0.5,30,1,256,256,,0.42253000071478536,0.5,0.46351394753980135,0.28416193940760504,3,sum,1,0.9283604135893648,0.8847980997624703,0.910757946210269,0.8602771362586605
0.5,30,1,256,256,,0.42253000071478536,0.5,0.46351394753980135,0.28416193940760504,4,sum,1,0.9283604135893648,0.8829915560916767,0.8948655256723717,0.8714285714285714
0.5,30,1,256,256,,0.42253000071478536,0.5,0.46351394753980135,0.28416193940760504,5,sum,1,0.9276218611521418,0.8845700824499411,0.9180929095354523,0.8534090909090909
