alpha,K,layers,hidden_channels,out_channels,norm,dropout,margin,lpl_weight,ratio,seed,aggregation,pos_weight,accuracy,f1,recall,precision
0.5,33,1,256,256,,0.4347842824281326,0.5,0.16679894025052477,0.24148126447928195,1,sum,1,0.9346381093057607,0.8917431192660551,0.89119804400978,0.8922888616891065
0.5,33,1,256,256,,0.4347842824281326,0.5,0.16679894025052477,0.24148126447928195,2,sum,1,0.9379615952732644,0.8944723618090452,0.8704156479217604,0.9198966408268734
0.5,33,1,256,256,,0.4347842824281326,0.5,0.16679894025052477,0.24148126447928195,3,sum,1,0.9342688330871491,0.8902589395807645,0.882640586797066,0.8980099502487562
0.5,33,1,256,256,,0.4347842824281326,0.5,0.16679894025052477,0.24148126447928195,4,sum,1,0.9387001477104875,0.8963795255930087,0.8777506112469438,0.9158163265306123
0.5,33,1,256,256,,0.4347842824281326,0.5,0.16679894025052477,0.24148126447928195,5,sum,1,0.9401772525849336,0.8997524752475248,0.8887530562347188,0.9110275689223057
