alpha,K,layers,hidden_channels,out_channels,norm,dropout,margin,lpl_weight,ratio,seed,aggregation,pos_weight,accuracy,f1,recall,precision
0.5,35,2,256,256,,0,0.5,0.17437600931526953,0.23736963765473743,1,sum,1,0.9324224519940916,0.8891580860084797,0.8973105134474327,0.8811524609843937
0.5,35,2,256,256,,0,0.5,0.17437600931526953,0.23736963765473743,2,sum,1,0.9331610044313147,0.8879256965944272,0.8765281173594132,0.8996235884567126
0.5,35,2,256,256,,0,0.5,0.17437600931526953,0.23736963765473743,3,sum,1,0.9254062038404727,0.8751545117428925,0.8655256723716381,0.885
0.5,35,2,256,256,,0,0.5,0.17437600931526953,0.23736963765473743,4,sum,1,0.930576070901034,0.8866103739445115,0.8985330073349633,0.875
0.5,35,2,256,256,,0,0.5,0.17437600931526953,0.23736963765473743,5,sum,1,0.9268833087149188,0.8777777777777778,0.8691931540342298,0.8865336658354115
