alpha,K,layers,hidden_channels,out_channels,norm,dropout,margin,lpl_weight,ratio,seed,aggregation,pos_weight,accuracy,f1,recall,precision
0.5,34,2,256,256,,0,0.5,0.18694951370965388,0.25334818445118107,1,sum,1,0.9235598227474151,0.8758248350329934,0.8924205378973105,0.8598351001177856
0.5,34,2,256,256,,0,0.5,0.18694951370965388,0.25334818445118107,2,sum,1,0.9405465288035451,0.8998133167392657,0.8838630806845966,0.9163498098859315
0.5,34,2,256,256,,0,0.5,0.18694951370965388,0.25334818445118107,3,sum,1,0.9290989660265879,0.8811881188118812,0.8704156479217604,0.8922305764411027
0.5,34,2,256,256,,0,0.5,0.18694951370965388,0.25334818445118107,4,sum,1,0.9320531757754801,0.8898203592814371,0.9083129584352079,0.8720657276995305
0.5,34,2,256,256,,0,0.5,0.18694951370965388,0.25334818445118107,5,sum,1,0.9290989660265879,0.8833535844471446,0.8887530562347188,0.8780193236714976
