K,layers,hidden_channels,out_channels,norm,lr,treatment,dropout,ratio,seed,aggregation,model_type,batch_size,rate_pairs,clusters,sampling,num_epochs,anomaly_detector,accuracy,f1,recall,precision,losses,test_accuracy,test_f1,test_recall,test_precision
25,2,256,256,,0.005,removal,0,0.3002836309990005,654,mean,GATConv,1024,10,50,sage,100,nearest_neighbors,nan,0.0,0.0,0.0,"[4.60168194770813, 4.63137674331665, 4.502777099609375, 4.549556016921997, 4.427398204803467, 4.342716693878174, 4.215652227401733, 4.416946053504944, 4.253734707832336, 4.387208700180054, 4.435022830963135, 4.340896368026733, 4.256283283233643, 4.307703971862793, 4.276274681091309, 4.266049265861511, 4.4926053285598755, 4.438661813735962, 4.213095188140869, 4.310974717140198, 4.262800216674805, 4.289033651351929, 4.212018013000488, 4.247509598731995, 4.353810548782349, 4.164470195770264, 4.224540829658508, 4.103482484817505, 4.173381924629211, 4.240283489227295, 4.094721078872681, 4.07422661781311, 4.130658388137817, 4.06057596206665, 4.015092849731445, 4.0970375537872314, 3.923459053039551, 4.085001468658447, 4.000497221946716, 3.952136754989624, 3.9129557609558105, 4.127063751220703, 3.9228321313858032, 4.055095314979553, 4.12104070186615, 3.947846293449402, 4.001731038093567, 3.874191403388977, 3.9810259342193604, 3.904083251953125, 3.935536742210388, 3.9570318460464478, 3.824614405632019, 3.794324517250061, 3.8698678016662598, 3.8118287324905396, 3.6774364709854126, 3.80133593082428, 3.764836549758911, 3.7961678504943848, 3.776517868041992, 3.8389214277267456, 3.7229716777801514, 3.723459482192993, 3.6879290342330933, 3.7348157167434692, 3.740463614463806, 3.6362786293029785, 3.6443127393722534, 3.682261824607849, 3.6176578998565674, 3.5790833234786987, 3.629467248916626, 3.6267374753952026, 3.615399718284607, 3.5376471281051636, 3.5058794021606445, 3.4059144258499146, 3.533199667930603, 3.5208860635757446, 3.565724015235901, 3.4374736547470093, 3.491489887237549, 3.331873297691345, 3.3721293210983276, 3.43966805934906, 3.318087339401245, 3.347484588623047, 3.324363946914673, 3.363885283470154, 3.3557827472686768, 3.2720829248428345, 3.327041506767273, 3.2584187984466553, 3.287689685821533, 3.2735317945480347, 3.1762036085128784, 3.11173152923584, 3.1772327423095703, 3.168383836746216]",0.9208351457155285,0.785377358490566,0.8141809290953546,0.7585421412300684
