K,layers,hidden_channels,out_channels,norm,lr,treatment,dropout,ratio,seed,aggregation,model_type,batch_size,rate_pairs,reliable_mini_batch,clusters,accuracy,f1,recall,precision,losses
4,2,64,256,,0.009390844327635414,removal,0,0.24043735595398572,654,sum,GCNConv,10,5,True,400,0.9357459379615952,0.8936430317848411,0.8936430317848411,0.8936430317848411,"[37.441251963377, 31.28372570872307, 23.678117103874683, 19.720809757709503, 15.72159594297409, 13.057027339935303, 10.36141700297594, 8.356189206242561, 7.032167352735996, 6.175143074244261, 5.488302327692509, 4.752702556550503, 4.043729547411203, 3.6253423616290092, 3.2335634687915444, 2.887737389653921, 2.677226785570383, 2.441291742026806, 2.2315159924328327, 2.047763084527105, 1.8568816632032394, 1.697597611695528, 1.628032859414816, 1.4546014163643122, 1.3934668060392141, 1.2794761750847101, 1.2238285252824426, 1.1648088628426194, 1.0906285298988223, 1.0397206284105778, 0.9451653710566461, 0.915892522316426, 0.8684305856004357, 0.8079955746652558, 0.7860535248182714, 0.7481096247211099, 0.7078083786182106, 0.6720631904900074, 0.6316916559590027, 0.6083699562586844, 0.5705759890843183, 0.5644129812717438, 0.5612183790653944, 0.48816128179896623, 0.48103909348719753, 0.48344278428703547, 0.4766893032938242, 0.4191565802320838, 0.4025272811995819, 0.39976317808032036]"
