alpha,K,layers,hidden_channels,out_channels,norm,dropout,margin,lpl_weight,ratio,seed,aggregation,pos_weight,accuracy,f1,recall,precision
0.32626575553335363,31,2,128,128,,0.28547411547169055,0.993518582555353,0.9505611177171108,0.17837449811262052,1,sum,1,0.9135893648449039,0.8571428571428571,0.8581907090464548,0.8560975609756097
0.32626575553335363,31,2,128,128,,0.28547411547169055,0.993518582555353,0.9505611177171108,0.17837449811262052,2,sum,1,0.9176514032496307,0.8637751985339035,0.8643031784841075,0.8632478632478633
0.32626575553335363,31,2,128,128,,0.28547411547169055,0.993518582555353,0.9505611177171108,0.17837449811262052,3,sum,1,0.9161742983751846,0.8613317043372022,0.8618581907090465,0.8608058608058609
0.32626575553335363,31,2,128,128,,0.28547411547169055,0.993518582555353,0.9505611177171108,0.17837449811262052,4,sum,1,0.9117429837518464,0.8540012217470984,0.8545232273838631,0.8534798534798534
0.32626575553335363,31,2,128,128,,0.28547411547169055,0.993518582555353,0.9505611177171108,0.17837449811262052,5,sum,1,0.9209748892171344,0.8691931540342298,0.8691931540342298,0.8691931540342298
