K,layers,hidden_channels,out_channels,norm,lr,treatment,dropout,ratio,seed,aggregation,model_type,batch_size,rate_pairs,clusters,sampling,num_epochs,anomaly_detector,accuracy,f1,recall,precision,losses,test_accuracy,test_f1,test_recall,test_precision
6,1,128,64,,0.005,removal,0,0.16222004690618752,654,mean,GATConv,1024,10,50,sage,100,nearest_neighbors,0.5196078431372549,0.6838709677419355,0.5196078431372549,1.0,"[3.7586864233016968, 3.6010122299194336, 3.488832712173462, 3.504825472831726, 3.571600556373596, 3.475129723548889, 3.554971694946289, 3.5617358684539795, 3.478487491607666, 3.452033281326294, 3.379716396331787, 3.4212169647216797, 3.3612887859344482, 3.345873713493347, 3.373728632926941, 3.324674606323242, 3.3278067111968994, 3.380473494529724, 3.285454034805298, 3.316222906112671, 3.221849203109741, 3.2376476526260376, 3.2000980377197266, 3.138991355895996, 3.1237927675247192, 3.152070164680481, 3.1094846725463867, 3.1259925365448, 3.059521973133087, 3.037760853767395, 3.0314133167266846, 3.039745807647705, 2.9720245003700256, 2.9417571425437927, 2.9929757714271545, 2.9184263348579407, 2.8816547989845276, 2.8621482849121094, 2.8803887367248535, 2.8485419154167175, 2.8024726510047913, 2.779816448688507, 2.7364301681518555, 2.7157703638076782, 2.6894732117652893, 2.7039905190467834, 2.6162028312683105, 2.655882775783539, 2.5859899520874023, 2.5897260904312134, 2.556958258152008, 2.545131742954254, 2.490660786628723, 2.4984010457992554, 2.434873640537262, 2.4154263138771057, 2.4069475531578064, 2.3908937573432922, 2.4096641540527344, 2.3438342809677124, 2.314738392829895, 2.317349910736084, 2.302631437778473, 2.232042968273163, 2.234298884868622, 2.1798115372657776, 2.205736994743347, 2.1449068784713745, 2.167823076248169, 2.1102665662765503, 2.082388460636139, 2.0467849373817444, 2.0444117188453674, 2.020790934562683, 2.046778380870819, 1.989156186580658, 1.9822390675544739, 1.9226033687591553, 1.9288048148155212, 1.9025635123252869, 1.8638046383857727, 1.8654661178588867, 1.8505769968032837, 1.82191801071167, 1.8207777738571167, 1.7691205143928528, 1.7668516039848328, 1.7348774075508118, 1.7299654483795166, 1.7138516306877136, 1.695953905582428, 1.6746577620506287, 1.6425644755363464, 1.659346878528595, 1.623457908630371, 1.5936265587806702, 1.5854098200798035, 1.5773963928222656, 1.544321894645691, 1.5504384636878967]",0.9039881831610044,0.8214285714285714,0.7310513447432763,0.9373040752351097
