K,layers,hidden_channels,out_channels,norm,lr,treatment,dropout,ratio,seed,aggregation,model_type,batch_size,rate_pairs,clusters,sampling,num_epochs,anomaly_detector,accuracy,f1,recall,precision,losses,test_accuracy,test_f1,test_recall,test_precision
2,1,256,64,,0.005,removal,0,0.23830790384522127,654,mean,GCNConv,1024,10,50,sage,100,nearest_neighbors,nan,0.0,0.0,0.0,"[2.308797299861908, 1.6749866008758545, 1.645114004611969, 1.6581242084503174, 1.631182849407196, 1.6134560108184814, 1.6098803877830505, 1.5624030232429504, 1.5787151455879211, 1.5426360964775085, 1.5543044209480286, 1.5140285193920135, 1.5021829307079315, 1.4641151428222656, 1.4541009068489075, 1.445730596780777, 1.4386387467384338, 1.4181941151618958, 1.4050995707511902, 1.4002056121826172, 1.3785150051116943, 1.362115889787674, 1.3431365489959717, 1.3378543555736542, 1.3178256750106812, 1.31450355052948, 1.2743673622608185, 1.2973646223545074, 1.264978289604187, 1.2535298466682434, 1.2521966397762299, 1.2446276545524597, 1.2304626405239105, 1.2019096910953522, 1.184413105249405, 1.2077102363109589, 1.1605015397071838, 1.1609883904457092, 1.1603808403015137, 1.1451419293880463, 1.1326457262039185, 1.1284272074699402, 1.1025547981262207, 1.0957235395908356, 1.0747848451137543, 1.0591602325439453, 1.0496074259281158, 1.0413432717323303, 1.0378691852092743, 1.019905686378479, 1.0217293500900269, 0.9936282336711884, 0.9954344034194946, 1.0022657215595245, 0.9670358598232269, 0.9543536007404327, 0.9525106847286224, 0.9346566200256348, 0.9423154592514038, 0.9254043996334076, 0.9041812717914581, 0.9123070240020752, 0.9089199304580688, 0.8771590888500214, 0.8723108470439911, 0.8708115518093109, 0.8544782996177673, 0.8523419201374054, 0.8401288390159607, 0.8352903425693512, 0.8346180021762848, 0.8295289576053619, 0.806365042924881, 0.7933253943920135, 0.7950112223625183, 0.7859309613704681, 0.7892513573169708, 0.7729342877864838, 0.7584769427776337, 0.7605546116828918, 0.7420160174369812, 0.7381858080625534, 0.7388720959424973, 0.7276963442564011, 0.7175879329442978, 0.708465188741684, 0.7035708874464035, 0.7011091262102127, 0.6818705499172211, 0.6832229644060135, 0.6782870590686798, 0.6659919768571854, 0.6669011116027832, 0.6596331298351288, 0.6491831690073013, 0.6487819701433182, 0.6397953629493713, 0.6358722299337387, 0.6287410110235214, 0.6257637292146683]",0.8447150935189213,0.44305772230889234,0.3471882640586797,0.6120689655172413
