alpha,K,layers,hidden_channels,out_channels,norm,dropout,margin,lpl_weight,ratio,seed,aggregation,pos_weight,accuracy,f1,recall,precision
0.16285259371847238,28,1,256,128,layernorm,0.4226581276208759,0.5040865143268517,0.9481383866343234,0.21758558865830993,1,sum,1,0.9368537666174298,0.8951563458001226,0.8924205378973105,0.897908979089791
0.16285259371847238,28,1,256,128,layernorm,0.4226581276208759,0.5040865143268517,0.9481383866343234,0.21758558865830993,2,sum,1,0.9268833087149188,0.8786764705882353,0.8765281173594132,0.8808353808353808
0.16285259371847238,28,1,256,128,layernorm,0.4226581276208759,0.5040865143268517,0.9481383866343234,0.21758558865830993,3,sum,1,0.9353766617429837,0.8930971288943189,0.8936430317848411,0.8925518925518926
0.16285259371847238,28,1,256,128,layernorm,0.4226581276208759,0.5040865143268517,0.9481383866343234,0.21758558865830993,4,sum,1,0.9353766617429837,0.8927038626609443,0.8899755501222494,0.8954489544895449
0.16285259371847238,28,1,256,128,layernorm,0.4226581276208759,0.5040865143268517,0.9481383866343234,0.21758558865830993,5,sum,1,0.9342688330871491,0.8923821039903265,0.902200488997555,0.8827751196172249
