K,layers,hidden_channels,out_channels,norm,lr,treatment,dropout,ratio,seed,aggregation,model_type,batch_size,rate_pairs,clusters,sampling,num_epochs,anomaly_detector,accuracy,f1,recall,precision,losses,test_accuracy,test_f1,test_recall,test_precision
25,3,256,64,,0.005,removal,0,0.3217538366498904,654,mean,GCNConv,2048,10,50,sage,100,nearest_neighbors,nan,0.0,0.0,0.0,"[3.135602116584778, 2.9882419109344482, 2.9297622442245483, 3.0127428770065308, 3.129353165626526, 3.043786644935608, 3.0482633113861084, 2.9583696126937866, 2.9831390380859375, 3.09026300907135, 2.9318058490753174, 2.969844341278076, 2.926923155784607, 3.0717920064926147, 2.83160662651062, 2.923073410987854, 2.9981842041015625, 2.841894268989563, 2.815906047821045, 2.8753329515457153, 2.925453543663025, 2.879778027534485, 3.0558180809020996, 2.989138126373291, 2.9970126152038574, 2.9090940952301025, 2.9560866355895996, 2.9183621406555176, 3.0663740634918213, 2.911610960960388, 2.928091287612915, 2.780898332595825, 2.841844916343689, 2.7680866718292236, 2.799512267112732, 2.9059031009674072, 2.871721625328064, 2.8584624528884888, 2.823616623878479, 2.862199544906616, 2.88889741897583, 2.8798831701278687, 2.8209584951400757, 2.771498441696167, 2.7658201456069946, 2.650856852531433, 2.7595374584198, 2.808918595314026, 2.8580448627471924, 2.777225971221924, 2.720914125442505, 2.7996798753738403, 2.6669481992721558, 2.698722243309021, 2.7600107192993164, 2.7735034227371216, 2.7366961240768433, 2.7588638067245483, 2.7025136947631836, 2.6769323348999023, 2.7000529766082764, 2.681496739387512, 2.7661818265914917, 2.6495070457458496, 2.5968267917633057, 2.704959273338318, 2.7156888246536255, 2.5812681913375854, 2.6982513666152954, 2.752880811691284, 2.542457342147827, 2.618308424949646, 2.6744385957717896, 2.5992653369903564, 2.544649124145508, 2.585960268974304, 2.628308653831482, 2.6895207166671753, 2.779423713684082, 2.6220096349716187, 2.5101438760757446, 2.592806577682495, 2.516944646835327, 2.5567610263824463, 2.631070137023926, 2.5818787813186646, 2.542893648147583, 2.645390272140503, 2.580349087715149, 2.539164900779724, 2.50970995426178, 2.4756195545196533, 2.593345046043396, 2.438199996948242, 2.4636093378067017, 2.522401809692383, 2.5799739360809326, 2.556442379951477, 2.492846369743347, 2.5304824113845825]",0.9177903436276642,0.7854710556186152,0.8459657701711492,0.7330508474576272
