alpha,K,layers,hidden_channels,out_channels,norm,dropout,margin,lpl_weight,ratio,seed,aggregation,pos_weight,accuracy,f1,recall,precision
0.5,30,2,256,256,,0,0.5,0.7330475566076065,0.12625817156703628,1,sum,1,0.9268833087149188,0.8667563930013459,0.7872860635696821,0.9640718562874252
0.5,30,2,256,256,,0,0.5,0.7330475566076065,0.12625817156703628,2,sum,1,0.9110044313146234,0.8350444900752909,0.7457212713936431,0.9486780715396579
0.5,30,2,256,256,,0,0.5,0.7330475566076065,0.12625817156703628,3,sum,1,0.9132200886262924,0.8411088573360379,0.7603911980440098,0.9409984871406959
0.5,30,2,256,256,,0,0.5,0.7330475566076065,0.12625817156703628,4,sum,1,0.9124815361890695,0.8375599725839616,0.7469437652811736,0.953198127925117
0.5,30,2,256,256,,0,0.5,0.7330475566076065,0.12625817156703628,5,sum,1,0.9246676514032496,0.8638184245660881,0.7909535452322738,0.9514705882352941
