alpha,K,layers,hidden_channels,out_channels,norm,dropout,margin,lpl_weight,ratio,seed,aggregation,pos_weight,accuracy,f1,recall,precision
0.6335694998617818,28,1,256,128,layernorm,0.3660328211149583,0.5701236958538184,0.9636176040177731,0.20320280152509818,1,sum,1,0.9361152141802068,0.8939301042305334,0.89119804400978,0.8966789667896679
0.6335694998617818,28,1,256,128,layernorm,0.3660328211149583,0.5701236958538184,0.9636176040177731,0.20320280152509818,2,sum,1,0.9338995568685377,0.891317547055252,0.8973105134474327,0.8854041013268998
0.6335694998617818,28,1,256,128,layernorm,0.3660328211149583,0.5701236958538184,0.9636176040177731,0.20320280152509818,3,sum,1,0.939807976366322,0.9000613120784795,0.8973105134474327,0.9028290282902829
0.6335694998617818,28,1,256,128,layernorm,0.3660328211149583,0.5701236958538184,0.9636176040177731,0.20320280152509818,4,sum,1,0.9309453471196455,0.8846391116594695,0.8765281173594132,0.8929016189290162
0.6335694998617818,28,1,256,128,layernorm,0.3660328211149583,0.5701236958538184,0.9636176040177731,0.20320280152509818,5,sum,1,0.9364844903988183,0.8956310679611651,0.902200488997555,0.8891566265060241
