K,layers,hidden_channels,out_channels,norm,lr,treatment,dropout,ratio,seed,aggregation,model_type,batch_size,rate_pairs,clusters,sampling,sampling_k,num_epochs,anomaly_detector,accuracy,f1,recall,precision,losses
8,2,128,256,,0.008842531435312419,removal,0,0.2743665911237295,654,mean,GATConv,256,2,100,neighbor,50,100,unweighted,0.8401033973412112,0.681383370125092,0.5660146699266504,0.8558225508317929,"[14.86102557182312, 14.143501043319702, 13.79148280620575, 13.400428891181946, 12.653368949890137, 12.26869797706604, 11.58437442779541, 11.093279361724854, 10.443910300731659, 9.972551226615906, 9.32778126001358, 8.563445448875427, 8.053595423698425, 7.443177759647369, 6.98216712474823, 6.579267680644989, 6.064196348190308, 5.6069972813129425, 5.233112156391144, 4.933221489191055, 4.636970013380051, 4.298540562391281, 4.011215895414352, 3.7584415078163147, 3.5841578245162964, 3.3737438917160034, 3.1692556142807007, 3.0175184309482574, 2.834373816847801, 2.6913669407367706, 2.5536379367113113, 2.399436965584755, 2.314545229077339, 2.236373782157898, 2.13725009560585, 2.0211644768714905, 1.907637819647789, 1.8686894923448563, 1.788541316986084, 1.7259813994169235, 1.6458904594182968, 1.5850604325532913, 1.4992415457963943, 1.4761127084493637, 1.4085578992962837, 1.364037498831749, 1.3203904405236244, 1.2673267498612404, 1.2283416837453842, 1.213132806122303, 1.1558011621236801, 1.117232859134674, 1.0924111604690552, 1.0620586797595024, 1.0203641280531883, 0.9885146245360374, 0.9750315546989441, 0.9308082684874535, 0.9083492010831833, 0.8781339973211288, 0.865966722369194, 0.8326926454901695, 0.8155269175767899, 0.7922421917319298, 0.7743391618132591, 0.7499379962682724, 0.7469014450907707, 0.720809169113636, 0.6978440396487713, 0.6889926232397556, 0.6677606329321861, 0.657931748777628, 0.6423188857734203, 0.6301511153578758, 0.61343589797616, 0.6002823412418365, 0.5836202949285507, 0.5706868804991245, 0.5597692467272282, 0.5497647002339363, 0.5324084833264351, 0.5244978778064251, 0.5133489221334457, 0.5095638185739517, 0.5024876035749912, 0.4872421808540821, 0.4766179360449314, 0.4648749977350235, 0.45634476095438004, 0.45355499908328056, 0.4480435587465763, 0.433842696249485, 0.422041691839695, 0.42048343271017075, 0.4138434864580631, 0.40017135068774223, 0.40204837918281555, 0.3934478610754013, 0.38695041835308075, 0.37650325521826744]"
