alpha,K,layers,hidden_channels,out_channels,norm,dropout,margin,lpl_weight,ratio,seed,aggregation,pos_weight,accuracy,f1,recall,precision
0.5,27,1,256,256,,0.47311954821999713,0.5,0.38369266098639276,0.31399276239039664,1,sum,1,0.9276218611521418,0.8833333333333333,0.9070904645476773,0.8607888631090487
0.5,27,1,256,256,,0.47311954821999713,0.5,0.38369266098639276,0.31399276239039664,2,sum,1,0.9239290989660266,0.8786808009422851,0.9119804400977995,0.8477272727272728
0.5,27,1,256,256,,0.47311954821999713,0.5,0.38369266098639276,0.31399276239039664,3,sum,1,0.9176514032496307,0.8701223063482819,0.91320293398533,0.8309232480533927
0.5,27,1,256,256,,0.47311954821999713,0.5,0.38369266098639276,0.31399276239039664,4,sum,1,0.9146971935007385,0.8659315147997678,0.9119804400977995,0.8243093922651934
0.5,27,1,256,256,,0.47311954821999713,0.5,0.38369266098639276,0.31399276239039664,5,sum,1,0.9194977843426884,0.872960372960373,0.9156479217603912,0.8340757238307349
