K,layers,hidden_channels,out_channels,norm,lr,treatment,dropout,ratio,seed,aggregation,model_type,batch_size,rate_pairs,clusters,sampling,num_epochs,anomaly_detector,accuracy,f1,recall,precision,losses,test_accuracy,test_f1,test_recall,test_precision
16,3,256,256,,0.005,removal,0,0.2739042607382449,654,mean,GATConv,1024,10,50,sage,50,nearest_neighbors,nan,0.0,0.0,0.0,"[12.32910442352295, 11.894866466522217, 12.197880029678345, 12.20457673072815, 12.257171869277954, 12.031990766525269, 12.062779664993286, 12.06774377822876, 11.765592575073242, 11.950292587280273, 12.181578397750854, 11.52771806716919, 11.59924054145813, 11.481993913650513, 11.758055925369263, 11.466413974761963, 11.481445074081421, 11.579590320587158, 11.593966484069824, 11.298197746276855, 11.772711753845215, 11.592790842056274, 11.696257829666138, 11.551216840744019, 10.984405994415283, 11.21833324432373, 11.242518663406372, 11.325569152832031, 11.095745325088501, 11.168655395507812, 11.090437889099121, 11.37063980102539, 11.204273700714111, 11.244474649429321, 10.964730262756348, 10.751282691955566, 10.725386619567871, 10.799379110336304, 11.117992162704468, 10.666662216186523, 10.768176317214966, 10.53300428390503, 10.566227197647095, 10.465195894241333, 10.67274808883667, 10.448729276657104, 10.484040260314941, 10.649384498596191, 10.413187503814697, 10.459266185760498]",0.9060461070030448,0.7517241379310344,0.7995110024449877,0.7093275488069414
