K,layers,hidden_channels,out_channels,norm,lr,treatment,dropout,ratio,seed,aggregation,model_type,batch_size,rate_pairs,clusters,sampling,sampling_k,num_epochs,anomaly_detector,accuracy,f1,recall,precision,losses
4,2,64,64,,0.0011201887622002988,removal,0,0.23864447822229018,654,mean,GATConv,1024,2,400,nearest_neighbors,25,100,unweighted,0.827917282127031,0.6588579795021962,0.5501222493887531,0.8211678832116789,"[8.578223466873169, 8.481680393218994, 8.398735046386719, 8.385252714157104, 8.2962806224823, 8.360270261764526, 8.309228420257568, 8.246984243392944, 8.3199303150177, 8.209256172180176, 8.226028442382812, 8.287197589874268, 8.141493558883667, 8.110628128051758, 8.125712156295776, 8.020836114883423, 8.066014766693115, 8.0613853931427, 8.029438734054565, 8.021713972091675, 7.919036388397217, 7.954521179199219, 7.984397649765015, 7.910431385040283, 7.8885345458984375, 7.931925535202026, 7.918943881988525, 7.871291399002075, 7.914719820022583, 7.817704916000366, 7.766002655029297, 7.847237586975098, 7.856420516967773, 7.779939889907837, 7.651132583618164, 7.627018928527832, 7.672239303588867, 7.608508825302124, 7.594220161437988, 7.680046319961548, 7.50502610206604, 7.55462646484375, 7.591557741165161, 7.552759647369385, 7.505429983139038, 7.512118577957153, 7.391518831253052, 7.463852405548096, 7.468643426895142, 7.4662110805511475, 7.470969200134277, 7.326472043991089, 7.3316404819488525, 7.256314992904663, 7.305018424987793, 7.288073539733887, 7.329392910003662, 7.246429920196533, 7.200944423675537, 7.23155403137207, 7.251708507537842, 7.215210914611816, 7.215860843658447, 7.116897106170654, 7.110135078430176, 7.110748291015625, 7.096119403839111, 7.145943880081177, 7.094029426574707, 7.0314342975616455, 7.05066704750061, 7.043504953384399, 7.010441541671753, 6.950013160705566, 6.9490649700164795, 6.896223068237305, 6.980617523193359, 6.890589237213135, 6.864840507507324, 6.835926055908203, 6.899353265762329, 6.820189952850342, 6.834390163421631, 6.7910261154174805, 6.822400808334351, 6.828479766845703, 6.717798471450806, 6.665883541107178, 6.74160099029541, 6.671371698379517, 6.7171790599823, 6.71230673789978, 6.673576831817627, 6.581330299377441, 6.63191556930542, 6.6025073528289795, 6.598103761672974, 6.527886629104614, 6.584566354751587, 6.486577749252319]"
