K,layers,hidden_channels,out_channels,norm,lr,treatment,dropout,ratio,seed,aggregation,model_type,batch_size,rate_pairs,clusters,sampling,num_epochs,anomaly_detector,accuracy,f1,recall,precision,losses,test_accuracy,test_f1,test_recall,test_precision
18,2,256,64,,0.005,removal,0,0.29128433707844836,654,mean,GATConv,1024,10,50,sage,50,nearest_neighbors,nan,0.0,0.0,0.0,"[12.294718742370605, 12.250722646713257, 12.231395483016968, 12.056560516357422, 12.489421844482422, 12.328753471374512, 12.434784173965454, 12.234890460968018, 12.512228965759277, 11.98628044128418, 12.378113031387329, 11.765695333480835, 11.95664119720459, 11.867146968841553, 12.620756149291992, 12.002851486206055, 12.128898859024048, 12.213374853134155, 11.775694370269775, 11.880070447921753, 11.88100528717041, 12.026787996292114, 11.757769107818604, 11.800289869308472, 11.262972116470337, 11.831650018692017, 11.618054628372192, 11.59164547920227, 11.502041339874268, 11.589300155639648, 11.538441181182861, 11.266702651977539, 11.603469133377075, 11.518659353256226, 11.446939706802368, 11.4426429271698, 11.203958511352539, 11.37800145149231, 11.523236989974976, 11.136230707168579, 11.057806968688965, 11.092444658279419, 11.1256844997406, 11.174452781677246, 11.041883707046509, 11.030866861343384, 10.81386923789978, 10.7794029712677, 10.96567177772522, 11.086868286132812]",0.9125706829056112,0.7759197324414716,0.8508557457212714,0.7131147540983607
