K,layers,hidden_channels,out_channels,norm,lr,treatment,dropout,ratio,seed,aggregation,model_type,batch_size,rate_pairs,clusters,sampling,sampling_k,num_epochs,anomaly_detector,accuracy,f1,recall,precision,losses
8,2,256,256,,0.009711381479089539,removal,0,0.2035714655217127,654,mean,GATConv,512,2,400,neighbor,75,50,unweighted,0.853397341211226,0.700377358490566,0.5672371638141809,0.9151873767258383,"[7.0729875564575195, 6.848096609115601, 6.70915687084198, 6.678341627120972, 6.6478623151779175, 6.447713136672974, 6.368287920951843, 6.087534785270691, 6.0935890674591064, 5.907516956329346, 5.871342837810516, 5.552482903003693, 5.239126086235046, 5.19292551279068, 5.14350163936615, 4.918142080307007, 4.606109142303467, 4.55801385641098, 4.5036381483078, 4.262020170688629, 3.9588828086853027, 3.869594097137451, 3.684162676334381, 3.5163577795028687, 3.3840542435646057, 3.2650278210639954, 3.0940463542938232, 2.9945941269397736, 2.911467134952545, 2.751157730817795, 2.610865503549576, 2.567444384098053, 2.4639475643634796, 2.2718527913093567, 2.265836477279663, 2.1140917539596558, 2.055419147014618, 2.0246778428554535, 1.8920734226703644, 1.8455582857131958, 1.8007526695728302, 1.7033758163452148, 1.6666049659252167, 1.6117217242717743, 1.5420536249876022, 1.450324386358261, 1.4286017417907715, 1.387230858206749, 1.3497324287891388, 1.32552070915699]"
