K,layers,hidden_channels,out_channels,norm,lr,treatment,dropout,ratio,seed,aggregation,model_type,batch_size,rate_pairs,clusters,sampling,num_epochs,anomaly_detector,accuracy,f1,recall,precision,losses,test_accuracy,test_f1,test_recall,test_precision
5,1,64,64,,0.005,removal,0,0.3162593016054035,654,mean,GCNConv,1024,10,50,sage,100,nearest_neighbors,0.7352941176470589,0.847457627118644,0.7352941176470589,1.0,"[3.6195181608200073, 3.3885271549224854, 3.355266571044922, 3.381447196006775, 3.377146363258362, 3.2634197473526, 3.3244011402130127, 3.231252074241638, 3.291290760040283, 3.2168495655059814, 3.267584800720215, 3.1560230255126953, 3.1791632175445557, 3.115657329559326, 3.082663059234619, 3.1030232906341553, 3.09793484210968, 3.068665385246277, 2.9756820797920227, 3.031393826007843, 3.012137472629547, 2.9561840891838074, 2.924708127975464, 2.9486262798309326, 2.878076732158661, 2.9160752296447754, 2.8316692113876343, 2.8865132331848145, 2.8152084350585938, 2.7845922112464905, 2.7829840183258057, 2.753307044506073, 2.7301600575447083, 2.6913769245147705, 2.6697083711624146, 2.693542182445526, 2.605094850063324, 2.5877543687820435, 2.625580310821533, 2.5690855979919434, 2.572197914123535, 2.545059621334076, 2.5016615986824036, 2.4911203384399414, 2.4670039415359497, 2.4172053933143616, 2.427478313446045, 2.4109187722206116, 2.3815112709999084, 2.340095639228821, 2.3377227187156677, 2.2920751571655273, 2.2872164249420166, 2.2814592123031616, 2.237255096435547, 2.197267770767212, 2.1974998116493225, 2.153883635997772, 2.16070020198822, 2.118108332157135, 2.0893514752388, 2.076831102371216, 2.0839158296585083, 2.037437379360199, 2.0044512152671814, 2.0164061188697815, 1.9865750670433044, 1.9504574537277222, 1.9411982297897339, 1.9198193550109863, 1.9106147289276123, 1.879610538482666, 1.8544475436210632, 1.8270007967948914, 1.8263474702835083, 1.7888555526733398, 1.7853406071662903, 1.7662975788116455, 1.7390050292015076, 1.726339876651764, 1.716258704662323, 1.6985157132148743, 1.685378074645996, 1.655369520187378, 1.6324405074119568, 1.6204882860183716, 1.6045581102371216, 1.5994178652763367, 1.551921010017395, 1.5502049922943115, 1.5353296399116516, 1.5128895044326782, 1.500912606716156, 1.4988099336624146, 1.4769302606582642, 1.4660112261772156, 1.4466674625873566, 1.439156413078308, 1.4203141629695892, 1.4134862422943115]",0.9058345642540621,0.8430769230769231,0.8374083129584352,0.8488228004956629
