K,layers,hidden_channels,out_channels,norm,lr,treatment,dropout,ratio,seed,aggregation,model_type,batch_size,rate_pairs,clusters,sampling,num_epochs,anomaly_detector,accuracy,f1,recall,precision,losses,test_accuracy,test_f1,test_recall,test_precision
16,2,128,64,,0.005,removal,0,0.2434350401047602,654,mean,GCNConv,1024,10,50,sage,50,nearest_neighbors,nan,0.0,0.0,0.0,"[5.434692859649658, 5.311195731163025, 5.454948663711548, 5.297981142997742, 5.447681903839111, 5.362826824188232, 5.317506790161133, 5.2847254276275635, 5.159061312675476, 5.270911931991577, 5.168367028236389, 5.2143213748931885, 5.1797826290130615, 5.301665663719177, 5.242831826210022, 5.2031776905059814, 5.113513708114624, 5.124068975448608, 5.225072026252747, 5.08110237121582, 5.171676993370056, 5.021866798400879, 5.003651022911072, 5.002164363861084, 5.0426552295684814, 5.0017335414886475, 5.057902216911316, 4.918763756752014, 4.897871375083923, 4.9629645347595215, 5.001039743423462, 4.911703824996948, 5.0318896770477295, 4.937315940856934, 4.938595175743103, 4.879955291748047, 4.782990336418152, 4.875345468521118, 4.878196120262146, 4.8618292808532715, 4.857490658760071, 4.672626972198486, 4.757618069648743, 4.705271482467651, 4.624603986740112, 4.7434738874435425, 4.7270917892456055, 4.687165379524231, 4.704579472541809, 4.551694869995117]",0.9112657677250978,0.7559808612440191,0.7726161369193154,0.7400468384074942
