K,layers,hidden_channels,out_channels,norm,lr,treatment,dropout,ratio,seed,aggregation,model_type,batch_size,rate_pairs,clusters,sampling,num_epochs,anomaly_detector,accuracy,f1,recall,precision,losses,test_accuracy,test_f1,test_recall,test_precision
24,2,64,256,,0.005,removal,0,0.22733308488392623,654,mean,GCNConv,2048,10,50,sage,50,nearest_neighbors,nan,0.0,0.0,0.0,"[4.0272146463394165, 4.110717058181763, 4.030606031417847, 4.045234441757202, 4.021495461463928, 4.027796387672424, 4.086090326309204, 3.872007131576538, 4.201406240463257, 4.091840386390686, 4.0694899559021, 4.150308132171631, 4.23552680015564, 3.9230600595474243, 4.128848433494568, 4.023961544036865, 3.8949865102767944, 3.9970728158950806, 4.047709345817566, 3.6997686624526978, 4.0831722021102905, 4.063475728034973, 3.9786925315856934, 4.1226760149002075, 3.847688674926758, 3.7505725622177124, 3.898069739341736, 4.206674695014954, 3.8128491640090942, 3.8618375062942505, 4.02672553062439, 3.884159803390503, 3.846355676651001, 3.847318172454834, 3.7372212409973145, 3.8656235933303833, 3.75486958026886, 3.9330239295959473, 3.833156704902649, 3.863489031791687, 3.8338265419006348, 3.734368085861206, 3.6985548734664917, 3.93568754196167, 3.7636117935180664, 3.9487324953079224, 3.7537137269973755, 3.695383906364441, 3.9570956230163574, 3.6447932720184326]",0.9108307959982601,0.7334200260078023,0.6894865525672371,0.7833333333333333
