alpha,K,layers,hidden_channels,out_channels,norm,dropout,margin,lpl_weight,ratio,seed,aggregation,pos_weight,accuracy,f1,recall,precision
0.5,31,2,256,256,,0,0.5,0.9633730272903542,0.20869171591123936,1,sum,1,0.930576070901034,0.8829389788293898,0.8667481662591687,0.899746192893401
0.5,31,2,256,256,,0,0.5,0.9633730272903542,0.20869171591123936,2,sum,1,0.9217134416543574,0.8651399491094147,0.8312958435207825,0.9018567639257294
0.5,31,2,256,256,,0,0.5,0.9633730272903542,0.20869171591123936,3,sum,1,0.9209748892171344,0.8650693568726355,0.8386308068459658,0.8932291666666666
0.5,31,2,256,256,,0,0.5,0.9633730272903542,0.20869171591123936,4,sum,1,0.9302067946824224,0.8825357364822871,0.8679706601466992,0.8975979772439949
0.5,31,2,256,256,,0,0.5,0.9633730272903542,0.20869171591123936,5,sum,1,0.9302067946824224,0.8815047021943574,0.8594132029339854,0.9047619047619048
