alpha,K,layers,hidden_channels,out_channels,norm,dropout,margin,lpl_weight,ratio,seed,aggregation,pos_weight,accuracy,f1,recall,precision
0.6387974533418157,25,2,64,256,layernorm,0.17974756746388984,0.8770439071589337,0.3576024382241292,0.19512137341299424,1,sum,1,0.9180206794682423,0.8596713021491783,0.8312958435207825,0.8900523560209425
0.6387974533418157,25,2,64,256,layernorm,0.17974756746388984,0.8770439071589337,0.3576024382241292,0.19512137341299424,2,sum,1,0.914327917282127,0.8527918781725888,0.8215158924205379,0.8865435356200527
0.6387974533418157,25,2,64,256,layernorm,0.17974756746388984,0.8770439071589337,0.3576024382241292,0.19512137341299424,3,sum,1,0.9039881831610044,0.8379052369077307,0.8215158924205379,0.8549618320610687
0.6387974533418157,25,2,64,256,layernorm,0.17974756746388984,0.8770439071589337,0.3576024382241292,0.19512137341299424,4,sum,1,0.9076809453471196,0.842964824120603,0.8202933985330073,0.8669250645994832
0.6387974533418157,25,2,64,256,layernorm,0.17974756746388984,0.8770439071589337,0.3576024382241292,0.19512137341299424,5,sum,1,0.9117429837518464,0.849211356466877,0.8227383863080685,0.877444589308996
