alpha,K,layers,hidden_channels,out_channels,norm,dropout,margin,lpl_weight,ratio,seed,aggregation,pos_weight,accuracy,f1,recall,precision
0.5929148559889617,28,2,64,256,graphnorm,0.17247143869806214,0.7939176993749983,0.20734366314026711,0.21413009687086043,1,sum,1,0.9139586410635155,0.8566153846153847,0.8508557457212714,0.862453531598513
0.5929148559889617,28,2,64,256,graphnorm,0.17247143869806214,0.7939176993749983,0.20734366314026711,0.21413009687086043,2,sum,1,0.9106351550960118,0.8508014796547472,0.843520782396088,0.8582089552238806
0.5929148559889617,28,2,64,256,graphnorm,0.17247143869806214,0.7939176993749983,0.20734366314026711,0.21413009687086043,3,sum,1,0.9117429837518464,0.8514605344934743,0.8374083129584352,0.865992414664981
0.5929148559889617,28,2,64,256,graphnorm,0.17247143869806214,0.7939176993749983,0.20734366314026711,0.21413009687086043,4,sum,1,0.9039881831610044,0.8395061728395061,0.8312958435207825,0.8478802992518704
0.5929148559889617,28,2,64,256,graphnorm,0.17247143869806214,0.7939176993749983,0.20734366314026711,0.21413009687086043,5,sum,1,0.9121122599704579,0.8547008547008547,0.8557457212713936,0.8536585365853658
