K,layers,hidden_channels,out_channels,norm,lr,treatment,dropout,ratio,seed,aggregation,model_type,batch_size,rate_pairs,clusters,sampling,num_epochs,anomaly_detector,accuracy,f1,recall,precision,losses,test_accuracy,test_f1,test_recall,test_precision
23,2,256,64,,0.005,removal,0,0.21358931500799755,654,mean,GATConv,1024,10,50,sage,50,nearest_neighbors,nan,0.0,0.0,0.0,"[12.99733591079712, 12.927572250366211, 12.968232154846191, 12.687178134918213, 13.16814136505127, 13.001583099365234, 13.126548290252686, 12.889100074768066, 13.192409992218018, 12.678370952606201, 13.11614179611206, 12.386502027511597, 12.640897750854492, 12.508131504058838, 13.336102962493896, 12.714168071746826, 12.773895263671875, 12.958972454071045, 12.474359035491943, 12.57374620437622, 12.587353706359863, 12.730679988861084, 12.42253828048706, 12.540463924407959, 11.866494178771973, 12.521240234375, 12.350619792938232, 12.316959857940674, 12.176262855529785, 12.250413417816162, 12.16266131401062, 11.885731935501099, 12.37986135482788, 12.198178052902222, 12.15290904045105, 12.149784564971924, 11.905609369277954, 12.096559524536133, 12.21912693977356, 11.799360990524292, 11.72147798538208, 11.810896158218384, 11.875123262405396, 11.963669300079346, 11.772949934005737, 11.75523591041565, 11.534862756729126, 11.512903690338135, 11.797256469726562, 11.88707160949707]",0.9169204001739887,0.7522697795071336,0.7090464547677262,0.8011049723756906
