alpha,K,layers,hidden_channels,out_channels,norm,dropout,margin,lpl_weight,ratio,seed,aggregation,pos_weight,accuracy,f1,recall,precision
0.5,35,2,256,256,,0,0.5,0.1372108013821416,0.20450284423267473,1,mean,1,0.9036189069423929,0.8258839226150767,0.7567237163814181,0.908957415565345
0.5,35,2,256,256,,0,0.5,0.1372108013821416,0.20450284423267473,2,mean,1,0.9110044313146234,0.8392261507671781,0.7689486552567237,0.9236417033773862
0.5,35,2,256,256,,0,0.5,0.1372108013821416,0.20450284423267473,3,mean,1,0.8962333825701625,0.8092328581126952,0.7286063569682152,0.9099236641221374
0.5,35,2,256,256,,0,0.5,0.1372108013821416,0.20450284423267473,4,mean,1,0.9169128508124077,0.8554913294797688,0.8141809290953546,0.9012178619756428
0.5,35,2,256,256,,0,0.5,0.1372108013821416,0.20450284423267473,5,mean,1,0.8940177252584933,0.7988787666433076,0.6968215158924206,0.9359605911330049
