K,layers,hidden_channels,out_channels,norm,lr,treatment,dropout,ratio,seed,aggregation,model_type,batch_size,rate_pairs,reliable_mini_batch,clusters,accuracy,f1,recall,precision,losses
4,2,64,256,,0.00950438349473842,removal,0,0.2434858396303532,654,sum,GCNConv,10,6,True,400,0.9464549483013294,0.9114233353695785,0.9119804400977995,0.9108669108669109,"[37.367152988910675, 31.090147703886032, 23.329039819538593, 19.559761062264442, 15.516972675919533, 12.946538493037224, 10.211233951151371, 8.236073024570942, 6.915664255619049, 6.092776611447334, 5.430337391793728, 4.686426758766174, 3.979280438274145, 3.5775856729596853, 3.1868879180401564, 2.843089994043112, 2.639787182211876, 2.405358879826963, 2.209424341097474, 2.0226913960650563, 1.8376106545329094, 1.6767317056655884, 1.609193422831595, 1.4353446699678898, 1.373311197385192, 1.2584729418158531, 1.2009794926270843, 1.1447711288928986, 1.0786926494911313, 1.0271319774910808, 0.9324663418810815, 0.905463230330497, 0.8589462847448885, 0.7964809738332406, 0.7723966427147388, 0.7397845108062029, 0.6971659148111939, 0.6634110240265727, 0.622908974182792, 0.5988952405750751, 0.5622738373931497, 0.5553966900333762, 0.5523444158025086, 0.4824839432258159, 0.4740860677557066, 0.4773027333430946, 0.4694548579864204, 0.41409442760050297, 0.39626787218730897, 0.3942910931073129]"
