K,layers,hidden_channels,out_channels,norm,lr,treatment,dropout,ratio,seed,aggregation,model_type,batch_size,rate_pairs,clusters,sampling,num_epochs,anomaly_detector,accuracy,f1,recall,precision,losses,test_accuracy,test_f1,test_recall,test_precision
2,1,256,128,,0.003910300885115004,removal,0,0.3744289935242086,654,mean,GATConv,1024,5,300,sage,100,nearest_neighbors,0.6862745098039216,0.813953488372093,0.6862745098039216,1.0,"[2.1453734636306763, 1.9679512977600098, 1.9162576794624329, 1.9089936017990112, 1.8838406801223755, 1.8727105855941772, 1.8532381057739258, 1.8333329558372498, 1.8188479542732239, 1.827936589717865, 1.862143337726593, 1.8086835145950317, 1.779002845287323, 1.7981036901474, 1.742741048336029, 1.7551360726356506, 1.7400424480438232, 1.7050294876098633, 1.705979347229004, 1.6910113096237183, 1.684117317199707, 1.68059241771698, 1.6677525043487549, 1.6435021758079529, 1.6091266870498657, 1.606077492237091, 1.5887183547019958, 1.5688486099243164, 1.5759023427963257, 1.551034152507782, 1.5363751649856567, 1.5216163396835327, 1.52552530169487, 1.5147556364536285, 1.5003010928630829, 1.4707168340682983, 1.4751562774181366, 1.4717117547988892, 1.452590823173523, 1.407516747713089, 1.406443029642105, 1.4263277053833008, 1.3942593932151794, 1.384973406791687, 1.382054626941681, 1.3764002919197083, 1.3619195818901062, 1.334926426410675, 1.3442292511463165, 1.330978900194168, 1.3173058927059174, 1.2918657064437866, 1.2915466725826263, 1.268596887588501, 1.2746744751930237, 1.2542152106761932, 1.2583187520503998, 1.2475420534610748, 1.2548687756061554, 1.2086455523967743, 1.2151950895786285, 1.206115961074829, 1.1989552974700928, 1.1875380277633667, 1.172119140625, 1.1591693460941315, 1.1509661674499512, 1.1360662877559662, 1.135379821062088, 1.1216451823711395, 1.1107091307640076, 1.111726701259613, 1.1158540844917297, 1.0829952657222748, 1.0858466029167175, 1.0749559700489044, 1.0599293112754822, 1.0619328916072845, 1.047044962644577, 1.041647732257843, 1.0296411216259003, 1.0200529992580414, 1.0141920149326324, 0.9991518557071686, 0.9919731914997101, 0.990701287984848, 0.989350289106369, 0.9756484031677246, 0.9741497039794922, 0.9689679443836212, 0.9518318474292755, 0.9512656629085541, 0.9333339333534241, 0.9395333230495453, 0.9218916893005371, 0.9277009069919586, 0.9177198708057404, 0.9068339467048645, 0.8841145932674408, 0.8838325440883636]",0.9194977843426884,0.8654320987654321,0.8569682151589242,0.8740648379052369
