K,layers,hidden_channels,out_channels,norm,lr,treatment,dropout,ratio,seed,aggregation,model_type,batch_size,rate_pairs,clusters,sampling,num_epochs,anomaly_detector,accuracy,f1,recall,precision,losses,test_accuracy,test_f1,test_recall,test_precision
13,1,256,128,,0.005,removal,0,0.21620810408763627,654,mean,GCNConv,1024,10,50,sage,100,nearest_neighbors,nan,0.0,0.0,0.0,"[4.432947993278503, 3.790960192680359, 3.7842774391174316, 3.711966633796692, 3.759035587310791, 3.72816002368927, 3.7224514484405518, 3.7418675422668457, 3.8233466148376465, 3.7331258058547974, 3.7544418573379517, 3.74105167388916, 3.6307058334350586, 3.6628997325897217, 3.691241502761841, 3.5497583150863647, 3.624644160270691, 3.577750563621521, 3.5947253704071045, 3.542596936225891, 3.5603076219558716, 3.553940176963806, 3.5476953983306885, 3.541666030883789, 3.586283326148987, 3.5457996129989624, 3.535362720489502, 3.472502827644348, 3.5073989629745483, 3.5056416988372803, 3.4483530521392822, 3.5226105451583862, 3.437588095664978, 3.3783209323883057, 3.3531769514083862, 3.482914686203003, 3.342335820198059, 3.261981964111328, 3.4191739559173584, 3.434348702430725, 3.3012945652008057, 3.355302095413208, 3.292652726173401, 3.2975614070892334, 3.264874219894409, 3.1553053855895996, 3.2027965784072876, 3.191538453102112, 3.1436679363250732, 3.1773077249526978, 3.0619488954544067, 3.118354916572571, 3.211793899536133, 3.0649909377098083, 3.08835369348526, 3.031678795814514, 3.1004703044891357, 2.941181719303131, 3.0332310795783997, 3.053846836090088, 2.94784277677536, 3.003486216068268, 2.9009244441986084, 2.8510398864746094, 2.8282856941223145, 2.9066526293754578, 2.8618499636650085, 2.8253872394561768, 2.757533013820648, 2.7644155025482178, 2.7644081115722656, 2.7054221630096436, 2.6632123589515686, 2.6724804639816284, 2.615145981311798, 2.5973479747772217, 2.6142659783363342, 2.5481885075569153, 2.5348512530326843, 2.4478057622909546, 2.491670250892639, 2.462713301181793, 2.4177428483963013, 2.41060072183609, 2.4149320125579834, 2.372167944908142, 2.3603994846343994, 2.334208309650421, 2.322268009185791, 2.2654672265052795, 2.236794114112854, 2.2067854404449463, 2.182475447654724, 2.167580008506775, 2.1525583267211914, 2.0913429260253906, 2.125355303287506, 2.059017598628998, 2.0396453738212585, 1.9825501441955566]",0.8738581992170509,0.5276872964169381,0.3960880195599022,0.7902439024390244
