alpha,K,layers,hidden_channels,out_channels,norm,dropout,margin,lpl_weight,ratio,seed,aggregation,pos_weight,accuracy,f1,recall,precision
0.5,32,1,256,256,,0.43220219168192664,0.5,0.7530312256417591,0.2472942439214247,1,mean,1,0.8969719350073855,0.8177661659046375,0.7652811735941321,0.8779803646563815
0.5,32,1,256,256,,0.43220219168192664,0.5,0.7530312256417591,0.2472942439214247,2,mean,1,0.9032496307237814,0.8267195767195767,0.7640586797066015,0.9005763688760807
0.5,32,1,256,256,,0.43220219168192664,0.5,0.7530312256417591,0.2472942439214247,3,mean,1,0.904357459379616,0.8281353682813537,0.7628361858190709,0.9056603773584906
0.5,32,1,256,256,,0.43220219168192664,0.5,0.7530312256417591,0.2472942439214247,4,mean,1,0.8969719350073855,0.8128772635814889,0.7408312958435208,0.9004457652303121
0.5,32,1,256,256,,0.43220219168192664,0.5,0.7530312256417591,0.2472942439214247,5,mean,1,0.8895864106351551,0.8013289036544851,0.7371638141809291,0.8777292576419214
