alpha,K,layers,hidden_channels,out_channels,norm,dropout,margin,lpl_weight,ratio,seed,aggregation,pos_weight,accuracy,f1,recall,precision
0.5,35,2,256,256,,0,0.5,0.15232809329642008,0.23778663112275858,1,mean,1,0.9176514032496307,0.8578712555768006,0.8227383863080685,0.8961384820239681
0.5,35,2,256,256,,0,0.5,0.15232809329642008,0.23778663112275858,2,mean,1,0.9183899556868538,0.8610936517913262,0.8374083129584352,0.8861578266494179
0.5,35,2,256,256,,0,0.5,0.15232809329642008,0.23778663112275858,3,mean,1,0.9117429837518464,0.8451069345430978,0.7970660146699267,0.8993103448275862
0.5,35,2,256,256,,0,0.5,0.15232809329642008,0.23778663112275858,4,mean,1,0.9213441654357459,0.860327868852459,0.8019559902200489,0.9278642149929278
0.5,35,2,256,256,,0,0.5,0.15232809329642008,0.23778663112275858,5,mean,1,0.8999261447562777,0.8134893324156917,0.7224938875305623,0.9307086614173228
