alpha,K,layers,hidden_channels,out_channels,norm,dropout,margin,lpl_weight,ratio,seed,aggregation,pos_weight,accuracy,f1,recall,precision
0.17643378103294696,35,3,128,128,,0.2712559308160032,0.7596091345805168,0.87463101911725,0.14769407863515555,1,sum,1,0.8899556868537666,0.8099489795918368,0.7762836185819071,0.8466666666666667
0.17643378103294696,35,3,128,128,,0.2712559308160032,0.7596091345805168,0.87463101911725,0.14769407863515555,2,sum,1,0.8833087149187593,0.7982120051085568,0.7640586797066015,0.8355614973262032
0.17643378103294696,35,3,128,128,,0.2712559308160032,0.7596091345805168,0.87463101911725,0.14769407863515555,3,sum,1,0.8748153618906942,0.7836630504148053,0.7506112469437652,0.8197596795727636
0.17643378103294696,35,3,128,128,,0.2712559308160032,0.7596091345805168,0.87463101911725,0.14769407863515555,4,sum,1,0.8873707533234859,0.805360561582642,0.7713936430317848,0.842456608811749
0.17643378103294696,35,3,128,128,,0.2712559308160032,0.7596091345805168,0.87463101911725,0.14769407863515555,5,sum,1,0.8840472673559823,0.7994891443167306,0.7652811735941321,0.8368983957219251
