K,layers,hidden_channels,out_channels,norm,lr,treatment,dropout,ratio,seed,aggregation,model_type,batch_size,rate_pairs,clusters,sampling,num_epochs,anomaly_detector,accuracy,f1,recall,precision,losses,test_accuracy,test_f1,test_recall,test_precision
2,1,64,256,,0.005,removal,0,0.3799447544128807,654,mean,GCNConv,1024,10,50,sage,100,nearest_neighbors,0.7058823529411765,0.8275862068965517,0.7058823529411765,1.0,"[2.110658288002014, 1.9150802493095398, 1.9519278407096863, 1.8699146509170532, 1.8664401769638062, 1.8790075182914734, 1.8427874445915222, 1.8273728489875793, 1.8063466548919678, 1.791284203529358, 1.768767774105072, 1.7398916482925415, 1.7397011518478394, 1.7135608792304993, 1.6990147233009338, 1.6787558794021606, 1.6578558683395386, 1.6798937320709229, 1.6413522958755493, 1.6233355402946472, 1.6000451445579529, 1.5687130689620972, 1.5621451139450073, 1.5607913136482239, 1.5381804704666138, 1.5193684697151184, 1.5012017786502838, 1.4965292811393738, 1.4677748084068298, 1.4589312672615051, 1.4420143067836761, 1.4448310434818268, 1.3903056383132935, 1.4168307483196259, 1.3832699060440063, 1.3719133734703064, 1.352354645729065, 1.3445359766483307, 1.3336977660655975, 1.3304572999477386, 1.3020824491977692, 1.3091734051704407, 1.2635031640529633, 1.2569884657859802, 1.2582480311393738, 1.2495057582855225, 1.2345196902751923, 1.2120828032493591, 1.1862709522247314, 1.1708439588546753, 1.1687727272510529, 1.1674278676509857, 1.144721895456314, 1.1370301842689514, 1.1172018945217133, 1.1216000318527222, 1.0994918048381805, 1.086898684501648, 1.0788776278495789, 1.069294810295105, 1.0605602860450745, 1.0488587617874146, 1.0225076079368591, 1.0199217200279236, 1.022477149963379, 1.0013421475887299, 0.9922220706939697, 0.982112318277359, 0.9753747582435608, 0.9572516679763794, 0.9532649517059326, 0.9450815618038177, 0.935871034860611, 0.9329370558261871, 0.9183561503887177, 0.906037837266922, 0.89528027176857, 0.8873614966869354, 0.8881659209728241, 0.8691522479057312, 0.8690051138401031, 0.8473803997039795, 0.8555102646350861, 0.8365751504898071, 0.8283720314502716, 0.8206943273544312, 0.8033166527748108, 0.8050246238708496, 0.7943560779094696, 0.8012417554855347, 0.7715302556753159, 0.7666306495666504, 0.7665614783763885, 0.7605319917201996, 0.7493897825479507, 0.7554504424333572, 0.7427937537431717, 0.7385515123605728, 0.7171784490346909, 0.7197931706905365]",0.9213441654357459,0.8709872804360993,0.8789731051344744,0.8631452581032413
