alpha,K,layers,hidden_channels,out_channels,norm,dropout,margin,lpl_weight,ratio,seed,aggregation,pos_weight,accuracy,f1,recall,precision
0.5,33,1,256,256,,0.43691286261801515,0.5,0.337615723054421,0.15239315991129815,1,sum,1,0.9331610044313147,0.8809993425378041,0.8190709046454768,0.9530583214793741
0.5,33,1,256,256,,0.43691286261801515,0.5,0.337615723054421,0.15239315991129815,2,sum,1,0.9209748892171344,0.856951871657754,0.7836185819070904,0.9454277286135693
0.5,33,1,256,256,,0.43691286261801515,0.5,0.337615723054421,0.15239315991129815,3,sum,1,0.9224519940915805,0.86,0.7885085574572127,0.9457478005865103
0.5,33,1,256,256,,0.43691286261801515,0.5,0.337615723054421,0.15239315991129815,4,sum,1,0.9254062038404727,0.8674540682414699,0.8080684596577017,0.9362606232294618
0.5,33,1,256,256,,0.43691286261801515,0.5,0.337615723054421,0.15239315991129815,5,sum,1,0.9276218611521418,0.8717277486910995,0.8141809290953546,0.9380281690140845
