K,layers,hidden_channels,out_channels,norm,lr,treatment,dropout,ratio,seed,aggregation,model_type,batch_size,rate_pairs,clusters,sampling,num_epochs,anomaly_detector,accuracy,f1,recall,precision,losses,test_accuracy,test_f1,test_recall,test_precision
12,1,128,128,,0.006431273754788135,removal,0,0.36130514226871707,654,mean,GCNConv,768,4,400,cluster,100,nearest_neighbors,0.6470588235294118,0.7857142857142857,0.6470588235294118,1.0,"[57.198087215423584, 53.62549585103989, 50.9225879907608, 49.57260739803314, 43.10046923160553, 39.90025842189789, 37.27942979335785, 35.40753373503685, 32.606090784072876, 29.98190015554428, 28.243252724409103, 26.200263500213623, 24.40231615304947, 22.37560933828354, 21.400605589151382, 19.287443965673447, 17.790310353040695, 16.70328250527382, 15.262684851884842, 13.989482775330544, 12.55106857419014, 11.57024970650673, 10.986086070537567, 9.892776444554329, 9.567063555121422, 8.495238810777664, 8.094620645046234, 7.581546574831009, 7.145805656909943, 6.722742885351181, 6.020114317536354, 5.953029841184616, 5.635857008397579, 5.313917919993401, 4.982747465372086, 4.802920088171959, 4.610369011759758, 4.299647517502308, 4.124026991426945, 3.8874149322509766, 3.6570519879460335, 3.5410131961107254, 3.4075288847088814, 3.215755131095648, 3.1023946180939674, 3.030929870903492, 2.8700724840164185, 2.7166729792952538, 2.634288288652897, 2.588249310851097, 2.5089616924524307, 2.3886151760816574, 2.295898888260126, 2.207410927861929, 2.134475365281105, 2.0738700591027737, 1.9825572445988655, 1.91219000518322, 1.838863082230091, 1.8131079263985157, 1.6979092955589294, 1.672181200236082, 1.6464151479303837, 1.5730179026722908, 1.5202316008508205, 1.5258105024695396, 1.5023676678538322, 1.4097730852663517, 1.3856294881552458, 1.3378588408231735, 1.2794322669506073, 1.263100509531796, 1.1750460378825665, 1.1735130157321692, 1.1616612635552883, 1.1303015127778053, 1.1284928862005472, 1.069001566618681, 1.0203381013125181, 1.0146780014038086, 0.9939300995320082, 0.9707928504794836, 0.9551655165851116, 0.9340283442288637, 0.9010883569717407, 0.8534529469907284, 0.8795127738267183, 0.8440791759639978, 0.8033569324761629, 0.7862730231136084, 0.7747096624225378, 0.7773454030975699, 0.7380316723138094, 0.732467532157898, 0.6992137606721371, 0.6973072662949562, 0.6999708078801632, 0.6880030501633883, 0.6357088536024094, 0.6539458548650146]",0.888109305760709,0.8068833652007649,0.773838630806846,0.8428761651131824
