alpha,K,layers,hidden_channels,out_channels,norm,dropout,margin,lpl_weight,ratio,seed,aggregation,pos_weight,accuracy,f1,recall,precision
0.5,26,1,256,256,,0.3534283986755596,0.5,0.49173207582273276,0.24726271766034996,1,sum,1,0.9338995568685377,0.8894379246448425,0.8801955990220048,0.898876404494382
0.5,26,1,256,256,,0.3534283986755596,0.5,0.49173207582273276,0.24726271766034996,2,sum,1,0.9279911373707533,0.8804414469650521,0.8777506112469438,0.8831488314883149
0.5,26,1,256,256,,0.3534283986755596,0.5,0.49173207582273276,0.24726271766034996,3,sum,1,0.9309453471196455,0.8875526157546603,0.902200488997555,0.8733727810650888
0.5,26,1,256,256,,0.3534283986755596,0.5,0.49173207582273276,0.24726271766034996,4,sum,1,0.9254062038404727,0.8774271844660194,0.8838630806845966,0.8710843373493976
0.5,26,1,256,256,,0.3534283986755596,0.5,0.49173207582273276,0.24726271766034996,5,sum,1,0.9276218611521418,0.8827751196172249,0.902200488997555,0.8641686182669789
