alpha,K,layers,hidden_channels,out_channels,norm,dropout,margin,lpl_weight,ratio,seed,aggregation,pos_weight,accuracy,f1,recall,precision
0.5225556218682548,26,2,256,256,graphnorm,0.19148721756379133,0.6348520731231905,0.45644165733336167,0.22301166205654735,1,sum,1,0.9335302806499262,0.8922155688622755,0.910757946210269,0.8744131455399061
0.5225556218682548,26,2,256,256,graphnorm,0.19148721756379133,0.6348520731231905,0.45644165733336167,0.22301166205654735,2,sum,1,0.9368537666174298,0.8972972972972973,0.91320293398533,0.8819362455726092
0.5225556218682548,26,2,256,256,graphnorm,0.19148721756379133,0.6348520731231905,0.45644165733336167,0.22301166205654735,3,sum,1,0.9409158050221565,0.9027946537059538,0.9083129584352079,0.8973429951690821
0.5225556218682548,26,2,256,256,graphnorm,0.19148721756379133,0.6348520731231905,0.45644165733336167,0.22301166205654735,4,sum,1,0.9394387001477105,0.9,0.902200488997555,0.8978102189781022
0.5225556218682548,26,2,256,256,graphnorm,0.19148721756379133,0.6348520731231905,0.45644165733336167,0.22301166205654735,5,sum,1,0.9361152141802068,0.8957203134418324,0.9083129584352079,0.8834720570749108
