K,layers,hidden_channels,out_channels,norm,lr,treatment,dropout,ratio,seed,aggregation,model_type,batch_size,rate_pairs,clusters,sampling,sampling_k,num_epochs,anomaly_detector,accuracy,f1,recall,precision,losses
9,2,128,128,,0.00908564246798143,removal,0,0.2743107220962504,654,mean,GATConv,512,10,200,neighbor,50,50,nearest_neighbors,0.8991875923190547,0.8352444176222088,0.8459657701711492,0.8247914183551848,"[7.7153542041778564, 7.493977069854736, 7.2825846672058105, 7.299704670906067, 6.969012022018433, 7.027628779411316, 6.9004475474357605, 6.643466472625732, 6.611799597740173, 6.368013024330139, 6.300664186477661, 5.968760550022125, 6.2242591381073, 5.9275301694869995, 5.687652766704559, 5.535600185394287, 5.412649750709534, 5.256947457790375, 4.9725136160850525, 4.872588872909546, 4.524345695972443, 4.422600984573364, 4.25294828414917, 4.083434879779816, 3.991269886493683, 3.8043819069862366, 3.5948198437690735, 3.5035098791122437, 3.3297661542892456, 3.195906698703766, 3.087487429380417, 2.997488796710968, 2.8470244705677032, 2.7949626445770264, 2.6178208887577057, 2.5498277842998505, 2.427223265171051, 2.343743771314621, 2.2444888055324554, 2.1882839500904083, 2.091717481613159, 1.9851733148097992, 1.9336490631103516, 1.8821468651294708, 1.7816117703914642, 1.7616694867610931, 1.6945300102233887, 1.6213215589523315, 1.5941340327262878, 1.533387467265129]"
