K,layers,hidden_channels,out_channels,norm,lr,treatment,dropout,ratio,seed,aggregation,model_type,batch_size,rate_pairs,clusters,sampling,num_epochs,anomaly_detector,accuracy,f1,recall,precision,losses,test_accuracy,test_f1,test_recall,test_precision
7,1,128,256,,0.005,removal,0,0.27077454982199695,654,mean,GCNConv,2048,10,50,sage,100,nearest_neighbors,0.696078431372549,0.8208092485549133,0.696078431372549,1.0,"[2.592686653137207, 2.5821521282196045, 2.5459370613098145, 2.4986791610717773, 2.5173250436782837, 2.515759229660034, 2.4951220750808716, 2.5292831659317017, 2.4300462007522583, 2.4703768491744995, 2.506386399269104, 2.465942144393921, 2.4395480155944824, 2.5044862031936646, 2.494076132774353, 2.435924530029297, 2.4298088550567627, 2.397759795188904, 2.345416307449341, 2.4190529584884644, 2.3517425060272217, 2.3914276361465454, 2.3659533262252808, 2.4201889038085938, 2.392439365386963, 2.3726855516433716, 2.332787871360779, 2.357000231742859, 2.3432846069335938, 2.3180723190307617, 2.2705823183059692, 2.325270652770996, 2.287837266921997, 2.2332963943481445, 2.283580780029297, 2.25818932056427, 2.2615890502929688, 2.241592764854431, 2.2430649995803833, 2.249427080154419, 2.2403242588043213, 2.22554874420166, 2.197871208190918, 2.188241124153137, 2.1927236318588257, 2.1651748418807983, 2.1780797243118286, 2.1433392763137817, 2.157909631729126, 2.180554509162903, 2.146861433982849, 2.167059063911438, 2.082631826400757, 2.1111775040626526, 2.1274912357330322, 2.0889747738838196, 2.0621931552886963, 2.0362342596054077, 2.0577584505081177, 2.0134814381599426, 2.0381662249565125, 2.0510050654411316, 1.9874005317687988, 2.032147705554962, 1.9686220288276672, 1.9948406219482422, 1.9531436562538147, 1.9577735662460327, 1.9488704204559326, 1.9450355768203735, 1.9170013666152954, 1.8968296647071838, 1.8804563283920288, 1.8855275511741638, 1.8790246844291687, 1.872340738773346, 1.8796042799949646, 1.8263224363327026, 1.8053953051567078, 1.837848722934723, 1.7768664360046387, 1.805565357208252, 1.7844645977020264, 1.7542870044708252, 1.8109785914421082, 1.7190349698066711, 1.7462520599365234, 1.7373458743095398, 1.741466224193573, 1.6957147717475891, 1.7137556672096252, 1.6671687364578247, 1.7197813987731934, 1.6427090764045715, 1.6878318190574646, 1.647743284702301, 1.6559711694717407, 1.6396040320396423, 1.6208004355430603, 1.6179750561714172]",0.9183899556868538,0.8603916614024005,0.8325183374083129,0.8901960784313725
