alpha,K,layers,hidden_channels,out_channels,norm,dropout,margin,lpl_weight,ratio,seed,aggregation,pos_weight,accuracy,f1,recall,precision
0.5,33,1,128,256,,0.12298078354828498,0.5,0.7165814733089719,0.16099128814378652,1,sum,1,0.9246676514032496,0.8647214854111406,0.7970660146699267,0.9449275362318841
0.5,33,1,128,256,,0.12298078354828498,0.5,0.7165814733089719,0.16099128814378652,2,sum,1,0.922821270310192,0.8640208197787899,0.8117359413202934,0.9235048678720446
0.5,33,1,128,256,,0.12298078354828498,0.5,0.7165814733089719,0.16099128814378652,3,sum,1,0.9246676514032496,0.8627187079407806,0.7836185819070904,0.9595808383233533
0.5,33,1,128,256,,0.12298078354828498,0.5,0.7165814733089719,0.16099128814378652,4,sum,1,0.9294682422451994,0.8750817527795945,0.8178484107579462,0.9409282700421941
0.5,33,1,128,256,,0.12298078354828498,0.5,0.7165814733089719,0.16099128814378652,5,sum,1,0.9302067946824224,0.8767123287671232,0.8215158924205379,0.9398601398601398
