alpha,K,layers,hidden_channels,out_channels,norm,dropout,margin,lpl_weight,ratio,seed,aggregation,pos_weight,accuracy,f1,recall,precision
0.5,35,2,256,256,,0,0.5,0.2326420037275102,0.2400220144422122,1,sum,1,0.9294682422451994,0.8845921450151057,0.8948655256723717,0.8745519713261649
0.5,35,2,256,256,,0,0.5,0.2326420037275102,0.2400220144422122,2,sum,1,0.9401772525849336,0.9001233045622689,0.8924205378973105,0.9079601990049752
0.5,35,2,256,256,,0,0.5,0.2326420037275102,0.2400220144422122,3,sum,1,0.9272525849335302,0.878169449598021,0.8679706601466992,0.8886107634543179
0.5,35,2,256,256,,0,0.5,0.2326420037275102,0.2400220144422122,4,sum,1,0.930576070901034,0.8856447688564477,0.8899755501222494,0.8813559322033898
0.5,35,2,256,256,,0,0.5,0.2326420037275102,0.2400220144422122,5,sum,1,0.9353766617429837,0.892041949413942,0.8838630806845966,0.900373599003736
