alpha,K,layers,hidden_channels,out_channels,norm,dropout,margin,lpl_weight,ratio,seed,aggregation,pos_weight,accuracy,f1,recall,precision
0.5,31,2,128,256,,0,0.5,0.5539903013473864,0.2286796881492435,1,sum,1,0.9180206794682423,0.8634686346863468,0.8581907090464548,0.8688118811881188
0.5,31,2,128,256,,0,0.5,0.5539903013473864,0.2286796881492435,2,sum,1,0.9198670605612999,0.8637790332705587,0.8410757946210269,0.8877419354838709
0.5,31,2,128,256,,0,0.5,0.5539903013473864,0.2286796881492435,3,sum,1,0.9146971935007385,0.8557151780137414,0.8374083129584352,0.8748403575989783
0.5,31,2,128,256,,0,0.5,0.5539903013473864,0.2286796881492435,4,sum,1,0.9217134416543574,0.8699386503067484,0.8667481662591687,0.8731527093596059
0.5,31,2,128,256,,0,0.5,0.5539903013473864,0.2286796881492435,5,sum,1,0.9132200886262924,0.8550277606415793,0.8471882640586798,0.863013698630137
