alpha,K,layers,hidden_channels,out_channels,norm,dropout,margin,lpl_weight,ratio,seed,aggregation,pos_weight,accuracy,f1,recall,precision
0.5,26,2,256,128,,0,0.5,0.25573234591327865,0.14116636972297286,1,sum,1,0.9158050221565731,0.8473895582329317,0.773838630806846,0.9363905325443787
0.5,26,2,256,128,,0,0.5,0.25573234591327865,0.14116636972297286,2,sum,1,0.9165435745937962,0.847913862718708,0.7701711491442543,0.9431137724550899
0.5,26,2,256,128,,0,0.5,0.25573234591327865,0.14116636972297286,3,sum,1,0.9158050221565731,0.8473895582329317,0.773838630806846,0.9363905325443787
0.5,26,2,256,128,,0,0.5,0.25573234591327865,0.14116636972297286,4,sum,1,0.9076809453471196,0.829700272479564,0.7444987775061125,0.936923076923077
0.5,26,2,256,128,,0,0.5,0.25573234591327865,0.14116636972297286,5,sum,1,0.9231905465288035,0.8631578947368421,0.8019559902200489,0.9344729344729344
