K,layers,hidden_channels,out_channels,norm,lr,treatment,dropout,ratio,seed,aggregation,model_type,batch_size,rate_pairs,clusters,sampling,sampling_k,num_epochs,anomaly_detector,accuracy,f1,recall,precision,losses
10,1,128,128,,0.0058593721266123515,removal,0,0.26549842505700577,654,mean,GCNConv,256,1,400,nearest_neighbors,50,50,nearest_neighbors,0.8858936484490398,0.802555910543131,0.7677261613691931,0.8406961178045516,"[64.41189002990723, 61.155081272125244, 58.08089780807495, 55.84152936935425, 52.50377607345581, 49.52723264694214, 47.49916934967041, 45.59532451629639, 43.68826198577881, 41.589799642562866, 39.50351023674011, 37.7763991355896, 35.944090366363525, 34.436052322387695, 33.29279184341431, 31.72540283203125, 30.587950468063354, 29.19089984893799, 28.110361576080322, 26.675899982452393, 25.775097370147705, 24.471900939941406, 23.60443377494812, 22.890970706939697, 21.900054574012756, 21.249518752098083, 20.361062169075012, 19.751041889190674, 19.048811197280884, 18.409700751304626, 17.745421409606934, 17.106918931007385, 16.528565645217896, 16.075308561325073, 15.528385877609253, 14.97262728214264, 14.568926215171814, 14.098985075950623, 13.677939057350159, 13.294917821884155, 12.842482805252075, 12.488852739334106, 12.111348032951355, 11.855106472969055, 11.43479198217392, 11.20670735836029, 10.838193714618683, 10.495688676834106, 10.32945704460144, 9.99543559551239]"
