alpha,K,layers,hidden_channels,out_channels,norm,dropout,margin,lpl_weight,ratio,seed,aggregation,pos_weight,accuracy,f1,recall,precision
0.5506397524433885,28,1,128,64,,0.42460362561299425,0.476979095090568,0.60343202609337,0.34814776480267645,1,sum,1,0.8316100443131462,0.7751479289940828,0.960880195599022,0.6495867768595042
0.5506397524433885,28,1,128,64,,0.42460362561299425,0.476979095090568,0.60343202609337,0.34814776480267645,2,sum,1,0.8286558345642541,0.7712031558185405,0.9559902200488998,0.6462809917355372
0.5506397524433885,28,1,128,64,,0.42460362561299425,0.476979095090568,0.60343202609337,0.34814776480267645,3,sum,1,0.827917282127031,0.7702169625246549,0.9547677261613692,0.6454545454545455
0.5506397524433885,28,1,128,64,,0.42460362561299425,0.476979095090568,0.60343202609337,0.34814776480267645,4,sum,1,0.827917282127031,0.7702169625246549,0.9547677261613692,0.6454545454545455
0.5506397524433885,28,1,128,64,,0.42460362561299425,0.476979095090568,0.60343202609337,0.34814776480267645,5,sum,1,0.8234859675036927,0.7642998027613412,0.9474327628361858,0.640495867768595
