alpha,K,layers,hidden_channels,out_channels,norm,dropout,margin,lpl_weight,ratio,seed,aggregation,pos_weight,accuracy,f1,recall,precision
0.5,35,2,256,256,,0,0.5,0.34668099853982015,0.45694871319958463,1,sum,1,0.8737075332348597,0.8186638388123012,0.9437652811735942,0.7228464419475655
0.5,35,2,256,256,,0,0.5,0.34668099853982015,0.45694871319958463,2,sum,1,0.8954948301329394,0.8451012588943624,0.9437652811735942,0.7651139742319127
0.5,35,2,256,256,,0,0.5,0.34668099853982015,0.45694871319958463,3,sum,1,0.8751846381093058,0.8188638799571275,0.9339853300733496,0.7290076335877863
0.5,35,2,256,256,,0,0.5,0.34668099853982015,0.45694871319958463,4,sum,1,0.8545051698670606,0.7993890020366599,0.9596577017114915,0.6849912739965096
0.5,35,2,256,256,,0,0.5,0.34668099853982015,0.45694871319958463,5,sum,1,0.8641063515509602,0.8073298429319372,0.9425427872860636,0.7060439560439561
