K,layers,hidden_channels,out_channels,norm,lr,treatment,dropout,ratio,seed,aggregation,model_type,batch_size,rate_pairs,clusters,sampling,num_epochs,anomaly_detector,accuracy,f1,recall,precision,losses,test_accuracy,test_f1,test_recall,test_precision
22,2,256,64,,0.005,removal,0,0.27182061924372536,654,mean,GCNConv,2048,10,50,sage,100,nearest_neighbors,nan,0.0,0.0,0.0,"[3.1976922750473022, 2.934448719024658, 2.885135531425476, 2.8886470794677734, 2.93027400970459, 2.8272429704666138, 2.83460533618927, 2.995298385620117, 2.974000930786133, 2.881615400314331, 2.9612611532211304, 2.862703323364258, 2.797472596168518, 2.855486512184143, 2.80898916721344, 2.8452341556549072, 2.852447509765625, 2.7369725704193115, 2.8564754724502563, 2.87087345123291, 2.9867377281188965, 2.9431346654891968, 2.8469983339309692, 2.796923518180847, 2.8246530294418335, 2.853533625602722, 2.923358917236328, 2.738699793815613, 2.9708088636398315, 2.7597713470458984, 2.754193425178528, 2.7812557220458984, 2.938059687614441, 2.800848126411438, 2.826165199279785, 2.81622850894928, 2.856668472290039, 2.7601027488708496]",0.9090909090909091,0.7422934648581998,0.7359413202933985,0.7487562189054726
