K,layers,hidden_channels,out_channels,norm,lr,treatment,dropout,ratio,seed,aggregation,model_type,batch_size,rate_pairs,clusters,sampling,sampling_k,num_epochs,anomaly_detector,accuracy,f1,recall,precision,losses
2,2,128,128,,0.008387688785730022,removal,0,0.19358559214443338,654,mean,GATConv,20,2,300,cluster,25,100,nearest_neighbors,0.9113737075332349,0.8475222363405337,0.815403422982885,0.8822751322751323,"[8.743240594863892, 8.223377913236618, 7.513457149267197, 6.95327353477478, 6.3715163469314575, 5.979422688484192, 5.5632694363594055, 4.963771268725395, 4.4223513305187225, 4.0684694945812225, 3.768210917711258, 3.4742542058229446, 3.270068436861038, 3.124312475323677, 2.869251549243927, 2.692489728331566, 2.382404774427414, 2.315917521715164, 2.130134165287018, 2.017395168542862, 1.9219315871596336, 1.8000964671373367, 1.7185254618525505, 1.585923209786415, 1.5117128044366837, 1.4417435750365257, 1.3683365285396576, 1.288958117365837, 1.207147367298603, 1.1787260696291924, 1.1251628659665585, 1.1142810173332691, 1.0424206741154194, 1.00783134624362, 0.9582528732717037, 0.9096259884536266, 0.882209774106741, 0.8658659420907497, 0.8094360642135143, 0.7753087840974331, 0.7587035186588764, 0.7369836252182722, 0.7049999367445707, 0.6864772811532021, 0.664029311388731, 0.6289940252900124, 0.6196521129459143, 0.5894879102706909, 0.5905624888837337, 0.5485294945538044, 0.5411983393132687, 0.5290262810885906, 0.5191288013011217, 0.503706531599164, 0.4774846062064171, 0.48130739107728004, 0.45161703042685986, 0.44039718620479107, 0.4260485805571079, 0.4208923391997814, 0.41348186135292053, 0.3967614360153675, 0.38943621702492237, 0.3720543421804905, 0.37463569827377796, 0.36577614303678274, 0.3565019452944398, 0.34915725141763687, 0.34032465890049934, 0.3312551509588957, 0.31710557267069817, 0.3090411610901356, 0.3126837722957134, 0.2986593758687377, 0.293240069411695, 0.2846980756148696, 0.2869910644367337, 0.27855063881725073, 0.2699178270995617, 0.2655045399442315, 0.2579416297376156, 0.25106310471892357, 0.25014874897897243, 0.24518476705998182, 0.24345730524510145, 0.22847177274525166, 0.2247552303597331, 0.2239000853151083, 0.2202912988141179, 0.21373396925628185, 0.21218384988605976, 0.20682931412011385, 0.1995230158790946, 0.2029189271852374, 0.19718774408102036, 0.19503593631088734, 0.19152739085257053, 0.18877530843019485, 0.18655372131615877, 0.18384547624737024]"
