alpha,K,layers,hidden_channels,out_channels,norm,dropout,margin,lpl_weight,ratio,seed,aggregation,pos_weight,accuracy,f1,recall,precision
0.5,32,1,256,128,,0.1864711996815408,0.5,0.6367927363434871,0.2545715573678321,1,sum,1,0.9224519940915805,0.870049504950495,0.8594132029339854,0.8809523809523809
0.5,32,1,256,128,,0.1864711996815408,0.5,0.6367927363434871,0.2545715573678321,2,sum,1,0.9265140324963073,0.8781383955909369,0.8765281173594132,0.8797546012269939
0.5,32,1,256,128,,0.1864711996815408,0.5,0.6367927363434871,0.2545715573678321,3,sum,1,0.9180206794682423,0.8638036809815951,0.8606356968215159,0.8669950738916257
0.5,32,1,256,128,,0.1864711996815408,0.5,0.6367927363434871,0.2545715573678321,4,sum,1,0.9265140324963073,0.8782874617737003,0.8777506112469438,0.8788249694002448
0.5,32,1,256,128,,0.1864711996815408,0.5,0.6367927363434871,0.2545715573678321,5,sum,1,0.9235598227474151,0.8744693753790176,0.8814180929095354,0.8676293622141997
