alpha,K,layers,hidden_channels,out_channels,norm,dropout,margin,lpl_weight,ratio,seed,aggregation,pos_weight,accuracy,f1,recall,precision
0.24946985491401957,29,2,256,256,layernorm,0.22916730491739631,0.7222758879149309,0.7753842136204387,0.2150862992653455,1,sum,1,0.9172821270310192,0.8699186991869918,0.9156479217603912,0.8285398230088495
0.24946985491401957,29,2,256,256,layernorm,0.22916730491739631,0.7222758879149309,0.7753842136204387,0.2150862992653455,2,sum,1,0.9106351550960118,0.859465737514518,0.9046454767726161,0.8185840707964602
0.24946985491401957,29,2,256,256,layernorm,0.22916730491739631,0.7222758879149309,0.7753842136204387,0.2150862992653455,3,sum,1,0.9084194977843427,0.8559814169570267,0.9009779951100244,0.8152654867256637
0.24946985491401957,29,2,256,256,layernorm,0.22916730491739631,0.7222758879149309,0.7753842136204387,0.2150862992653455,4,sum,1,0.9054652880354506,0.851335656213705,0.8960880195599022,0.8108407079646017
0.24946985491401957,29,2,256,256,layernorm,0.22916730491739631,0.7222758879149309,0.7753842136204387,0.2150862992653455,5,sum,1,0.9102658788774003,0.8588030214991285,0.9034229828850856,0.8183831672203765
