K,layers,hidden_channels,out_channels,norm,lr,treatment,dropout,ratio,seed,aggregation,model_type,batch_size,rate_pairs,clusters,sampling,num_epochs,anomaly_detector,accuracy,f1,recall,precision,losses,test_accuracy,test_f1,test_recall,test_precision
2,1,64,256,,0.005,removal,0,0.3757042608826051,654,mean,GCNConv,1024,10,50,sage,100,nearest_neighbors,0.6764705882352942,0.8070175438596491,0.6764705882352942,1.0,"[2.1129554510116577, 1.9149771332740784, 1.9518405199050903, 1.8692960739135742, 1.8654884099960327, 1.879029393196106, 1.8446137309074402, 1.8302576541900635, 1.8083028197288513, 1.7928801774978638, 1.76785409450531, 1.7399650812149048, 1.741852045059204, 1.715161144733429, 1.7005130052566528, 1.6802341938018799, 1.6578233242034912, 1.6799551248550415, 1.643348753452301, 1.6228704452514648, 1.600712776184082, 1.570720136165619, 1.5614579319953918, 1.5619156956672668, 1.5386314988136292, 1.5203022360801697, 1.5016941726207733, 1.4964954853057861, 1.4694650769233704, 1.457709163427353, 1.4415419697761536, 1.4450174272060394, 1.3892979621887207, 1.417504906654358, 1.3836442232131958, 1.3725634217262268, 1.353610634803772, 1.3439082503318787, 1.336002767086029, 1.3297277987003326, 1.3029286563396454, 1.3084437251091003, 1.2636900842189789, 1.257377177476883, 1.258833110332489, 1.2488658130168915, 1.235343188047409, 1.2104979753494263, 1.187316507101059, 1.1716512143611908, 1.1687355637550354, 1.1669674515724182, 1.145185112953186, 1.1372496783733368, 1.1181330978870392, 1.1228897869586945, 1.1009213626384735, 1.086394876241684, 1.0796704292297363, 1.069185346364975, 1.0601284801959991, 1.0487694442272186, 1.0229547321796417, 1.0199291706085205, 1.021732658147812, 1.0011008977890015, 0.9918461740016937, 0.9819545149803162, 0.9763796031475067, 0.9577812850475311, 0.9536499679088593, 0.9443200528621674, 0.9368213415145874, 0.9319613575935364, 0.9182347357273102, 0.9061033427715302, 0.894843339920044, 0.8878293335437775, 0.8891061246395111, 0.8690430521965027, 0.8698569238185883, 0.8475334942340851, 0.8554586172103882, 0.8366952538490295, 0.8282143473625183, 0.8212913274765015, 0.8037996888160706, 0.8053582310676575, 0.795066237449646, 0.801279604434967, 0.7726560831069946, 0.7663787007331848, 0.7672772109508514, 0.7598452717065811, 0.7494283765554428, 0.7561705559492111, 0.7429253309965134, 0.7381114065647125, 0.717334195971489, 0.7194801867008209]",0.9187592319054653,0.8650306748466258,0.8618581907090465,0.8682266009852216
