alpha,K,layers,hidden_channels,out_channels,norm,dropout,margin,lpl_weight,ratio,seed,aggregation,pos_weight,accuracy,f1,recall,precision
0.5,35,2,256,256,,0,0.5,0.21270556940392277,0.24776858031259816,1,sum,1,0.9353766617429837,0.8943874471937237,0.9058679706601467,0.8831942789034565
0.5,35,2,256,256,,0,0.5,0.21270556940392277,0.24776858031259816,2,sum,1,0.9375923190546529,0.8954854669140383,0.8850855745721271,0.9061326658322904
0.5,35,2,256,256,,0,0.5,0.21270556940392277,0.24776858031259816,3,sum,1,0.9279911373707533,0.8804414469650521,0.8777506112469438,0.8831488314883149
0.5,35,2,256,256,,0,0.5,0.21270556940392277,0.24776858031259816,4,sum,1,0.9287296898079763,0.8835244417622209,0.8948655256723717,0.8724672228843862
0.5,35,2,256,256,,0,0.5,0.21270556940392277,0.24776858031259816,5,sum,1,0.9368537666174298,0.8946395563770795,0.8875305623471883,0.901863354037267
