K,layers,hidden_channels,out_channels,norm,lr,treatment,dropout,ratio,seed,aggregation,model_type,batch_size,rate_pairs,clusters,sampling,sampling_k,num_epochs,anomaly_detector,accuracy,f1,recall,precision,losses
9,2,128,128,,0.0047528126617896,removal,0,0.2195,654,mean,GCNConv,15,6,50,cluster,25,100,nearest_neighbors,0.8936484490398818,0.8170266836086404,0.7860635696821516,0.8505291005291006,"[4.12528669834137, 4.272200345993042, 4.285605311393738, 4.117633402347565, 4.114824533462524, 3.8729860186576843, 4.032792627811432, 4.028770983219147, 4.074420869350433, 3.9728879928588867, 3.8359118700027466, 4.031395375728607, 4.279059827327728, 3.7607407569885254, 3.8158428072929382, 3.9232466220855713, 3.841917037963867, 4.119641661643982, 3.987596273422241, 3.934144139289856, 3.775413453578949, 3.698794662952423, 3.820329785346985, 3.8920249938964844, 3.8660503029823303, 3.7461898922920227, 3.550873577594757, 3.689962923526764, 3.6180668473243713, 3.5349701642990112, 3.3195701241493225, 3.6314342617988586, 3.5155088901519775, 3.6216920018196106, 3.7943819165229797, 4.016856849193573, 3.387340009212494, 3.4249324202537537, 3.4531728625297546, 3.3328670859336853, 3.5409425497055054, 3.5524080395698547, 3.237375497817993, 3.1012983918190002, 2.987057477235794, 3.090588688850403, 3.1693958044052124, 3.0801209807395935, 3.1359968781471252, 2.9744666814804077, 2.853831946849823, 2.9009926319122314, 2.8385226130485535, 3.103352129459381, 2.784391403198242, 2.8198589086532593, 2.8214555382728577, 2.8283180594444275, 2.9232890605926514, 2.6897332668304443, 2.573458969593048, 2.6016408801078796, 2.5848907232284546, 2.5512441992759705, 2.396146237850189, 2.5667407512664795, 2.448486328125, 2.3483662605285645, 2.2179371118545532, 2.1962503790855408, 2.2616775035858154, 2.623026490211487, 2.2218562960624695, 2.2105921506881714, 2.1611211597919464, 2.0959684252738953, 2.1074788570404053, 2.014726310968399, 1.9978927671909332, 2.0852297842502594, 1.9626575410366058, 1.9869700074195862, 1.9557499885559082, 1.9764742851257324, 1.9420292973518372, 1.895324468612671, 1.8515968322753906, 1.6561600863933563, 1.837054282426834, 1.8006141483783722, 1.7507456839084625, 1.7149167656898499, 1.7119677662849426, 1.6918279826641083, 1.6880694329738617, 1.5968022346496582, 1.5894804298877716, 1.6572549045085907, 1.487346351146698, 1.5444080233573914]"
