K,layers,hidden_channels,out_channels,norm,lr,treatment,dropout,ratio,seed,aggregation,model_type,batch_size,rate_pairs,reliable_mini_batch,clusters,accuracy,f1,recall,precision,losses
10,2,128,256,,0.008027689533862167,relabeling,0,0.1899440065995809,654,mean,GCNConv,15,7,True,100,0.8888478581979321,0.8194361127774445,0.8349633251833741,0.8044758539458187,"[8.61348831653595, 8.816303133964539, 8.102762997150421, 7.8073954582214355, 7.730199456214905, 7.02676123380661, 6.788034439086914, 7.049121797084808, 6.236439406871796, 6.80828982591629, 6.362769722938538, 6.682655096054077, 5.972080111503601, 6.0781654715538025, 5.722519874572754, 5.391810983419418, 5.402755796909332, 5.131151080131531, 5.175239861011505, 5.133340030908585, 4.921945661306381, 4.701814770698547, 4.282429486513138, 4.435925185680389, 4.3850023448467255, 4.042908847332001, 3.8569133579730988, 3.7851848900318146, 3.8820240199565887, 3.7337075769901276, 3.8318589329719543, 3.4362193048000336, 3.3008008301258087, 3.377059981226921, 3.101211816072464, 2.9894664585590363, 2.9743556082248688, 2.919757157564163, 2.9023629128932953, 2.7892079949378967, 2.666429564356804, 2.777490332722664, 2.580036297440529, 2.4025048464536667, 2.4165203273296356, 2.37726891040802, 2.3004768639802933, 2.338043361902237, 2.256496101617813, 2.136704847216606]"
