alpha,K,layers,hidden_channels,out_channels,norm,dropout,margin,lpl_weight,ratio,seed,aggregation,pos_weight,accuracy,f1,recall,precision
0.5,25,2,256,256,,0.22413634416379946,0.5,0.4183614395266394,0.33019248917635463,1,sum,1,0.9121122599704579,0.8627450980392157,0.9144254278728606,0.8165938864628821
0.5,25,2,256,256,,0.22413634416379946,0.5,0.4183614395266394,0.33019248917635463,2,sum,1,0.9302067946824224,0.8870292887029289,0.9070904645476773,0.8678362573099415
0.5,25,2,256,256,,0.22413634416379946,0.5,0.4183614395266394,0.33019248917635463,3,sum,1,0.9098966026587888,0.8600917431192661,0.9168704156479217,0.8099352051835853
0.5,25,2,256,256,,0.22413634416379946,0.5,0.4183614395266394,0.33019248917635463,4,sum,1,0.9139586410635155,0.8673875924871941,0.9315403422982885,0.8115015974440895
0.5,25,2,256,256,,0.22413634416379946,0.5,0.4183614395266394,0.33019248917635463,5,sum,1,0.9154357459379616,0.8675534991324465,0.9168704156479217,0.823271130625686
