alpha,K,layers,hidden_channels,out_channels,norm,dropout,margin,lpl_weight,ratio,seed,aggregation,pos_weight,accuracy,f1,recall,precision
0.5,26,1,256,256,,0,0.5,0.8036171271328596,0.49998047702970166,1,sum,1,0.8707533234859675,0.8163693599160545,0.9511002444987775,0.7150735294117647
0.5,26,1,256,256,,0,0.5,0.8036171271328596,0.49998047702970166,2,sum,1,0.8707533234859675,0.8165618448637316,0.9523227383863081,0.7146788990825688
0.5,26,1,256,256,,0,0.5,0.8036171271328596,0.49998047702970166,3,sum,1,0.8419497784342689,0.7838383838383839,0.9486552567237164,0.6678141135972461
0.5,26,1,256,256,,0,0.5,0.8036171271328596,0.49998047702970166,4,sum,1,0.8423190546528804,0.7866066966516742,0.9621026894865525,0.665257819103973
0.5,26,1,256,256,,0,0.5,0.8036171271328596,0.49998047702970166,5,sum,1,0.8556129985228951,0.8008150789607743,0.960880195599022,0.6864628820960699
