alpha,K,layers,hidden_channels,out_channels,norm,dropout,margin,lpl_weight,ratio,seed,aggregation,pos_weight,accuracy,f1,recall,precision
0.8053031256267417,26,2,64,256,graphnorm,0.1378146705572058,0.9159941332126126,0.39726055629952006,0.183231182134363,1,sum,1,0.9102658788774003,0.8466876971608833,0.8202933985330073,0.8748370273794003
0.8053031256267417,26,2,64,256,graphnorm,0.1378146705572058,0.9159941332126126,0.39726055629952006,0.183231182134363,2,sum,1,0.9087887740029542,0.8435718809373021,0.8141809290953546,0.8751642575558476
0.8053031256267417,26,2,64,256,graphnorm,0.1378146705572058,0.9159941332126126,0.39726055629952006,0.183231182134363,3,sum,1,0.9014032496307238,0.8306911857958148,0.8007334963325183,0.8629776021080369
0.8053031256267417,26,2,64,256,graphnorm,0.1378146705572058,0.9159941332126126,0.39726055629952006,0.183231182134363,4,sum,1,0.8988183161004432,0.8248081841432225,0.7885085574572127,0.8646112600536193
0.8053031256267417,26,2,64,256,graphnorm,0.1378146705572058,0.9159941332126126,0.39726055629952006,0.183231182134363,5,sum,1,0.9087887740029542,0.8433734939759037,0.812958435207824,0.8761528326745718
