K,layers,hidden_channels,out_channels,norm,lr,treatment,dropout,ratio,seed,aggregation,model_type,batch_size,rate_pairs,clusters,sampling,sampling_k,num_epochs,anomaly_detector,accuracy,f1,recall,precision,losses
9,2,128,128,,0.006012517147095671,removal,0,0.18970457582459122,654,mean,GATConv,1024,5,300,neighbor,75,100,unweighted,0.8419497784342689,0.6762481089258698,0.5464547677261614,0.8869047619047619,"[3.6755733489990234, 3.5585654973983765, 3.523672580718994, 3.5501359701156616, 3.441055178642273, 3.382855534553528, 3.457103133201599, 3.449071526527405, 3.476849675178528, 3.469144105911255, 3.3956931829452515, 3.345491886138916, 3.400288462638855, 3.286032557487488, 3.2873618602752686, 3.366486072540283, 3.2511746883392334, 3.2541083097457886, 3.242707133293152, 3.2149102687835693, 3.2635430097579956, 3.2671607732772827, 3.1923041343688965, 3.146077871322632, 3.1641669273376465, 3.066585063934326, 3.141218662261963, 3.090324819087982, 3.0534939765930176, 3.125699520111084, 3.0597440004348755, 2.9633533358573914, 2.9749593138694763, 3.012121796607971, 2.9685824513435364, 2.8854464888572693, 2.8630688190460205, 2.9302101731300354, 2.8566445112228394, 2.8386349081993103, 2.788387954235077, 2.755099296569824, 2.76017963886261, 2.734055757522583, 2.709545314311981, 2.664730191230774, 2.6503971219062805, 2.6441174149513245, 2.5926661491394043, 2.607002913951874, 2.5913654565811157, 2.540098011493683, 2.5178797841072083, 2.443545877933502, 2.4341618418693542, 2.4124889969825745, 2.3810627460479736, 2.3792828917503357, 2.3111129999160767, 2.324539065361023, 2.2892937064170837, 2.2508808374404907, 2.2447487711906433, 2.214832901954651, 2.1704826951026917, 2.1021669507026672, 2.1037310361862183, 2.1278464794158936, 2.0738569498062134, 2.021578013896942, 1.9939440488815308, 2.0007976293563843, 1.9626968502998352, 1.9162948727607727, 1.904912292957306, 1.88732248544693, 1.841335415840149, 1.8397705554962158, 1.7964926362037659, 1.781907081604004, 1.7662670016288757, 1.719542920589447, 1.6939212679862976, 1.693829357624054, 1.6577286124229431, 1.6076499223709106, 1.623857319355011, 1.5834581851959229, 1.585461676120758, 1.54194575548172, 1.54927659034729, 1.4871241450309753, 1.4865451455116272, 1.4453394711017609, 1.4305104315280914, 1.4155236184597015, 1.394587218761444, 1.3751201927661896, 1.3880439102649689, 1.3361054360866547]"
