alpha,K,layers,hidden_channels,out_channels,norm,dropout,margin,lpl_weight,ratio,seed,aggregation,pos_weight,accuracy,f1,recall,precision
0.5,34,2,256,128,,0,0.5,0.10058721659835966,0.2443584461455632,1,sum,1,0.9231905465288035,0.8722358722358723,0.8679706601466992,0.8765432098765432
0.5,34,2,256,128,,0,0.5,0.10058721659835966,0.2443584461455632,2,sum,1,0.9283604135893648,0.8814180929095354,0.8814180929095354,0.8814180929095354
0.5,34,2,256,128,,0,0.5,0.10058721659835966,0.2443584461455632,3,sum,1,0.9276218611521418,0.8796068796068796,0.8753056234718827,0.8839506172839506
0.5,34,2,256,128,,0,0.5,0.10058721659835966,0.2443584461455632,4,sum,1,0.9265140324963073,0.8785845027455765,0.8801955990220048,0.876979293544458
0.5,34,2,256,128,,0,0.5,0.10058721659835966,0.2443584461455632,5,sum,1,0.9202363367799113,0.8658385093167702,0.8520782396088019,0.8800505050505051
