K,layers,hidden_channels,out_channels,norm,lr,treatment,dropout,ratio,seed,aggregation,model_type,batch_size,rate_pairs,reliable_mini_batch,clusters,accuracy,f1,recall,precision,losses
4,2,64,256,,0.0010518671970029519,removal,0,0.2263049738737266,654,sum,GCNConv,10,5,True,400,0.8914327917282127,0.80859375,0.7591687041564792,0.8649025069637883,"[42.246687054634094, 41.905764400959015, 38.20609997212887, 39.37169274687767, 38.50641322135925, 39.244595646858215, 36.69834807515144, 36.0945029258728, 35.188131272792816, 35.5198190510273, 35.298705101013184, 34.61082348227501, 32.43630275130272, 32.324851334095, 31.4690330773592, 30.311562836170197, 30.521274119615555, 29.36389745771885, 29.35225412249565, 28.29610939323902, 27.30302804708481, 26.272096812725067, 26.276825696229935, 24.91761091351509, 24.809321895241737, 23.620476186275482, 23.40028914809227, 23.400941282510757, 22.47264838218689, 22.351217031478882, 20.77212566509843, 20.796839088201523, 20.379647687077522, 19.59994813799858, 19.436428725719452, 18.97542278468609, 18.402356535196304, 17.843183934688568, 17.133625684306026, 16.825274720788002, 16.049479641020298, 16.22434303164482, 16.247830539941788, 14.588770397007465, 14.50829345639795, 14.813527047634125, 14.838219687342644, 13.319974839687347, 12.817445874214172, 12.90544942766428]"
