K,layers,hidden_channels,out_channels,norm,lr,treatment,dropout,ratio,seed,aggregation,model_type,batch_size,rate_pairs,clusters,sampling,sampling_k,num_epochs,anomaly_detector,accuracy,f1,recall,precision,losses
8,2,128,64,,0.005386067024691527,removal,0,0.2660217892042496,654,mean,GATConv,10,2,300,cluster,25,100,nearest_neighbors,0.8873707533234859,0.8143639683505782,0.8178484107579462,0.8109090909090909,"[41.35825777053833, 37.747630923986435, 35.59091454744339, 33.8769770860672, 30.972131431102753, 30.165691256523132, 28.320579916238785, 25.544569574296474, 24.37545895576477, 21.49551483988762, 20.416700959205627, 19.067208036780357, 17.43280538916588, 15.944386884570122, 14.520133569836617, 13.611664444208145, 12.473565876483917, 11.339796409010887, 10.65414559841156, 9.405154794454575, 8.764520019292831, 8.497051298618317, 7.800712123513222, 7.208964668214321, 6.606804959475994, 6.218683265149593, 5.785063661634922, 5.5420175939798355, 5.16260202229023, 4.852004811167717, 4.652377877384424, 4.416323848068714, 4.0983217768371105, 3.8928629383444786, 3.670009568333626, 3.403913013637066, 3.3797116801142693, 3.1661417111754417, 2.9857018776237965, 2.8903579004108906, 2.819772221148014, 2.5679153949022293, 2.539493292570114, 2.3729717433452606, 2.2849014177918434, 2.2313291765749454, 2.142174120992422, 1.9579828474670649, 1.9527833983302116, 1.843779195100069, 1.8352916073054075, 1.8053445182740688, 1.6727311741560698, 1.619074035435915, 1.6005865596234798, 1.5258707124739885, 1.517617179080844, 1.4498570766299963, 1.4031117893755436, 1.324370414018631, 1.2812940012663603, 1.2613425552845001, 1.2264871578663588, 1.2248694989830256, 1.1520597729831934, 1.1171426363289356, 1.1117885950952768, 1.0657046656124294, 0.9968079482205212, 0.9877977222204208, 0.9802865907549858, 0.9405924659222364, 0.9302431866526604, 0.8905747029930353, 0.8552656276151538, 0.8243024563416839, 0.832564340904355, 0.8053520377725363, 0.7709099110215902, 0.7624631179496646, 0.7576694786548615, 0.710941300727427, 0.707110982388258, 0.6950031332671642, 0.6691961400210857, 0.6623398093506694, 0.6432417631149292, 0.6275980351492763, 0.6067191106267273, 0.5902214953675866, 0.5942162219434977, 0.5938594210892916, 0.5589529816061258, 0.5390699235722423, 0.5320733105763793, 0.5209777574054897, 0.5177151951938868, 0.48496871208772063, 0.4939875127747655, 0.476158797275275]"
