alpha,K,layers,hidden_channels,out_channels,norm,dropout,margin,lpl_weight,ratio,seed,aggregation,pos_weight,accuracy,f1,recall,precision
0.5,28,2,256,128,,0,0.5,0.7720299912030082,0.06956317213873259,1,sum,1,0.8943870014771049,0.7912408759124088,0.6625916870415648,0.9818840579710145
0.5,28,2,256,128,,0,0.5,0.7720299912030082,0.06956317213873259,2,sum,1,0.8873707533234859,0.7765567765567766,0.6479217603911981,0.9689213893967094
0.5,28,2,256,128,,0,0.5,0.7720299912030082,0.06956317213873259,3,sum,1,0.8954948301329394,0.794778825235678,0.6699266503667481,0.9768270944741533
0.5,28,2,256,128,,0,0.5,0.7720299912030082,0.06956317213873259,4,sum,1,0.8855243722304283,0.7727272727272727,0.6442542787286064,0.9652014652014652
0.5,28,2,256,128,,0,0.5,0.7720299912030082,0.06956317213873259,5,sum,1,0.8947562776957164,0.7927272727272727,0.6662591687041565,0.9784560143626571
