K,layers,hidden_channels,out_channels,norm,lr,treatment,dropout,ratio,seed,aggregation,model_type,batch_size,rate_pairs,clusters,sampling,num_epochs,anomaly_detector,accuracy,f1,recall,precision,losses,test_accuracy,test_f1,test_recall,test_precision
15,2,256,128,,0.005,removal,0,0.3645016535342843,654,max,GATConv,1024,10,50,sage,100,nearest_neighbors,nan,0.0,0.0,0.0,"[4.121494650840759, 3.9631612300872803, 3.924145817756653, 4.096858024597168, 4.001984000205994, 3.973416805267334, 3.9877716302871704, 3.8508963584899902, 3.852176785469055, 3.8398605585098267, 3.8411937952041626, 3.840798258781433, 3.901044726371765, 3.816046953201294, 3.8529049158096313, 3.820663809776306, 3.876182198524475, 3.781692147254944, 3.7768425941467285, 3.776413679122925, 3.7725090980529785, 3.744118094444275, 3.7720766067504883, 3.779578447341919, 3.6640597581863403, 3.7335866689682007, 3.6558938026428223, 3.733154058456421, 3.741740584373474, 3.732205867767334, 3.717108726501465, 3.657689094543457, 3.6771938800811768, 3.589325189590454, 3.7209081649780273, 3.5338369607925415, 3.5262871980667114, 3.650262236595154, 3.5800095796585083, 3.5894927978515625, 3.506045699119568, 3.3831921815872192, 3.4448020458221436, 3.474158525466919, 3.4522106647491455, 3.3734090328216553, 3.4389050006866455, 3.421109437942505, 3.527115821838379, 3.4297635555267334, 3.3798723220825195, 3.446624279022217, 3.360091805458069, 3.315155029296875, 3.2786260843276978, 3.274584650993347, 3.317383050918579, 3.2074036598205566, 3.2033321857452393, 3.229798913002014, 3.2154232263565063, 3.194275379180908, 3.197736144065857, 3.192177891731262, 3.173617124557495, 3.0881206393241882, 3.0902613401412964, 3.0762747526168823, 2.985893666744232, 3.0122989416122437, 3.0123663544654846, 2.987690508365631, 2.9065436124801636, 2.9247230291366577, 2.8521779775619507, 2.827832520008087, 2.815791368484497, 2.793584108352661, 2.769427001476288, 2.776642680168152, 2.743676781654358, 2.7642892003059387, 2.7067105770111084, 2.6575162410736084, 2.642262876033783, 2.6215476989746094, 2.6059014201164246, 2.5699283480644226, 2.5822014212608337, 2.4912079572677612, 2.5147350430488586, 2.483944594860077, 2.4612138867378235, 2.4048070907592773, 2.3929635286331177, 2.3644067645072937, 2.3549102544784546, 2.335919678211212, 2.306328594684601, 2.243047595024109]",0.9147455415397999,0.772093023255814,0.8117359413202934,0.7361419068736141
