K,layers,hidden_channels,out_channels,norm,lr,treatment,dropout,ratio,seed,aggregation,model_type,batch_size,rate_pairs,clusters,sampling,sampling_k,num_epochs,anomaly_detector,accuracy,f1,recall,precision,losses
9,2,256,256,,0.0012953217306745108,removal,0,0.24373339506146743,654,mean,GCNConv,1024,9,100,neighbor,25,50,nearest_neighbors,0.8991875923190547,0.8195637805684072,0.7579462102689487,0.8920863309352518,"[3.3027907609939575, 3.2570950984954834, 3.3037946224212646, 3.3232319355010986, 3.233471989631653, 3.276073455810547, 3.2083040475845337, 3.1966270208358765, 3.2349568605422974, 3.2750370502471924, 3.279374361038208, 3.324006199836731, 3.247828960418701, 3.2158313989639282, 3.2610626220703125, 3.2030787467956543, 3.1808520555496216, 3.2553638219833374, 3.1947704553604126, 3.1922751665115356, 3.206522583961487, 3.2713311910629272, 3.2522106170654297, 3.2514809370040894, 3.2144123911857605, 3.2160619497299194, 3.14120614528656, 3.0997424721717834, 3.1902759075164795, 3.1312148571014404, 3.179571270942688, 3.0797725915908813, 3.1488070487976074, 3.229761481285095, 3.202665328979492, 3.0963258743286133, 3.1176940202713013, 3.2197799682617188, 3.1036040782928467, 3.149022102355957, 3.1912903785705566, 3.158954381942749, 3.068677246570587, 3.1122617721557617, 3.133814215660095, 3.1440593004226685, 3.0021913051605225, 3.1870144605636597, 3.1094247698783875, 3.1496415734291077]"
