alpha,K,layers,hidden_channels,out_channels,norm,dropout,margin,lpl_weight,ratio,seed,aggregation,pos_weight,accuracy,f1,recall,precision
0.17337917402450628,30,2,256,64,graphnorm,0.2314012594702975,0.6003642586510636,0.7173409622138935,0.15018040750911552,1,sum,1,0.9320531757754801,0.8805194805194805,0.8288508557457213,0.9390581717451524
0.17337917402450628,30,2,256,64,graphnorm,0.2314012594702975,0.6003642586510636,0.7173409622138935,0.15018040750911552,2,sum,1,0.9368537666174298,0.8896061975468044,0.8422982885085575,0.9425444596443229
0.17337917402450628,30,2,256,64,graphnorm,0.2314012594702975,0.6003642586510636,0.7173409622138935,0.15018040750911552,3,sum,1,0.9350073855243722,0.8852672750977836,0.8300733496332519,0.9483240223463687
0.17337917402450628,30,2,256,64,graphnorm,0.2314012594702975,0.6003642586510636,0.7173409622138935,0.15018040750911552,4,sum,1,0.9331610044313147,0.8823911630929174,0.8300733496332519,0.941747572815534
0.17337917402450628,30,2,256,64,graphnorm,0.2314012594702975,0.6003642586510636,0.7173409622138935,0.15018040750911552,5,sum,1,0.9320531757754801,0.8808290155440415,0.8312958435207825,0.9366391184573003
