alpha,K,layers,hidden_channels,out_channels,norm,dropout,margin,lpl_weight,ratio,seed,aggregation,pos_weight,accuracy,f1,recall,precision
0.5,30,2,256,256,,0.10210062749156454,0.5,0.83261741471517,0.16184032362215528,1,sum,1,0.9342688330871491,0.8842652795838751,0.8312958435207825,0.9444444444444444
0.5,30,2,256,256,,0.10210062749156454,0.5,0.83261741471517,0.16184032362215528,2,sum,1,0.9239290989660266,0.8646517739816032,0.80440097799511,0.9346590909090909
0.5,30,2,256,256,,0.10210062749156454,0.5,0.83261741471517,0.16184032362215528,3,sum,1,0.922082717872969,0.8610928242264648,0.7995110024449877,0.9329529243937232
0.5,30,2,256,256,,0.10210062749156454,0.5,0.83261741471517,0.16184032362215528,4,sum,1,0.9324224519940916,0.8809368900455433,0.8276283618581907,0.9415855354659249
0.5,30,2,256,256,,0.10210062749156454,0.5,0.83261741471517,0.16184032362215528,5,sum,1,0.9231905465288035,0.864406779661017,0.8105134474327629,0.9259776536312849
