K,layers,hidden_channels,out_channels,norm,lr,treatment,dropout,ratio,seed,aggregation,model_type,batch_size,rate_pairs,reliable_mini_batch,clusters,accuracy,f1,recall,precision,losses
4,2,64,256,,0.0055134465720906465,removal,0,0.2419989797110736,654,sum,GCNConv,10,9,True,400,0.9375923190546529,0.8961278426551936,0.89119804400978,0.9011124845488258,"[38.678707122802734, 35.46867334842682, 29.264066636562347, 27.34349662065506, 23.943314284086227, 21.873304903507233, 18.52638205885887, 15.96419507265091, 14.022653192281723, 12.689770445227623, 11.60856456309557, 10.254982337355614, 8.835971683263779, 8.046400789171457, 7.239959438331425, 6.537335589528084, 6.119630500674248, 5.598612897098064, 5.165728539228439, 4.754894827492535, 4.310595721006393, 3.9544964358210564, 3.804666206240654, 3.4141322523355484, 3.2639744859188795, 2.997862983494997, 2.869876205921173, 2.7450176924467087, 2.566714223474264, 2.459189936518669, 2.2382444352842867, 2.172291327267885, 2.058460796251893, 1.9181358963251114, 1.8623608890920877, 1.777508471161127, 1.6814955798909068, 1.6048523113131523, 1.501483612228185, 1.4425362441688776, 1.3537259788718075, 1.3447410073131323, 1.339558256790042, 1.1641115352977067, 1.1448230097885244, 1.1527596144005656, 1.135719663463533, 1.000746770761907, 0.956599835306406, 0.9545262116007507]"
