K,layers,hidden_channels,out_channels,norm,lr,treatment,dropout,ratio,seed,aggregation,model_type,batch_size,rate_pairs,clusters,sampling,num_epochs,anomaly_detector,accuracy,f1,recall,precision,losses,test_accuracy,test_f1,test_recall,test_precision
13,2,64,128,,0.005,removal,0,0.27212655738319996,654,mean,GATConv,1024,10,50,sage,50,nearest_neighbors,nan,0.0,0.0,0.0,"[11.846705675125122, 11.224907398223877, 11.359778642654419, 11.261910676956177, 11.605896711349487, 11.328208446502686, 11.54927659034729, 11.161332130432129, 11.40381145477295, 11.212826013565063, 11.852294921875, 11.127250909805298, 11.337590217590332, 11.112124919891357, 10.879053115844727, 11.14233660697937, 11.195950031280518, 10.89728331565857, 10.997307777404785, 11.231053590774536, 11.089539766311646, 10.774450778961182, 10.76075792312622, 10.454838275909424, 10.9215989112854, 10.843618392944336, 10.729729652404785, 10.97549557685852, 11.001699447631836, 11.006340742111206, 10.506935358047485, 10.508769512176514, 10.435863256454468, 10.556627035140991, 10.481933116912842, 10.580049276351929, 10.117804527282715, 10.304388999938965, 10.400085210800171, 9.961730241775513, 10.067371845245361, 10.026147603988647, 10.03236174583435, 10.001247644424438, 9.735405683517456, 9.82662296295166, 9.814194440841675, 9.910259485244751, 9.738492727279663, 9.733662366867065]",0.9108307959982601,0.7591069330199764,0.7897310513447433,0.7307692307692307
