alpha,K,layers,hidden_channels,out_channels,norm,dropout,margin,lpl_weight,ratio,seed,aggregation,pos_weight,accuracy,f1,recall,precision
0.5,32,2,256,256,,0,0.5,0.6422063511891941,0.15142960222199026,1,sum,1,0.9250369276218612,0.8663594470046083,0.80440097799511,0.9386590584878745
0.5,32,2,256,256,,0,0.5,0.6422063511891941,0.15142960222199026,2,sum,1,0.9250369276218612,0.8649367930805056,0.7946210268948656,0.948905109489051
0.5,32,2,256,256,,0,0.5,0.6422063511891941,0.15142960222199026,3,sum,1,0.9246676514032496,0.8652575957727873,0.8007334963325183,0.9410919540229885
0.5,32,2,256,256,,0,0.5,0.6422063511891941,0.15142960222199026,4,sum,1,0.9191285081240768,0.8548707753479126,0.7885085574572127,0.9334298118668596
0.5,32,2,256,256,,0,0.5,0.6422063511891941,0.15142960222199026,5,sum,1,0.931314623338257,0.8792207792207792,0.8276283618581907,0.9376731301939059
