K,layers,hidden_channels,out_channels,norm,lr,treatment,dropout,ratio,seed,aggregation,model_type,batch_size,rate_pairs,clusters,sampling,sampling_k,num_epochs,anomaly_detector,accuracy,f1,recall,precision,losses
9,2,128,128,,0.005783648725959168,removal,0,0.20047026883639438,654,mean,GATConv,256,3,300,neighbor,25,50,unweighted,0.845642540620384,0.6889880952380952,0.5660146699266504,0.8802281368821293,"[15.300197839736938, 14.932422995567322, 14.450039029121399, 14.25528633594513, 13.764036417007446, 13.675386428833008, 13.324245691299438, 13.3366619348526, 12.649083256721497, 12.138727247714996, 12.082073271274567, 11.524807810783386, 11.261840641498566, 10.908183455467224, 10.396285891532898, 9.985356867313385, 9.536498308181763, 9.160293579101562, 8.74543285369873, 8.367153882980347, 7.943560004234314, 7.600015938282013, 7.22228080034256, 6.889172732830048, 6.652503550052643, 6.334175229072571, 5.958515375852585, 5.760813146829605, 5.497637242078781, 5.277588188648224, 4.970237553119659, 4.7785947024822235, 4.539329886436462, 4.409378260374069, 4.15739580988884, 4.012272000312805, 3.882139205932617, 3.7444041669368744, 3.555018812417984, 3.400650143623352, 3.297961801290512, 3.203260838985443, 3.1078249514102936, 2.9768371880054474, 2.852568209171295, 2.711529567837715, 2.6651377379894257, 2.5952698290348053, 2.5099194049835205, 2.4327705204486847]"
