K,layers,hidden_channels,out_channels,norm,lr,treatment,dropout,ratio,seed,aggregation,model_type,batch_size,rate_pairs,clusters,sampling,num_epochs,anomaly_detector,accuracy,f1,recall,precision,losses,test_accuracy,test_f1,test_recall,test_precision
2,1,128,128,,0.005,removal,0,0.2745870603551229,654,mean,GCNConv,1024,10,50,sage,100,nearest_neighbors,0.6372549019607843,0.7784431137724551,0.6372549019607843,1.0,"[2.1276222467422485, 1.9049338698387146, 1.8900461196899414, 1.8534094095230103, 1.8569780588150024, 1.8225277066230774, 1.800822138786316, 1.7988277673721313, 1.7781152725219727, 1.7448341250419617, 1.768286645412445, 1.7434778809547424, 1.6862371563911438, 1.6939124464988708, 1.6930333971977234, 1.6381563544273376, 1.6395244598388672, 1.6356268525123596, 1.5937740206718445, 1.5856454968452454, 1.5923981666564941, 1.567533016204834, 1.5414684414863586, 1.5192371010780334, 1.4993296563625336, 1.510497361421585, 1.485454112291336, 1.4643763601779938, 1.4563670754432678, 1.4204541742801666, 1.4252291023731232, 1.4363214075565338, 1.4039473831653595, 1.3705079853534698, 1.3645305335521698, 1.3542400002479553, 1.3370655179023743, 1.3293092548847198, 1.3113093376159668, 1.2990497648715973, 1.2899090349674225, 1.2753584384918213, 1.261387437582016, 1.2368122041225433, 1.231074959039688, 1.2037951946258545, 1.1913679242134094, 1.1952735483646393, 1.1685085892677307, 1.1716744899749756, 1.1385361850261688, 1.1507411897182465, 1.1457140743732452, 1.12704336643219, 1.0968822240829468, 1.1042493283748627, 1.1030576825141907, 1.0666564404964447, 1.0654940903186798, 1.0679426193237305, 1.035715937614441, 1.0326689779758453, 1.0043709576129913, 1.0034201443195343, 1.0007784068584442, 0.9940493702888489, 0.9845837950706482, 0.9737084209918976, 0.9582905173301697, 0.9437205791473389, 0.955013245344162, 0.9251265525817871, 0.9253142178058624, 0.925714373588562, 0.8895805478096008, 0.8906306326389313, 0.8938857614994049, 0.8798331022262573, 0.8674072325229645, 0.8446032106876373, 0.8629963099956512, 0.8424452543258667, 0.8279984891414642, 0.8214876651763916, 0.8132372200489044, 0.8124568462371826, 0.7977976500988007, 0.8006390929222107, 0.7840466201305389, 0.7707924544811249, 0.7672343552112579, 0.7660246193408966, 0.7538193762302399, 0.7408499866724014, 0.7395256757736206, 0.7283189296722412, 0.7336113154888153, 0.7148874402046204, 0.7189174592494965, 0.702897384762764]",0.9172821270310192,0.8560411311053985,0.8141809290953546,0.9024390243902439
