alpha,K,layers,hidden_channels,out_channels,norm,dropout,margin,lpl_weight,ratio,seed,aggregation,pos_weight,accuracy,f1,recall,precision
0.5,27,2,256,256,,0.10894610433492784,0.5,0.9740472958399694,0.2415966083689367,1,sum,1,0.9198670605612999,0.8706022659511031,0.8924205378973105,0.8498253783469151
0.5,27,2,256,256,,0.10894610433492784,0.5,0.9740472958399694,0.2415966083689367,2,sum,1,0.9202363367799113,0.8678090575275398,0.8667481662591687,0.8688725490196079
0.5,27,2,256,256,,0.10894610433492784,0.5,0.9740472958399694,0.2415966083689367,3,sum,1,0.9180206794682423,0.862453531598513,0.8508557457212714,0.8743718592964824
0.5,27,2,256,256,,0.10894610433492784,0.5,0.9740472958399694,0.2415966083689367,4,sum,1,0.9320531757754801,0.8882138517618469,0.8936430317848411,0.8828502415458938
0.5,27,2,256,256,,0.10894610433492784,0.5,0.9740472958399694,0.2415966083689367,5,sum,1,0.9287296898079763,0.8822452715070165,0.8838630806845966,0.8806333739342266
