K,layers,hidden_channels,out_channels,norm,lr,treatment,dropout,ratio,seed,aggregation,model_type,batch_size,rate_pairs,clusters,sampling,num_epochs,anomaly_detector,accuracy,f1,recall,precision,losses,test_accuracy,test_f1,test_recall,test_precision
4,2,64,128,,0.005,removal,0,0.3267767603893991,654,max,GATConv,1024,10,50,sage,100,nearest_neighbors,nan,0.0,0.0,0.0,"[2.8057494163513184, 2.483756899833679, 2.4817333221435547, 2.4408669471740723, 2.4605884552001953, 2.4456822276115417, 2.43549120426178, 2.399769604206085, 2.4093557000160217, 2.3801570534706116, 2.4309428334236145, 2.346159279346466, 2.346612572669983, 2.3110084533691406, 2.300509512424469, 2.291012167930603, 2.2912630438804626, 2.2380157709121704, 2.2402024269104004, 2.2727739810943604, 2.2079023718833923, 2.1981014013290405, 2.1812427043914795, 2.1186264753341675, 2.1493202447891235, 2.1456332206726074, 2.1120302081108093, 2.14513498544693, 2.0932968258857727, 2.0735873579978943, 2.0311169624328613, 2.0219194889068604, 1.9936363697052002, 1.9689696431159973, 1.9713512659072876, 1.9805988073349, 1.8980047106742859, 1.9193600416183472, 1.89488685131073, 1.8637495636940002, 1.8346648812294006, 1.8431575894355774, 1.8189818263053894, 1.8080893754959106, 1.7766714096069336, 1.768471896648407, 1.7507968544960022, 1.7484362721443176, 1.723826289176941, 1.7231304049491882, 1.695020854473114, 1.6862617135047913, 1.6338747143745422, 1.6220541596412659, 1.630370557308197, 1.601352035999298, 1.6094785928726196, 1.5649952292442322, 1.5491424202919006, 1.5224688947200775, 1.5284402072429657, 1.508680135011673, 1.494443029165268, 1.4829187095165253, 1.4652798771858215, 1.4458051323890686, 1.4362061321735382, 1.4134926795959473, 1.4004506766796112, 1.3678387105464935, 1.3587400317192078, 1.3397469520568848, 1.3724049925804138, 1.3329219222068787, 1.2998333871364594, 1.3035882115364075, 1.2811981737613678, 1.305020034313202, 1.2665041387081146, 1.261146992444992, 1.2434129416942596, 1.2178568542003632, 1.2173924148082733, 1.2014767527580261, 1.1838714182376862, 1.18597012758255, 1.1523997783660889, 1.148312509059906, 1.1343977749347687, 1.127646118402481, 1.1142608225345612, 1.1099767088890076, 1.098219245672226, 1.081967055797577, 1.0770414173603058, 1.059986263513565, 1.0513987243175507, 1.0331362783908844, 1.027341365814209, 1.0314014554023743]",0.8712483688560244,0.6703786191536748,0.7359413202933985,0.6155419222903885
