K,layers,hidden_channels,out_channels,norm,lr,treatment,dropout,ratio,seed,aggregation,model_type,batch_size,rate_pairs,clusters,sampling,num_epochs,anomaly_detector,accuracy,f1,recall,precision,losses,test_accuracy,test_f1,test_recall,test_precision
9,1,64,128,,0.005,removal,0,0.23409265684679562,654,mean,GATConv,1024,10,50,sage,100,nearest_neighbors,nan,0.0,0.0,0.0,"[4.039842844009399, 3.5741708278656006, 3.3818541765213013, 3.4258898496627808, 3.41410231590271, 3.3818331956863403, 3.3474453687667847, 3.3768402338027954, 3.3550593852996826, 3.3569068908691406, 3.488148808479309, 3.3652870655059814, 3.2603278160095215, 3.3658323287963867, 3.2403197288513184, 3.385365605354309, 3.2825218439102173, 3.220657706260681, 3.3010212182998657, 3.1917227506637573, 3.186109185218811, 3.2285364866256714, 3.256222367286682, 3.126443386077881, 3.1598183512687683, 3.153531789779663, 3.1043723821640015, 3.1274129152297974, 3.088842034339905, 2.9981720447540283, 3.118463635444641, 2.9994057416915894, 3.0219159722328186, 3.042819082736969, 2.9879761338233948, 2.964084506034851, 2.943710684776306, 2.9135594964027405, 2.9157010316848755, 2.781267821788788, 2.8173778653144836, 2.873027801513672, 2.805441737174988, 2.8705058693885803, 2.801814615726471, 2.797077000141144, 2.764278471469879, 2.6847009658813477, 2.7737048268318176, 2.6675625443458557, 2.7464733123779297, 2.606886923313141, 2.6437061429023743, 2.5838752388954163, 2.577814996242523, 2.5397977232933044, 2.6046314239501953, 2.5583317279815674, 2.588161051273346, 2.446870744228363, 2.473413646221161, 2.4420559406280518, 2.435771882534027, 2.4371434450149536, 2.3776363134384155, 2.3410037755966187, 2.3595062494277954, 2.312726378440857, 2.3246509432792664, 2.2652342319488525, 2.245279371738434, 2.2441746592521667, 2.24103045463562, 2.1975029706954956, 2.1936281323432922, 2.1512563228607178, 2.112942159175873, 2.1126155853271484, 2.0960575342178345, 2.0727922320365906, 2.058919906616211, 1.9990118741989136, 1.9911245703697205, 1.9453085064888, 1.9419955611228943, 1.917527675628662, 1.9155320525169373, 1.8797360062599182, 1.9002898931503296, 1.8731578588485718, 1.8305297493934631, 1.8074426651000977, 1.7702682614326477, 1.769989550113678, 1.7471277713775635, 1.7424328923225403, 1.7028005719184875, 1.6764857769012451, 1.635448932647705, 1.6086644530296326]",0.8903871248368856,0.6170212765957447,0.4963325183374083,0.8152610441767069
