K,layers,hidden_channels,out_channels,norm,lr,treatment,dropout,ratio,seed,aggregation,model_type,batch_size,rate_pairs,clusters,sampling,num_epochs,anomaly_detector,accuracy,f1,recall,precision,losses,test_accuracy,test_f1,test_recall,test_precision
14,2,256,64,,0.005,removal,0,0.21772470204753652,654,mean,GCNConv,2048,10,50,sage,50,nearest_neighbors,nan,0.0,0.0,0.0,"[3.8266005516052246, 3.608052372932434, 3.553186297416687, 3.570582389831543, 3.628508687019348, 3.5282535552978516, 3.508832335472107, 3.6307783126831055, 3.6251022815704346, 3.5432249307632446, 3.7083327770233154, 3.5705987215042114, 3.465613842010498, 3.536336898803711, 3.4838955402374268, 3.4821691513061523, 3.5261576175689697, 3.4329754114151, 3.4688985347747803, 3.5325522422790527, 3.671293020248413, 3.611356496810913, 3.521660566329956, 3.4363702535629272, 3.518999695777893, 3.5055580139160156, 3.608520269393921, 3.3845033645629883, 3.6650307178497314, 3.411380410194397, 3.4408986568450928, 3.447298049926758, 3.616084098815918, 3.4655224084854126, 3.4708582162857056, 3.460239052772522, 3.485895872116089, 3.404119372367859, 3.6261075735092163, 3.4451069831848145, 3.4172335863113403, 3.2522462606430054, 3.3243671655654907, 3.56480872631073, 3.360379457473755, 3.274948835372925, 3.34520947933197, 3.2738494873046875, 3.3848246335983276, 3.30413281917572]",0.9299695519791213,0.7838926174496644,0.7139364303178484,0.8690476190476191
