alpha,K,layers,hidden_channels,out_channels,norm,dropout,margin,lpl_weight,ratio,seed,aggregation,pos_weight,accuracy,f1,recall,precision
0.6911235271073068,25,2,256,256,graphnorm,0.1251097207781557,0.7366908516842672,0.30201245459881965,0.20294070118470345,1,sum,1,0.9427621861152142,0.9042618900555899,0.8948655256723717,0.9138576779026217
0.6911235271073068,25,2,256,256,graphnorm,0.1251097207781557,0.7366908516842672,0.30201245459881965,0.20294070118470345,2,sum,1,0.9375923190546529,0.896,0.8899755501222494,0.9021065675340768
0.6911235271073068,25,2,256,256,graphnorm,0.1251097207781557,0.7366908516842672,0.30201245459881965,0.20294070118470345,3,sum,1,0.9379615952732644,0.896168108776267,0.8863080684596577,0.90625
0.6911235271073068,25,2,256,256,graphnorm,0.1251097207781557,0.7366908516842672,0.30201245459881965,0.20294070118470345,4,sum,1,0.9361152141802068,0.8928792569659443,0.8814180929095354,0.904642409033877
0.6911235271073068,25,2,256,256,graphnorm,0.1251097207781557,0.7366908516842672,0.30201245459881965,0.20294070118470345,5,sum,1,0.9331610044313147,0.8890251379521765,0.8863080684596577,0.8917589175891759
