alpha,K,layers,hidden_channels,out_channels,norm,dropout,margin,lpl_weight,ratio,seed,aggregation,pos_weight,accuracy,f1,recall,precision
0.5,35,1,256,256,,0.17639367461522093,0.5,0.3199918294944139,0.20832746846338535,1,sum,1,0.9383308714918759,0.8954289292423294,0.8740831295843521,0.9178433889602053
0.5,35,1,256,256,,0.17639367461522093,0.5,0.3199918294944139,0.20832746846338535,2,sum,1,0.9368537666174298,0.890032154340836,0.8459657701711492,0.9389416553595658
0.5,35,1,256,256,,0.17639367461522093,0.5,0.3199918294944139,0.20832746846338535,3,sum,1,0.9302067946824224,0.8796944621260344,0.8447432762836186,0.9176626826029216
0.5,35,1,256,256,,0.17639367461522093,0.5,0.3199918294944139,0.20832746846338535,4,sum,1,0.9383308714918759,0.8952978056426333,0.8728606356968215,0.918918918918919
0.5,35,1,256,256,,0.17639367461522093,0.5,0.3199918294944139,0.20832746846338535,5,sum,1,0.9375923190546529,0.8925619834710744,0.8581907090464548,0.9298013245033112
