alpha,K,layers,hidden_channels,out_channels,norm,dropout,margin,lpl_weight,ratio,seed,aggregation,pos_weight,accuracy,f1,recall,precision
0.10134962372930018,32,3,128,64,,0.4039440112665329,0.5213436605653284,0.738885859181731,0.22843021022204707,1,sum,1,0.8936484490398818,0.8356164383561644,0.8948655256723717,0.7837259100642399
0.10134962372930018,32,3,128,64,,0.4039440112665329,0.5213436605653284,0.738885859181731,0.22843021022204707,2,sum,1,0.9017725258493353,0.8481735159817352,0.9083129584352079,0.7955032119914347
0.10134962372930018,32,3,128,64,,0.4039440112665329,0.5213436605653284,0.738885859181731,0.22843021022204707,3,sum,1,0.9002954209748892,0.8458904109589042,0.9058679706601467,0.7933618843683083
0.10134962372930018,32,3,128,64,,0.4039440112665329,0.5213436605653284,0.738885859181731,0.22843021022204707,4,sum,1,0.8988183161004432,0.843607305936073,0.9034229828850856,0.791220556745182
0.10134962372930018,32,3,128,64,,0.4039440112665329,0.5213436605653284,0.738885859181731,0.22843021022204707,5,sum,1,0.9025110782865583,0.8493150684931506,0.9095354523227384,0.7965738758029979
