K,layers,hidden_channels,out_channels,norm,lr,treatment,dropout,ratio,seed,aggregation,model_type,batch_size,rate_pairs,reliable_mini_batch,clusters,accuracy,f1,recall,precision,losses
4,2,64,256,,0.009719414235946213,removal,0,0.2478480061187979,654,sum,GCNConv,10,6,True,400,0.9464549483013294,0.9118541033434651,0.9168704156479217,0.9068923821039904,"[37.12887731194496, 30.76423689723015, 22.951953396201134, 19.10680417716503, 15.104735746979713, 12.522844731807709, 9.867528766393661, 7.9269087463617325, 6.650446832180023, 5.860219739377499, 5.209207098931074, 4.5058614276349545, 3.817808412015438, 3.42932047881186, 3.0580407455563545, 2.724416358396411, 2.533392759039998, 2.3065552143380046, 2.113138109445572, 1.9337054560892284, 1.755075691267848, 1.6050213146954775, 1.5345844803377986, 1.3735536225140095, 1.316270881332457, 1.2058429010212421, 1.1524586006999016, 1.0954918982461095, 1.0303717767819762, 0.9828133080154657, 0.8914390329737216, 0.8655870854854584, 0.820812180172652, 0.7628727679839358, 0.7395715527236462, 0.7061154758557677, 0.6686397092416883, 0.6340009141713381, 0.5973887559957802, 0.5736156217753887, 0.5385264372453094, 0.5316343298181891, 0.5285040233284235, 0.4605606422992423, 0.4542599725245964, 0.45714097935706377, 0.4491605474613607, 0.3975416850298643, 0.3789502017898485, 0.3769591636955738]"
