K,layers,hidden_channels,out_channels,norm,lr,treatment,dropout,ratio,seed,aggregation,model_type,batch_size,rate_pairs,clusters,sampling,sampling_k,num_epochs,anomaly_detector,accuracy,f1,recall,precision,losses
8,2,128,128,,0.0025572961521275264,removal,0,0.19897467744520544,654,mean,GATConv,1024,2,300,cluster,25,100,unweighted,0.8478581979320532,0.6892911010558069,0.558679706601467,0.8996062992125984,"[18.48385226726532, 19.76997035741806, 19.323122799396515, 18.911523282527924, 19.137970089912415, 18.886565387248993, 19.18644416332245, 18.01930058002472, 17.508348166942596, 17.202323019504547, 17.11718463897705, 16.370253562927246, 16.712141513824463, 16.983913898468018, 16.346707344055176, 16.327629029750824, 15.791727542877197, 15.956756293773651, 14.746630907058716, 14.874260544776917, 14.830351114273071, 14.566229224205017, 14.462454497814178, 13.576158702373505, 13.67510735988617, 13.432088136672974, 13.175762951374054, 13.011078357696533, 12.403136491775513, 12.41741818189621, 12.302285075187683, 12.61168771982193, 12.049291610717773, 11.640916764736176, 11.475870013237, 11.08900785446167, 10.878257989883423, 10.861473619937897, 10.267541289329529, 10.222131699323654, 10.003397405147552, 10.053843826055527, 9.698630809783936, 9.475740194320679, 9.370001047849655, 9.005725532770157, 8.89417377114296, 8.611656486988068, 8.603724002838135, 8.07247057557106, 8.07964751124382, 7.932917922735214, 7.756963491439819, 7.691063284873962, 7.246552556753159, 7.362090975046158, 6.965676993131638, 6.858362168073654, 6.577501058578491, 6.603075623512268, 6.470456629991531, 6.249687016010284, 6.142225742340088, 5.887578517198563, 5.947192057967186, 5.806522965431213, 5.691739574074745, 5.581726998090744, 5.442728191614151, 5.294436812400818, 5.103874832391739, 4.971203982830048, 5.02254119515419, 4.832306429743767, 4.7198339849710464, 4.600974440574646, 4.690810993313789, 4.514561086893082, 4.373630031943321, 4.298892259597778, 4.181110247969627, 4.072247475385666, 4.073218300938606, 3.9513318240642548, 3.9465090930461884, 3.703142300248146, 3.643129751086235, 3.630557432770729, 3.5797432959079742, 3.48564051091671, 3.4466303288936615, 3.345991224050522, 3.2609763592481613, 3.269488289952278, 3.1881091445684433, 3.174214720726013, 3.1118134409189224, 3.0504686534404755, 3.008063018321991, 2.9565606713294983]"
