alpha,K,layers,hidden_channels,out_channels,norm,dropout,margin,lpl_weight,ratio,seed,aggregation,pos_weight,accuracy,f1,recall,precision
0.180782462577263,30,2,256,64,graphnorm,0.22890363303744432,0.5879862967849245,0.7177817890871232,0.12088118664133138,1,sum,1,0.9257754800590842,0.865010073875084,0.7872860635696821,0.9597615499254843
0.180782462577263,30,2,256,64,graphnorm,0.22890363303744432,0.5879862967849245,0.7177817890871232,0.12088118664133138,2,sum,1,0.9268833087149188,0.8672922252010724,0.7909535452322738,0.9599406528189911
0.180782462577263,30,2,256,64,graphnorm,0.22890363303744432,0.5879862967849245,0.7177817890871232,0.12088118664133138,3,sum,1,0.9287296898079763,0.8705566733735748,0.793398533007335,0.9643387815750372
0.180782462577263,30,2,256,64,graphnorm,0.22890363303744432,0.5879862967849245,0.7177817890871232,0.12088118664133138,4,sum,1,0.9257754800590842,0.865010073875084,0.7872860635696821,0.9597615499254843
0.180782462577263,30,2,256,64,graphnorm,0.22890363303744432,0.5879862967849245,0.7177817890871232,0.12088118664133138,5,sum,1,0.9290989660265879,0.8718291054739653,0.7982885085574573,0.9602941176470589
