alpha,K,layers,hidden_channels,out_channels,norm,dropout,margin,lpl_weight,ratio,seed,aggregation,pos_weight,accuracy,f1,recall,precision
0.5,35,2,256,256,,0.4285570315344736,0.5,0.2590210781964798,0.32268092276823335,1,sum,1,0.9283604135893648,0.8857479387514723,0.9193154034229829,0.8545454545454545
0.5,35,2,256,256,,0.4285570315344736,0.5,0.2590210781964798,0.32268092276823335,2,sum,1,0.9302067946824224,0.8880994671403197,0.9168704156479217,0.8610792192881745
0.5,35,2,256,256,,0.4285570315344736,0.5,0.2590210781964798,0.32268092276823335,3,sum,1,0.922082717872969,0.8768242848803269,0.9180929095354523,0.8391061452513966
0.5,35,2,256,256,,0.4285570315344736,0.5,0.2590210781964798,0.32268092276823335,4,sum,1,0.9272525849335302,0.8848626534190532,0.9254278728606357,0.8477043673012318
0.5,35,2,256,256,,0.4285570315344736,0.5,0.2590210781964798,0.32268092276823335,5,sum,1,0.9261447562776958,0.8827667057444314,0.9205378973105135,0.847972972972973
