K,layers,hidden_channels,out_channels,norm,lr,treatment,dropout,ratio,seed,aggregation,model_type,batch_size,rate_pairs,reliable_mini_batch,clusters,accuracy,f1,recall,precision,losses
4,2,64,256,,0.009303410071897526,removal,0,0.25888534243710887,654,sum,GCNConv,10,5,True,400,0.9457163958641064,0.911178247734139,0.921760391198044,0.9008363201911589,"[36.930476665496826, 30.998417109251022, 23.39844347536564, 19.629773885011673, 15.682607203722, 13.121285170316696, 10.354758501052856, 8.34848165512085, 7.031196605414152, 6.220815807580948, 5.541840363293886, 4.780228033661842, 4.062554907053709, 3.642552811652422, 3.2327583939768374, 2.8963949643075466, 2.692367359995842, 2.450313363224268, 2.2489638663828373, 2.0600054818205535, 1.861970180645585, 1.7067783661186695, 1.631826963275671, 1.4627657737582922, 1.3987529501318932, 1.2812202228233218, 1.2292225053533912, 1.167156357318163, 1.0948742907494307, 1.0446993680670857, 0.9492164207622409, 0.9235100699588656, 0.8726936727762222, 0.8113575247116387, 0.7877133842557669, 0.7504662713035941, 0.711358206346631, 0.6746228504925966, 0.6354704723926261, 0.6106902835890651, 0.5723093294654973, 0.5657823327928782, 0.5640279734507203, 0.4922373666195199, 0.4831228680559434, 0.4855940849520266, 0.4787095612846315, 0.42110721627250314, 0.4009343682555482, 0.40097843995317817]"
