K,layers,hidden_channels,out_channels,norm,lr,treatment,dropout,ratio,seed,aggregation,model_type,batch_size,rate_pairs,clusters,sampling,sampling_k,num_epochs,anomaly_detector,accuracy,f1,recall,precision,losses
8,2,128,128,,0.0005182374935567191,removal,0,0.20255695347383607,654,mean,GATConv,15,2,400,nearest_neighbors,50,100,nearest_neighbors,0.8825701624815362,0.7731811697574893,0.6625916870415648,0.928082191780822,"[605.6238884925842, 571.6219363212585, 533.9655025005341, 505.89583587646484, 475.3797731399536, 444.16071796417236, 415.3114802837372, 390.40603852272034, 366.9973576068878, 344.3107177019119, 321.66849851608276, 303.2568862438202, 282.8292955160141, 265.800253868103, 248.48633742332458, 232.74409461021423, 219.68511390686035, 204.72507071495056, 192.471246778965, 181.13029998540878, 169.6224359869957, 159.24937319755554, 149.83158653974533, 141.2102330327034, 132.83105045557022, 125.17784118652344, 117.19993385672569, 110.4488577246666, 104.31015372276306, 97.84208250045776, 92.13129606842995, 86.9675712287426, 81.90024074912071, 76.98312351107597, 72.60564202070236, 68.19849470257759, 64.52443224191666, 60.80987271666527, 57.20788758993149, 54.18061539530754, 51.004858657717705, 48.28882823884487, 45.33562617003918, 42.6471343934536, 40.31043639779091, 38.07086147367954, 36.010257467627525, 33.900829404592514, 32.04697296023369, 30.21575877070427, 28.508758284151554, 26.90780344605446, 25.442451871931553, 23.89326710253954, 22.623119950294495, 21.354040138423443, 20.142033882439137, 19.062240727245808, 17.898664116859436, 16.957718320190907, 16.01346628367901, 15.155099973082542, 14.276517294347286, 13.440263826400042, 12.703858148306608, 12.058172531425953, 11.398380108177662, 10.749009259045124, 10.128039620816708, 9.52908543497324, 9.047612633556128, 8.543866369873285, 8.064152795821428, 7.601043693721294, 7.208885170519352, 6.772838432341814, 6.40584697201848, 6.060298729687929, 5.703978778794408, 5.382773464545608, 5.116912927478552, 4.818862471729517, 4.543927025049925, 4.29552623257041, 4.047784397378564, 3.8242032770067453, 3.609562586992979, 3.41151169128716, 3.238762130960822, 3.0436871899291873, 2.8801687145605683, 2.7072659907862544, 2.5622609797865152, 2.4243277851492167, 2.3050279673188925, 2.169469087384641, 2.047951522283256, 1.9333286033943295, 1.8205618225038052, 1.7204878963530064]"
