K,layers,hidden_channels,out_channels,norm,lr,treatment,dropout,ratio,seed,aggregation,model_type,batch_size,rate_pairs,clusters,sampling,num_epochs,anomaly_detector,accuracy,f1,recall,precision,losses,test_accuracy,test_f1,test_recall,test_precision
18,2,64,128,,0.005,removal,0,0.3037456620652303,654,mean,GCNConv,1024,10,50,sage,50,nearest_neighbors,nan,0.0,0.0,0.0,"[4.953451752662659, 4.918872594833374, 4.827723264694214, 4.962776780128479, 4.934251070022583, 4.921016573905945, 4.892677426338196, 4.843668222427368, 4.747020125389099, 4.988328576087952, 4.718124747276306, 4.917104005813599, 4.868284225463867, 4.800915837287903, 4.74638819694519, 4.6015894412994385, 4.692854046821594, 4.575756788253784, 4.632138252258301, 4.667322158813477, 4.742234110832214, 4.595522165298462, 4.6247642040252686, 4.633196830749512, 4.753589987754822, 4.701589822769165, 4.610723376274109, 4.617477178573608, 4.523304462432861, 4.511613488197327, 4.517695069313049, 4.652067303657532, 4.46421492099762, 4.460640072822571, 4.503624200820923, 4.496056079864502, 4.502765893936157, 4.484604239463806, 4.463983535766602, 4.457563996315002, 4.350373029708862, 4.2993539571762085, 4.311096906661987, 4.3416208028793335, 4.410849094390869, 4.3426371812820435, 4.3005183935165405, 4.2441487312316895, 4.354785442352295, 4.238399386405945]",0.9016963897346673,0.7365967365967366,0.7726161369193154,0.7037861915367484
