alpha,K,layers,hidden_channels,out_channels,norm,dropout,margin,lpl_weight,ratio,seed,aggregation,pos_weight,accuracy,f1,recall,precision
0.5030662419711407,27,1,256,128,graphnorm,0.2767944288965046,0.5834454890482643,0.7889303182405714,0.2711340124430112,1,sum,1,0.8814623338257016,0.826580226904376,0.9352078239608802,0.7405614714424008
0.5030662419711407,27,1,256,128,graphnorm,0.2767944288965046,0.5834454890482643,0.7889303182405714,0.2711340124430112,2,sum,1,0.8858936484490398,0.833063209076175,0.9425427872860636,0.7463697967086157
0.5030662419711407,27,1,256,128,graphnorm,0.2767944288965046,0.5834454890482643,0.7889303182405714,0.2711340124430112,3,sum,1,0.8844165435745938,0.8309022150189087,0.9400977995110025,0.744433688286544
0.5030662419711407,27,1,256,128,graphnorm,0.2767944288965046,0.5834454890482643,0.7889303182405714,0.2711340124430112,4,sum,1,0.8792466765140325,0.8233387358184765,0.9315403422982885,0.7376573088092934
0.5030662419711407,27,1,256,128,graphnorm,0.2767944288965046,0.5834454890482643,0.7889303182405714,0.2711340124430112,5,sum,1,0.8814623338257016,0.826580226904376,0.9352078239608802,0.7405614714424008
