alpha,K,layers,hidden_channels,out_channels,norm,dropout,margin,lpl_weight,ratio,seed,aggregation,pos_weight,accuracy,f1,recall,precision
0.38196916547322013,34,2,256,256,layernorm,0.13934316546292372,0.5955009838655241,0.6462643617516511,0.18432724985852963,1,sum,1,0.9420236336779911,0.9021806853582555,0.8850855745721271,0.9199491740787802
0.38196916547322013,34,2,256,256,layernorm,0.13934316546292372,0.5955009838655241,0.6462643617516511,0.18432724985852963,2,sum,1,0.9442392909896603,0.9062693978895097,0.8924205378973105,0.9205548549810845
0.38196916547322013,34,2,256,256,layernorm,0.13934316546292372,0.5955009838655241,0.6462643617516511,0.18432724985852963,3,sum,1,0.9442392909896603,0.906152889993785,0.89119804400978,0.9216182048040455
0.38196916547322013,34,2,256,256,layernorm,0.13934316546292372,0.5955009838655241,0.6462643617516511,0.18432724985852963,4,sum,1,0.9423929098966026,0.9031055900621118,0.8887530562347188,0.9179292929292929
0.38196916547322013,34,2,256,256,layernorm,0.13934316546292372,0.5955009838655241,0.6462643617516511,0.18432724985852963,5,sum,1,0.9449778434268833,0.9078540507111935,0.8973105134474327,0.918648310387985
