K,layers,hidden_channels,out_channels,norm,lr,treatment,dropout,ratio,seed,aggregation,model_type,batch_size,rate_pairs,reliable_mini_batch,clusters,accuracy,f1,recall,precision,losses
10,2,256,64,,0.00012174392413067357,relabeling,0,0.24103249033374938,654,mean,GINConv,15,4,True,100,0.784711964549483,0.6744835287548855,0.7383863080684596,0.6207605344295992,"[8.601411819458008, 8.603612542152405, 9.36119031906128, 9.154289603233337, 8.33259928226471, 8.995314002037048, 9.197258532047272, 8.689892768859863, 8.7255699634552, 9.002997517585754, 8.636390924453735, 9.103496432304382, 9.063608169555664, 8.973106145858765, 9.05773651599884, 8.969616413116455, 9.195041358470917, 8.892631232738495, 8.738794445991516, 8.935154557228088, 8.818085551261902, 9.02525246143341, 8.265755832195282, 8.651230871677399, 8.877994298934937, 8.68012821674347, 9.239584743976593, 8.577762246131897, 8.498647212982178, 9.03480976819992, 8.921455562114716, 8.46272099018097, 8.661621570587158, 8.666652798652649, 9.127901434898376, 8.566979348659515, 8.656178414821625, 8.582503855228424, 8.77865731716156, 9.132114291191101, 8.834441184997559, 8.59025514125824, 8.870323061943054]"
