alpha,K,layers,hidden_channels,out_channels,norm,dropout,margin,lpl_weight,ratio,seed,aggregation,pos_weight,accuracy,f1,recall,precision
0.5,33,1,128,256,,0.46032555997433044,0.5,0.2233113394937265,0.47106324205756855,1,mean,1,0.7898818316100443,0.6797974113674733,0.7383863080684596,0.629822732012513
0.5,33,1,128,256,,0.46032555997433044,0.5,0.2233113394937265,0.47106324205756855,2,mean,1,0.7688330871491876,0.6594124047878128,0.7408312958435208,0.5941176470588235
0.5,33,1,128,256,,0.46032555997433044,0.5,0.2233113394937265,0.47106324205756855,3,mean,1,0.8485967503692762,0.7764449291166848,0.8704156479217604,0.7007874015748031
0.5,33,1,128,256,,0.46032555997433044,0.5,0.2233113394937265,0.47106324205756855,4,mean,1,0.8002215657311669,0.684179801517805,0.7163814180929096,0.6547486033519553
0.5,33,1,128,256,,0.46032555997433044,0.5,0.2233113394937265,0.47106324205756855,5,mean,1,0.7721565731166913,0.652394366197183,0.7078239608801956,0.6050156739811913
