alpha,K,layers,hidden_channels,out_channels,norm,dropout,margin,lpl_weight,ratio,seed,aggregation,pos_weight,accuracy,f1,recall,precision
0.5,33,1,256,256,,0.26487798583665106,0.5,0.773192347304689,0.2237795884308405,1,mean,1,0.8969719350073855,0.8111035883547731,0.7322738386308069,0.9089529590288316
0.5,33,1,256,256,,0.26487798583665106,0.5,0.773192347304689,0.2237795884308405,2,mean,1,0.9087887740029542,0.8338937457969066,0.7579462102689487,0.9267563527653214
0.5,33,1,256,256,,0.26487798583665106,0.5,0.773192347304689,0.2237795884308405,3,mean,1,0.9110044313146234,0.837491571139582,0.7591687041564792,0.9338345864661655
0.5,33,1,256,256,,0.26487798583665106,0.5,0.773192347304689,0.2237795884308405,4,mean,1,0.9032496307237814,0.8292046936114733,0.7775061124694377,0.888268156424581
0.5,33,1,256,256,,0.26487798583665106,0.5,0.773192347304689,0.2237795884308405,5,mean,1,0.9017725258493353,0.8214765100671141,0.7481662591687042,0.9107142857142857
