alpha,K,layers,hidden_channels,out_channels,norm,dropout,margin,lpl_weight,ratio,seed,aggregation,pos_weight,accuracy,f1,recall,precision
0.5,35,1,256,256,,0.14304988099326194,0.5,0.3480957889590933,0.12168234331568477,1,sum,1,0.9198670605612999,0.8514715947980835,0.7603911980440098,0.9673405909797823
0.5,35,1,256,256,,0.14304988099326194,0.5,0.3480957889590933,0.12168234331568477,2,sum,1,0.9132200886262924,0.8400272294077604,0.7542787286063569,0.9477726574500768
0.5,35,1,256,256,,0.14304988099326194,0.5,0.3480957889590933,0.12168234331568477,3,sum,1,0.9076809453471196,0.8290013679890561,0.7408312958435208,0.9409937888198758
0.5,35,1,256,256,,0.14304988099326194,0.5,0.3480957889590933,0.12168234331568477,4,sum,1,0.9176514032496307,0.8490182802979012,0.7665036674816625,0.9514415781487102
0.5,35,1,256,256,,0.14304988099326194,0.5,0.3480957889590933,0.12168234331568477,5,sum,1,0.9242983751846381,0.8626925653047556,0.7872860635696821,0.9540740740740741
