alpha,K,layers,hidden_channels,out_channels,norm,dropout,margin,lpl_weight,ratio,seed,aggregation,pos_weight,accuracy,f1,recall,precision
0.5,29,1,256,256,,0.42478986474960245,0.5,0.45187138269977195,0.2873752590086432,1,sum,1,0.9353766617429837,0.8938750758035173,0.9009779951100244,0.8868832731648616
0.5,29,1,256,256,,0.42478986474960245,0.5,0.45187138269977195,0.2873752590086432,2,sum,1,0.9316838995568686,0.8880822746521476,0.8973105134474327,0.8790419161676647
0.5,29,1,256,256,,0.42478986474960245,0.5,0.45187138269977195,0.2873752590086432,3,sum,1,0.9372230428360414,0.8972188633615478,0.9070904645476773,0.8875598086124402
0.5,29,1,256,256,,0.42478986474960245,0.5,0.45187138269977195,0.2873752590086432,4,sum,1,0.9172821270310192,0.8680800942285041,0.9009779951100244,0.8375
0.5,29,1,256,256,,0.42478986474960245,0.5,0.45187138269977195,0.2873752590086432,5,sum,1,0.9327917282127031,0.8911483253588517,0.910757946210269,0.8723653395784543
