K,layers,hidden_channels,out_channels,norm,lr,treatment,dropout,ratio,seed,aggregation,model_type,batch_size,rate_pairs,reliable_mini_batch,clusters,accuracy,f1,recall,precision,losses
5,2,128,128,,0.009887894761669647,removal,0,0.17277678338149274,654,mean,SAGEConv,5,8,True,100,0.9187592319054653,0.8554533508541393,0.7958435207823961,0.9247159090909091,"[19.64195728302002, 17.77520513534546, 16.86831784248352, 15.538918763399124, 14.213368475437164, 12.008289128541946, 11.144757151603699, 9.161003172397614, 8.252569258213043, 7.455253973603249, 6.204135132953525, 5.84507942199707, 5.334541097283363, 4.577377900481224, 4.152769349515438, 3.722940608859062, 3.5140229538083076, 3.2161294892430305, 2.965510994195938, 2.554117053747177, 2.444403663277626, 2.4285498335957527, 2.100528195500374, 2.0421353429555893, 1.9049511142075062, 1.773407455533743, 1.6405266895890236, 1.5874589942395687, 1.4875834845006466, 1.3816348277032375, 1.3260697163641453, 1.2609349973499775, 1.2366861402988434, 1.0997955724596977, 1.1082887202501297, 1.0677111372351646, 1.0004875771701336, 0.9049468245357275, 0.9081632569432259, 0.8859829511493444, 0.8104299046099186, 0.7711786888539791, 0.7767348177731037, 0.7553729526698589, 0.7166513465344906, 0.6935221422463655, 0.6874783299863338, 0.6299643237143755, 0.6204574983566999, 0.5879369899630547]"
5,2,128,128,,0.009887894761669647,removal,0,0.17277678338149274,114,mean,SAGEConv,5,8,True,100,0.9017725258493353,0.8180574555403557,0.7310513447432763,0.9285714285714286,"[18.598037093877792, 16.462536023929715, 16.236016124486923, 15.66242429614067, 14.075500279664993, 11.620715202763677, 10.392146268859506, 9.226521581411362, 8.119945615530014, 7.588223248720169, 6.029378482140601, 5.543589040637016, 5.215429782867432, 4.544062718749046, 4.221096619963646, 3.6989731416106224, 3.4721635580062866, 3.1195074692368507, 2.861504450440407, 2.5527307242155075, 2.398717775940895, 2.3383128345012665, 2.135204464197159, 2.008018337190151, 1.831950731575489, 1.6923036463558674, 1.6108907088637352, 1.5131202973425388, 1.4031346663832664, 1.349337913095951, 1.3055748827755451, 1.2150667309761047, 1.1851024590432644, 1.0862610079348087, 1.0487078689038754, 1.0450608506798744, 0.9638702217489481, 0.9055112525820732, 0.8922497052699327, 0.8627876937389374, 0.7852643933147192, 0.7646209876984358, 0.7584990933537483, 0.7248841859400272, 0.691291457042098, 0.6607391759753227, 0.6477505620568991, 0.6080510346218944, 0.6008503371849656, 0.5693385051563382]"
