K,layers,hidden_channels,out_channels,norm,lr,treatment,dropout,ratio,seed,aggregation,model_type,batch_size,rate_pairs,clusters,sampling,sampling_k,num_epochs,anomaly_detector,accuracy,f1,recall,precision,losses
9,2,128,128,,0.0039031643544813048,removal,0,0.19843197789368633,654,mean,GATConv,512,7,400,cluster,75,50,unweighted,0.8504431314623339,0.6988847583643123,0.5745721271393643,0.8918406072106262,"[63.70755246281624, 58.766336768865585, 56.12767895311117, 51.13974553346634, 52.72358840703964, 47.548891216516495, 44.62518063187599, 41.282351575791836, 40.49282109737396, 36.09368762373924, 35.756516456604004, 32.17901682853699, 30.416671067476273, 28.152856573462486, 27.047228962183, 23.493712529540062, 22.980058759450912, 20.90310689806938, 19.73434154689312, 18.090238988399506, 17.162174060940742, 15.717511780560017, 14.20580805838108, 13.581298276782036, 12.770158991217613, 11.726067990064621, 10.605624724179506, 10.493011862039566, 9.76420944929123, 9.145041264593601, 8.462776966392994, 7.717086020857096, 7.4043149054050446, 7.241019818931818, 6.62190717458725, 6.222143553197384, 6.384271137416363, 5.811762437224388, 5.428916119039059, 5.131163440644741, 4.991052266210318, 4.552883710712194, 4.418555375188589, 4.3138978108763695, 4.112209975719452, 4.054273437708616, 3.77705854550004, 3.6092833429574966, 3.5385020673274994, 3.313170876353979]"
