K,layers,hidden_channels,out_channels,norm,lr,treatment,dropout,ratio,seed,aggregation,model_type,batch_size,rate_pairs,clusters,sampling,num_epochs,anomaly_detector,accuracy,f1,recall,precision,losses,test_accuracy,test_f1,test_recall,test_precision
22,2,128,128,,0.005,removal,0,0.16741869477453672,654,mean,GATConv,1024,10,50,sage,50,nearest_neighbors,nan,0.0,0.0,0.0,"[13.56843614578247, 13.207807064056396, 13.003913402557373, 13.049257755279541, 12.620788335800171, 12.515764236450195, 12.82624101638794, 12.837856769561768, 13.183839797973633, 12.853230476379395, 12.505950927734375, 12.556174993515015, 12.882877826690674, 12.245428562164307, 12.272789001464844, 12.690438270568848, 12.26377248764038, 12.312212228775024, 12.281310319900513, 12.22308087348938, 12.577209949493408, 12.731701850891113, 12.193733215332031, 12.469908237457275, 12.518138647079468, 12.146090984344482, 12.19951057434082, 12.271743297576904, 11.949050426483154, 12.3349289894104, 12.012374639511108, 11.934172630310059, 11.896703481674194, 12.421662330627441, 12.099694013595581, 11.65205693244934, 11.743828535079956, 12.088533163070679, 11.780129671096802, 11.840795993804932, 11.6403067111969, 11.690245389938354, 11.972253799438477, 11.697672843933105, 11.630184173583984, 11.556316137313843, 11.587853908538818, 11.615231037139893, 11.386801481246948, 11.627553939819336]",0.9330143540669856,0.7924528301886793,0.7188264058679706,0.8828828828828829
