alpha,K,layers,hidden_channels,out_channels,norm,dropout,margin,lpl_weight,ratio,seed,aggregation,pos_weight,accuracy,f1,recall,precision
0.5,31,2,256,128,,0.2384079058227535,0.5,0.3473536111735003,0.2764516411473196,1,sum,1,0.9287296898079763,0.8813767670559312,0.8765281173594132,0.8862793572311496
0.5,31,2,256,128,,0.2384079058227535,0.5,0.3473536111735003,0.2764516411473196,2,sum,1,0.9172821270310192,0.865546218487395,0.8814180929095354,0.8502358490566038
0.5,31,2,256,128,,0.2384079058227535,0.5,0.3473536111735003,0.2764516411473196,3,sum,1,0.9287296898079763,0.8829593693147362,0.8899755501222494,0.8760529482551144
0.5,31,2,256,128,,0.2384079058227535,0.5,0.3473536111735003,0.2764516411473196,4,sum,1,0.9290989660265879,0.8814814814814815,0.8728606356968215,0.8902743142144638
0.5,31,2,256,128,,0.2384079058227535,0.5,0.3473536111735003,0.2764516411473196,5,sum,1,0.9198670605612999,0.8709101725163593,0.8948655256723717,0.8482039397450754
