alpha,K,layers,hidden_channels,out_channels,norm,dropout,margin,lpl_weight,ratio,seed,aggregation,pos_weight,accuracy,f1,recall,precision
0.38182984202632975,30,1,256,128,layernorm,0.3357861080839064,0.6828816765826357,0.5528499856800607,0.25054363660167606,1,sum,1,0.9209748892171344,0.8738207547169812,0.9058679706601467,0.8439635535307517
0.38182984202632975,30,1,256,128,layernorm,0.3357861080839064,0.6828816765826357,0.5528499856800607,0.25054363660167606,2,sum,1,0.9246676514032496,0.8790035587188612,0.9058679706601467,0.8536866359447005
0.38182984202632975,30,1,256,128,layernorm,0.3357861080839064,0.6828816765826357,0.5528499856800607,0.25054363660167606,3,sum,1,0.9161742983751846,0.8657599053814311,0.8948655256723717,0.8384879725085911
0.38182984202632975,30,1,256,128,layernorm,0.3357861080839064,0.6828816765826357,0.5528499856800607,0.25054363660167606,4,sum,1,0.914327917282127,0.8623962040332147,0.8887530562347188,0.8375576036866359
0.38182984202632975,30,1,256,128,layernorm,0.3357861080839064,0.6828816765826357,0.5528499856800607,0.25054363660167606,5,sum,1,0.9095273264401772,0.8587896253602305,0.910757946210269,0.8124318429661941
