alpha,K,layers,hidden_channels,out_channels,norm,dropout,margin,lpl_weight,ratio,seed,aggregation,pos_weight,accuracy,f1,recall,precision
0.5,32,1,256,256,,0.28054067739005784,0.5,0.653290575653499,0.16813782040117103,1,sum,1,0.9387001477104875,0.8930412371134021,0.8471882640586798,0.944141689373297
0.5,32,1,256,256,,0.28054067739005784,0.5,0.653290575653499,0.16813782040117103,2,sum,1,0.922821270310192,0.8609447771124418,0.7909535452322738,0.9445255474452555
0.5,32,1,256,256,,0.28054067739005784,0.5,0.653290575653499,0.16813782040117103,3,sum,1,0.9283604135893648,0.8733681462140992,0.8178484107579462,0.9369747899159664
0.5,32,1,256,256,,0.28054067739005784,0.5,0.653290575653499,0.16813782040117103,4,sum,1,0.9320531757754801,0.8811369509043928,0.8337408312958435,0.9342465753424658
0.5,32,1,256,256,,0.28054067739005784,0.5,0.653290575653499,0.16813782040117103,5,sum,1,0.9213441654357459,0.8615984405458089,0.8105134474327629,0.9195561719833565
