alpha,K,layers,hidden_channels,out_channels,norm,dropout,margin,lpl_weight,ratio,seed,aggregation,pos_weight,accuracy,f1,recall,precision
0.5,35,1,256,256,,0.34679781625661554,0.5,0.1611373622916526,0.43663657271252243,1,mean,1,0.8836779911373708,0.8239239798770263,0.9009779951100244,0.7590113285272915
0.5,35,1,256,256,,0.34679781625661554,0.5,0.1611373622916526,0.43663657271252243,2,mean,1,0.8988183161004432,0.839766081871345,0.8777506112469438,0.804932735426009
0.5,35,1,256,256,,0.34679781625661554,0.5,0.1611373622916526,0.43663657271252243,3,mean,1,0.8903249630723782,0.8228980322003577,0.843520782396088,0.8032596041909197
0.5,35,1,256,256,,0.34679781625661554,0.5,0.1611373622916526,0.43663657271252243,4,mean,1,0.8951255539143279,0.8371559633027523,0.8924205378973105,0.7883369330453563
0.5,35,1,256,256,,0.34679781625661554,0.5,0.1611373622916526,0.43663657271252243,5,mean,1,0.8825701624815362,0.8176605504587156,0.871638141809291,0.7699784017278618
