alpha,K,layers,hidden_channels,out_channels,norm,dropout,margin,lpl_weight,ratio,seed,aggregation,pos_weight,accuracy,f1,recall,precision
0.5,25,1,128,256,,0,0.5,0.13583426468588705,0.4228848985803371,1,mean,1,0.7359675036927622,0.6748522055479763,0.9070904645476773,0.5372918175235337
0.5,25,1,128,256,,0,0.5,0.13583426468588705,0.4228848985803371,2,mean,1,0.7381831610044313,0.677580718508413,0.910757946210269,0.5394641564083997
0.5,25,1,128,256,,0,0.5,0.13583426468588705,0.4228848985803371,3,mean,1,0.7300590841949779,0.6675761709868122,0.8973105134474327,0.5314989138305576
0.5,25,1,128,256,,0,0.5,0.13583426468588705,0.4228848985803371,4,mean,1,0.7518463810930576,0.6942675159235668,0.9327628361858191,0.5528985507246377
0.5,25,1,128,256,,0,0.5,0.13583426468588705,0.4228848985803371,5,mean,1,0.7274741506646972,0.6642402183803457,0.8924205378973105,0.5289855072463768
