alpha,K,layers,hidden_channels,out_channels,norm,dropout,margin,lpl_weight,ratio,seed,aggregation,pos_weight,accuracy,f1,recall,precision
0.5,35,2,256,256,,0,0.5,0.33933163219041274,0.22556224374612932,1,sum,1,0.9320531757754801,0.8871165644171779,0.8838630806845966,0.8903940886699507
0.5,35,2,256,256,,0,0.5,0.33933163219041274,0.22556224374612932,2,sum,1,0.9372230428360414,0.8926767676767676,0.8643031784841075,0.922976501305483
0.5,35,2,256,256,,0,0.5,0.33933163219041274,0.22556224374612932,3,sum,1,0.9276218611521418,0.8787128712871287,0.8679706601466992,0.8897243107769424
0.5,35,2,256,256,,0,0.5,0.33933163219041274,0.22556224374612932,4,sum,1,0.9279911373707533,0.8795552810376775,0.8704156479217604,0.8888888888888888
0.5,35,2,256,256,,0,0.5,0.33933163219041274,0.22556224374612932,5,sum,1,0.9350073855243722,0.89,0.8704156479217604,0.9104859335038363
