K,layers,hidden_channels,out_channels,norm,lr,treatment,dropout,ratio,seed,aggregation,model_type,batch_size,rate_pairs,clusters,sampling,num_epochs,anomaly_detector,accuracy,f1,recall,precision,losses,test_accuracy,test_f1,test_recall,test_precision
14,3,256,256,,0.005,removal,0,0.22574958666398748,654,mean,GCNConv,1024,10,50,sage,50,nearest_neighbors,nan,0.0,0.0,0.0,"[5.40250301361084, 5.372038722038269, 5.1578816175460815, 5.314347624778748, 5.241445899009705, 5.313093423843384, 5.190216541290283, 5.304882764816284, 5.1495970487594604, 5.304010629653931, 5.349829196929932, 5.250995516777039, 5.239594221115112, 5.186762094497681, 5.193389534950256, 5.106945514678955, 5.0010082721710205, 5.12045955657959, 5.0258249044418335, 5.143426895141602, 5.072842836380005, 5.010217308998108, 5.172575950622559, 5.11167311668396, 4.9633835554122925, 5.017327666282654, 4.914585113525391, 5.064240097999573, 5.060245633125305, 4.915670156478882, 4.7589921951293945, 4.841291785240173, 4.90498411655426, 5.029128313064575, 4.7690218687057495, 4.704409599304199, 4.773887038230896, 4.768939018249512, 4.7324007749557495, 4.750802040100098, 4.706491589546204, 4.5600504875183105, 4.772086262702942, 4.708098888397217, 4.62266731262207, 4.527623891830444, 4.607859373092651, 4.506797552108765, 4.470970153808594, 4.481964588165283]",0.9243149195302305,0.7819548872180451,0.7628361858190709,0.8020565552699229
