alpha,K,layers,hidden_channels,out_channels,norm,dropout,margin,lpl_weight,ratio,seed,aggregation,pos_weight,accuracy,f1,recall,precision
0.5,31,1,256,128,,0.24010174684485078,0.5,0.5843905597900544,0.26005788648984685,1,sum,1,0.922821270310192,0.8729483282674773,0.8777506112469438,0.8681983071342201
0.5,31,1,256,128,,0.24010174684485078,0.5,0.5843905597900544,0.26005788648984685,2,sum,1,0.9183899556868538,0.8663036902601331,0.8753056234718827,0.8574850299401198
0.5,31,1,256,128,,0.24010174684485078,0.5,0.5843905597900544,0.26005788648984685,3,sum,1,0.9302067946824224,0.8849665246500305,0.8887530562347188,0.8812121212121212
0.5,31,1,256,128,,0.24010174684485078,0.5,0.5843905597900544,0.26005788648984685,4,sum,1,0.9283604135893648,0.8805418719211823,0.8740831295843521,0.8870967741935484
0.5,31,1,256,128,,0.24010174684485078,0.5,0.5843905597900544,0.26005788648984685,5,sum,1,0.9194977843426884,0.8677184466019418,0.8740831295843521,0.8614457831325302
