alpha,K,layers,hidden_channels,out_channels,norm,dropout,margin,lpl_weight,ratio,seed,aggregation,pos_weight,accuracy,f1,recall,precision
0.5,33,1,256,256,,0.10132440871454182,0.5,0.829018311530927,0.311191263911656,1,sum,1,0.9235598227474151,0.8778761061946903,0.9095354523227384,0.8483466362599772
0.5,33,1,256,256,,0.10132440871454182,0.5,0.829018311530927,0.311191263911656,2,sum,1,0.9194977843426884,0.8722157092614302,0.9095354523227384,0.8378378378378378
0.5,33,1,256,256,,0.10132440871454182,0.5,0.829018311530927,0.311191263911656,3,sum,1,0.9169128508124077,0.8689574839836924,0.9119804400977995,0.8298109010011123
0.5,33,1,256,256,,0.10132440871454182,0.5,0.829018311530927,0.311191263911656,4,sum,1,0.9124815361890695,0.8632429313329486,0.9144254278728606,0.8174863387978142
0.5,33,1,256,256,,0.10132440871454182,0.5,0.829018311530927,0.311191263911656,5,sum,1,0.9180206794682423,0.8709302325581395,0.9156479217603912,0.8303769401330376
