K,layers,hidden_channels,out_channels,norm,lr,treatment,dropout,ratio,seed,aggregation,model_type,batch_size,rate_pairs,reliable_mini_batch,clusters,accuracy,f1,recall,precision,losses
4,2,64,256,,0.009463013499080252,removal,0,0.24706308014630401,654,sum,GCNConv,10,14,True,400,0.9464549483013294,0.9118541033434651,0.9168704156479217,0.9068923821039904,"[37.35474580526352, 31.114215403795242, 23.347457632422447, 19.54971109330654, 15.525690838694572, 12.937615543603897, 10.221032872796059, 8.233032405376434, 6.926086418330669, 6.105119548738003, 5.429998464882374, 4.691182628273964, 3.980764675885439, 3.5802264735102654, 3.1844343561679125, 2.8481148201972246, 2.6436098348349333, 2.403698267415166, 2.204765295609832, 2.025447844527662, 1.8332945927977562, 1.6764094196259975, 1.60306566208601, 1.4356181882321835, 1.3761291820555925, 1.2601457871496677, 1.2050120066851377, 1.1430342746898532, 1.0798659045249224, 1.0265116207301617, 0.9309127642773092, 0.9028708795085549, 0.8563682157546282, 0.7961369684198871, 0.773260148242116, 0.7372859613969922, 0.6992562115192413, 0.6629192931577563, 0.6235990354325622, 0.5980539312586188, 0.5623254457022995, 0.5552719160914421, 0.5533595024608076, 0.48146559414453804, 0.47457729739835486, 0.4764437712728977, 0.46925662737339735, 0.41516214050352573, 0.39535423944471404, 0.3946788185276091]"
