alpha,K,layers,hidden_channels,out_channels,norm,dropout,margin,lpl_weight,ratio,seed,aggregation,pos_weight,accuracy,f1,recall,precision
0.5,35,2,256,256,,0,0.5,0.12145125812735041,0.24885979330066152,1,sum,1,0.9309453471196455,0.8874172185430463,0.9009779951100244,0.8742586002372479
0.5,35,2,256,256,,0,0.5,0.12145125812735041,0.24885979330066152,2,sum,1,0.9372230428360414,0.8949320148331273,0.8850855745721271,0.905
0.5,35,2,256,256,,0,0.5,0.12145125812735041,0.24885979330066152,3,sum,1,0.9279911373707533,0.8804414469650521,0.8777506112469438,0.8831488314883149
0.5,35,2,256,256,,0,0.5,0.12145125812735041,0.24885979330066152,4,sum,1,0.9320531757754801,0.8886198547215496,0.8973105134474327,0.8800959232613909
0.5,35,2,256,256,,0,0.5,0.12145125812735041,0.24885979330066152,5,sum,1,0.9375923190546529,0.8952262864228147,0.882640586797066,0.9081761006289308
