K,layers,hidden_channels,out_channels,norm,lr,treatment,dropout,ratio,seed,aggregation,model_type,batch_size,rate_pairs,clusters,sampling,num_epochs,anomaly_detector,accuracy,f1,recall,precision,losses,test_accuracy,test_f1,test_recall,test_precision
16,2,256,256,,0.005,removal,0,0.16078753656570782,654,mean,GCNConv,2048,10,50,sage,100,nearest_neighbors,nan,0.0,0.0,0.0,"[2.817367672920227, 2.5929713249206543, 2.6934902667999268, 2.608556032180786, 2.6810861825942993, 2.711361289024353, 2.577195882797241, 2.5842992067337036, 2.6514971256256104, 2.5634673833847046, 2.5282009840011597, 2.5867308378219604, 2.584654688835144, 2.6332345008850098, 2.6491090059280396, 2.5951753854751587, 2.5284892320632935, 2.5832161903381348, 2.616751790046692, 2.5680662393569946, 2.6137789487838745, 2.561126708984375, 2.5512248277664185, 2.5817253589630127, 2.5303311347961426, 2.5734657049179077, 2.4660407304763794, 2.600847363471985, 2.5044389963150024, 2.467887759208679, 2.593800187110901, 2.485410690307617, 2.5948362350463867, 2.5068970918655396, 2.5222662687301636, 2.5130388736724854, 2.4738316535949707, 2.4647825956344604, 2.4317731857299805, 2.493351459503174, 2.492188811302185, 2.4179223775863647, 2.320430278778076, 2.3671247959136963, 2.4758304357528687, 2.3883867263793945, 2.546128511428833, 2.355409026145935, 2.4220757484436035, 2.4841701984405518, 2.4737805128097534, 2.3995851278305054, 2.383245825767517, 2.4366490840911865, 2.3744882345199585, 2.4174766540527344, 2.3258213996887207, 2.385340690612793, 2.343680739402771, 2.322080612182617, 2.350345492362976, 2.3672313690185547, 2.340250611305237]",0.9056111352762071,0.6707132018209409,0.5403422982885085,0.884
