K,layers,hidden_channels,out_channels,norm,lr,treatment,dropout,ratio,seed,aggregation,model_type,batch_size,rate_pairs,clusters,sampling,num_epochs,anomaly_detector,accuracy,f1,recall,precision,losses,test_accuracy,test_f1,test_recall,test_precision
16,2,128,256,,0.005,removal,0,0.3653527503915707,654,mean,GCNConv,1024,10,50,sage,100,nearest_neighbors,nan,0.0,0.0,0.0,"[4.328612804412842, 4.048998594284058, 4.0378522872924805, 4.024456739425659, 3.950027108192444, 3.9688650369644165, 3.984086751937866, 4.020212173461914, 4.024411916732788, 4.000680208206177, 3.917407512664795, 3.930876851081848, 3.948092222213745, 3.931094169616699, 3.88891863822937, 3.903377652168274, 3.8807830810546875, 3.96899676322937, 3.9294779300689697, 3.888035297393799, 3.8180906772613525, 3.863128423690796, 3.825999140739441, 3.7526118755340576, 3.861520528793335, 3.7871698141098022, 3.73821485042572, 3.755185127258301, 3.756807565689087, 3.767472505569458, 3.816718101501465, 3.6752333641052246, 3.731352210044861, 3.698299288749695, 3.6622767448425293, 3.625029444694519, 3.627675175666809, 3.6608883142471313, 3.591842770576477, 3.6844857931137085, 3.5697250366210938, 3.5984188318252563, 3.525448203086853, 3.5581525564193726, 3.499128580093384, 3.420275330543518, 3.5095713138580322, 3.4789263010025024, 3.4160746335983276, 3.3617371320724487, 3.48460054397583, 3.448154091835022, 3.3766223192214966, 3.3315210342407227, 3.392466902732849, 3.3892862796783447, 3.3669079542160034, 3.349237561225891, 3.3819968700408936, 3.345918655395508, 3.2553735971450806, 3.2735249996185303, 3.2343034744262695, 3.214966058731079, 3.145666241645813, 3.0934797525405884, 3.114255666732788, 3.0920764207839966, 3.1252671480178833, 3.125810742378235, 3.15692138671875, 3.0058258771896362, 3.024032473564148, 2.996179163455963, 3.0063660740852356, 2.9797473549842834, 2.951504945755005, 2.9323124289512634, 2.9512391090393066, 2.86872661113739, 2.799944221973419, 2.8440234065055847, 2.748045027256012, 2.7983325123786926, 2.7504128217697144, 2.740116000175476, 2.6981871128082275, 2.719930052757263, 2.7004440426826477, 2.5868789553642273, 2.626187324523926, 2.5831156373023987, 2.545819401741028, 2.533110797405243, 2.5156171321868896, 2.4838635325431824, 2.424663007259369, 2.4173423051834106, 2.4275542497634888, 2.3776180148124695]",0.919965202261853,0.7946428571428571,0.8704156479217604,0.731006160164271
