K,layers,hidden_channels,out_channels,norm,lr,treatment,dropout,ratio,seed,aggregation,model_type,batch_size,rate_pairs,reliable_mini_batch,clusters,accuracy,f1,recall,precision,losses
4,2,64,256,,0.009032715831375429,removal,0,0.25290423998750133,654,sum,GCNConv,10,13,True,400,0.9438700147710487,0.9076549210206561,0.91320293398533,0.9021739130434783,"[37.07080492377281, 31.36658376455307, 23.858668714761734, 20.14829172194004, 16.147323578596115, 13.61239817738533, 10.741221092641354, 8.690903343260288, 7.364470351487398, 6.494966544210911, 5.767503913491964, 4.989230662584305, 4.236467190086842, 3.8064972199499607, 3.378473246935755, 3.0320640709251165, 2.8147292248904705, 2.5748297348618507, 2.3576367869973183, 2.1577230440452695, 1.9527698922902346, 1.7858130875974894, 1.714674822986126, 1.5335970222949982, 1.4625070979818702, 1.3423960208892822, 1.283385319635272, 1.2221028469502926, 1.149279847741127, 1.0962690310552716, 0.9928223695605993, 0.9626830336637795, 0.9124783575534821, 0.8489432219648734, 0.8216979424469173, 0.7885440802201629, 0.7455043820664287, 0.7068694420158863, 0.6645390004850924, 0.6370835667476058, 0.5996398191200569, 0.5922138104215264, 0.5915691130794585, 0.5144247207790613, 0.5055308935116045, 0.5088706966489553, 0.5006031114608049, 0.44183372519910336, 0.4217208374175243, 0.42016086750663817]"
