K,layers,hidden_channels,out_channels,norm,lr,treatment,dropout,ratio,seed,aggregation,model_type,batch_size,rate_pairs,clusters,sampling,num_epochs,anomaly_detector,accuracy,f1,recall,precision,losses,test_accuracy,test_f1,test_recall,test_precision
7,1,128,128,,0.002658991027568918,removal,0,0.24441859181984157,654,mean,GCNConv,768,1,50,sage,100,nearest_neighbors,0.6372549019607843,0.7784431137724551,0.6372549019607843,1.0,"[5.680009722709656, 5.365995407104492, 5.257565021514893, 5.249343514442444, 5.225268006324768, 5.256186485290527, 5.351228475570679, 5.154973983764648, 5.2477744817733765, 5.111361384391785, 5.117434144020081, 5.077146768569946, 4.948064088821411, 5.126198649406433, 5.184919714927673, 5.0152857303619385, 5.112698912620544, 4.932243347167969, 4.9813923835754395, 4.9589210748672485, 4.9580748081207275, 4.926625967025757, 4.880980491638184, 4.913730502128601, 4.875475287437439, 4.779267430305481, 4.847216725349426, 4.8495917320251465, 4.746140241622925, 4.839727401733398, 4.859192848205566, 4.724820852279663, 4.77977728843689, 4.698604941368103, 4.615039110183716, 4.787894606590271, 4.642881989479065, 4.710390210151672, 4.648951292037964, 4.638749003410339, 4.563588619232178, 4.584209442138672, 4.516292452812195, 4.508337140083313, 4.422479629516602, 4.366139650344849, 4.399093151092529, 4.452634334564209, 4.2537602186203, 4.471825122833252, 4.393050909042358, 4.317994952201843, 4.308935761451721, 4.267034649848938, 4.139195442199707, 4.157225131988525, 4.160591244697571, 4.158642411231995, 4.09681624174118, 4.097126722335815, 4.049116492271423, 4.048667669296265, 4.027913391590118, 4.120417654514313, 4.005546033382416, 3.978610634803772, 3.893765926361084, 3.9558284878730774, 3.927467167377472, 3.8182815313339233, 3.8176703453063965, 3.8024622797966003, 3.7240787148475647, 3.7117376923561096, 3.7630953788757324, 3.728951334953308, 3.669500768184662, 3.677120864391327, 3.676114022731781, 3.6181416511535645, 3.558631420135498, 3.6065256595611572, 3.6179447174072266, 3.508617639541626, 3.4951613545417786, 3.467181146144867, 3.433736205101013, 3.3856780529022217, 3.383516788482666, 3.353352189064026, 3.277519941329956, 3.299893379211426, 3.340737044811249, 3.300118863582611, 3.2663117051124573, 3.265583038330078, 3.1885241866111755, 3.189063787460327, 3.1490119099617004, 3.1472034454345703]",0.9084194977843427,0.8391699092088197,0.7909535452322738,0.893646408839779
