alpha,K,layers,hidden_channels,out_channels,norm,dropout,margin,lpl_weight,ratio,seed,aggregation,pos_weight,accuracy,f1,recall,precision
0.2910483051681488,33,3,128,128,,0.2607453687294975,0.6680909645576116,0.9063521227550063,0.16408662469403257,1,sum,1,0.9169128508124077,0.8598130841121495,0.843520782396088,0.8767471410419314
0.2910483051681488,33,3,128,128,,0.2607453687294975,0.6680909645576116,0.9063521227550063,0.16408662469403257,2,sum,1,0.9169128508124077,0.8598130841121495,0.843520782396088,0.8767471410419314
0.2910483051681488,33,3,128,128,,0.2607453687294975,0.6680909645576116,0.9063521227550063,0.16408662469403257,3,sum,1,0.9257754800590842,0.874766355140187,0.8581907090464548,0.8919949174078781
0.2910483051681488,33,3,128,128,,0.2607453687294975,0.6680909645576116,0.9063521227550063,0.16408662469403257,4,sum,1,0.922082717872969,0.8685358255451714,0.8520782396088019,0.8856416772554002
0.2910483051681488,33,3,128,128,,0.2607453687294975,0.6680909645576116,0.9063521227550063,0.16408662469403257,5,sum,1,0.9257754800590842,0.874766355140187,0.8581907090464548,0.8919949174078781
