alpha,K,layers,hidden_channels,out_channels,norm,dropout,margin,lpl_weight,ratio,seed,aggregation,pos_weight,accuracy,f1,recall,precision
0.6168848726640391,26,2,256,256,layernorm,0.11544674900684986,0.7498088828919933,0.1506776191651134,0.23123938528582866,1,mean,1,0.922082717872969,0.8734253149370126,0.8899755501222494,0.8574793875147232
0.6168848726640391,26,2,256,256,layernorm,0.11544674900684986,0.7498088828919933,0.1506776191651134,0.23123938528582866,2,mean,1,0.9265140324963073,0.8813357185450209,0.9034229828850856,0.860302677532014
0.6168848726640391,26,2,256,256,layernorm,0.11544674900684986,0.7498088828919933,0.1506776191651134,0.23123938528582866,3,mean,1,0.9268833087149188,0.8804347826086957,0.89119804400978,0.869928400954654
0.6168848726640391,26,2,256,256,layernorm,0.11544674900684986,0.7498088828919933,0.1506776191651134,0.23123938528582866,4,mean,1,0.9209748892171344,0.8721624850657109,0.8924205378973105,0.852803738317757
0.6168848726640391,26,2,256,256,layernorm,0.11544674900684986,0.7498088828919933,0.1506776191651134,0.23123938528582866,5,mean,1,0.9298375184638109,0.8866348448687351,0.9083129584352079,0.865967365967366
