K,layers,hidden_channels,out_channels,norm,lr,treatment,dropout,ratio,seed,aggregation,model_type,batch_size,rate_pairs,reliable_mini_batch,clusters,accuracy,f1,recall,precision,losses
4,2,64,256,,0.009503492315218262,removal,0,0.24755468716939935,654,sum,GCNConv,10,6,True,400,0.9471935007385525,0.9131754705525197,0.9193154034229829,0.9071170084439083,"[37.18520253896713, 30.966792076826096, 23.19370225816965, 19.44254356622696, 15.435118928551674, 12.84122608602047, 10.126070521771908, 8.176411733031273, 6.87641279026866, 6.066121157258749, 5.3950022011995316, 4.656835779547691, 3.9468192383646965, 3.5516684018075466, 3.158718544524163, 2.8240057565271854, 2.6248368863016367, 2.3876293459907174, 2.188580898568034, 2.0105140884406865, 1.815841294825077, 1.6643815897405148, 1.590036315843463, 1.4252116456627846, 1.3661376554518938, 1.2472739927470684, 1.1948029873892665, 1.136257735081017, 1.0685071563348174, 1.0190784698352218, 0.9256370759103447, 0.8990574413910508, 0.8504773206077516, 0.7900502865668386, 0.7671237303875387, 0.730985842179507, 0.6928292140364647, 0.6571018476970494, 0.6188400243408978, 0.5939420657232404, 0.5579048943473026, 0.5521252863109112, 0.5485189948230982, 0.47798754181712866, 0.4713519083452411, 0.4730150206014514, 0.4665072401985526, 0.4124795841053128, 0.39156120736151934, 0.39128521271049976]"
