K,layers,hidden_channels,out_channels,norm,lr,treatment,dropout,ratio,seed,aggregation,model_type,batch_size,rate_pairs,clusters,sampling,sampling_k,num_epochs,anomaly_detector,accuracy,f1,recall,precision,losses
6,2,256,128,,0.006461063778531082,removal,0,0.16002404376892682,654,mean,GATConv,20,2,50,cluster,25,100,nearest_neighbors,0.9047267355982275,0.8275401069518716,0.7567237163814181,0.9129793510324484,"[2.8906168937683105, 2.6965352296829224, 2.682543098926544, 2.731624126434326, 2.651645541191101, 2.689135491847992, 2.7720401287078857, 2.6237077116966248, 2.584010899066925, 2.5470255613327026, 2.6294726133346558, 2.5275493264198303, 2.5307456254959106, 2.569453179836273, 2.502257466316223, 2.5242772698402405, 2.473166286945343, 2.5120588541030884, 2.4348928928375244, 2.4276867508888245, 2.4576571583747864, 2.3598592877388, 2.5016952753067017, 2.369047462940216, 2.338965892791748, 2.284026563167572, 2.184888541698456, 2.28671532869339, 2.230348765850067, 2.2937480211257935, 2.164306104183197, 2.2307119965553284, 2.1780487298965454, 2.14306503534317, 2.0092024207115173, 2.1119065284729004, 2.092319965362549, 2.071053206920624, 2.021591544151306, 1.9993284940719604, 2.0575097799301147, 2.0285947918891907, 1.9796294569969177, 1.888632893562317, 1.905872404575348, 1.9423624277114868, 1.8182688355445862, 1.836144506931305, 1.7989603877067566, 1.799043357372284, 1.7691856026649475, 1.7235230207443237, 1.75643652677536, 1.6329199373722076, 1.6722434759140015, 1.6804255247116089, 1.6691944599151611, 1.6009991765022278, 1.5708033442497253, 1.5522376894950867, 1.5179761052131653, 1.5352742075920105, 1.4848123788833618, 1.519102782011032, 1.4316874742507935, 1.3975724577903748, 1.3644271492958069, 1.414487361907959, 1.3714531064033508, 1.3389640152454376, 1.34174644947052, 1.3331520855426788, 1.2883781492710114, 1.244019776582718, 1.2740490436553955, 1.2077347040176392, 1.1555058360099792, 1.166584461927414, 1.1816480159759521, 1.1342167556285858, 1.1757656037807465, 1.1372886300086975, 1.0904072225093842, 1.064059853553772, 1.071808099746704, 1.0471281707286835, 1.045842468738556, 1.0502023994922638, 1.0277036428451538, 1.0029990673065186, 0.9962786436080933, 0.9478843808174133, 0.9355772435665131, 0.9370038211345673, 0.9573377966880798, 0.964991420507431, 0.9019782841205597, 0.9074464440345764, 0.9198106527328491, 0.882933646440506]"
