K,layers,hidden_channels,out_channels,norm,lr,treatment,dropout,ratio,seed,aggregation,model_type,batch_size,rate_pairs,reliable_mini_batch,clusters,accuracy,f1,recall,precision,losses
4,2,64,256,,0.009458383306898927,removal,0,0.25935946135328564,654,sum,GCNConv,10,7,True,400,0.9372230428360414,0.8958333333333334,0.8936430317848411,0.898034398034398,"[36.87726712226868, 30.94191551208496, 23.237875401973724, 19.414943024516106, 15.436938241124153, 12.858425855636597, 10.128212124109268, 8.187813714146614, 6.8689675480127335, 6.0652850940823555, 5.3981598280370235, 4.648517295718193, 3.9503103978931904, 3.5668031480163336, 3.157829982461408, 2.831655029207468, 2.622873291373253, 2.40010076854378, 2.196004232391715, 2.008846110664308, 1.8215254973620176, 1.6628219671547413, 1.5957004856318235, 1.42584815248847, 1.3687006756663322, 1.249981784261763, 1.198300577700138, 1.1407171431928873, 1.0702943801879883, 1.0193918040022254, 0.9298790809698403, 0.8995250957086682, 0.8501211600378156, 0.7910770608577877, 0.7678952445276082, 0.7340764617547393, 0.693059497512877, 0.6582480650395155, 0.6205918395426124, 0.5935628963634372, 0.5587421767413616, 0.553543686401099, 0.5508557115681469, 0.4797438579844311, 0.4720245252538007, 0.47387266205623746, 0.46653506346046925, 0.4115931550040841, 0.3926960918761324, 0.390686389291659]"
