K,layers,hidden_channels,out_channels,norm,lr,treatment,dropout,ratio,seed,aggregation,model_type,batch_size,rate_pairs,clusters,sampling,num_epochs,anomaly_detector,accuracy,f1,recall,precision,losses,test_accuracy,test_f1,test_recall,test_precision
11,2,128,128,,0.005,removal,0,0.3798764992193395,654,mean,GCNConv,2048,10,50,sage,100,nearest_neighbors,nan,0.0,0.0,0.0,"[2.591415762901306, 2.557700276374817, 2.5308715105056763, 2.4752755165100098, 2.537026524543762, 2.4553269147872925, 2.427737832069397, 2.455924153327942, 2.5401939153671265, 2.5191534757614136, 2.371354103088379, 2.4350918531417847, 2.432807207107544, 2.435796856880188, 2.385162591934204, 2.474586009979248, 2.390775680541992, 2.377843737602234, 2.4300200939178467, 2.4157994985580444, 2.300984501838684, 2.418813943862915, 2.3869476318359375, 2.398314952850342, 2.3956754207611084, 2.3365312814712524, 2.4173885583877563, 2.3367958068847656, 2.271110415458679, 2.4151095151901245, 2.2770228385925293, 2.333998441696167, 2.3155882358551025, 2.3133565187454224, 2.253151774406433, 2.246759533882141, 2.2500351667404175, 2.2696616649627686, 2.3667991161346436, 2.3123852014541626, 2.307883143424988, 2.2415428161621094, 2.2018795013427734, 2.310597538948059, 2.2231268882751465, 2.237451195716858, 2.217502236366272, 2.187253952026367, 2.2087831497192383, 2.290170192718506, 2.253183364868164, 2.216408848762512, 2.118073582649231, 2.170775532722473, 2.222273349761963, 2.1954872608184814, 2.159016728401184, 2.182456374168396, 2.127537250518799, 2.182737946510315, 2.1081939935684204, 2.141675114631653, 2.130213737487793, 2.0870577692985535, 2.048067569732666, 2.0590832233428955, 2.0511600971221924, 2.0523693561553955, 2.0853830575942993, 2.135952353477478, 2.0658612847328186, 1.991973340511322, 2.027686893939972, 2.022537112236023, 2.036880910396576, 2.0253669023513794, 2.057605504989624, 2.027329206466675, 1.948783040046692, 1.9559800028800964, 1.9754220843315125, 1.9580650329589844, 1.9182396531105042, 1.9626262187957764, 1.8730734586715698, 1.9381712079048157, 1.8855533599853516, 1.8761810064315796, 1.8795338869094849, 1.8725123405456543, 1.8882603645324707, 1.8506436944007874, 1.8169341087341309, 1.8755946159362793, 1.7796009182929993, 1.8523720502853394, 1.8237791061401367, 1.8164691925048828, 1.7943273782730103, 1.7367068529129028]",0.8912570682905611,0.7317596566523605,0.8337408312958435,0.6520076481835564
