K,layers,hidden_channels,out_channels,norm,lr,treatment,dropout,ratio,seed,aggregation,model_type,batch_size,rate_pairs,clusters,sampling,num_epochs,anomaly_detector,accuracy,f1,recall,precision,losses,test_accuracy,test_f1,test_recall,test_precision
8,2,256,256,,0.005,removal,0,0.3205612600455374,654,mean,GATConv,1024,10,50,sage,100,nearest_neighbors,nan,0.0,0.0,0.0,"[3.535913586616516, 3.3364176750183105, 3.335724353790283, 3.3281328678131104, 3.2635527849197388, 3.246024250984192, 3.1902036666870117, 3.2362992763519287, 3.172552704811096, 3.2136361598968506, 3.215326189994812, 3.2038296461105347, 3.0830147862434387, 3.0864802598953247, 3.1563823223114014, 3.1452441215515137, 3.178062319755554, 3.151897609233856, 3.0823079347610474, 3.135701298713684, 3.0879828929901123, 3.0397859811782837, 3.0438100695610046, 3.0361565351486206, 3.0323548913002014, 2.958945095539093, 2.960506856441498, 2.9345037937164307, 2.915862739086151, 2.957610845565796, 2.896729290485382, 2.8564040064811707, 2.8465892672538757, 2.8269606828689575, 2.7987934350967407, 2.819540321826935, 2.769045054912567, 2.7837546467781067, 2.7284660935401917, 2.7286941409111023, 2.7049091458320618, 2.7449613213539124, 2.6525632739067078, 2.6778915524482727, 2.6931414008140564, 2.6009270548820496, 2.611319601535797, 2.5537474155426025, 2.574659824371338, 2.529782295227051, 2.5248643159866333, 2.5069774985313416, 2.4613301753997803, 2.4047911167144775, 2.395820677280426, 2.38982892036438, 2.3059295415878296, 2.354607880115509, 2.321829855442047, 2.334610402584076, 2.3001686930656433, 2.3182555437088013, 2.253399968147278, 2.2546167373657227, 2.2091930508613586, 2.216038167476654, 2.203421413898468, 2.1443760991096497, 2.135489046573639, 2.1206032037734985, 2.0804340839385986, 2.0594741106033325, 2.0709367990493774, 2.0179641246795654, 2.015628933906555, 1.969757080078125, 1.9518874287605286, 1.9009428024291992, 1.9216609597206116, 1.9294073581695557, 1.920430839061737, 1.8488590717315674, 1.8751442432403564, 1.7863816618919373, 1.7943894267082214, 1.801991581916809, 1.7495391964912415, 1.7592594027519226, 1.7186362147331238, 1.7184000611305237, 1.717880666255951, 1.6741026043891907, 1.6712711453437805, 1.6256418228149414, 1.6160430312156677, 1.608022928237915, 1.578530728816986, 1.547813057899475, 1.548894226551056, 1.543476402759552]",0.9247498912570683,0.7967097532314924,0.8288508557457213,0.7669683257918553
