K,layers,hidden_channels,out_channels,norm,lr,treatment,dropout,ratio,seed,aggregation,model_type,batch_size,rate_pairs,clusters,sampling,num_epochs,anomaly_detector,accuracy,f1,recall,precision,losses,test_accuracy,test_f1,test_recall,test_precision
20,2,256,256,,0.005,removal,0,0.33765806746575094,654,mean,GCNConv,1024,10,50,sage,100,nearest_neighbors,nan,0.0,0.0,0.0,"[4.404399394989014, 4.200090169906616, 4.266183614730835, 4.2591763734817505, 4.24800169467926, 4.250842094421387, 4.178714871406555, 4.22275972366333, 4.110804438591003, 4.1163090467453, 4.178497672080994, 4.104793548583984, 4.061649918556213, 4.1376683712005615, 4.003996968269348, 4.101535439491272, 4.155172944068909, 4.1608054637908936, 4.087278485298157, 4.095837950706482, 4.1144819259643555, 4.019558787345886, 4.067868590354919, 3.992622137069702, 3.931742548942566, 3.952943205833435, 3.872171998023987, 3.938222050666809, 4.000933766365051, 3.946610927581787, 3.9233148097991943, 3.9500274658203125, 3.86832594871521, 3.9422683715820312, 3.882922410964966, 3.820770502090454, 3.886056661605835, 3.803550362586975, 3.834999203681946, 3.758206367492676, 3.699108839035034, 3.7872785329818726, 3.9015254974365234, 3.699437379837036, 3.7328368425369263, 3.8242592811584473, 3.7243000268936157, 3.6285738945007324, 3.689458966255188, 3.6307629346847534, 3.6752893924713135, 3.63338565826416, 3.5827709436416626, 3.52720308303833, 3.7649221420288086, 3.4674534797668457, 3.504431962966919, 3.593185782432556, 3.543521285057068, 3.536751389503479, 3.5564929246902466, 3.443795680999756, 3.5327333211898804, 3.4502207040786743, 3.5322777032852173, 3.454068899154663, 3.5177884101867676, 3.4424139261245728, 3.399246335029602, 3.433188796043396, 3.3642479181289673, 3.3680657148361206, 3.3569968938827515, 3.2810957431793213, 3.295227289199829, 3.2576738595962524, 3.1972357034683228, 3.2076172828674316, 3.2112555503845215, 3.1950663328170776, 3.1663442850112915, 3.183541417121887, 3.148481249809265, 3.113752007484436, 3.057847499847412, 3.080416262149811, 3.1131260991096497, 3.046961009502411, 3.008064925670624, 3.004181921482086, 2.9567997455596924, 2.9118736386299133, 3.000732958316803, 2.906549632549286, 2.861512780189514, 2.825233519077301, 2.832641899585724, 2.8293396830558777, 2.78233140707016, 2.7629225850105286]",0.9195302305350153,0.7866205305651672,0.8337408312958435,0.7445414847161572
