K,layers,hidden_channels,out_channels,norm,lr,treatment,dropout,ratio,seed,aggregation,model_type,batch_size,rate_pairs,clusters,sampling,num_epochs,anomaly_detector,accuracy,f1,recall,precision,losses,test_accuracy,test_f1,test_recall,test_precision
2,1,256,128,,0.004038655220364985,removal,0,0.37007810868975366,654,mean,GATConv,1024,6,300,sage,100,nearest_neighbors,0.7254901960784313,0.8409090909090909,0.7254901960784313,1.0,"[2.1396645307540894, 1.9613811373710632, 1.9095722436904907, 1.902245044708252, 1.8794456720352173, 1.8661997318267822, 1.8450878858566284, 1.8254497647285461, 1.8106876015663147, 1.8191565871238708, 1.8539246916770935, 1.7987266182899475, 1.769069492816925, 1.7858105897903442, 1.7344271540641785, 1.7438791394233704, 1.727225661277771, 1.6930371522903442, 1.692422091960907, 1.6775929927825928, 1.6726901531219482, 1.6688488125801086, 1.6535679697990417, 1.629775047302246, 1.5928425788879395, 1.5920615792274475, 1.573118269443512, 1.5540072321891785, 1.559751033782959, 1.53803288936615, 1.518423616886139, 1.5024619102478027, 1.5081139504909515, 1.497374415397644, 1.4821824729442596, 1.4544566869735718, 1.4556713104248047, 1.4531570076942444, 1.433975100517273, 1.388406664133072, 1.389663189649582, 1.4067426919937134, 1.37672621011734, 1.3640146553516388, 1.361645132303238, 1.356584906578064, 1.3404028117656708, 1.3142134547233582, 1.3235988318920135, 1.3102246820926666, 1.2954514622688293, 1.2711923122406006, 1.2710703015327454, 1.2475448250770569, 1.253832370042801, 1.2318092286586761, 1.2357136905193329, 1.225225567817688, 1.2315029501914978, 1.1877267956733704, 1.192823886871338, 1.1844329833984375, 1.1755598485469818, 1.1642225682735443, 1.150601863861084, 1.1352311968803406, 1.1281704008579254, 1.1123579144477844, 1.1131150424480438, 1.096573382616043, 1.0870226323604584, 1.0868466198444366, 1.0918462574481964, 1.0586861968040466, 1.060759961605072, 1.0516655445098877, 1.0367772281169891, 1.0388292372226715, 1.0225417017936707, 1.0171851515769958, 1.005235731601715, 0.9958576858043671, 0.9914190471172333, 0.9747702777385712, 0.9673934578895569, 0.966620147228241, 0.9650167524814606, 0.9521103799343109, 0.9484766721725464, 0.9442981481552124, 0.9264481961727142, 0.9268626272678375, 0.9094274938106537, 0.914239913225174, 0.8965718150138855, 0.9022146165370941, 0.8916149139404297, 0.8820650279521942, 0.860098123550415, 0.8592534959316254]",0.9161742983751846,0.8606507059545734,0.8569682151589242,0.8643649815043156
