K,layers,hidden_channels,out_channels,norm,lr,treatment,dropout,ratio,seed,aggregation,model_type,batch_size,rate_pairs,clusters,sampling,num_epochs,anomaly_detector,accuracy,f1,recall,precision,losses,test_accuracy,test_f1,test_recall,test_precision
12,2,64,64,,0.005,removal,0,0.2703239717994676,654,mean,GCNConv,2048,10,50,sage,100,nearest_neighbors,nan,0.0,0.0,0.0,"[2.7098584175109863, 2.5472159385681152, 2.4667019844055176, 2.5256327390670776, 2.459728479385376, 2.58491587638855, 2.570590019226074, 2.442984461784363, 2.460832357406616, 2.489411234855652, 2.459568500518799, 2.4132944345474243, 2.4532378911972046, 2.436758875846863, 2.4230605363845825, 2.4203394651412964, 2.41242516040802, 2.4094743728637695, 2.4232019186019897, 2.447422504425049, 2.387011170387268, 2.486461043357849, 2.4158934354782104, 2.5395407676696777, 2.449695587158203, 2.431993007659912, 2.349653124809265, 2.430963397026062, 2.3510801792144775, 2.385548710823059, 2.338622212409973, 2.396356463432312, 2.4044198989868164, 2.3736432790756226, 2.3230648040771484, 2.2981454133987427, 2.3326985836029053, 2.3237231969833374, 2.2926911115646362, 2.3165425062179565, 2.343205690383911, 2.2755850553512573, 2.2865545749664307, 2.209613800048828, 2.2292858362197876, 2.229477286338806, 2.2588822841644287, 2.3333710432052612, 2.302606463432312, 2.2673375606536865, 2.258975386619568, 2.261870861053467, 2.2611894607543945, 2.2130606174468994, 2.215847969055176, 2.286317229270935, 2.226609706878662, 2.1920387744903564, 2.2079012393951416, 2.17638099193573, 2.1647562980651855, 2.1666181087493896, 2.217756509780884, 2.1607472896575928, 2.174410104751587, 2.058243989944458, 2.1336692571640015, 2.1203774213790894, 2.063215494155884, 2.134034276008606, 2.098105788230896, 2.082076072692871, 2.077001452445984, 2.0747680068016052, 2.0917499661445618, 2.091558575630188, 2.0556217432022095, 2.0179754495620728, 2.0641525387763977, 2.066689968109131, 2.084859073162079, 2.058402419090271, 2.0385953783988953, 1.995257019996643, 1.9676761031150818, 1.9613530039787292, 1.9406996369361877, 1.9139007329940796, 1.9350118041038513, 1.9504616260528564, 1.9484999775886536, 1.8931164145469666, 1.9285110235214233, 1.8697052001953125, 1.9478905200958252, 1.865860104560852, 1.837731659412384, 1.8973875045776367, 1.8395330905914307, 1.8476079106330872]",0.8608090474119182,0.5755968169761273,0.530562347188264,0.6289855072463768
