K,layers,hidden_channels,out_channels,norm,lr,treatment,dropout,ratio,seed,aggregation,model_type,batch_size,rate_pairs,clusters,sampling,num_epochs,anomaly_detector,accuracy,f1,recall,precision,losses,test_accuracy,test_f1,test_recall,test_precision
10,1,128,64,,0.005,removal,0,0.17316332341305177,654,sum,GCNConv,2048,10,50,sage,100,nearest_neighbors,nan,0.0,0.0,0.0,"[2.9774340391159058, 2.408181071281433, 2.427993416786194, 2.4010294675827026, 2.3351207971572876, 2.421873688697815, 2.30908465385437, 2.3575459718704224, 2.408394932746887, 2.344396471977234, 2.33170747756958, 2.2004109621047974, 2.411897659301758, 2.339901089668274, 2.291864275932312, 2.351439356803894, 2.282724976539612, 2.353218674659729, 2.309333086013794, 2.271486520767212, 2.266676187515259, 2.2883222103118896, 2.270838737487793, 2.3063607215881348, 2.2562475204467773, 2.3145265579223633, 2.2406342029571533, 2.2478795051574707, 2.2710752487182617, 2.1941486597061157, 2.250193953514099, 2.2555432319641113, 2.2413547039031982, 2.138936161994934, 2.2055121660232544, 2.2235891819000244, 2.2061153650283813, 2.1885606050491333, 2.202847719192505, 2.16374933719635, 2.1810977458953857, 2.150655746459961, 2.150006890296936, 2.125335931777954, 2.2077494859695435, 2.1457163095474243, 2.122027277946472, 2.110434412956238, 2.107838988304138, 2.1220688819885254, 2.1004260778427124, 2.086874485015869, 2.0541648268699646, 2.097301721572876, 2.0984429717063904, 2.055671453475952, 2.059093952178955, 2.0442317128181458, 2.053596079349518, 2.053301513195038, 2.0530757904052734, 1.985162615776062, 2.0158488154411316, 2.0310768485069275, 2.0521175861358643, 2.001474976539612, 1.9905838370323181, 1.979903221130371, 1.994743525981903, 1.9075685739517212, 1.929486870765686, 1.89713716506958, 1.9056997895240784, 1.9166347980499268, 1.9210447072982788, 1.8973914980888367, 1.8816642761230469, 1.8840248584747314, 1.8702253103256226, 1.8546167016029358, 1.853122353553772, 1.7639148235321045, 1.8452551364898682, 1.8015844225883484, 1.8536946177482605, 1.851293921470642, 1.817156434059143, 1.793226182460785, 1.7872993350028992, 1.7333961725234985, 1.7235056161880493, 1.7611644864082336, 1.7612733244895935, 1.7527881264686584, 1.7466703057289124, 1.766461730003357, 1.7249330282211304, 1.7539697885513306, 1.6974167823791504, 1.6561283469200134]",0.8551544149630274,0.42287694974003465,0.2982885085574572,0.7261904761904762
