alpha,K,layers,hidden_channels,out_channels,norm,dropout,margin,lpl_weight,ratio,seed,aggregation,pos_weight,accuracy,f1,recall,precision
0.40048904442770317,34,2,256,256,layernorm,0.13407661439070012,0.5921051393926662,0.630670085282741,0.18875987461050295,1,sum,1,0.9435007385524372,0.9050279329608939,0.89119804400978,0.9192938209331651
0.40048904442770317,34,2,256,256,layernorm,0.13407661439070012,0.5921051393926662,0.630670085282741,0.18875987461050295,2,sum,1,0.9438700147710487,0.9057071960297767,0.8924205378973105,0.9193954659949622
0.40048904442770317,34,2,256,256,layernorm,0.13407661439070012,0.5921051393926662,0.630670085282741,0.18875987461050295,3,sum,1,0.9453471196454948,0.908641975308642,0.8997555012224939,0.9177057356608479
0.40048904442770317,34,2,256,256,layernorm,0.13407661439070012,0.5921051393926662,0.630670085282741,0.18875987461050295,4,sum,1,0.948301329394387,0.9132589838909542,0.9009779951100244,0.9258793969849246
0.40048904442770317,34,2,256,256,layernorm,0.13407661439070012,0.5921051393926662,0.630670085282741,0.18875987461050295,5,sum,1,0.9423929098966026,0.9037037037037037,0.8948655256723717,0.912718204488778
