K,layers,hidden_channels,out_channels,norm,lr,treatment,dropout,ratio,seed,aggregation,model_type,batch_size,rate_pairs,reliable_mini_batch,clusters,accuracy,f1,recall,precision,losses
4,2,64,256,,0.009454216059660245,removal,0,0.2542770766956032,654,sum,GCNConv,10,7,True,400,0.9464549483013294,0.9119611414693382,0.9180929095354523,0.9059107358262968,"[36.98943209648132, 30.906193792819977, 23.189311653375626, 19.44182839989662, 15.467848390340805, 12.864394202828407, 10.176194347441196, 8.190050356090069, 6.882327862083912, 6.067378226667643, 5.409927494823933, 4.669517442584038, 3.9520151428878307, 3.5548468865454197, 3.166434600483626, 2.8317218367010355, 2.6317962501198053, 2.399075986817479, 2.192961758002639, 2.0099230678752065, 1.8218935187906027, 1.6661823112517595, 1.597658233717084, 1.428321234881878, 1.3646331187337637, 1.2468956988304853, 1.1972097950056195, 1.1382856611162424, 1.0674036536365747, 1.0200389549136162, 0.9256004630587995, 0.8993642474524677, 0.85083048325032, 0.7913517167326063, 0.7683680071495473, 0.7348505449481308, 0.6930301175452769, 0.6575397346168756, 0.6187533625634387, 0.594768796581775, 0.5595989210996777, 0.5520813781768084, 0.5501981466077268, 0.4785624362411909, 0.4720963180589024, 0.4736890848726034, 0.4675491093657911, 0.41261313343420625, 0.39241465739905834, 0.3915469669736922]"
