alpha,K,layers,hidden_channels,out_channels,norm,dropout,margin,lpl_weight,ratio,seed,aggregation,pos_weight,accuracy,f1,recall,precision
0.5,33,1,256,256,,0.20276385706831615,0.5,0.8307558924903418,0.23032831572928905,1,sum,1,0.9364844903988183,0.8935643564356436,0.882640586797066,0.9047619047619048
0.5,33,1,256,256,,0.20276385706831615,0.5,0.8307558924903418,0.23032831572928905,2,sum,1,0.9294682422451994,0.8824615384615384,0.8765281173594132,0.8884758364312267
0.5,33,1,256,256,,0.20276385706831615,0.5,0.8307558924903418,0.23032831572928905,3,sum,1,0.9298375184638109,0.8832923832923832,0.8789731051344744,0.8876543209876543
0.5,33,1,256,256,,0.20276385706831615,0.5,0.8307558924903418,0.23032831572928905,4,sum,1,0.9235598227474151,0.8730839975475169,0.8704156479217604,0.8757687576875769
0.5,33,1,256,256,,0.20276385706831615,0.5,0.8307558924903418,0.23032831572928905,5,sum,1,0.9342688330871491,0.8923821039903265,0.902200488997555,0.8827751196172249
