K,layers,hidden_channels,out_channels,norm,lr,treatment,dropout,ratio,seed,aggregation,model_type,batch_size,rate_pairs,reliable_mini_batch,clusters,accuracy,f1,recall,precision,losses
4,2,64,256,,0.00917355874735641,removal,0,0.25016914356808484,654,sum,GCNConv,10,6,True,400,0.9471935007385525,0.913595166163142,0.9242053789731052,0.9032258064516129,"[37.09233731031418, 31.148093819618225, 23.602401211857796, 19.949652388691902, 15.930570937693119, 13.353613257408142, 10.589779637753963, 8.534249432384968, 7.223310254514217, 6.382054150104523, 5.651031352579594, 4.8951435983181, 4.147650711238384, 3.730219626799226, 3.3144940049387515, 2.967247176915407, 2.7672611847519875, 2.5223364997655153, 2.306889418512583, 2.113198353210464, 1.9111236110329628, 1.748183274641633, 1.6770248282700777, 1.505503822118044, 1.432272550649941, 1.3170209750533104, 1.2591678025200963, 1.1956824837252498, 1.1244690855965018, 1.0716932015493512, 0.9734394839033484, 0.9476352329365909, 0.8948848564177752, 0.8331699126865715, 0.810444020666182, 0.7711671865545213, 0.728510994464159, 0.6919170534238219, 0.6510723262326792, 0.624889031983912, 0.5868976619676687, 0.5793733689934015, 0.5800918373279274, 0.5036340209189802, 0.4957534848654177, 0.4987750924192369, 0.4929744121618569, 0.433588991407305, 0.4124899485614151, 0.4121311774943024]"
