alpha,K,layers,hidden_channels,out_channels,norm,dropout,margin,lpl_weight,ratio,seed,aggregation,pos_weight,accuracy,f1,recall,precision
0.5,35,1,128,128,,0.41799901468596456,0.5,0.18555598306073406,0.23111790842276178,1,sum,1,0.9261447562776958,0.8786407766990292,0.8850855745721271,0.8722891566265061
0.5,35,1,128,128,,0.41799901468596456,0.5,0.18555598306073406,0.23111790842276178,2,sum,1,0.9198670605612999,0.8658008658008658,0.8557457212713936,0.8760951188986232
0.5,35,1,128,128,,0.41799901468596456,0.5,0.18555598306073406,0.23111790842276178,3,sum,1,0.9113737075332349,0.8522167487684729,0.8459657701711492,0.858560794044665
0.5,35,1,128,128,,0.41799901468596456,0.5,0.18555598306073406,0.23111790842276178,4,sum,1,0.9287296898079763,0.8835244417622209,0.8948655256723717,0.8724672228843862
0.5,35,1,128,128,,0.41799901468596456,0.5,0.18555598306073406,0.23111790842276178,5,sum,1,0.9294682422451994,0.8806995627732667,0.8618581907090465,0.9003831417624522
