K,layers,hidden_channels,out_channels,norm,lr,treatment,dropout,ratio,seed,aggregation,model_type,batch_size,rate_pairs,clusters,sampling,sampling_k,num_epochs,anomaly_detector,accuracy,f1,recall,precision,losses
7,2,64,64,,0.0056970161004345895,removal,0,0.24014151234451742,654,mean,GATConv,512,2,100,cluster,50,100,unweighted,0.8245937961595273,0.6721877156659766,0.5953545232273839,0.7717908082408875,"[11.111766159534454, 11.369595050811768, 11.525860667228699, 10.751147091388702, 10.954362452030182, 10.72032380104065, 9.795941412448883, 10.219398617744446, 9.86650288105011, 9.588915288448334, 9.162036061286926, 9.088883817195892, 8.920575082302094, 8.767815113067627, 8.740789473056793, 8.196198284626007, 8.011361241340637, 7.99008446931839, 7.818329215049744, 7.428084075450897, 7.194200098514557, 6.948800504207611, 6.512973606586456, 6.659217953681946, 6.247935354709625, 5.944364637136459, 6.002513289451599, 5.692987263202667, 5.536112725734711, 5.331600248813629, 5.239250600337982, 4.96344181895256, 4.743514388799667, 4.559077203273773, 4.369937598705292, 4.2161634266376495, 3.9835953414440155, 3.928976982831955, 3.8027623891830444, 3.5477474331855774, 3.5514875799417496, 3.363731473684311, 3.3945571780204773, 3.152472361922264, 3.019954591989517, 3.0464407205581665, 2.915345638990402, 2.7986968010663986, 2.6931338608264923, 2.61318801343441, 2.5171012729406357, 2.5295755863189697, 2.4311957210302353, 2.226848289370537, 2.2077978253364563, 2.2115728110074997, 2.154690206050873, 2.0505049526691437, 2.0230455696582794, 1.9385290741920471, 1.9196866154670715, 1.8443878442049026, 1.8149617165327072, 1.7453142702579498, 1.6664740964770317, 1.665518581867218, 1.6489156782627106, 1.5466769337654114, 1.5409470200538635, 1.4751181975007057, 1.4467770978808403, 1.4612658396363258, 1.408592663705349, 1.3179130777716637, 1.3168666511774063, 1.2988523319363594, 1.292020544409752, 1.2438684478402138, 1.2241786569356918, 1.1867092996835709, 1.1589550599455833, 1.1574315801262856, 1.1071025282144547, 1.0951590687036514, 1.0868919864296913, 1.0470528304576874, 1.035119440406561, 1.0127701312303543, 1.0188614800572395, 1.0093195289373398, 0.9415663406252861, 0.9243515357375145, 0.9350182190537453, 0.9238242954015732, 0.9063666760921478, 0.8730516582727432, 0.8503909185528755, 0.8344799429178238, 0.8048355504870415, 0.8239056169986725]"
