K,layers,hidden_channels,out_channels,norm,lr,treatment,dropout,ratio,seed,aggregation,model_type,batch_size,rate_pairs,clusters,sampling,num_epochs,anomaly_detector,accuracy,f1,recall,precision,losses,test_accuracy,test_f1,test_recall,test_precision
10,2,256,128,,0.005,removal,0,0.3570655733779448,654,max,GCNConv,2048,10,50,sage,100,nearest_neighbors,nan,0.0,0.0,0.0,"[2.489223599433899, 2.4400551319122314, 2.405006766319275, 2.4377962350845337, 2.384788155555725, 2.387340784072876, 2.3809149265289307, 2.3454995155334473, 2.4120088815689087, 2.4129821062088013, 2.3680235147476196, 2.2450077533721924, 2.3677854537963867, 2.274749755859375, 2.3326497077941895, 2.2678680419921875, 2.337455153465271, 2.320317029953003, 2.354646325111389, 2.2734867334365845, 2.3649098873138428, 2.3115038871765137, 2.264636516571045, 2.2740763425827026, 2.29417622089386, 2.3198676109313965, 2.3106786012649536, 2.2520668506622314, 2.306281089782715, 2.2186059951782227, 2.2811707258224487, 2.2902568578720093, 2.286439895629883, 2.230861783027649, 2.191460132598877, 2.2102497816085815, 2.189748525619507, 2.173828363418579, 2.2166640758514404, 2.1768559217453003, 2.189152956008911, 2.121667265892029, 2.2377387285232544, 2.168461561203003, 2.167209267616272, 2.14566433429718, 2.0980552434921265, 2.1796875, 2.1799503564834595, 2.148178458213806, 2.1087385416030884, 2.1998809576034546, 2.1184946298599243, 2.114091396331787, 2.079597234725952, 2.1315664052963257, 2.0688117146492004, 2.099202036857605, 2.063904643058777, 2.002316951751709, 2.034605085849762, 2.0340226888656616, 2.0434895753860474, 1.9862987399101257, 1.9912618398666382, 2.024291694164276, 2.001612901687622, 1.9641923308372498, 1.9417317509651184, 2.002670466899872, 1.9845775365829468, 1.9467902779579163, 1.9331231117248535, 1.9775725603103638, 1.9533854722976685, 1.9690757393836975, 1.92283034324646, 1.8699275255203247, 1.8681119680404663, 1.8252122402191162, 1.8242536783218384, 1.8466116786003113, 1.8254879713058472, 1.8323315978050232, 1.8107969760894775, 1.8049868941307068, 1.7953811287879944, 1.810665249824524, 1.788446068763733, 1.768866777420044, 1.7526697516441345, 1.7507190704345703, 1.7727755904197693, 1.7403942942619324, 1.7550736665725708, 1.747852087020874, 1.7109276056289673, 1.750978708267212, 1.6861233115196228, 1.7105748653411865]",0.8999565028273162,0.7386363636363636,0.7946210268948656,0.6900212314225053
