alpha,K,layers,hidden_channels,out_channels,norm,dropout,margin,lpl_weight,ratio,seed,aggregation,pos_weight,accuracy,f1,recall,precision
0.2659792473805755,32,2,256,256,layernorm,0.11028543468502834,0.6138220210749461,0.5464560605010937,0.18460256771562278,1,sum,1,0.9494091580502215,0.9147479775980087,0.8985330073349633,0.9315589353612167
0.2659792473805755,32,2,256,256,layernorm,0.11028543468502834,0.6138220210749461,0.5464560605010937,0.18460256771562278,2,sum,1,0.9464549483013294,0.9103277674706246,0.8997555012224939,0.9211514392991239
0.2659792473805755,32,2,256,256,layernorm,0.11028543468502834,0.6138220210749461,0.5464560605010937,0.18460256771562278,3,sum,1,0.9438700147710487,0.9055900621118013,0.89119804400978,0.9204545454545454
0.2659792473805755,32,2,256,256,layernorm,0.11028543468502834,0.6138220210749461,0.5464560605010937,0.18460256771562278,4,sum,1,0.941285081240768,0.9013035381750466,0.8875305623471883,0.9155107187894073
0.2659792473805755,32,2,256,256,layernorm,0.11028543468502834,0.6138220210749461,0.5464560605010937,0.18460256771562278,5,sum,1,0.9423929098966026,0.9028642590286425,0.8863080684596577,0.9200507614213198
