K,layers,hidden_channels,out_channels,norm,lr,treatment,dropout,ratio,seed,aggregation,model_type,batch_size,rate_pairs,clusters,sampling,num_epochs,anomaly_detector,accuracy,f1,recall,precision,losses,test_accuracy,test_f1,test_recall,test_precision
17,2,256,64,,0.005,removal,0,0.2655746862175796,654,mean,GATConv,1024,10,50,sage,50,nearest_neighbors,nan,0.0,0.0,0.0,"[12.14237904548645, 12.097517490386963, 12.071277379989624, 11.91498351097107, 12.332283735275269, 12.172409534454346, 12.282044410705566, 12.082162380218506, 12.354308128356934, 11.82295846939087, 12.217060327529907, 11.622659921646118, 11.803062438964844, 11.71812915802002, 12.452110767364502, 11.841328382492065, 11.978807926177979, 12.044686317443848, 11.609010934829712, 11.719465970993042, 11.71135139465332, 11.862133264541626, 11.591264009475708, 11.627273797988892, 11.118382215499878, 11.658653497695923, 11.452112913131714, 11.42472219467163, 11.34184980392456, 11.429878234863281, 11.385366678237915, 11.112703323364258, 11.41934084892273, 11.355984210968018, 11.28351902961731, 11.26757526397705, 11.031502485275269, 11.20067834854126, 11.3466477394104, 10.975188970565796, 10.89286994934082, 10.908565759658813, 10.936357736587524, 10.978395223617554, 10.861362934112549, 10.851600646972656, 10.627785921096802, 10.595962285995483, 10.760222911834717, 10.884895324707031]",0.9117007394519356,0.7636786961583236,0.8019559902200489,0.7288888888888889
