K,layers,hidden_channels,out_channels,norm,lr,treatment,dropout,ratio,seed,aggregation,model_type,batch_size,rate_pairs,clusters,sampling,num_epochs,anomaly_detector,accuracy,f1,recall,precision,losses,test_accuracy,test_f1,test_recall,test_precision
6,2,256,128,,0.005,removal,0,0.2564180890789954,654,mean,GATConv,1024,10,50,sage,100,nearest_neighbors,nan,0.0,0.0,0.0,"[3.1638683080673218, 3.083419442176819, 2.9921135306358337, 3.0603168606758118, 3.026119649410248, 2.9267753958702087, 2.9587236046791077, 2.9096331000328064, 2.864965498447418, 2.8285046219825745, 2.847050905227661, 2.8399763703346252, 2.828656017780304, 2.8038681149482727, 2.8404465317726135, 2.800831139087677, 2.843930244445801, 2.7661919593811035, 2.701218843460083, 2.704103708267212, 2.71578586101532, 2.6706095337867737, 2.675529420375824, 2.6950279474258423, 2.620896637439728, 2.6435393691062927, 2.5945997834205627, 2.6256425976753235, 2.621995210647583, 2.5437707901000977, 2.555075228214264, 2.5221515893936157, 2.537326395511627, 2.4785075783729553, 2.518684506416321, 2.408752739429474, 2.41728413105011, 2.4413514733314514, 2.3876973390579224, 2.398653030395508, 2.3725332617759705, 2.284485697746277, 2.2900235652923584, 2.3029138445854187, 2.271885395050049, 2.2407434582710266, 2.2215322256088257, 2.203694760799408, 2.2278707027435303, 2.191977083683014, 2.154350757598877, 2.184917390346527, 2.1290698647499084, 2.1185463666915894, 2.054233431816101, 2.070265054702759, 2.0644296407699585, 2.0202200412750244, 1.977897822856903, 1.9915891289710999, 1.9739766716957092, 1.9571222066879272, 1.9438858032226562, 1.9374924898147583, 1.9123262763023376, 1.8500359654426575, 1.8437556624412537, 1.8310563564300537, 1.7735532522201538, 1.7854651808738708, 1.7759586572647095, 1.7656993865966797, 1.7177937030792236, 1.729516863822937, 1.6931848526000977, 1.664377212524414, 1.6511923670768738, 1.636183738708496, 1.598348319530487, 1.6080493927001953, 1.5923315286636353, 1.5976998805999756, 1.5574913620948792, 1.520279586315155, 1.5252926349639893, 1.518635869026184, 1.4965336918830872, 1.4699482917785645, 1.4715969860553741, 1.4311784207820892, 1.4326152503490448, 1.4155682623386383, 1.4063747227191925, 1.3708096146583557, 1.3565639555454254, 1.346420019865036, 1.3395283222198486, 1.3286035358905792, 1.3129073977470398, 1.2766351103782654]",0.9156154849934754,0.7544303797468355,0.7286063569682152,0.7821522309711286
