K,layers,hidden_channels,out_channels,norm,lr,treatment,dropout,ratio,seed,aggregation,model_type,batch_size,rate_pairs,reliable_mini_batch,clusters,accuracy,f1,recall,precision,losses
4,2,64,256,,0.009476859430673133,relabeling,0,0.26290213953792435,654,sum,GCNConv,15,7,True,400,0.8430576070901034,0.7678864008738394,0.8594132029339854,0.6939782823297137,"[24.3766131401062, 20.815771222114563, 17.56521585583687, 15.004039287567139, 12.307301864027977, 10.904965221881866, 9.159964680671692, 7.953780353069305, 6.946505635976791, 6.070923835039139, 5.736856162548065, 5.067689850926399, 4.446846783161163, 3.9891071170568466, 3.753074035048485, 3.2413910776376724, 3.064947225153446, 2.785941980779171, 2.574595730751753, 2.4065488763153553, 2.220293987542391, 2.067461546510458, 1.9202857054769993, 1.8430918008089066, 1.7138860151171684, 1.5787875466048717, 1.5205993577837944, 1.4267978556454182, 1.343018889427185, 1.2807506900280714, 1.2050980851054192, 1.1489278133958578, 1.0716247763484716, 1.0524372532963753, 1.0133121609687805, 0.9457044349983335, 0.8992296010255814, 0.8733180584385991, 0.8520536366850138, 0.7941251415759325, 0.7541660238057375, 0.7346989940851927, 0.7185121038928628, 0.7055507842451334, 0.6459571402519941, 0.6379475221037865, 0.6018980322405696, 0.5894899126142263, 0.5799463577568531, 0.5345746297389269]"
