K,layers,hidden_channels,out_channels,norm,lr,treatment,dropout,ratio,seed,aggregation,model_type,batch_size,rate_pairs,clusters,sampling,sampling_k,num_epochs,anomaly_detector,accuracy,f1,recall,precision,losses
9,2,128,128,,0.0031366004245334585,removal,0,0.23765787716688538,654,mean,GATConv,512,6,400,cluster,25,100,nearest_neighbors,0.8822008862629247,0.792722547108512,0.7457212713936431,0.8460471567267683,"[70.32796420156956, 64.41873359680176, 61.68701293319464, 56.23317801952362, 57.818119764328, 53.01785099506378, 50.42324835062027, 46.85236820578575, 46.20297712087631, 41.311090528964996, 41.36107003688812, 37.99427619576454, 36.026933044195175, 34.046137779951096, 33.22707459330559, 29.48310399055481, 29.355425983667374, 27.068220049142838, 25.77947925031185, 23.883015900850296, 23.272293239831924, 21.715276166796684, 19.692416459321976, 19.12448200583458, 18.128496751189232, 16.8516433686018, 15.350358419120312, 15.339287653565407, 14.422802329063416, 13.506363421678543, 12.690591245889664, 11.608670184388757, 11.10567857325077, 10.888318553566933, 10.025037415325642, 9.497361294925213, 9.757731780409813, 8.848253317177296, 8.321607567369938, 7.86437002196908, 7.692926898598671, 7.032606229186058, 6.823565699160099, 6.661506079137325, 6.359805025160313, 6.299626603722572, 5.887404553592205, 5.617720082402229, 5.511305525898933, 5.170626055449247, 5.081449218094349, 4.763587057590485, 4.572166673839092, 4.30504098162055, 4.382619693875313, 4.084783222526312, 4.035639371722937, 3.8844957500696182, 3.7912346832454205, 3.60985242202878, 3.4594811871647835, 3.3462417237460613, 3.215426405891776, 3.2035299837589264, 2.9455603770911694, 2.8835914731025696, 2.8577970564365387, 2.7360791862010956, 2.6144275180995464, 2.5742596257478, 2.4372230786830187, 2.4302670173346996, 2.347777587128803, 2.342375012114644, 2.1939862240105867, 2.188990321010351, 2.0883214827626944, 1.9705235920846462, 1.9619779572822154, 1.9219711944460869, 1.8930398151278496, 1.860511239618063, 1.7880284059792757, 1.7253227923065424, 1.6615037452429533, 1.6499637849628925, 1.5681097563356161, 1.5114285692106932, 1.5050002504140139, 1.4533644788898528, 1.3647991362959146, 1.3741181953810155, 1.336613547988236, 1.3298474494367838, 1.3498866306617856, 1.2833179719746113, 1.184856136329472, 1.2257959563285112, 1.162589087150991, 1.1046113325282931]"
