K,layers,hidden_channels,out_channels,norm,lr,treatment,dropout,ratio,seed,aggregation,model_type,batch_size,rate_pairs,clusters,sampling,num_epochs,anomaly_detector,accuracy,f1,recall,precision,losses,test_accuracy,test_f1,test_recall,test_precision
10,1,128,128,,0.005919660879271272,removal,0,0.35312958855809556,654,mean,GCNConv,512,3,300,cluster,100,nearest_neighbors,0.6764705882352942,0.8070175438596491,0.6764705882352942,1.0,"[52.03797209262848, 46.54781687259674, 46.22463446855545, 44.13973778486252, 40.103359043598175, 36.352548003196716, 34.19260931015015, 31.85049307346344, 29.974406898021698, 28.121851444244385, 25.92784309387207, 23.518257409334183, 21.391477525234222, 20.036900475621223, 17.930487036705017, 16.168718338012695, 15.219311356544495, 13.449317544698715, 12.401615649461746, 11.038618475198746, 9.996237963438034, 9.433963671326637, 8.651395976543427, 8.117896124720573, 7.863604366779327, 7.154433041810989, 6.636674419045448, 6.134403921663761, 5.788176730275154, 5.35911775380373, 5.147354103624821, 4.84392112493515, 4.504173368215561, 4.302477993071079, 4.019077360630035, 3.8745186254382133, 3.6047992184758186, 3.575817361474037, 3.3080109283328056, 3.048834577202797, 2.994193121790886, 2.8601406514644623, 2.7768609412014484, 2.5955248326063156, 2.534657970070839, 2.411378964781761, 2.2718995213508606, 2.251880183815956, 2.1292235516011715, 1.983519553206861, 1.9848958663642406, 1.9143291153013706, 1.8143499866127968, 1.7709686923772097, 1.7495725862681866, 1.6639330796897411, 1.6068127565085888, 1.551113149151206, 1.524170495569706, 1.4383443295955658, 1.4104892648756504, 1.3664113879203796, 1.316181167960167, 1.2967903949320316, 1.1993320621550083, 1.1981652956455946, 1.1898802109062672, 1.136229457333684, 1.0980754252523184, 1.0641729142516851, 1.0000195023603737, 1.0193004943430424, 0.9853936657309532, 0.9411449693143368, 0.9126702295616269, 0.913791598752141, 0.8612452857196331, 0.8544499389827251, 0.8403055928647518, 0.7992412485182285, 0.7937571909278631, 0.7877305801957846, 0.7652677204459906, 0.7327442802488804, 0.745268695987761, 0.6992605859413743, 0.688016889616847, 0.6596779711544514, 0.6219358216039836, 0.6379656624048948, 0.6148639507591724, 0.5938363084569573, 0.5895389001816511, 0.5871469145640731, 0.5565460165962577, 0.5590283768251538, 0.5268774749711156, 0.5332480370998383, 0.5173312108963728, 0.5124558052048087]",0.8895864106351551,0.8141702921068987,0.8007334963325183,0.8280657395701644
