K,layers,hidden_channels,out_channels,norm,lr,treatment,dropout,ratio,seed,aggregation,model_type,batch_size,rate_pairs,clusters,sampling,num_epochs,anomaly_detector,accuracy,f1,recall,precision,losses,test_accuracy,test_f1,test_recall,test_precision
1,1,64,256,,0.005,removal,0,0.3495446710855009,654,mean,GCNConv,1024,10,50,sage,100,nearest_neighbors,0.7254901960784313,0.8409090909090909,0.7254901960784313,1.0,"[1.2677251398563385, 1.0988998711109161, 1.1197712421417236, 1.0676718652248383, 1.0649194121360779, 1.0608037114143372, 1.047198086977005, 1.0366850197315216, 1.0168437659740448, 1.0072928071022034, 0.9961838126182556, 0.9823415279388428, 0.9758526682853699, 0.9628688395023346, 0.9510696530342102, 0.9378719329833984, 0.9256455302238464, 0.9310246407985687, 0.9099178910255432, 0.9015462100505829, 0.8869018256664276, 0.8685900866985321, 0.8616308569908142, 0.8653197586536407, 0.8488976359367371, 0.8385744392871857, 0.8268244564533234, 0.82534059882164, 0.807979017496109, 0.8030065596103668, 0.7898933291435242, 0.7907288074493408, 0.7624630928039551, 0.7777307033538818, 0.7594457566738129, 0.7521894723176956, 0.7412100732326508, 0.7351463437080383, 0.7301819026470184, 0.7266110628843307, 0.7137845605611801, 0.712956115603447, 0.6913702487945557, 0.6877839416265488, 0.6871196329593658, 0.6821980625391006, 0.6730147749185562, 0.6625102758407593, 0.6471709311008453, 0.638974204659462, 0.6372432857751846, 0.6369123309850693, 0.6240463852882385, 0.6192063093185425, 0.609789103269577, 0.612027034163475, 0.6010937094688416, 0.5920473784208298, 0.588514968752861, 0.5845096558332443, 0.5784258395433426, 0.5734668970108032, 0.5597845613956451, 0.5569750666618347, 0.5589861273765564, 0.5478914380073547, 0.5427265167236328, 0.5371171534061432, 0.5343248546123505, 0.524014338850975, 0.5211311876773834, 0.5178059637546539, 0.513411670923233, 0.511047437787056, 0.5029716491699219, 0.4965011924505234, 0.49087071418762207, 0.4868343472480774, 0.48690424859523773, 0.47665125131607056, 0.47697198390960693, 0.46469151973724365, 0.46962307393550873, 0.45977020263671875, 0.455169141292572, 0.4524996131658554, 0.4419182538986206, 0.44430194795131683, 0.4392479360103607, 0.4415131211280823, 0.4248802214860916, 0.42190270125865936, 0.42302900552749634, 0.4203239381313324, 0.41362883150577545, 0.41807395219802856, 0.4100041389465332, 0.40840309858322144, 0.39602163434028625, 0.3986925482749939]",0.9124815361890695,0.8539741219963032,0.8471882640586798,0.8608695652173913
