K,layers,hidden_channels,out_channels,norm,lr,treatment,dropout,ratio,seed,aggregation,model_type,batch_size,rate_pairs,clusters,sampling,num_epochs,anomaly_detector,accuracy,f1,recall,precision,losses,test_accuracy,test_f1,test_recall,test_precision
12,1,256,256,,0.005,removal,0,0.1871577299729265,654,mean,GATConv,1024,10,50,sage,50,nearest_neighbors,nan,0.0,0.0,0.0,"[11.295594930648804, 11.385859727859497, 11.196116924285889, 11.206952810287476, 11.404947757720947, 11.267786026000977, 11.005099773406982, 11.258264303207397, 11.014199256896973, 10.818707466125488, 11.027556896209717, 10.484919309616089, 10.953704833984375, 10.98832106590271, 11.132748365402222, 10.767372131347656, 11.09412407875061, 10.816246747970581, 10.703083992004395, 10.885204315185547, 10.905668020248413, 10.86165189743042, 10.702765703201294, 10.55726432800293, 10.517927646636963, 10.52771806716919, 10.258970737457275, 10.391957998275757, 10.322954654693604, 10.10481309890747, 10.364068269729614, 10.385877132415771, 10.211146831512451, 10.209917783737183, 10.015066623687744, 9.968347549438477, 10.068078994750977, 9.759813785552979, 9.784116506576538, 9.832977533340454, 9.730526447296143, 9.812631368637085, 9.61873984336853, 9.511766195297241, 9.5326247215271, 9.50601315498352, 9.415672779083252, 9.384002685546875, 9.40633487701416, 9.067676544189453]",0.9204001739886908,0.7550200803212851,0.6894865525672371,0.834319526627219
