K,layers,hidden_channels,out_channels,norm,lr,treatment,dropout,ratio,seed,aggregation,model_type,batch_size,rate_pairs,clusters,sampling,num_epochs,anomaly_detector,accuracy,f1,recall,precision,losses,test_accuracy,test_f1,test_recall,test_precision
19,2,128,256,,0.005,removal,0,0.16761924233594433,654,mean,GCNConv,1024,10,50,sage,50,nearest_neighbors,nan,0.0,0.0,0.0,"[12.86543893814087, 12.642025470733643, 12.552268981933594, 12.589844226837158, 12.245462656021118, 12.175984382629395, 12.366892337799072, 12.397773265838623, 12.580763339996338, 12.389694452285767, 12.208190202713013, 12.270881175994873, 12.258618831634521, 12.16578984260559, 11.959295272827148, 12.142328262329102, 12.107815980911255, 12.439487934112549, 12.253738164901733, 12.026825666427612, 11.996082067489624, 12.02942442893982, 11.89871859550476, 11.6766836643219, 12.18572449684143, 11.842100620269775, 11.674911975860596, 11.7427978515625, 11.841327667236328, 11.754459619522095, 11.957852125167847, 11.46392297744751, 11.71784234046936, 11.622161149978638, 11.464378356933594, 11.379382371902466, 11.419236421585083, 11.518122434616089, 11.382493257522583, 11.652706146240234, 11.222060918807983, 11.396410942077637, 11.12235164642334, 11.20988392829895, 11.004709482192993, 10.829069375991821, 11.14010238647461, 11.050286054611206, 10.854411125183105, 10.586449384689331]",0.9238799478033928,0.7651006711409396,0.6968215158924206,0.8482142857142857
