alpha,K,layers,hidden_channels,out_channels,norm,dropout,margin,lpl_weight,ratio,seed,aggregation,pos_weight,accuracy,f1,recall,precision
0.12381684111544905,29,1,256,256,layernorm,0.3896632709953618,0.11889866625891071,0.8192419346866757,0.19003471945850867,1,sum,1,0.9342688330871491,0.8873417721518987,0.8569682151589242,0.9199475065616798
0.12381684111544905,29,1,256,256,layernorm,0.3896632709953618,0.11889866625891071,0.8192419346866757,0.19003471945850867,2,sum,1,0.9202363367799113,0.8634639696586599,0.8349633251833741,0.893979057591623
0.12381684111544905,29,1,256,256,layernorm,0.3896632709953618,0.11889866625891071,0.8192419346866757,0.19003471945850867,3,sum,1,0.9338995568685377,0.8874921433060968,0.863080684596577,0.9133247089262613
0.12381684111544905,29,1,256,256,layernorm,0.3896632709953618,0.11889866625891071,0.8192419346866757,0.19003471945850867,4,sum,1,0.9242983751846381,0.870825456836799,0.8447432762836186,0.8985695708712613
0.12381684111544905,29,1,256,256,layernorm,0.3896632709953618,0.11889866625891071,0.8192419346866757,0.19003471945850867,5,sum,1,0.9327917282127031,0.88510101010101,0.8569682151589242,0.9151436031331592
