alpha,K,layers,hidden_channels,out_channels,norm,dropout,margin,lpl_weight,ratio,seed,aggregation,pos_weight,accuracy,f1,recall,precision
0.5,29,1,256,256,,0.43733833882521805,0.5,0.4806226934431635,0.33118941670281965,1,sum,1,0.9194977843426884,0.8748564867967853,0.9315403422982885,0.8246753246753247
0.5,29,1,256,256,,0.43733833882521805,0.5,0.4806226934431635,0.33118941670281965,2,sum,1,0.9172821270310192,0.8693115519253208,0.910757946210269,0.8314732142857143
0.5,29,1,256,256,,0.43733833882521805,0.5,0.4806226934431635,0.33118941670281965,3,sum,1,0.9191285081240768,0.8744985673352436,0.9327628361858191,0.8230852211434736
0.5,29,1,256,256,,0.43733833882521805,0.5,0.4806226934431635,0.33118941670281965,4,sum,1,0.9169128508124077,0.8678802113916618,0.9034229828850856,0.8350282485875706
0.5,29,1,256,256,,0.43733833882521805,0.5,0.4806226934431635,0.33118941670281965,5,sum,1,0.9169128508124077,0.870615296147211,0.9254278728606357,0.8219326818675353
