K,layers,hidden_channels,out_channels,norm,lr,treatment,dropout,ratio,seed,aggregation,model_type,batch_size,rate_pairs,clusters,sampling,num_epochs,anomaly_detector,accuracy,f1,recall,precision,losses,test_accuracy,test_f1,test_recall,test_precision
24,2,64,64,,0.005,removal,0,0.34516407760669876,654,sum,GATConv,1024,10,50,sage,100,nearest_neighbors,nan,0.0,0.0,0.0,"[4.693277835845947, 4.618413090705872, 4.4671348333358765, 4.5185452699661255, 4.42830765247345, 4.4724098443984985, 4.415576457977295, 4.407473087310791, 4.45356297492981, 4.378534317016602, 4.479562282562256, 4.510066866874695, 4.633920669555664, 4.594787240028381, 4.494527220726013, 4.548412322998047, 4.236266016960144, 4.451110124588013, 4.44577431678772, 4.225580096244812, 4.414035439491272, 4.277146697044373, 4.273372769355774, 4.210006356239319, 4.377419829368591, 4.269803881645203, 4.17999005317688, 4.398606538772583, 4.265475034713745, 4.2642128467559814, 4.185620188713074, 4.191405773162842, 4.10666823387146, 4.2120994329452515, 4.074659466743469, 4.142078757286072, 4.104362607002258, 4.229631781578064, 4.113197326660156, 4.072625517845154, 4.0218505859375, 4.08506441116333, 4.088977575302124, 3.9527268409729004, 4.052309989929199, 4.031347751617432, 4.076749563217163, 3.912749171257019, 3.9213188886642456, 4.027645826339722, 3.9622857570648193, 4.028550982475281, 3.9513903856277466, 3.787471652030945, 4.002557873725891, 3.862809896469116, 3.827455520629883, 3.9268579483032227, 3.9638607501983643, 3.88705837726593, 3.880579113960266, 3.782369017601013, 3.815660238265991, 3.7052199840545654, 3.755018711090088, 3.7711470127105713, 3.7678722143173218, 3.8142404556274414, 3.7096803188323975, 3.801237940788269, 3.6530033349990845, 3.592809796333313, 3.661199927330017, 3.6739542484283447, 3.607315421104431, 3.618919014930725, 3.5943201780319214, 3.6258679628372192, 3.6046313047409058, 3.5901602506637573, 3.53891122341156, 3.489220380783081, 3.4919644594192505, 3.517345905303955, 3.448746919631958, 3.4426119327545166, 3.3735597133636475, 3.3343454599380493, 3.382341742515564, 3.2828431129455566, 3.3691834211349487, 3.437902569770813, 3.2527765035629272, 3.2821052074432373, 3.1936676502227783, 3.3156338930130005, 3.269163966178894, 3.224199891090393, 3.185340642929077, 3.1749372482299805]",0.8803827751196173,0.6592317224287485,0.6503667481662592,0.6683417085427136
