alpha,K,layers,hidden_channels,out_channels,norm,dropout,margin,lpl_weight,ratio,seed,aggregation,pos_weight,accuracy,f1,recall,precision
0.5,31,1,128,256,,0,0.5,0.7938449955022079,0.2292068052690102,1,mean,1,0.8825701624815362,0.7948387096774193,0.7530562347188264,0.8415300546448088
0.5,31,1,128,256,,0,0.5,0.7938449955022079,0.2292068052690102,2,mean,1,0.8862629246676514,0.8010335917312662,0.7579462102689487,0.8493150684931506
0.5,31,1,128,256,,0,0.5,0.7938449955022079,0.2292068052690102,3,mean,1,0.8914327917282127,0.8125,0.7787286063569682,0.8493333333333334
0.5,31,1,128,256,,0,0.5,0.7938449955022079,0.2292068052690102,4,mean,1,0.8910635155096012,0.8115015974440895,0.7762836185819071,0.8500669344042838
0.5,31,1,128,256,,0,0.5,0.7938449955022079,0.2292068052690102,5,mean,1,0.8770310192023634,0.7807768268597761,0.7249388753056235,0.8459343794579173
