K,layers,hidden_channels,out_channels,norm,lr,treatment,dropout,ratio,seed,aggregation,model_type,batch_size,rate_pairs,reliable_mini_batch,clusters,accuracy,f1,recall,precision,losses
4,2,64,256,,0.009430367345152565,removal,0,0.2519101625544229,654,sum,GCNConv,10,7,True,400,0.9460856720827179,0.9118357487922706,0.9229828850855746,0.9009546539379475,"[37.34522897005081, 31.2193760573864, 23.45558427274227, 19.657544910907745, 15.661855787038803, 13.021899029612541, 10.303409285843372, 8.311462923884392, 6.985258050262928, 6.154465056955814, 5.4815745167434216, 4.731434211134911, 4.012357451021671, 3.608765035867691, 3.212539511267096, 2.874448746442795, 2.6703045163303614, 2.427780038677156, 2.2239725291728973, 2.040309406351298, 1.847590271383524, 1.6921518873423338, 1.6190875750035048, 1.4505439065396786, 1.3848550990223885, 1.2692413311451674, 1.2119085444137454, 1.1527158133685589, 1.0830897996202111, 1.0333203049376607, 0.9379400655161589, 0.9130845833569765, 0.8647575518116355, 0.8041007573483512, 0.7788644335232675, 0.7444605720229447, 0.7025170372799039, 0.6672847643494606, 0.6273946280125529, 0.6037754379212856, 0.5680677691707388, 0.5606277110055089, 0.5580974966287613, 0.48709160450380296, 0.4794569775694981, 0.48176858434453607, 0.47531286161392927, 0.4188030050136149, 0.3986143711954355, 0.3975921403616667]"
