K,layers,hidden_channels,out_channels,norm,lr,treatment,dropout,ratio,seed,aggregation,model_type,batch_size,rate_pairs,clusters,sampling,num_epochs,anomaly_detector,accuracy,f1,recall,precision,losses,test_accuracy,test_f1,test_recall,test_precision
14,2,128,256,,0.005,removal,0,0.35625250812101605,654,max,GATConv,1024,10,50,sage,100,nearest_neighbors,nan,0.0,0.0,0.0,"[4.120635271072388, 3.8938833475112915, 4.019261002540588, 3.846189260482788, 3.906567931175232, 3.775355339050293, 3.7519909143447876, 3.794939160346985, 3.8464651107788086, 3.979564666748047, 3.7334707975387573, 3.888767957687378, 3.8444135189056396, 3.841079831123352, 3.700212836265564, 3.8125168085098267, 3.803925037384033, 3.749228358268738, 3.8201401233673096, 3.684165358543396, 3.6995913982391357, 3.821070075035095, 3.7335221767425537, 3.638742446899414, 3.5462119579315186, 3.622651696205139, 3.6360795497894287, 3.647718071937561, 3.52789843082428, 3.5742915868759155, 3.675830602645874, 3.594934582710266, 3.511977195739746, 3.5273725986480713, 3.5335768461227417, 3.5517311096191406, 3.3709791898727417, 3.4856479167938232, 3.4223079681396484, 3.4397472143173218, 3.4294415712356567, 3.4242100715637207, 3.4359047412872314, 3.378335118293762, 3.379444718360901, 3.437465190887451, 3.2956889867782593, 3.283714175224304, 3.340350389480591, 3.3386733531951904, 3.3089094161987305, 3.2386423349380493, 3.2564878463745117, 3.175215482711792, 3.174634575843811, 3.2523858547210693, 3.192709803581238, 3.198846936225891, 3.049282193183899, 3.0600966215133667, 3.1223106384277344, 3.1047991514205933, 3.055059492588043, 2.9659112095832825, 3.026677668094635, 3.055403232574463, 2.997587263584137, 2.9558677673339844, 2.986303746700287, 2.8956452012062073, 2.8858662843704224, 2.9095990657806396, 2.875628113746643, 2.8132068514823914, 2.802921712398529, 2.787807822227478, 2.768338441848755, 2.6832407116889954, 2.709047794342041, 2.653658449649811, 2.6656777262687683, 2.607114017009735, 2.5575974583625793, 2.530692398548126, 2.5239093899726868, 2.498868703842163, 2.4915030002593994, 2.4455142617225647, 2.4456412196159363, 2.4487473368644714, 2.4359560012817383, 2.375713348388672, 2.364599645137787, 2.3531972765922546, 2.2943992614746094, 2.2653697729110718, 2.251348376274109, 2.1943920850753784, 2.1780083775520325, 2.1797907948493958]",0.9160504567203132,0.7753201396973225,0.8141809290953546,0.74
