alpha,K,layers,hidden_channels,out_channels,norm,dropout,margin,lpl_weight,ratio,seed,aggregation,pos_weight,accuracy,f1,recall,precision
0.3908942201707772,34,2,256,256,layernorm,0.14826482759821835,0.5792792625375316,0.6411689232682336,0.17045331175016531,1,sum,1,0.9442392909896603,0.9040050858232677,0.8691931540342298,0.9417218543046357
0.3908942201707772,34,2,256,256,layernorm,0.14826482759821835,0.5792792625375316,0.6411689232682336,0.17045331175016531,2,sum,1,0.9438700147710487,0.904642409033877,0.8814180929095354,0.9291237113402062
0.3908942201707772,34,2,256,256,layernorm,0.14826482759821835,0.5792792625375316,0.6411689232682336,0.17045331175016531,3,sum,1,0.9453471196454948,0.9071518193224593,0.8838630806845966,0.9317010309278351
0.3908942201707772,34,2,256,256,layernorm,0.14826482759821835,0.5792792625375316,0.6411689232682336,0.17045331175016531,4,sum,1,0.9442392909896603,0.9049716803020768,0.8789731051344744,0.9325551232166018
0.3908942201707772,34,2,256,256,layernorm,0.14826482759821835,0.5792792625375316,0.6411689232682336,0.17045331175016531,5,sum,1,0.948301329394387,0.9119496855345912,0.8863080684596577,0.939119170984456
