K,layers,hidden_channels,out_channels,norm,lr,treatment,dropout,ratio,seed,aggregation,model_type,batch_size,rate_pairs,reliable_mini_batch,clusters,accuracy,f1,recall,precision,losses
7,2,64,256,,0.009602047230795888,removal,0,0.26740481487900064,654,sum,GCNConv,10,12,True,400,0.9298375184638109,0.885954381752701,0.902200488997555,0.8702830188679245,"[52.01809370517731, 45.02941155433655, 35.14053721725941, 30.462629705667496, 25.107134640216827, 21.352253764867783, 16.85540732741356, 13.609890073537827, 11.336347699165344, 9.910358011722565, 8.708309292793274, 7.419288650155067, 6.223454333841801, 5.581629686057568, 4.908099004067481, 4.352735303342342, 4.027995504438877, 3.64997411519289, 3.3258297201246023, 3.039872250985354, 2.742592280730605, 2.4957306422293186, 2.3765397537499666, 2.12329313904047, 2.0283684227615595, 1.8548266887664795, 1.7752168476581573, 1.6807588934898376, 1.5691956002265215, 1.4924817252904177, 1.3637557544279844, 1.3183360183611512, 1.2456975346431136, 1.1590298723895103, 1.1262335674837232, 1.0673086261376739, 1.00819192500785, 0.9571507526561618, 0.9024821466300637, 0.8619017079472542, 0.8104375493712723, 0.8016860820353031, 0.7979383748024702, 0.6931395088322461, 0.6837091543711722, 0.6862181797623634, 0.6753216325305402, 0.5941640473902225, 0.5672581809922121, 0.5629795878194273]"
