alpha,K,layers,hidden_channels,out_channels,norm,dropout,margin,lpl_weight,ratio,seed,aggregation,pos_weight,accuracy,f1,recall,precision
0.5829512810685288,25,1,256,256,graphnorm,0.1149566489781832,0.8371333781705237,0.49663781153322906,0.22701113855612978,1,sum,1,0.9368537666174298,0.8969258589511754,0.9095354523227384,0.8846611177170036
0.5829512810685288,25,1,256,256,graphnorm,0.1149566489781832,0.8371333781705237,0.49663781153322906,0.22701113855612978,2,sum,1,0.9302067946824224,0.8860759493670886,0.8985330073349633,0.8739595719381689
0.5829512810685288,25,1,256,256,graphnorm,0.1149566489781832,0.8371333781705237,0.49663781153322906,0.22701113855612978,3,sum,1,0.9279911373707533,0.8823174411587206,0.8936430317848411,0.8712753277711561
0.5829512810685288,25,1,256,256,graphnorm,0.1149566489781832,0.8371333781705237,0.49663781153322906,0.22701113855612978,4,sum,1,0.9257754800590842,0.8785498489425981,0.8887530562347188,0.8685782556750299
0.5829512810685288,25,1,256,256,graphnorm,0.1149566489781832,0.8371333781705237,0.49663781153322906,0.22701113855612978,5,sum,1,0.9338995568685377,0.8915808600847971,0.8997555012224939,0.8835534213685474
