K,layers,hidden_channels,out_channels,norm,lr,treatment,dropout,ratio,seed,aggregation,model_type,batch_size,rate_pairs,clusters,sampling,num_epochs,anomaly_detector,accuracy,f1,recall,precision,losses,test_accuracy,test_f1,test_recall,test_precision
19,2,256,256,,0.005,removal,0,0.32988108089435303,654,mean,GCNConv,1024,10,50,sage,100,nearest_neighbors,nan,0.0,0.0,0.0,"[4.353484034538269, 4.165745377540588, 4.224877834320068, 4.209315299987793, 4.2033222913742065, 4.202546119689941, 4.139040112495422, 4.171355962753296, 4.0796180963516235, 4.081784725189209, 4.1322033405303955, 4.0687335729599, 4.024291396141052, 4.099011540412903, 3.975903272628784, 4.063466310501099, 4.1019967794418335, 4.1147143840789795, 4.038247346878052, 4.05241322517395, 4.064640164375305, 3.9813400506973267, 4.027782559394836, 3.960446357727051, 3.89532208442688, 3.9074681997299194, 3.8372429609298706, 3.8994144201278687, 3.9629894495010376, 3.9035288095474243, 3.883728265762329, 3.9087071418762207, 3.834560513496399, 3.902289390563965, 3.840512990951538, 3.7820682525634766, 3.8413078784942627, 3.7659260034561157, 3.7940844297409058, 3.724531888961792, 3.6544713973999023, 3.741716504096985, 3.8526631593704224, 3.6590542793273926, 3.688238263130188, 3.7697601318359375, 3.6776208877563477, 3.5899218320846558, 3.6457419395446777, 3.583299994468689, 3.6272302865982056, 3.5885552167892456, 3.537335753440857, 3.4761029481887817, 3.711697578430176, 3.4247387647628784, 3.457478642463684, 3.542028784751892, 3.4870963096618652, 3.485823154449463, 3.5029603242874146, 3.392826557159424, 3.477264881134033, 3.39792537689209, 3.4766297340393066, 3.4005134105682373, 3.4556939601898193, 3.3874423503875732, 3.3397802114486694, 3.3737552165985107, 3.3046250343322754, 3.303136110305786, 3.293557643890381, 3.2138354778289795, 3.2312076091766357, 3.1904882192611694, 3.128942608833313, 3.1457165479660034, 3.139658570289612, 3.1238259077072144, 3.095151662826538, 3.112303614616394, 3.0760622024536133, 3.034048020839691, 2.982416272163391, 3.0026015639305115, 3.033408463001251, 2.9684470891952515, 2.9287177324295044, 2.923529803752899, 2.8765706419944763, 2.831750810146332, 2.9180155992507935, 2.819555878639221, 2.7784040570259094, 2.74135422706604, 2.7465405464172363, 2.7408883571624756, 2.6966564655303955, 2.677376389503479]",0.9243149195302305,0.7928571428571428,0.8141809290953546,0.7726218097447796
