K,layers,hidden_channels,out_channels,norm,lr,treatment,dropout,ratio,seed,aggregation,model_type,batch_size,rate_pairs,clusters,sampling,sampling_k,num_epochs,anomaly_detector,accuracy,f1,recall,precision,losses
5,2,256,128,,0.0077726715934582176,removal,0,0.1848722769100712,654,mean,GATConv,15,2,50,cluster,25,100,nearest_neighbors,0.8977104874446086,0.8197787898503578,0.7701711491442543,0.8762169680111266,"[3.4901837706565857, 3.3060879707336426, 3.3128356337547302, 3.2746167182922363, 3.146366000175476, 3.3811540007591248, 3.0904173851013184, 3.0902045369148254, 2.9961553812026978, 2.885025203227997, 3.1935253143310547, 2.904481887817383, 2.8356383442878723, 2.7629364728927612, 2.8346691131591797, 2.8860782384872437, 2.6967236399650574, 2.81308114528656, 2.6748021841049194, 2.633960783481598, 2.6191728115081787, 2.4976724982261658, 2.789222478866577, 2.7186704874038696, 2.315308302640915, 2.3979323506355286, 2.175102114677429, 2.2609660625457764, 2.348719298839569, 2.215966761112213, 2.160038083791733, 2.0955364108085632, 2.08307746052742, 1.9984146058559418, 1.9029617011547089, 1.9646445512771606, 1.809771329164505, 1.8913488388061523, 1.7347463071346283, 1.7313140332698822, 1.7190852463245392, 1.687010109424591, 1.65554940700531, 1.5946188867092133, 1.5791963934898376, 1.5459505915641785, 1.433283805847168, 1.4357901811599731, 1.4255596995353699, 1.4056996405124664, 1.3914427161216736, 1.3387306928634644, 1.3411455750465393, 1.2645045816898346, 1.2516826689243317, 1.2229181230068207, 1.253527671098709, 1.1710669696331024, 1.1825485229492188, 1.0768497586250305, 1.09968800842762, 1.0424794554710388, 1.0407509058713913, 1.076204851269722, 1.0208376795053482, 0.9676487594842911, 0.9766914695501328, 0.9581019431352615, 0.8892907798290253, 0.8971468061208725, 0.8971943855285645, 0.9344478845596313, 0.8485317826271057, 0.813313826918602, 0.8316691815853119, 0.8012562692165375, 0.7611555308103561, 0.7748631834983826, 0.7745863050222397, 0.739516869187355, 0.7635492533445358, 0.7352782934904099, 0.6778453141450882, 0.7017140239477158, 0.6999751329421997, 0.6769350618124008, 0.6673132479190826, 0.6542413830757141, 0.653076708316803, 0.6186134070158005, 0.6238018572330475, 0.6214290261268616, 0.5914212763309479, 0.5930694937705994, 0.597834125161171, 0.6292774677276611, 0.5661805421113968, 0.5650353282690048, 0.5857139676809311, 0.5598486959934235]"
