K,layers,hidden_channels,out_channels,norm,lr,treatment,dropout,ratio,seed,aggregation,model_type,batch_size,rate_pairs,clusters,sampling,num_epochs,anomaly_detector,accuracy,f1,recall,precision,losses,test_accuracy,test_f1,test_recall,test_precision
11,2,128,128,,0.005,removal,0,0.360718376332443,654,sum,GCNConv,2048,10,50,sage,100,nearest_neighbors,nan,0.0,0.0,0.0,"[2.6461323499679565, 2.4925899505615234, 2.4821194410324097, 2.4278870820999146, 2.4912596940994263, 2.4135512113571167, 2.385371446609497, 2.424536347389221, 2.509615898132324, 2.4901065826416016, 2.3415547609329224, 2.409394145011902, 2.403572201728821, 2.4173463582992554, 2.360334634780884, 2.435806393623352, 2.361524820327759, 2.3578356504440308, 2.405070424079895, 2.3961089849472046, 2.2753682136535645, 2.393188714981079, 2.3612875938415527, 2.358924150466919, 2.3670510053634644, 2.3068342208862305, 2.3947094678878784, 2.3143750429153442, 2.2523276805877686, 2.372888684272766, 2.253686308860779, 2.3024836778640747, 2.290457010269165, 2.2825992107391357, 2.2223896980285645, 2.2236266136169434, 2.218956470489502, 2.237549066543579, 2.3416625261306763, 2.292296051979065, 2.2875665426254272, 2.2262922525405884, 2.17276930809021, 2.2888262271881104, 2.1914048194885254, 2.2072588205337524, 2.196242094039917, 2.1679946184158325, 2.1916035413742065, 2.264920949935913, 2.2308820486068726, 2.1963361501693726, 2.089496374130249, 2.14354932308197, 2.2033835649490356, 2.169702172279358, 2.142372965812683, 2.15853488445282, 2.102237343788147, 2.1569818258285522, 2.082633674144745, 2.1159539222717285, 2.1109267473220825, 2.0661295652389526, 2.0326300859451294, 2.045290470123291, 2.028587579727173, 2.03285676240921, 2.060796022415161, 2.1141255497932434, 2.04281747341156, 1.9649747610092163, 1.9997376799583435, 2.000091552734375, 2.012125253677368, 1.9962785840034485, 2.0389644503593445, 2.0021859407424927, 1.921552062034607, 1.938187062740326, 1.9528682827949524, 1.941085696220398, 1.8911232948303223, 1.9501291513442993, 1.8533904552459717, 1.9194807410240173, 1.86994469165802, 1.8583199977874756, 1.8607341051101685, 1.8534101843833923, 1.8635318279266357, 1.8360097408294678, 1.7968109250068665, 1.853322982788086, 1.7531414031982422, 1.835057020187378, 1.8032277822494507, 1.8021093010902405, 1.7781387567520142, 1.7232363820075989]",0.8851674641148325,0.7173447537473233,0.8190709046454768,0.638095238095238
