alpha,K,layers,hidden_channels,out_channels,norm,dropout,margin,lpl_weight,ratio,seed,aggregation,pos_weight,accuracy,f1,recall,precision
0.6052643702675,29,1,256,128,layernorm,0.31077415843342276,0.5207699798831901,0.9775885888952109,0.22496719399053794,1,sum,1,0.9387001477104875,0.898159509202454,0.8948655256723717,0.9014778325123153
0.6052643702675,29,1,256,128,layernorm,0.31077415843342276,0.5207699798831901,0.9775885888952109,0.22496719399053794,2,sum,1,0.9324224519940916,0.8896925858951176,0.902200488997555,0.8775267538644471
0.6052643702675,29,1,256,128,layernorm,0.31077415843342276,0.5207699798831901,0.9775885888952109,0.22496719399053794,3,sum,1,0.939069423929099,0.8993288590604027,0.9009779951100244,0.8976857490864799
0.6052643702675,29,1,256,128,layernorm,0.31077415843342276,0.5207699798831901,0.9775885888952109,0.22496719399053794,4,sum,1,0.9302067946824224,0.8860759493670886,0.8985330073349633,0.8739595719381689
0.6052643702675,29,1,256,128,layernorm,0.31077415843342276,0.5207699798831901,0.9775885888952109,0.22496719399053794,5,sum,1,0.939069423929099,0.9007817197835237,0.9156479217603912,0.8863905325443787
