K,layers,hidden_channels,out_channels,norm,lr,treatment,dropout,ratio,seed,aggregation,model_type,batch_size,rate_pairs,clusters,sampling,num_epochs,anomaly_detector,accuracy,f1,recall,precision,losses,test_accuracy,test_f1,test_recall,test_precision
7,2,64,256,,0.005,removal,0,0.3197131344345614,654,mean,GCNConv,1024,10,50,sage,50,nearest_neighbors,nan,0.0,0.0,0.0,"[9.658891201019287, 9.49213433265686, 10.030362367630005, 9.718088150024414, 9.671919822692871, 9.654944658279419, 9.422914266586304, 9.535348415374756, 9.381818532943726, 9.510094404220581, 9.432467460632324, 9.198274374008179, 9.073871612548828, 9.201306343078613, 9.170767784118652, 8.970800638198853, 8.97821855545044, 9.129587650299072, 8.80625605583191, 8.878992319107056, 8.843860149383545, 8.76943302154541, 8.872434854507446, 8.897532224655151, 8.69780445098877, 8.818490982055664, 8.634390592575073, 8.63487720489502, 8.406134843826294, 8.306779623031616, 8.407509088516235, 8.199889659881592, 8.281378507614136, 8.137685298919678, 8.225406885147095, 8.281428337097168, 8.230494260787964, 7.913208723068237, 8.05176043510437, 7.962021112442017, 7.822760105133057, 7.71142840385437, 7.636172533035278, 7.6952831745147705, 7.632737398147583, 7.53332257270813, 7.315955638885498, 7.397813320159912, 7.413970470428467, 7.140664339065552]",0.9112657677250978,0.7594339622641509,0.7872860635696821,0.7334851936218679
