K,layers,hidden_channels,out_channels,norm,lr,treatment,dropout,ratio,seed,aggregation,model_type,batch_size,rate_pairs,clusters,sampling,sampling_k,num_epochs,anomaly_detector,accuracy,f1,recall,precision,losses
9,2,128,128,,0.006191127760421989,removal,0,0.32066409576437344,654,mean,GCNConv,512,10,200,nearest_neighbors,75,50,nearest_neighbors,0.8947562776957164,0.8351648351648352,0.882640586797066,0.7925356750823271,"[32.412726402282715, 31.21712875366211, 30.804015159606934, 29.388510704040527, 28.911890029907227, 27.858166217803955, 27.273629188537598, 26.413617849349976, 25.38488507270813, 25.22775149345398, 24.573673725128174, 23.721001625061035, 23.111374616622925, 22.489031553268433, 22.007019996643066, 21.29650902748108, 20.79705786705017, 20.280383110046387, 19.654775142669678, 19.14576554298401, 18.80197048187256, 18.33143377304077, 17.700684309005737, 17.188475131988525, 16.74359393119812, 16.274262189865112, 16.067333936691284, 15.741405963897705, 15.257366418838501, 14.96150016784668, 14.651447057723999, 14.087298393249512, 13.691166162490845, 13.42158842086792, 13.193863868713379, 12.813618540763855, 12.513850927352905, 12.327733516693115, 12.175161004066467, 11.795958042144775, 11.585442066192627, 11.272035002708435, 11.10785448551178, 10.905537724494934, 10.510661602020264, 10.370008707046509, 10.153847694396973, 10.030412316322327, 9.686830282211304, 9.546067595481873]"
