K,layers,hidden_channels,out_channels,norm,lr,treatment,dropout,ratio,seed,aggregation,model_type,batch_size,rate_pairs,reliable_mini_batch,clusters,accuracy,f1,recall,precision,losses
4,2,64,256,,0.008495291196687665,removal,0,0.24631205891624414,654,sum,GCNConv,10,6,True,400,0.9427621861152142,0.9058894960534305,0.9119804400977995,0.8998793727382388,"[37.46181803941727, 31.935182511806488, 24.57474149763584, 21.085616379976273, 17.11759252846241, 14.623038351535797, 11.641490317881107, 9.469214178621769, 8.061042822897434, 7.130420707166195, 6.345304351300001, 5.506164312362671, 4.674941271543503, 4.207193801179528, 3.7355873282067478, 3.3475354239344597, 3.121575377881527, 2.851443151012063, 2.61002847366035, 2.3865520115941763, 2.1661006417125463, 1.9814575929194689, 1.897344658151269, 1.7018368300050497, 1.6252806605771184, 1.4905590489506721, 1.4269380094483495, 1.3579652924090624, 1.2777496539056301, 1.2135899811983109, 1.1022059393581003, 1.071676286868751, 1.0139314234256744, 0.9437470745760947, 0.914230190217495, 0.8721099710091949, 0.8279544380493462, 0.7843308374285698, 0.739465402206406, 0.7091495441272855, 0.6651346967555583, 0.6575194979086518, 0.6555509371683002, 0.5700161752756685, 0.5624075115047162, 0.564227070659399, 0.5581286526285112, 0.4918766301125288, 0.4685620500240475, 0.46733748633414507]"
