alpha,K,layers,hidden_channels,out_channels,norm,dropout,margin,lpl_weight,ratio,seed,aggregation,pos_weight,accuracy,f1,recall,precision
0.4644361873267727,29,2,256,256,graphnorm,0.21451522129748124,0.5774351883518448,0.6894272980504211,0.4082216469176174,1,mean,1,0.8851550960118169,0.8219805380652547,0.8777506112469438,0.7728740581270183
0.4644361873267727,29,2,256,256,graphnorm,0.21451522129748124,0.5774351883518448,0.6894272980504211,0.4082216469176174,2,mean,1,0.8925406203840472,0.832854681217691,0.8863080684596577,0.7854821235102926
0.4644361873267727,29,2,256,256,graphnorm,0.21451522129748124,0.5774351883518448,0.6894272980504211,0.4082216469176174,3,mean,1,0.8792466765140325,0.8140989198408186,0.8753056234718827,0.7608926673751328
0.4644361873267727,29,2,256,256,graphnorm,0.21451522129748124,0.5774351883518448,0.6894272980504211,0.4082216469176174,4,mean,1,0.880354505169867,0.8171557562076749,0.8850855745721271,0.7589098532494759
0.4644361873267727,29,2,256,256,graphnorm,0.21451522129748124,0.5774351883518448,0.6894272980504211,0.4082216469176174,5,mean,1,0.879615952732644,0.8151927437641724,0.8789731051344744,0.7600422832980972
