alpha,K,layers,hidden_channels,out_channels,norm,dropout,margin,lpl_weight,ratio,seed,aggregation,pos_weight,accuracy,f1,recall,precision
0.5,32,1,256,256,,0.3893870474264074,0.5,0.25302447207335566,0.20812067712522023,1,sum,1,0.941285081240768,0.9003134796238245,0.8777506112469438,0.924066924066924
0.5,32,1,256,256,,0.3893870474264074,0.5,0.25302447207335566,0.20812067712522023,2,sum,1,0.9298375184638109,0.8789808917197452,0.843520782396088,0.9175531914893617
0.5,32,1,256,256,,0.3893870474264074,0.5,0.25302447207335566,0.20812067712522023,3,sum,1,0.9298375184638109,0.8786717752234994,0.8410757946210269,0.9197860962566845
0.5,32,1,256,256,,0.3893870474264074,0.5,0.25302447207335566,0.20812067712522023,4,sum,1,0.9338995568685377,0.8860598345003182,0.8508557457212714,0.9243027888446215
0.5,32,1,256,256,,0.3893870474264074,0.5,0.25302447207335566,0.20812067712522023,5,sum,1,0.9327917282127031,0.88510101010101,0.8569682151589242,0.9151436031331592
