K,layers,hidden_channels,out_channels,norm,lr,treatment,dropout,ratio,seed,aggregation,model_type,batch_size,rate_pairs,clusters,sampling,num_epochs,anomaly_detector,accuracy,f1,recall,precision,losses,test_accuracy,test_f1,test_recall,test_precision
13,2,64,256,,0.005,removal,0,0.27786855716926645,654,mean,GCNConv,1024,10,50,sage,50,nearest_neighbors,nan,0.0,0.0,0.0,"[4.745914101600647, 4.656723499298096, 4.924498796463013, 4.752040386199951, 4.762658596038818, 4.756716251373291, 4.624421238899231, 4.77528178691864, 4.6311376094818115, 4.752714991569519, 4.697628974914551, 4.530358076095581, 4.50951611995697, 4.586054086685181, 4.554401278495789, 4.5017547607421875, 4.4971699714660645, 4.622206449508667, 4.453432202339172, 4.467780709266663, 4.464545369148254, 4.441880702972412, 4.505852460861206, 4.564403295516968, 4.458138346672058, 4.528978705406189, 4.414157867431641, 4.433012843132019, 4.3797643184661865, 4.290414452552795, 4.337495446205139, 4.2207605838775635, 4.321766376495361, 4.262088894844055, 4.340577125549316, 4.305186152458191, 4.334640145301819, 4.124455213546753, 4.241462349891663, 4.218415021896362, 4.182862162590027, 4.101487636566162, 4.098292112350464, 4.158658742904663, 4.100886583328247, 4.10321307182312, 3.9466288089752197, 3.9857996702194214, 4.036121249198914, 3.8935917615890503]",0.9069160504567203,0.7427884615384616,0.7555012224938875,0.7304964539007093
