K,layers,hidden_channels,out_channels,norm,lr,treatment,dropout,ratio,seed,aggregation,model_type,batch_size,rate_pairs,clusters,sampling,sampling_k,num_epochs,anomaly_detector,accuracy,f1,recall,precision,losses
1,2,64,64,,0.004003112919039118,removal,0,0.33378001419649606,654,mean,GATConv,512,2,200,nearest_neighbors,75,100,nearest_neighbors,0.8559822747415067,0.7639225181598063,0.7713936430317848,0.7565947242206235,"[3.692322611808777, 3.5783814787864685, 3.516051948070526, 3.4154677391052246, 3.361076056957245, 3.3103363513946533, 3.2552682161331177, 3.184020757675171, 3.1355211436748505, 3.0774960815906525, 3.0009705126285553, 3.0060680508613586, 2.928343415260315, 2.871293783187866, 2.8202977776527405, 2.7573370039463043, 2.7193492650985718, 2.6609198451042175, 2.595177859067917, 2.5659154653549194, 2.501029998064041, 2.4870766699314117, 2.4214750230312347, 2.3750497698783875, 2.343074142932892, 2.3282205760478973, 2.2467628121376038, 2.2574318051338196, 2.1841333210468292, 2.172196686267853, 2.1368148922920227, 2.067497581243515, 2.0727648735046387, 2.029805213212967, 1.9880713522434235, 1.9636823236942291, 1.9169301390647888, 1.9062410593032837, 1.8595151007175446, 1.8359968066215515, 1.7953783571720123, 1.771236777305603, 1.7404603064060211, 1.7313053607940674, 1.6868796646595001, 1.6540240049362183, 1.6451659202575684, 1.613829717040062, 1.5993413925170898, 1.5839574933052063, 1.5373204201459885, 1.5228466093540192, 1.507578581571579, 1.4760272055864334, 1.4425321072340012, 1.4481178224086761, 1.4268282800912857, 1.402877077460289, 1.3718472719192505, 1.3450646251440048, 1.3331733345985413, 1.316415399312973, 1.3070985525846481, 1.2919508218765259, 1.2770684659481049, 1.2435657232999802, 1.2157765626907349, 1.211986392736435, 1.1893238127231598, 1.1715317368507385, 1.173094466328621, 1.1462385654449463, 1.1386355310678482, 1.1150344908237457, 1.1009495109319687, 1.0825782418251038, 1.0877353698015213, 1.0649900436401367, 1.0496486276388168, 1.0398656725883484, 1.023510992527008, 1.0089009702205658, 0.9913443177938461, 0.9753963202238083, 0.9673294425010681, 0.9646647572517395, 0.9472863078117371, 0.932239443063736, 0.923095166683197, 0.9216831475496292, 0.9047349989414215, 0.8954956233501434, 0.8858704119920731, 0.8688143342733383, 0.8620163649320602, 0.8521139472723007, 0.8476311564445496, 0.8339610397815704, 0.815800242125988, 0.8154866695404053]"
