K,layers,hidden_channels,out_channels,norm,lr,treatment,dropout,ratio,seed,aggregation,model_type,batch_size,rate_pairs,reliable_mini_batch,clusters,accuracy,f1,recall,precision,losses
11,2,256,256,,0.006064491050536341,relabeling,0,0.23098102492915687,654,sum,GCNConv,10,10,True,100,0.9002954209748892,0.8464163822525598,0.9095354523227384,0.7914893617021277,"[12.645533680915833, 13.197406530380249, 12.818125128746033, 11.246236562728882, 11.38950115442276, 11.111274600028992, 10.303760647773743, 10.450505405664444, 10.268204391002655, 10.664076179265976, 9.86233651638031, 9.147433042526245, 9.09420183300972, 8.406644463539124, 7.866272509098053, 7.689311921596527, 6.906041353940964, 7.199690014123917, 6.9852898716926575, 6.663168489933014, 7.107153654098511, 6.698570609092712, 6.387959182262421, 6.250490784645081, 6.0216818153858185, 5.601877808570862, 5.641048729419708, 5.541876450181007, 5.441147476434708, 5.2818669974803925, 5.095737665891647, 5.259074419736862, 4.643596649169922, 4.773047655820847, 4.295223295688629, 4.320699065923691, 4.147761762142181, 4.11852353811264, 4.115091368556023, 3.763142615556717, 3.9250334203243256, 3.824393793940544, 3.577736258506775, 3.4230013489723206, 3.3082152158021927, 3.4231967329978943, 3.216304287314415, 3.052044987678528, 3.034428045153618, 2.9772396236658096]"
11,2,256,256,,0.006064491050536341,relabeling,0,0.23098102492915687,114,sum,GCNConv,10,10,True,100,0.8936484490398818,0.8361774744027304,0.8985330073349633,0.7819148936170213,"[12.954310834407806, 13.407090842723846, 12.749394297599792, 11.828565299510956, 11.544353246688843, 11.520210266113281, 10.803132474422455, 10.949187129735947, 10.512728154659271, 10.444231808185577, 10.364407062530518, 9.168732166290283, 9.245323151350021, 8.593243926763535, 8.139898747205734, 7.9186719954013824, 7.1852633357048035, 7.280974477529526, 7.438022673130035, 7.020204782485962, 7.53179594874382, 7.16118922829628, 6.563061356544495, 6.3684263825416565, 6.203463613986969, 5.763589560985565, 5.735624581575394, 5.916262179613113, 5.754830956459045, 5.389973610639572, 5.2407271564006805, 5.452108532190323, 4.795103520154953, 4.764240324497223, 4.462603181600571, 4.437442898750305, 4.314492791891098, 4.112382188439369, 4.2587693110108376, 3.9994050562381744, 3.9562843441963196, 3.9171811640262604, 3.732491195201874, 3.511673331260681, 3.4393627494573593, 3.49685537815094, 3.4100562185049057, 3.118639126420021, 3.121094688773155, 3.02791003882885]"
