K,layers,hidden_channels,out_channels,norm,lr,treatment,dropout,ratio,seed,aggregation,model_type,batch_size,rate_pairs,clusters,sampling,sampling_k,num_epochs,anomaly_detector,accuracy,f1,recall,precision,losses
9,2,128,128,,0.007800703107612082,removal,0,0.2095958541351546,654,mean,GATConv,512,4,300,neighbor,75,100,unweighted,0.8493353028064993,0.6894977168949772,0.5537897310513448,0.9133064516129032,"[7.8705655336380005, 7.6203413009643555, 7.430774807929993, 7.49069619178772, 7.163417935371399, 7.230001926422119, 7.128526568412781, 6.930314302444458, 6.916072845458984, 6.6747225522994995, 6.631145238876343, 6.347802758216858, 6.64731228351593, 6.355010032653809, 6.164271950721741, 6.038911938667297, 5.948197305202484, 5.820583283901215, 5.561002552509308, 5.484099268913269, 5.128190517425537, 5.060149610042572, 4.885771989822388, 4.740210473537445, 4.66254186630249, 4.482280373573303, 4.277241945266724, 4.196046710014343, 4.006127953529358, 3.886760115623474, 3.7589383721351624, 3.65269011259079, 3.498766005039215, 3.453263223171234, 3.2486634254455566, 3.1819406747817993, 3.037586271762848, 2.949227958917618, 2.8298454880714417, 2.771524280309677, 2.659291058778763, 2.532189279794693, 2.4653748273849487, 2.4102838039398193, 2.2819781601428986, 2.2604522705078125, 2.1751025319099426, 2.0855526328086853, 2.0460653007030487, 1.9741334915161133, 1.9297910928726196, 1.8515772819519043, 1.7819396555423737, 1.7939051389694214, 1.7025038003921509, 1.653018206357956, 1.58370703458786, 1.567717969417572, 1.5417178124189377, 1.49753637611866, 1.4493066519498825, 1.385913297533989, 1.3670060336589813, 1.3414048701524734, 1.3129361420869827, 1.2816836684942245, 1.274080902338028, 1.225321114063263, 1.190482184290886, 1.1395210772752762, 1.1462873667478561, 1.1051585972309113, 1.0677890926599503, 1.05820631980896, 1.0293779224157333, 1.0213288068771362, 0.9920804500579834, 0.9637629240751266, 0.9443984627723694, 0.9232247918844223, 0.9054538905620575, 0.9002166539430618, 0.8604868650436401, 0.8600311726331711, 0.8510947376489639, 0.8133426457643509, 0.8228670060634613, 0.7843915671110153, 0.7821720838546753, 0.7798140123486519, 0.7609484568238258, 0.7348509728908539, 0.7249784842133522, 0.7116473764181137, 0.6926523372530937, 0.691977009177208, 0.6712455078959465, 0.6672979965806007, 0.6682955771684647, 0.6648775413632393]"
