alpha,K,layers,hidden_channels,out_channels,norm,dropout,margin,lpl_weight,ratio,seed,aggregation,pos_weight,accuracy,f1,recall,precision
0.5,34,1,128,128,,0.46877269890308493,0.5,0.3655126532192112,0.2269810279459174,1,mean,1,0.8408419497784343,0.7013167013167013,0.6185819070904646,0.8096
0.5,34,1,128,128,,0.46877269890308493,0.5,0.3655126532192112,0.2269810279459174,2,mean,1,0.8508124076809453,0.7299465240641712,0.6674816625916871,0.8053097345132744
0.5,34,1,128,128,,0.46877269890308493,0.5,0.3655126532192112,0.2269810279459174,3,mean,1,0.8622599704579025,0.7378777231201686,0.6418092909535452,0.8677685950413223
0.5,34,1,128,128,,0.46877269890308493,0.5,0.3655126532192112,0.2269810279459174,4,mean,1,0.8611521418020679,0.7344632768361582,0.6356968215158925,0.8695652173913043
0.5,34,1,128,128,,0.46877269890308493,0.5,0.3655126532192112,0.2269810279459174,5,mean,1,0.8353028064992615,0.6945205479452055,0.6198044009779952,0.7897196261682243
