alpha,K,layers,hidden_channels,out_channels,norm,dropout,margin,lpl_weight,ratio,seed,aggregation,pos_weight,accuracy,f1,recall,precision
0.5,29,2,256,128,,0.26036772444830386,0.5,0.38504589152810287,0.08904890108801458,1,mean,1,0.8759231905465288,0.7511111111111111,0.6198044009779952,0.9530075187969925
0.5,29,2,256,128,,0.26036772444830386,0.5,0.38504589152810287,0.08904890108801458,2,mean,1,0.8774002954209749,0.7522388059701492,0.6161369193154034,0.9655172413793104
0.5,29,2,256,128,,0.26036772444830386,0.5,0.38504589152810287,0.08904890108801458,3,mean,1,0.8759231905465288,0.7485029940119761,0.6112469437652812,0.9652509652509652
0.5,29,2,256,128,,0.26036772444830386,0.5,0.38504589152810287,0.08904890108801458,4,mean,1,0.8847858197932054,0.7719298245614035,0.6454767726161369,0.96
0.5,29,2,256,128,,0.26036772444830386,0.5,0.38504589152810287,0.08904890108801458,5,mean,1,0.8755539143279173,0.746043707611153,0.6051344743276283,0.9724950884086444
