alpha,K,layers,hidden_channels,out_channels,norm,dropout,margin,lpl_weight,ratio,seed,aggregation,pos_weight,accuracy,f1,recall,precision
0.5,35,2,256,256,,0,0.5,0.1626494291081502,0.22970316358638074,1,sum,1,0.9309453471196455,0.8860450944546009,0.8887530562347188,0.8833535844471446
0.5,35,2,256,256,,0,0.5,0.1626494291081502,0.22970316358638074,2,sum,1,0.9379615952732644,0.895,0.8753056234718827,0.9156010230179028
0.5,35,2,256,256,,0,0.5,0.1626494291081502,0.22970316358638074,3,sum,1,0.9290989660265879,0.8810408921933085,0.8691931540342298,0.8932160804020101
0.5,35,2,256,256,,0,0.5,0.1626494291081502,0.22970316358638074,4,sum,1,0.9261447562776958,0.8786407766990292,0.8850855745721271,0.8722891566265061
0.5,35,2,256,256,,0,0.5,0.1626494291081502,0.22970316358638074,5,sum,1,0.9294682422451994,0.8808484092326887,0.863080684596577,0.8993630573248408
