alpha,K,layers,hidden_channels,out_channels,norm,dropout,margin,lpl_weight,ratio,seed,aggregation,pos_weight,accuracy,f1,recall,precision
0.5,35,2,256,256,,0,0.5,0.38546743448316717,0.2520398003830556,1,sum,1,0.9202363367799113,0.8709677419354839,0.89119804400978,0.8516355140186916
0.5,35,2,256,256,,0,0.5,0.38546743448316717,0.2520398003830556,2,sum,1,0.9405465288035451,0.9000620732464308,0.8863080684596577,0.914249684741488
0.5,35,2,256,256,,0,0.5,0.38546743448316717,0.2520398003830556,3,sum,1,0.9202363367799113,0.8682926829268293,0.8704156479217604,0.8661800486618005
0.5,35,2,256,256,,0,0.5,0.38546743448316717,0.2520398003830556,4,sum,1,0.9302067946824224,0.8858006042296073,0.8960880195599022,0.8757467144563919
0.5,35,2,256,256,,0,0.5,0.38546743448316717,0.2520398003830556,5,sum,1,0.9353766617429837,0.8923076923076924,0.8863080684596577,0.8983890954151177
