K,layers,hidden_channels,out_channels,norm,lr,treatment,dropout,ratio,seed,aggregation,model_type,batch_size,rate_pairs,clusters,sampling,num_epochs,anomaly_detector,accuracy,f1,recall,precision,losses,test_accuracy,test_f1,test_recall,test_precision
2,1,64,128,,0.005,removal,0,0.26172822301663945,654,mean,GCNConv,1024,10,50,sage,100,nearest_neighbors,0.5980392156862745,0.7484662576687117,0.5980392156862745,1.0,"[2.1241889595985413, 1.9005457162857056, 1.88606595993042, 1.8489408493041992, 1.8534420728683472, 1.818743348121643, 1.7987165451049805, 1.7972134947776794, 1.7751391530036926, 1.7411901950836182, 1.7657654285430908, 1.7395159006118774, 1.6836557984352112, 1.6917385458946228, 1.6915414333343506, 1.633521020412445, 1.6343500018119812, 1.6320126056671143, 1.5905063152313232, 1.5815343260765076, 1.5888769626617432, 1.5621408224105835, 1.5389414429664612, 1.516515165567398, 1.4986960887908936, 1.50752392411232, 1.4812894761562347, 1.4600032567977905, 1.45266592502594, 1.4170685410499573, 1.4225763082504272, 1.4332493245601654, 1.4009468257427216, 1.3667300641536713, 1.361675351858139, 1.3491957187652588, 1.3338119387626648, 1.3252328038215637, 1.3108094036579132, 1.294107049703598, 1.2871067821979523, 1.2720862329006195, 1.25942724943161, 1.2337068617343903, 1.2291839718818665, 1.2027297616004944, 1.189310073852539, 1.1923919916152954, 1.1670119166374207, 1.1686237156391144, 1.1357536017894745, 1.1476606726646423, 1.1445427238941193, 1.1239941716194153, 1.0946927666664124, 1.102199226617813, 1.10154527425766, 1.064095377922058, 1.0618556141853333, 1.0643654763698578, 1.0333510339260101, 1.030985713005066, 1.000809758901596, 1.0012275278568268, 0.9985498785972595, 0.9918808043003082, 0.9832028448581696, 0.9704044461250305, 0.9570252299308777, 0.9411193132400513, 0.952392578125, 0.923654168844223, 0.9232326745986938, 0.9241533577442169, 0.888060986995697, 0.888212114572525, 0.8914798498153687, 0.8773223459720612, 0.8638138175010681, 0.8441393971443176, 0.8607133030891418, 0.8408508002758026, 0.826389491558075, 0.8195123374462128, 0.8120600879192352, 0.8114906847476959, 0.7956012785434723, 0.7980796694755554, 0.7830548584461212, 0.7697729170322418, 0.7660514116287231, 0.7651555836200714, 0.7523763477802277, 0.7394570857286453, 0.7387174367904663, 0.7255028188228607, 0.7326171547174454, 0.7137108892202377, 0.7177164107561111, 0.7023485153913498]",0.9135893648449039,0.847457627118644,0.7946210268948656,0.9078212290502793
