alpha,K,layers,hidden_channels,out_channels,norm,dropout,margin,lpl_weight,ratio,seed,aggregation,pos_weight,accuracy,f1,recall,precision
0.14890286443998263,29,1,256,256,graphnorm,0.40449924384359237,0.4034562504800919,0.8444131029174945,0.2844936406516838,1,sum,1,0.9294682422451994,0.8879765395894428,0.9254278728606357,0.8534385569334837
0.14890286443998263,29,1,256,256,graphnorm,0.40449924384359237,0.4034562504800919,0.8444131029174945,0.2844936406516838,2,sum,1,0.9209748892171344,0.8747072599531616,0.91320293398533,0.8393258426966292
0.14890286443998263,29,1,256,256,graphnorm,0.40449924384359237,0.4034562504800919,0.8444131029174945,0.2844936406516838,3,sum,1,0.9342688330871491,0.8951707891637221,0.9290953545232273,0.8636363636363636
0.14890286443998263,29,1,256,256,graphnorm,0.40449924384359237,0.4034562504800919,0.8444131029174945,0.2844936406516838,4,sum,1,0.9346381093057607,0.8953282081608516,0.9254278728606357,0.8671248568155785
0.14890286443998263,29,1,256,256,graphnorm,0.40449924384359237,0.4034562504800919,0.8444131029174945,0.2844936406516838,5,sum,1,0.9290989660265879,0.8875878220140515,0.9266503667481663,0.851685393258427
