alpha,K,layers,hidden_channels,out_channels,norm,dropout,margin,lpl_weight,ratio,seed,aggregation,pos_weight,accuracy,f1,recall,precision
0.5,35,2,256,256,,0,0.5,0.15680098649568447,0.27204419656932455,1,sum,1,0.9294682422451994,0.885009030704395,0.8985330073349633,0.8718861209964412
0.5,35,2,256,256,,0,0.5,0.15680098649568447,0.27204419656932455,2,sum,1,0.9327917282127031,0.8877928483353884,0.8801955990220048,0.8955223880597015
0.5,35,2,256,256,,0,0.5,0.15680098649568447,0.27204419656932455,3,sum,1,0.9235598227474151,0.8767123287671232,0.8997555012224939,0.8548199767711963
0.5,35,2,256,256,,0,0.5,0.15680098649568447,0.27204419656932455,4,sum,1,0.9191285081240768,0.8698752228163993,0.8948655256723717,0.846242774566474
0.5,35,2,256,256,,0,0.5,0.15680098649568447,0.27204419656932455,5,sum,1,0.9231905465288035,0.875,0.8899755501222494,0.8605200945626478
