alpha,K,layers,hidden_channels,out_channels,norm,dropout,margin,lpl_weight,ratio,seed,aggregation,pos_weight,accuracy,f1,recall,precision
0.5,34,1,256,256,,0.3651924986843491,0.5,0.302653574213739,0.2656055452268118,1,sum,1,0.9165435745937962,0.8672150411280846,0.902200488997555,0.834841628959276
0.5,34,1,256,256,,0.3651924986843491,0.5,0.302653574213739,0.2656055452268118,2,sum,1,0.9324224519940916,0.8872458410351202,0.8801955990220048,0.8944099378881988
0.5,34,1,256,256,,0.3651924986843491,0.5,0.302653574213739,0.2656055452268118,3,sum,1,0.931314623338257,0.8875453446191052,0.8973105134474327,0.8779904306220095
0.5,34,1,256,256,,0.3651924986843491,0.5,0.302653574213739,0.2656055452268118,4,sum,1,0.9342688330871491,0.8935406698564593,0.91320293398533,0.8747072599531616
0.5,34,1,256,256,,0.3651924986843491,0.5,0.302653574213739,0.2656055452268118,5,sum,1,0.931314623338257,0.8867235079171741,0.8899755501222494,0.883495145631068
