K,layers,hidden_channels,out_channels,norm,lr,treatment,dropout,ratio,seed,aggregation,model_type,batch_size,rate_pairs,clusters,sampling,num_epochs,anomaly_detector,accuracy,f1,recall,precision,losses,test_accuracy,test_f1,test_recall,test_precision
7,2,256,64,,0.005,removal,0,0.214818178020794,654,max,GATConv,1024,10,50,sage,100,nearest_neighbors,nan,0.0,0.0,0.0,"[3.368013024330139, 3.2559930086135864, 3.211627960205078, 3.179552912712097, 3.2139968872070312, 3.1666401624679565, 3.1994372606277466, 3.135425388813019, 3.176651954650879, 3.067269265651703, 3.12190842628479, 3.0314770340919495, 3.0335495471954346, 3.043881893157959, 3.1365339756011963, 3.0206333994865417, 3.0447511076927185, 3.0321704745292664, 2.93452912569046, 2.9445964097976685, 2.942455530166626, 2.9731289744377136, 2.8922093510627747, 2.877748191356659, 2.8084935545921326, 2.8926397562026978, 2.800480544567108, 2.82392281293869, 2.7968528866767883, 2.8013824820518494, 2.7857017517089844, 2.745508551597595, 2.736151933670044, 2.7346461415290833, 2.727150797843933, 2.6781773567199707, 2.6329421401023865, 2.6527684330940247, 2.6703410744667053, 2.619635760784149, 2.5684802532196045, 2.556404709815979, 2.5261040329933167, 2.521514654159546, 2.5255340337753296, 2.496398627758026, 2.4529266357421875, 2.4418431520462036, 2.416103184223175, 2.446853280067444, 2.3728058338165283, 2.3725298047065735, 2.357048749923706, 2.343873977661133, 2.31038761138916, 2.2920510172843933, 2.2556644678115845, 2.2265069484710693, 2.220227539539337, 2.2035154700279236, 2.161253035068512, 2.129435896873474, 2.147577226161957, 2.0953387022018433, 2.0889270901679993, 2.090289890766144, 2.029573082923889, 2.0269264578819275, 2.026116967201233, 1.9906907677650452, 1.9745705723762512, 1.9448014497756958, 1.9422423243522644, 1.9074034094810486, 1.859406054019928, 1.8509495258331299, 1.823904573917389, 1.8241685032844543, 1.8151273131370544, 1.780349612236023, 1.7859506011009216, 1.761888563632965, 1.7489212155342102, 1.7218936681747437, 1.7095844149589539, 1.7028717398643494, 1.653246521949768, 1.6500855088233948, 1.6408960223197937, 1.6138535141944885, 1.5771644115447998, 1.5731432437896729, 1.5561067461967468, 1.5244956612586975, 1.521813064813614, 1.4915501773357391, 1.5030506551265717, 1.476197898387909, 1.4547241926193237, 1.4280195236206055]",0.8903871248368856,0.6326530612244898,0.530562347188264,0.7833935018050542
