K,layers,hidden_channels,out_channels,norm,lr,treatment,dropout,ratio,seed,aggregation,model_type,batch_size,rate_pairs,reliable_mini_batch,clusters,accuracy,f1,recall,precision,losses
9,2,128,128,,0.0043280554436639414,removal,0,0.23486974558117413,654,sum,GINConv,15,8,True,100,0.8969719350073855,0.8314199395770393,0.8410757946210269,0.8219832735961768,"[9.275653600692749, 9.952730894088745, 9.800891280174255, 9.516878962516785, 9.573554515838623, 9.268675923347473, 9.625832557678223, 9.439046382904053, 8.65167385339737, 8.879754424095154, 9.112917840480804, 8.897915124893188, 8.730623126029968, 8.967788517475128, 8.954279661178589, 8.24915087223053, 8.359962105751038, 8.044266521930695, 8.306372284889221, 8.468594908714294, 8.05096161365509, 7.839795708656311, 7.735252559185028, 7.735344111919403, 7.551988899707794, 7.492437422275543, 7.263223886489868, 7.421244323253632, 6.978534460067749, 7.5366522669792175, 7.246916353702545, 6.712558686733246, 6.825055003166199, 7.053831398487091, 7.01285856962204, 6.51312130689621, 6.388721466064453, 6.36751401424408, 6.378361880779266, 6.024994790554047, 6.1925618052482605, 6.020626127719879, 5.839810848236084, 5.778180658817291, 5.638794660568237, 5.766582906246185, 5.4933507442474365, 5.35968279838562, 5.392154157161713, 5.2819254994392395]"
