alpha,K,layers,hidden_channels,out_channels,norm,dropout,margin,lpl_weight,ratio,seed,aggregation,pos_weight,accuracy,f1,recall,precision
0.5,32,2,256,256,,0,0.5,0.6829415499907919,0.25665179117957365,1,sum,1,0.9235598227474151,0.8770053475935828,0.902200488997555,0.8531791907514451
0.5,32,2,256,256,,0,0.5,0.6829415499907919,0.25665179117957365,2,sum,1,0.939069423929099,0.8985863552550707,0.8936430317848411,0.9035846724351051
0.5,32,2,256,256,,0,0.5,0.6829415499907919,0.25665179117957365,3,sum,1,0.9224519940915805,0.8728813559322034,0.8814180929095354,0.8645083932853717
0.5,32,2,256,256,,0,0.5,0.6829415499907919,0.25665179117957365,4,sum,1,0.9375923190546529,0.8967623701893708,0.8973105134474327,0.8962148962148963
0.5,32,2,256,256,,0,0.5,0.6829415499907919,0.25665179117957365,5,sum,1,0.9265140324963073,0.8794669897032101,0.8875305623471883,0.8715486194477791
