alpha,K,layers,hidden_channels,out_channels,norm,dropout,margin,lpl_weight,ratio,seed,aggregation,pos_weight,accuracy,f1,recall,precision
0.2650976280068105,31,2,256,256,layernorm,0.11370601749478691,0.6385816127843098,0.5377508234531202,0.18363712575909763,1,sum,1,0.9446085672082718,0.9064837905236908,0.8887530562347188,0.9249363867684478
0.2650976280068105,31,2,256,256,layernorm,0.11370601749478691,0.6385816127843098,0.5377508234531202,0.18363712575909763,2,sum,1,0.9471935007385525,0.9113453192808432,0.8985330073349633,0.9245283018867925
0.2650976280068105,31,2,256,256,layernorm,0.11370601749478691,0.6385816127843098,0.5377508234531202,0.18363712575909763,3,sum,1,0.9427621861152142,0.9036668738346799,0.8887530562347188,0.9190897597977244
0.2650976280068105,31,2,256,256,layernorm,0.11370601749478691,0.6385816127843098,0.5377508234531202,0.18363712575909763,4,sum,1,0.9435007385524372,0.9038340666247643,0.8789731051344744,0.9301423027166882
0.2650976280068105,31,2,256,256,layernorm,0.11370601749478691,0.6385816127843098,0.5377508234531202,0.18363712575909763,5,sum,1,0.9416543574593796,0.9016189290161893,0.8850855745721271,0.9187817258883249
