K,layers,hidden_channels,out_channels,norm,lr,treatment,dropout,ratio,seed,aggregation,model_type,batch_size,rate_pairs,clusters,sampling,sampling_k,num_epochs,anomaly_detector,accuracy,f1,recall,precision,losses
4,1,256,256,,0.002714507347311767,removal,0,0.2975130305688743,654,mean,GATConv,256,1,100,nearest_neighbors,75,100,nearest_neighbors,0.9087887740029542,0.8419705694177864,0.80440097799511,0.8832214765100671,"[25.98087739944458, 25.291922569274902, 24.480703115463257, 23.8632755279541, 23.61457920074463, 22.87431812286377, 22.46097707748413, 21.80310547351837, 21.3773672580719, 20.865577340126038, 20.363980650901794, 20.013740301132202, 19.787790060043335, 19.109429955482483, 18.818346738815308, 18.30956745147705, 17.921761751174927, 17.716551065444946, 17.17591667175293, 16.870142459869385, 16.455549120903015, 16.125388979911804, 15.677711486816406, 15.531357288360596, 15.185648441314697, 14.814855098724365, 14.497587084770203, 14.297127842903137, 14.006926774978638, 13.608719229698181, 13.301414489746094, 13.102973222732544, 12.87743628025055, 12.678428530693054, 12.4683336019516, 12.160566449165344, 11.962611675262451, 11.6746826171875, 11.432099044322968, 11.259438514709473, 11.030873835086823, 10.848016798496246, 10.527079999446869, 10.399289548397064, 10.259382665157318, 10.02627843618393, 9.875569522380829, 9.721983015537262, 9.458217561244965, 9.277015030384064, 9.174166440963745, 9.01028823852539, 8.887968003749847, 8.747747123241425, 8.554084658622742, 8.406426727771759, 8.261804580688477, 8.08506864309311, 8.018440783023834, 7.895771682262421, 7.759692013263702, 7.623668968677521, 7.528372824192047, 7.354139983654022, 7.223516464233398, 7.101480662822723, 7.030317664146423, 6.895367622375488, 6.780516564846039, 6.6723490953445435, 6.547808468341827, 6.474472522735596, 6.38835346698761, 6.321287155151367, 6.169421136379242, 6.099464774131775, 6.015512228012085, 5.897975385189056, 5.812262922525406, 5.732415437698364, 5.706468284130096, 5.572915196418762, 5.479729920625687, 5.39157447218895, 5.318250119686127, 5.211347877979279, 5.188046753406525, 5.110632687807083, 5.072661846876144, 4.98539662361145, 4.915811538696289, 4.8302114605903625, 4.813157260417938, 4.727555572986603, 4.648922026157379, 4.595272421836853, 4.537443935871124, 4.464982092380524, 4.4323321878910065, 4.349519699811935]"
