K,layers,hidden_channels,out_channels,norm,lr,treatment,dropout,ratio,seed,aggregation,model_type,batch_size,rate_pairs,clusters,sampling,sampling_k,num_epochs,anomaly_detector,accuracy,f1,recall,precision,losses
1,1,256,64,,0.001109132527541306,removal,0,0.21098663330701212,654,mean,GATConv,1024,1,300,neighbor,25,100,nearest_neighbors,0.8829394387001477,0.7827278958190541,0.6980440097799511,0.890795631825273,"[1.504385381937027, 1.1928476095199585, 1.0458337664604187, 0.9959652423858643, 0.9835299849510193, 0.9762137234210968, 0.967414915561676, 0.9732544720172882, 0.9530980288982391, 0.9529015421867371, 0.9483491778373718, 0.9615595638751984, 0.9623081982135773, 0.9480618834495544, 0.9556773900985718, 0.9399202466011047, 0.9356985986232758, 0.9478408396244049, 0.9202432632446289, 0.9530595541000366, 0.9196602404117584, 0.9252421259880066, 0.9323688745498657, 0.9118287861347198, 0.9198713600635529, 0.9241410195827484, 0.9252837896347046, 0.9081020951271057, 0.9074595272541046, 0.9057663679122925, 0.9076846837997437, 0.9106961786746979, 0.892814576625824, 0.8909437954425812, 0.9040551781654358, 0.9064092934131622, 0.9071285128593445, 0.8802488744258881, 0.8937420845031738, 0.8890441954135895, 0.8787873089313507, 0.8844278454780579, 0.8771358728408813, 0.8680662214756012, 0.8679037392139435, 0.8770600855350494, 0.8593227863311768, 0.867140382528305, 0.8599040806293488, 0.8611737787723541, 0.8602114617824554, 0.8615038990974426, 0.8469627797603607, 0.8567737936973572, 0.8540021777153015, 0.8409217298030853, 0.8414832055568695, 0.8544346988201141, 0.8507583141326904, 0.8377441167831421, 0.8383366465568542, 0.8431766331195831, 0.8400900363922119, 0.8304122686386108, 0.8402668535709381, 0.8211947083473206, 0.8304486870765686, 0.8163483142852783, 0.8326253890991211, 0.8077332973480225, 0.798248291015625, 0.7997259795665741, 0.8116481900215149, 0.8180873394012451, 0.8214689195156097, 0.8105563819408417, 0.8085309267044067, 0.7837598323822021, 0.8031604886054993, 0.7976725995540619, 0.7933220267295837, 0.7969556152820587, 0.801121711730957, 0.7911436855792999, 0.7927338480949402, 0.7749211490154266, 0.7839591801166534, 0.778602659702301, 0.7845170497894287, 0.7765433639287949, 0.777807354927063, 0.7772293090820312, 0.7701696753501892, 0.7744738459587097, 0.7779076099395752, 0.7636053264141083, 0.7710131406784058, 0.7590785622596741, 0.759480744600296, 0.7721365094184875]"
