alpha,K,layers,hidden_channels,out_channels,norm,dropout,margin,lpl_weight,ratio,seed,aggregation,pos_weight,accuracy,f1,recall,precision
0.5,33,1,256,256,,0.38402288186452643,0.5,0.22253355436534905,0.20326156773380474,1,sum,1,0.9302067946824224,0.8823895457373989,0.8667481662591687,0.8986058301647655
0.5,33,1,256,256,,0.38402288186452643,0.5,0.22253355436534905,0.20326156773380474,2,sum,1,0.931314623338257,0.8806161745827985,0.8386308068459658,0.927027027027027
0.5,33,1,256,256,,0.38402288186452643,0.5,0.22253355436534905,0.20326156773380474,3,sum,1,0.9324224519940916,0.8833652007648184,0.8471882640586798,0.9227696404793608
0.5,33,1,256,256,,0.38402288186452643,0.5,0.22253355436534905,0.20326156773380474,4,sum,1,0.9368537666174298,0.8918406072106262,0.8618581907090465,0.9239842726081258
0.5,33,1,256,256,,0.38402288186452643,0.5,0.22253355436534905,0.20326156773380474,5,sum,1,0.9346381093057607,0.8879037365421153,0.8569682151589242,0.9211563731931669
