alpha,K,layers,hidden_channels,out_channels,norm,dropout,margin,lpl_weight,ratio,seed,aggregation,pos_weight,accuracy,f1,recall,precision
0.14995936043376173,30,2,256,64,graphnorm,0.23524599777750838,0.5913502188678587,0.7182898620987102,0.14231166015577384,1,sum,1,0.931314623338257,0.87890625,0.8251833740831296,0.9401114206128134
0.14995936043376173,30,2,256,64,graphnorm,0.23524599777750838,0.5913502188678587,0.7182898620987102,0.14231166015577384,2,sum,1,0.9309453471196455,0.8781758957654723,0.823960880195599,0.9400278940027894
0.14995936043376173,30,2,256,64,graphnorm,0.23524599777750838,0.5913502188678587,0.7182898620987102,0.14231166015577384,3,sum,1,0.9331610044313147,0.8808426596445029,0.8178484107579462,0.9543509272467903
0.14995936043376173,30,2,256,64,graphnorm,0.23524599777750838,0.5913502188678587,0.7182898620987102,0.14231166015577384,4,sum,1,0.9327917282127031,0.8804204993429697,0.8190709046454768,0.9517045454545454
0.14995936043376173,30,2,256,64,graphnorm,0.23524599777750838,0.5913502188678587,0.7182898620987102,0.14231166015577384,5,sum,1,0.9338995568685377,0.8836907082521117,0.8312958435207825,0.9431345353675451
