alpha,K,layers,hidden_channels,out_channels,norm,dropout,margin,lpl_weight,ratio,seed,aggregation,pos_weight,accuracy,f1,recall,precision
0.3615782966051645,35,2,256,256,layernorm,0.14697434142383314,0.5821097014494977,0.6433825926494596,0.19625485495073602,1,sum,1,0.9471935007385525,0.9113453192808432,0.8985330073349633,0.9245283018867925
0.3615782966051645,35,2,256,256,layernorm,0.14697434142383314,0.5821097014494977,0.6433825926494596,0.19625485495073602,2,sum,1,0.9435007385524372,0.906307409675444,0.9046454767726161,0.9079754601226994
0.3615782966051645,35,2,256,256,layernorm,0.14697434142383314,0.5821097014494977,0.6433825926494596,0.19625485495073602,3,sum,1,0.9464549483013294,0.9107692307692308,0.9046454767726161,0.9169764560099133
0.3615782966051645,35,2,256,256,layernorm,0.14697434142383314,0.5821097014494977,0.6433825926494596,0.19625485495073602,4,sum,1,0.9442392909896603,0.9071911493546404,0.902200488997555,0.9122373300370828
0.3615782966051645,35,2,256,256,layernorm,0.14697434142383314,0.5821097014494977,0.6433825926494596,0.19625485495073602,5,sum,1,0.946824224519941,0.9112207151664612,0.9034229828850856,0.9191542288557214
