K,layers,hidden_channels,out_channels,norm,lr,treatment,dropout,ratio,seed,aggregation,model_type,batch_size,rate_pairs,clusters,sampling,sampling_k,num_epochs,anomaly_detector,accuracy,f1,recall,precision,losses
5,1,128,128,,0.001002785057088918,removal,0,0.25740735491174566,654,mean,GATConv,15,1,400,neighbor,25,100,nearest_neighbors,0.8818316100443131,0.7897503285151117,0.7347188264058679,0.8536931818181818,"[231.30488514900208, 209.0984383225441, 187.6670419573784, 170.45005160570145, 152.54386565089226, 137.2843711078167, 122.49143621325493, 109.66866636276245, 97.95248430967331, 87.50057277083397, 77.99824463576078, 70.62749320268631, 63.23337630927563, 56.79925389587879, 50.99082671105862, 45.89280427992344, 41.50752883404493, 37.48241686820984, 34.22530600428581, 31.046218648552895, 28.799307599663734, 25.931965485215187, 23.703442864120007, 21.62113454937935, 19.96630409732461, 18.215957578271627, 16.790686666965485, 15.348254304379225, 14.26193742081523, 13.077645353972912, 11.994153194129467, 11.170980820432305, 10.13435279764235, 9.427628545090556, 8.69603592902422, 8.144445875659585, 7.397173965349793, 6.880373766645789, 6.337430099025369, 5.861786394380033, 5.488121636211872, 5.015319492667913, 4.6895994283258915, 4.3070034217089415, 3.9741027308627963, 3.7019823249429464, 3.448697205632925, 3.1227008290588856, 2.949497831054032, 2.7324678003787994, 2.540114274248481, 2.3686901382170618, 2.1749600963667035, 2.0152394706383348, 1.8534240275621414, 1.7418376212008297, 1.6009526564739645, 1.4699171427637339, 1.3748496647458524, 1.2804497783072293, 1.190684516215697, 1.1031070309691131, 1.0194638627581298, 0.9470348285976797, 0.8803959907963872, 0.8058343990705907, 0.7552551085827872, 0.7008446406107396, 0.6420471635647118, 0.6031551038613543, 0.5573428617790341, 0.5280689463252202, 0.4879761607153341, 0.44526746042538434, 0.41127284651156515, 0.3858636420336552, 0.35077983990777284, 0.32803364587016404, 0.3073867682251148, 0.28317577490815893, 0.2652567951590754, 0.2440110055031255, 0.22887510279542767, 0.21074123703874648, 0.1940850554528879, 0.18221590522443876, 0.16742530872579664, 0.15552167856367305, 0.14574316833750345, 0.13474132784176618, 0.12440959209925495, 0.11519938532728702, 0.10565347436931916, 0.09892351270536892, 0.09300535035436042, 0.08615694331820123, 0.07898009961354546, 0.07385438538040034, 0.06885304507159162, 0.0633005912459339]"
