alpha,K,layers,hidden_channels,out_channels,norm,dropout,margin,lpl_weight,ratio,seed,aggregation,pos_weight,accuracy,f1,recall,precision
0.7404914155732412,27,2,256,256,graphnorm,0.14650882186235054,0.30413779658039103,0.10076282664480675,0.28527370443315375,1,sum,1,0.9213441654357459,0.8729874776386404,0.8948655256723717,0.8521536670547147
0.7404914155732412,27,2,256,256,graphnorm,0.14650882186235054,0.30413779658039103,0.10076282664480675,0.28527370443315375,2,sum,1,0.922082717872969,0.8723532970356926,0.8814180929095354,0.8634730538922155
0.7404914155732412,27,2,256,256,graphnorm,0.14650882186235054,0.30413779658039103,0.10076282664480675,0.28527370443315375,3,sum,1,0.9346381093057607,0.8927922471229558,0.9009779951100244,0.8847539015606243
0.7404914155732412,27,2,256,256,graphnorm,0.14650882186235054,0.30413779658039103,0.10076282664480675,0.28527370443315375,4,sum,1,0.9213441654357459,0.8722255548890222,0.8887530562347188,0.856301531213192
0.7404914155732412,27,2,256,256,graphnorm,0.14650882186235054,0.30413779658039103,0.10076282664480675,0.28527370443315375,5,sum,1,0.9316838995568686,0.8886213124623721,0.902200488997555,0.8754448398576512
