K,layers,hidden_channels,out_channels,norm,lr,treatment,dropout,ratio,seed,aggregation,model_type,batch_size,rate_pairs,clusters,sampling,num_epochs,anomaly_detector,accuracy,f1,recall,precision,losses,test_accuracy,test_f1,test_recall,test_precision
9,2,256,256,,0.005,removal,0,0.3762768414193996,654,mean,GATConv,1024,10,50,sage,100,nearest_neighbors,nan,0.0,0.0,0.0,"[3.7156565189361572, 3.5142747163772583, 3.507574677467346, 3.4878159761428833, 3.4240779876708984, 3.402387857437134, 3.3476407527923584, 3.401655912399292, 3.327341079711914, 3.3803861141204834, 3.377546191215515, 3.364638566970825, 3.2499555349349976, 3.2638814449310303, 3.322134494781494, 3.3092050552368164, 3.360566735267639, 3.330525040626526, 3.2511587142944336, 3.31397807598114, 3.264297127723694, 3.2130043506622314, 3.2183728218078613, 3.209634304046631, 3.218761682510376, 3.1325660943984985, 3.141916275024414, 3.109655439853668, 3.0927494764328003, 3.1381572484970093, 3.07458758354187, 3.0341498851776123, 3.028549075126648, 3.0015133023262024, 2.9750311374664307, 3.014584481716156, 2.9435845017433167, 2.9693180918693542, 2.908715069293976, 2.9123674631118774, 2.8837690949440002, 2.932646930217743, 2.834047496318817, 2.8669156432151794, 2.880597412586212, 2.7869261503219604, 2.7958744764328003, 2.7322961688041687, 2.761792242527008, 2.7136844992637634, 2.712779939174652, 2.6972015500068665, 2.644307017326355, 2.5854925513267517, 2.5805248022079468, 2.5742703080177307, 2.4835795760154724, 2.5324063897132874, 2.4988380670547485, 2.5155646204948425, 2.4798117876052856, 2.501993954181671, 2.43277370929718, 2.4326329231262207, 2.3858988881111145, 2.395138382911682, 2.3782349228858948, 2.320962905883789, 2.310637652873993, 2.296129524707794, 2.2496723532676697, 2.2311208844184875, 2.2437374591827393, 2.1800745129585266, 2.1819416880607605, 2.137245237827301, 2.114669144153595, 2.059388041496277, 2.0852280855178833, 2.0942838191986084, 2.0865973234176636, 2.0078128576278687, 2.032082200050354, 1.9393198490142822, 1.9493677020072937, 1.9556756615638733, 1.89667409658432, 1.90653395652771, 1.8645626902580261, 1.8612399101257324, 1.8626487255096436, 1.816242516040802, 1.81228369474411, 1.763429880142212, 1.752540647983551, 1.7450573444366455, 1.7156801223754883, 1.675956130027771, 1.6821869015693665, 1.673286497592926]",0.9256198347107438,0.8050171037628279,0.863080684596577,0.7542735042735043
