K,layers,hidden_channels,out_channels,norm,lr,treatment,dropout,ratio,seed,aggregation,model_type,batch_size,rate_pairs,clusters,sampling,num_epochs,anomaly_detector,accuracy,f1,recall,precision,losses,test_accuracy,test_f1,test_recall,test_precision
14,2,64,128,,0.005,removal,0,0.28077060352385896,654,mean,GATConv,1024,10,50,sage,100,nearest_neighbors,nan,0.0,0.0,0.0,"[4.211541533470154, 3.835538625717163, 3.8495293855667114, 3.8149811029434204, 3.9086222648620605, 3.8299098014831543, 3.9112026691436768, 3.808789610862732, 3.873359203338623, 3.7868980169296265, 3.9935925006866455, 3.768020987510681, 3.8481314182281494, 3.776939868927002, 3.6920326948165894, 3.771195888519287, 3.8112473487854004, 3.6939369440078735, 3.7262346744537354, 3.7894476652145386, 3.762308955192566, 3.6664401292800903, 3.6558737754821777, 3.543156623840332, 3.6937830448150635, 3.669845700263977, 3.6448689699172974, 3.7257272005081177, 3.7208809852600098, 3.7265613079071045, 3.557693600654602, 3.565155863761902, 3.550013303756714, 3.5710504055023193, 3.5738461017608643, 3.59210741519928, 3.436415672302246, 3.498260498046875, 3.5294251441955566, 3.40018892288208, 3.4367064237594604, 3.424851179122925, 3.426369071006775, 3.4206420183181763, 3.325784206390381, 3.357515335083008, 3.35282301902771, 3.388197183609009, 3.3175166845321655, 3.32996666431427, 3.2912532091140747, 3.2926875352859497, 3.225489020347595, 3.152471423149109, 3.2137553691864014, 3.190436840057373, 3.2440871000289917, 3.088486075401306, 3.1230034828186035, 3.080478072166443, 3.123265027999878, 3.0888798236846924, 3.062925398349762, 3.056436240673065, 3.0437798500061035, 2.9777068495750427, 2.9461432099342346, 2.927608907222748, 2.9165332317352295, 2.8644880652427673, 2.8248291611671448, 2.8142669200897217, 2.9056883454322815, 2.8206924200057983, 2.7178520560264587, 2.754115641117096, 2.7041797637939453, 2.7552934885025024, 2.7006680369377136, 2.7241479754447937, 2.6693743467330933, 2.6063414812088013, 2.600966155529022, 2.5824188590049744, 2.5320982933044434, 2.552873909473419, 2.4621915221214294, 2.4643308520317078, 2.4322600960731506, 2.4027312994003296, 2.3895925283432007, 2.372533619403839, 2.3467270135879517, 2.312066376209259, 2.324940264225006, 2.2526935338974, 2.2482876777648926, 2.2080242037773132, 2.203623652458191, 2.1907966136932373]",0.8895171813832101,0.6743589743589744,0.6430317848410758,0.7088948787061995
