K,layers,hidden_channels,out_channels,norm,lr,treatment,dropout,ratio,seed,aggregation,model_type,batch_size,rate_pairs,reliable_mini_batch,clusters,accuracy,f1,recall,precision,losses
5,2,64,256,,0.008672097461550416,removal,0,0.27441139308831375,654,sum,GCNConv,10,14,True,400,0.9324224519940916,0.8890236506973923,0.8960880195599022,0.8820697954271961,"[42.405544966459274, 36.86346620321274, 28.665035843849182, 24.927759021520615, 20.37521904706955, 17.354224637150764, 13.758490040898323, 11.230002850294113, 9.432680606842041, 8.32852440327406, 7.387283276766539, 6.364815041422844, 5.377457018941641, 4.830427825450897, 4.277397522237152, 3.837936583906412, 3.5527728237211704, 3.2450429890304804, 2.9541890490800142, 2.7053345195017755, 2.44547026976943, 2.231939135119319, 2.1395299956202507, 1.912693791091442, 1.8253725562244654, 1.6689232662320137, 1.5945253521203995, 1.5196219459176064, 1.4260842129588127, 1.3647195063531399, 1.2356394319795072, 1.1971987513825297, 1.1306282626464963, 1.0571038140333258, 1.020106210373342, 0.9744037250056863, 0.9218503255397081, 0.875238161534071, 0.82234599115327, 0.7885945113375783, 0.741184163838625, 0.7312458446249366, 0.7312871785834432, 0.6371744119096547, 0.6249225538340397, 0.6274827644228935, 0.6177027621306479, 0.5454661590047181, 0.5188615752849728, 0.5187166286632419]"
