alpha,K,layers,hidden_channels,out_channels,norm,dropout,margin,lpl_weight,ratio,seed,aggregation,pos_weight,accuracy,f1,recall,precision
0.5,35,2,256,256,,0.4267712303928736,0.5,0.27044783583671483,0.28048945341320236,1,sum,1,0.9364844903988183,0.8955042527339003,0.9009779951100244,0.8900966183574879
0.5,35,2,256,256,,0.4267712303928736,0.5,0.27044783583671483,0.28048945341320236,2,sum,1,0.9342688330871491,0.8910648714810282,0.8899755501222494,0.8921568627450981
0.5,35,2,256,256,,0.4267712303928736,0.5,0.27044783583671483,0.28048945341320236,3,sum,1,0.931314623338257,0.8869987849331713,0.8924205378973105,0.8816425120772947
0.5,35,2,256,256,,0.4267712303928736,0.5,0.27044783583671483,0.28048945341320236,4,sum,1,0.931314623338257,0.887816646562123,0.8997555012224939,0.8761904761904762
0.5,35,2,256,256,,0.4267712303928736,0.5,0.27044783583671483,0.28048945341320236,5,sum,1,0.9342688330871491,0.892512077294686,0.9034229828850856,0.8818615751789977
