K,layers,hidden_channels,out_channels,norm,lr,treatment,dropout,ratio,seed,aggregation,model_type,batch_size,rate_pairs,clusters,sampling,sampling_k,num_epochs,anomaly_detector,accuracy,f1,recall,precision,losses
3,1,128,64,,0.00861668306465169,removal,0,0.2564045649508321,654,mean,GCNConv,5,1,200,cluster,25,100,nearest_neighbors,0.9002954209748892,0.8304020100502513,0.8080684596577017,0.8540051679586563,"[34.06226935982704, 27.04156595468521, 22.68956309556961, 17.494359768927097, 14.60449893772602, 12.204053543508053, 9.981678392738104, 7.837143525481224, 6.906419472768903, 6.04525588080287, 5.258365452289581, 4.715905211865902, 4.116447011008859, 3.666810180991888, 3.2686573900282383, 2.906433589756489, 2.7225022986531258, 2.5207771565765142, 2.186902303248644, 2.100015740841627, 1.9410295691341162, 1.7446465748362243, 1.6310979267582297, 1.5414684284478426, 1.4208156783133745, 1.383850158425048, 1.3081977190449834, 1.2150455880910158, 1.131922553293407, 1.0847219289280474, 1.015052000992, 0.9531988201197237, 0.881077105179429, 0.8488954605418257, 0.8496815757825971, 0.7819256819784641, 0.7590378699824214, 0.7202703868970275, 0.6442845375277102, 0.6496516051702201, 0.6103980978950858, 0.5758836846798658, 0.5427407387178391, 0.5416788305155933, 0.5016826263163239, 0.5120667973533273, 0.4753729230724275, 0.4730887287296355, 0.4335478759603575, 0.4231256227940321, 0.42422161577269435, 0.4013554947450757, 0.385224936529994, 0.3579754591919482, 0.3582371771335602, 0.3523529293015599, 0.33463062159717083, 0.3276181963738054, 0.31521158711984754, 0.2978465959895402, 0.28728781430982053, 0.2741465512663126, 0.2765226464252919, 0.2706703724106774, 0.24834418715909123, 0.24633600027300417, 0.23416763765271753, 0.22321210941299796, 0.22877155034802854, 0.21464622861822136, 0.21122845518402755, 0.20194684527814388, 0.20411289564799517, 0.19459258136339486, 0.1910910940496251, 0.17931749869603664, 0.17882202612236142, 0.1713451873511076, 0.1664439921732992, 0.16212339187040925, 0.16362638375721872, 0.15471411519683897, 0.142324436805211, 0.15112871676683426, 0.14684569893870503, 0.1427174643613398, 0.1313175666728057, 0.13390703161712736, 0.1322700553573668, 0.12591553723905236, 0.122121661901474, 0.11797422386007383, 0.11307835316983983, 0.10932542162481695, 0.11209067236632109, 0.1052907922421582, 0.09964767179917544, 0.10256531069171615, 0.1027951908763498, 0.09589007202885114]"
