K,layers,hidden_channels,out_channels,norm,lr,treatment,dropout,ratio,seed,aggregation,model_type,batch_size,rate_pairs,reliable_mini_batch,clusters,accuracy,f1,recall,precision,losses
4,2,64,256,,0.009232881333985768,removal,0,0.25923175371241775,654,sum,GCNConv,10,7,True,400,0.9442392909896603,0.908429351121892,0.9156479217603912,0.901323706377858,"[36.964590430259705, 31.05943873524666, 23.423841662704945, 19.759830459952354, 15.84143777191639, 13.245666161179543, 10.446391895413399, 8.443405702710152, 7.125091891735792, 6.29271849244833, 5.594484146684408, 4.82345923781395, 4.0996116660535336, 3.681513072922826, 3.2754937554709613, 2.930753191933036, 2.716634351760149, 2.4815742569044232, 2.2747314255684614, 2.0915835516061634, 1.8838876858353615, 1.7243504412472248, 1.652626484632492, 1.479877796024084, 1.4113510949537158, 1.2977695874869823, 1.2406425224617124, 1.1797073418274522, 1.1083397278562188, 1.0552839571610093, 0.9595409242901951, 0.9332190961576998, 0.8821296086534858, 0.8215719341533259, 0.7966574570164084, 0.7596013620495796, 0.7187382252886891, 0.682613642886281, 0.6412484818138182, 0.6167156896553934, 0.5788468881510198, 0.5713029410690069, 0.5704130376689136, 0.4950778995407745, 0.4893849291256629, 0.49170866003260016, 0.4840166214853525, 0.42567436350509524, 0.4072868594666943, 0.4064359348267317]"
