K,layers,hidden_channels,out_channels,norm,lr,treatment,dropout,ratio,seed,aggregation,model_type,batch_size,rate_pairs,clusters,sampling,num_epochs,anomaly_detector,accuracy,f1,recall,precision,losses,test_accuracy,test_f1,test_recall,test_precision
23,3,64,128,,0.005,removal,0,0.2434063067197923,654,mean,GATConv,2048,10,50,sage,50,nearest_neighbors,nan,0.0,0.0,0.0,"[8.799892902374268, 9.139206886291504, 8.848698139190674, 8.772048950195312, 9.046833992004395, 8.567488193511963, 8.46061086654663, 8.719595432281494, 8.387688636779785, 8.839821815490723, 8.830236911773682, 8.63076400756836, 8.689580917358398, 8.466264247894287, 8.405393600463867, 8.724306106567383, 8.547371864318848, 8.405694723129272, 8.206639289855957, 8.253575801849365, 8.353280544281006, 8.414419651031494, 8.587012767791748, 8.643303394317627, 8.497669696807861, 8.284775733947754, 8.542783260345459, 8.716214179992676, 8.557405471801758, 8.698600769042969, 8.458853244781494, 8.30403757095337, 8.422473907470703, 8.327409744262695, 8.485531091690063, 8.09446096420288, 8.349696397781372, 8.272456407546997, 8.517579078674316, 8.057143688201904, 8.115572929382324, 8.290951013565063, 8.062743663787842, 8.243985414505005, 7.944715738296509, 7.97539210319519, 8.421985626220703, 8.00939393043518, 8.349367618560791, 8.143555164337158]",0.8747281426707264,0.6504854368932039,0.6552567237163814,0.6457831325301204
