K,layers,hidden_channels,out_channels,norm,lr,treatment,dropout,ratio,seed,aggregation,model_type,batch_size,rate_pairs,clusters,sampling,sampling_k,num_epochs,anomaly_detector,accuracy,f1,recall,precision,losses
9,2,128,128,,0.0095056253235792,removal,0,0.2195,654,mean,GCNConv,15,6,50,cluster,25,100,nearest_neighbors,0.9084194977843427,0.8438287153652393,0.8190709046454768,0.8701298701298701,"[4.073107123374939, 4.243642151355743, 4.234218537807465, 4.059428095817566, 4.038571536540985, 3.7830691933631897, 3.911832809448242, 3.89531546831131, 3.928568422794342, 3.7971681356430054, 3.648716688156128, 3.7680100798606873, 3.975237488746643, 3.4993779063224792, 3.537576198577881, 3.5964203476905823, 3.4978657364845276, 3.671408474445343, 3.5218750834465027, 3.4660430550575256, 3.285181164741516, 3.183473587036133, 3.234476149082184, 3.255003273487091, 3.1501150727272034, 3.039515435695648, 2.806292772293091, 2.8742286562919617, 2.78804087638855, 2.6544752717018127, 2.515744388103485, 2.626180410385132, 2.5298826694488525, 2.480685591697693, 2.5220293402671814, 2.610914885997772, 2.244039475917816, 2.1982136964797974, 2.1536055207252502, 2.0597329437732697, 2.079343855381012, 2.0694608986377716, 1.8567705154418945, 1.7472671270370483, 1.653207153081894, 1.6813812851905823, 1.687145709991455, 1.5973209738731384, 1.5970084965229034, 1.4820610582828522, 1.4129772186279297, 1.3836582005023956, 1.3480519950389862, 1.4208390414714813, 1.290399819612503, 1.2750197052955627, 1.2492402493953705, 1.2214419841766357, 1.209934651851654, 1.1418040096759796, 1.089449867606163, 1.0719565898180008, 1.0526942163705826, 1.0272657573223114, 0.9632417857646942, 1.0135288685560226, 0.9587447494268417, 0.9078049808740616, 0.8526086807250977, 0.8279475718736649, 0.8529106378555298, 0.9568226933479309, 0.8161811232566833, 0.8022724688053131, 0.7887889742851257, 0.7555321007966995, 0.7546983361244202, 0.7205175906419754, 0.7086918652057648, 0.7238363176584244, 0.6829975694417953, 0.6835557222366333, 0.6748315244913101, 0.6738280802965164, 0.6621443927288055, 0.644476518034935, 0.6234023422002792, 0.5546952337026596, 0.6144821792840958, 0.5953427404165268, 0.5705261826515198, 0.5637165457010269, 0.5678970664739609, 0.5496618300676346, 0.5495634377002716, 0.5225685834884644, 0.5181911438703537, 0.5351050719618797, 0.48597684502601624, 0.49510639905929565]"
