K,layers,hidden_channels,out_channels,norm,lr,treatment,dropout,ratio,seed,aggregation,model_type,batch_size,rate_pairs,clusters,sampling,num_epochs,anomaly_detector,accuracy,f1,recall,precision,losses,test_accuracy,test_f1,test_recall,test_precision
2,1,256,128,,0.0037609432500094082,removal,0,0.36123637007905757,654,mean,GATConv,1024,6,300,sage,100,nearest_neighbors,0.7058823529411765,0.8275862068965517,0.7058823529411765,1.0,"[2.145934581756592, 1.9685075879096985, 1.9151803851127625, 1.9076040387153625, 1.8857668042182922, 1.8716152906417847, 1.8539021015167236, 1.8371580839157104, 1.821007251739502, 1.8291243314743042, 1.8670914769172668, 1.8114450573921204, 1.7815755009651184, 1.8009349703788757, 1.7506393194198608, 1.7621709108352661, 1.743613839149475, 1.712262511253357, 1.7128793001174927, 1.698634147644043, 1.694007694721222, 1.6905542612075806, 1.6787063479423523, 1.6519293189048767, 1.617672860622406, 1.6154362559318542, 1.59878271818161, 1.5817490816116333, 1.5881644487380981, 1.5639778971672058, 1.548701524734497, 1.5341559648513794, 1.536211609840393, 1.5274721682071686, 1.5133764147758484, 1.4852075278759003, 1.4887508153915405, 1.4859841465950012, 1.467471331357956, 1.4214053750038147, 1.423206627368927, 1.4418870210647583, 1.412730097770691, 1.4012205600738525, 1.399455726146698, 1.3932879269123077, 1.3789174556732178, 1.3519216179847717, 1.3627007603645325, 1.349572241306305, 1.336342066526413, 1.3122799098491669, 1.3116486072540283, 1.2882440984249115, 1.2968856692314148, 1.2728057503700256, 1.27865931391716, 1.2680030167102814, 1.2748734056949615, 1.2292577624320984, 1.2376825511455536, 1.2280619144439697, 1.2219915390014648, 1.2083508968353271, 1.1954439580440521, 1.180588811635971, 1.1730831861495972, 1.1596003770828247, 1.1589852571487427, 1.142190545797348, 1.1323881149291992, 1.134838044643402, 1.1392747163772583, 1.1063973903656006, 1.1095740795135498, 1.1005060970783234, 1.0845171511173248, 1.0872054994106293, 1.0709136128425598, 1.064696043729782, 1.0527825355529785, 1.0444565117359161, 1.0395723283290863, 1.02399343252182, 1.0164123475551605, 1.0147507190704346, 1.0151589512825012, 1.0005123019218445, 0.9987474679946899, 0.9947879314422607, 0.9769976139068604, 0.9760034680366516, 0.9584656059741974, 0.9641367197036743, 0.9464986622333527, 0.952130526304245, 0.9422032833099365, 0.932058572769165, 0.9080263376235962, 0.907986044883728]",0.9202363367799113,0.8655043586550436,0.8496332518337408,0.881979695431472
