alpha,K,layers,hidden_channels,out_channels,norm,dropout,margin,lpl_weight,ratio,seed,aggregation,pos_weight,accuracy,f1,recall,precision
0.3705855231918886,27,2,64,64,,0.17480439385345464,0.6306737004211993,0.8918811465469973,0.2598831583883654,1,sum,1,0.9372230428360414,0.8984468339307049,0.9193154034229829,0.8785046728971962
0.3705855231918886,27,2,64,64,,0.17480439385345464,0.6306737004211993,0.8918811465469973,0.2598831583883654,2,sum,1,0.9276218611521418,0.8837485172004745,0.910757946210269,0.8582949308755761
0.3705855231918886,27,2,64,64,,0.17480439385345464,0.6306737004211993,0.8918811465469973,0.2598831583883654,3,sum,1,0.9257754800590842,0.8814159292035398,0.91320293398533,0.8517673888255416
0.3705855231918886,27,2,64,64,,0.17480439385345464,0.6306737004211993,0.8918811465469973,0.2598831583883654,4,sum,1,0.931314623338257,0.8890214797136038,0.910757946210269,0.8682983682983683
0.3705855231918886,27,2,64,64,,0.17480439385345464,0.6306737004211993,0.8918811465469973,0.2598831583883654,5,sum,1,0.9217134416543574,0.8739595719381689,0.8985330073349633,0.8506944444444444
