K,layers,hidden_channels,out_channels,norm,lr,treatment,dropout,ratio,seed,aggregation,model_type,batch_size,rate_pairs,clusters,sampling,num_epochs,anomaly_detector,accuracy,f1,recall,precision,losses,test_accuracy,test_f1,test_recall,test_precision
1,2,128,128,,0.005,removal,0,0.31481158413559607,654,mean,GCNConv,1024,10,50,sage,50,nearest_neighbors,nan,0.0,0.0,0.0,"[3.006349205970764, 2.9194732904434204, 2.9012314677238464, 2.8245620727539062, 2.831359386444092, 2.722908616065979, 2.752364456653595, 2.6706358194351196, 2.679327130317688, 2.654411792755127, 2.5833407640457153, 2.557100236415863, 2.53824383020401, 2.4974337816238403, 2.4910152554512024, 2.451476275920868, 2.436039447784424, 2.4104117155075073, 2.369855523109436, 2.3495899438858032, 2.3586429953575134, 2.3007639050483704, 2.2875643968582153, 2.247515082359314, 2.2140747904777527, 2.18410724401474, 2.154141426086426, 2.119353473186493, 2.1101428270339966, 2.082333266735077, 2.0764570832252502, 2.066725492477417, 2.0208888053894043, 2.0299190878868103, 1.9697956442832947, 1.9674017429351807, 1.9563650488853455, 1.9289131164550781, 1.899119257926941, 1.8899138569831848, 1.8634032607078552, 1.8445141315460205, 1.8256076574325562, 1.8416739106178284, 1.7617951035499573, 1.7695557475090027, 1.7452405095100403, 1.7210389375686646, 1.721187174320221, 1.6888424754142761]",0.7525010874293171,0.37949836423118866,0.4254278728606357,0.3425196850393701
