alpha,K,layers,hidden_channels,out_channels,norm,dropout,margin,lpl_weight,ratio,seed,aggregation,pos_weight,accuracy,f1,recall,precision
0.5,32,1,256,256,,0.4736038865414889,0.5,0.11328477533945727,0.1712166218195557,1,sum,1,0.9338995568685377,0.8844415752098128,0.8374083129584352,0.9370725034199726
0.5,32,1,256,256,,0.4736038865414889,0.5,0.11328477533945727,0.1712166218195557,2,sum,1,0.9276218611521418,0.871222076215506,0.8105134474327629,0.9417613636363636
0.5,32,1,256,256,,0.4736038865414889,0.5,0.11328477533945727,0.1712166218195557,3,sum,1,0.9279911373707533,0.8732943469785575,0.8215158924205379,0.9320388349514563
0.5,32,1,256,256,,0.4736038865414889,0.5,0.11328477533945727,0.1712166218195557,4,sum,1,0.9279911373707533,0.8731294729993494,0.8202933985330073,0.933240611961057
0.5,32,1,256,256,,0.4736038865414889,0.5,0.11328477533945727,0.1712166218195557,5,sum,1,0.9239290989660266,0.8651832460732984,0.8080684596577017,0.9309859154929577
