K,layers,hidden_channels,out_channels,norm,lr,treatment,dropout,ratio,seed,aggregation,model_type,batch_size,rate_pairs,reliable_mini_batch,clusters,accuracy,f1,recall,precision,losses
4,2,64,256,,0.008498844212281597,removal,0,0.26371858407696636,654,sum,GCNConv,10,14,True,400,0.9335302806499262,0.8902439024390244,0.8924205378973105,0.8880778588807786,"[37.083154529333115, 31.798353403806686, 24.40533295273781, 20.98286145925522, 17.058366551995277, 14.501391857862473, 11.553279750049114, 9.453028410673141, 7.975349590182304, 7.074066482484341, 6.286079958081245, 5.467039719223976, 4.613601177930832, 4.1762716472148895, 3.6995595067273825, 3.333709217607975, 3.1031069047749043, 2.829639507457614, 2.6002363674342632, 2.3810321358032525, 2.148136004805565, 1.9630707763135433, 1.883866373449564, 1.6882489323616028, 1.6108130970969796, 1.4714650493115187, 1.4160224981606007, 1.3444958049803972, 1.2581898588687181, 1.2014618441462517, 1.0983982682228088, 1.063334428705275, 1.0056248856708407, 0.935616260045208, 0.9072436047717929, 0.8690649112686515, 0.8197664241306484, 0.7785992985591292, 0.7303844601847231, 0.7012814749032259, 0.6591484581585974, 0.652144598774612, 0.6511166477575898, 0.5666477589402348, 0.5572587636706885, 0.5603465591557324, 0.5524216508492827, 0.4862098675221205, 0.46290874894475564, 0.4619427155703306]"
