alpha,K,layers,hidden_channels,out_channels,norm,dropout,margin,lpl_weight,ratio,seed,aggregation,pos_weight,accuracy,f1,recall,precision
0.5,31,1,128,256,,0.15276226213516836,0.5,0.8021437359795212,0.29175583972550984,1,sum,1,0.9158050221565731,0.8652482269503546,0.8948655256723717,0.8375286041189931
0.5,31,1,128,256,,0.15276226213516836,0.5,0.8021437359795212,0.29175583972550984,2,sum,1,0.9084194977843427,0.8561484918793504,0.902200488997555,0.8145695364238411
0.5,31,1,128,256,,0.15276226213516836,0.5,0.8021437359795212,0.29175583972550984,3,sum,1,0.9139586410635155,0.8618850029638412,0.8887530562347188,0.8365937859608745
0.5,31,1,128,256,,0.15276226213516836,0.5,0.8021437359795212,0.29175583972550984,4,sum,1,0.9062038404726735,0.8523255813953489,0.8960880195599022,0.8126385809312638
0.5,31,1,128,256,,0.15276226213516836,0.5,0.8021437359795212,0.29175583972550984,5,sum,1,0.9132200886262924,0.8632926119837114,0.9070904645476773,0.8235294117647058
