alpha,K,layers,hidden_channels,out_channels,norm,dropout,margin,lpl_weight,ratio,seed,aggregation,pos_weight,accuracy,f1,recall,precision
0.5,34,1,256,256,,0.14727320916322767,0.5,0.4693753043107509,0.22048734959325744,1,sum,1,0.9268833087149188,0.8783783783783784,0.8740831295843521,0.8827160493827161
0.5,34,1,256,256,,0.14727320916322767,0.5,0.4693753043107509,0.22048734959325744,2,sum,1,0.9353766617429837,0.8891703609879671,0.8581907090464548,0.9224704336399474
0.5,34,1,256,256,,0.14727320916322767,0.5,0.4693753043107509,0.22048734959325744,3,sum,1,0.9316838995568686,0.8829854522454142,0.8533007334963325,0.9148099606815203
0.5,34,1,256,256,,0.14727320916322767,0.5,0.4693753043107509,0.22048734959325744,4,sum,1,0.9327917282127031,0.8882063882063882,0.8838630806845966,0.8925925925925926
0.5,34,1,256,256,,0.14727320916322767,0.5,0.4693753043107509,0.22048734959325744,5,sum,1,0.9375923190546529,0.8937774984286612,0.8691931540342298,0.9197930142302717
