K,layers,hidden_channels,out_channels,norm,lr,treatment,dropout,ratio,seed,aggregation,model_type,batch_size,rate_pairs,reliable_mini_batch,clusters,accuracy,f1,recall,precision,losses
4,2,64,256,,0.009983360479681874,removal,0,0.2536097745028884,654,sum,GCNConv,10,6,True,400,0.9453471196454948,0.910411622276029,0.9193154034229829,0.9016786570743405,"[37.16242644190788, 30.612328737974167, 22.697590976953506, 18.736566498875618, 14.72579824924469, 12.131644368171692, 9.528112187981606, 7.657581001520157, 6.4167650192976, 5.640700288116932, 5.025824181735516, 4.329968139529228, 3.673778459429741, 3.302074981853366, 2.938690672395751, 2.618054296821356, 2.432173328474164, 2.220426299609244, 2.0285795014351606, 1.8575992695987225, 1.6855599228292704, 1.541426820680499, 1.4753216672688723, 1.3232333306223154, 1.2649451084434986, 1.1568079190328717, 1.1076918048784137, 1.0514577087014914, 0.9907280532643199, 0.9443502593785524, 0.8586280514718965, 0.831611187197268, 0.7887992979958653, 0.7323442879132926, 0.7104594195261598, 0.6783911078236997, 0.6417110227048397, 0.6094692563638091, 0.5736498758196831, 0.5505126398056746, 0.5179261399898678, 0.5108666005544364, 0.5077069732360542, 0.4425822808407247, 0.436009212040517, 0.4382910137064755, 0.4316539289429784, 0.38060140470042825, 0.36450388858793303, 0.3626433957833797]"
