K,layers,hidden_channels,out_channels,norm,lr,treatment,dropout,ratio,seed,aggregation,model_type,batch_size,rate_pairs,reliable_mini_batch,clusters,accuracy,f1,recall,precision,losses
7,2,64,256,,0.009542955042192184,removal,0,0.2881188072897448,654,sum,GCNConv,10,13,True,400,0.9290989660265879,0.8853046594982079,0.9058679706601467,0.8656542056074766,"[50.39818388223648, 43.95446515083313, 34.27876119315624, 29.954981207847595, 24.779578536748886, 21.109605565667152, 16.662737667560577, 13.415018901228905, 11.189739849418402, 9.771220736205578, 8.562222421169281, 7.30534190684557, 6.145062677562237, 5.465595282614231, 4.8129974328912795, 4.264962762594223, 3.9547014869749546, 3.589311171323061, 3.2642701268196106, 2.973154226783663, 2.680119613185525, 2.4389612395316362, 2.3359159603714943, 2.0819293688982725, 1.9851086558774114, 1.8147625289857388, 1.743386508896947, 1.6441341936588287, 1.5339047238230705, 1.4615058209747076, 1.3397363319527358, 1.2890543024986982, 1.217943198978901, 1.1304580548312515, 1.0990369003266096, 1.0491269063204527, 0.9888938628137112, 0.9368408294394612, 0.8811056925915182, 0.842137043364346, 0.792005744879134, 0.7823318969458342, 0.7813640097156167, 0.6785504205618054, 0.6668440836365335, 0.6688697105273604, 0.6587084610946476, 0.5805402374826372, 0.5531042668153532, 0.551607777364552]"
