alpha,K,layers,hidden_channels,out_channels,norm,dropout,margin,lpl_weight,ratio,seed,aggregation,pos_weight,accuracy,f1,recall,precision
0.9360366005079914,19,1,64,64,graphnorm,0.27643517485441566,0.6166038984935547,0.5986131088421768,0.4937942598877959,1,mean,1,0.8686504358280733,0.7263619286161553,0.8273894436519258,0.6473214285714286
0.9360366005079914,19,1,64,64,graphnorm,0.27643517485441566,0.6166038984935547,0.5986131088421768,0.4937942598877959,2,mean,1,0.8701532912533815,0.722007722007722,0.8002853067047075,0.6576787807737398
0.9360366005079914,19,1,64,64,graphnorm,0.27643517485441566,0.6166038984935547,0.5986131088421768,0.4937942598877959,3,mean,1,0.8722572888488127,0.732872407291012,0.8316690442225392,0.6550561797752809
0.9360366005079914,19,1,64,64,graphnorm,0.27643517485441566,0.6166038984935547,0.5986131088421768,0.4937942598877959,4,mean,1,0.8725578599338744,0.7319848293299621,0.8259629101283881,0.6572077185017026
0.9360366005079914,19,1,64,64,graphnorm,0.27643517485441566,0.6166038984935547,0.5986131088421768,0.4937942598877959,5,mean,1,0.8701532912533815,0.7262357414448669,0.8174037089871612,0.6533637400228051
