alpha,K,layers,hidden_channels,out_channels,norm,dropout,margin,lpl_weight,ratio,seed,aggregation,pos_weight,accuracy,f1,recall,precision
0.4146497221098818,20,1,128,128,graphnorm,0.27740015341684193,0.7974076512944601,0.4636507768755791,0.19827106242923143,1,mean,1,0.9047189660354674,0.7618332081141999,0.7232524964336662,0.8047619047619048
0.4146497221098818,20,1,128,128,graphnorm,0.27740015341684193,0.7974076512944601,0.4636507768755791,0.19827106242923143,2,mean,1,0.905019537120529,0.7572964669738863,0.703281027104137,0.8202995008319468
0.4146497221098818,20,1,128,128,graphnorm,0.27740015341684193,0.7974076512944601,0.4636507768755791,0.19827106242923143,3,mean,1,0.9062218214607755,0.7581395348837209,0.6975748930099858,0.830220713073005
0.4146497221098818,20,1,128,128,graphnorm,0.27740015341684193,0.7974076512944601,0.4636507768755791,0.19827106242923143,4,mean,1,0.9059212503757138,0.7552775605942142,0.6890156918687589,0.8356401384083045
0.4146497221098818,20,1,128,128,graphnorm,0.27740015341684193,0.7974076512944601,0.4636507768755791,0.19827106242923143,5,mean,1,0.907424105801022,0.7648854961832061,0.7146932952924394,0.8226600985221675
