alpha,K,layers,hidden_channels,out_channels,norm,dropout,margin,lpl_weight,ratio,seed,aggregation,pos_weight,accuracy,f1,recall,precision
0.4869154932709508,22,1,256,128,,0.3036611561869985,0.6424606186813395,0.3216392113269956,0.24193881280029947,1,mean,1,0.9203486624586715,0.8075526506899056,0.7931526390870185,0.8224852071005917
0.4869154932709508,22,1,256,128,,0.3036611561869985,0.6424606186813395,0.3216392113269956,0.24193881280029947,2,mean,1,0.9284640817553351,0.8280346820809249,0.8174037089871612,0.8389458272327965
0.4869154932709508,22,1,256,128,,0.3036611561869985,0.6424606186813395,0.3216392113269956,0.24193881280029947,3,mean,1,0.9248572287345957,0.8177842565597667,0.8002853067047075,0.8360655737704918
0.4869154932709508,22,1,256,128,,0.3036611561869985,0.6424606186813395,0.3216392113269956,0.24193881280029947,4,mean,1,0.9278629395852119,0.8235294117647058,0.7988587731811697,0.849772382397572
0.4869154932709508,22,1,256,128,,0.3036611561869985,0.6424606186813395,0.3216392113269956,0.24193881280029947,5,mean,1,0.9248572287345957,0.8175182481751825,0.7988587731811697,0.8370702541106129
