alpha,K,layers,hidden_channels,out_channels,norm,dropout,margin,lpl_weight,ratio,seed,aggregation,pos_weight,accuracy,f1,recall,precision
0.9847874661003191,20,1,256,128,graphnorm,0.27851853867941384,0.7985020116169279,0.23863089418722072,0.19610528246614628,1,mean,1,0.9281635106702735,0.8296507483962936,0.8302425106990015,0.8290598290598291
0.9847874661003191,20,1,256,128,graphnorm,0.27851853867941384,0.7985020116169279,0.23863089418722072,0.19610528246614628,2,mean,1,0.9311692215208897,0.8367783321454028,0.8373751783166904,0.8361823361823362
0.9847874661003191,20,1,256,128,graphnorm,0.27851853867941384,0.7985020116169279,0.23863089418722072,0.19610528246614628,3,mean,1,0.9323715058611362,0.8407643312101911,0.8473609129814551,0.8342696629213483
0.9847874661003191,20,1,256,128,graphnorm,0.27851853867941384,0.7985020116169279,0.23863089418722072,0.19610528246614628,4,mean,1,0.9350766456266907,0.8463726884779517,0.8487874465049928,0.8439716312056738
0.9847874661003191,20,1,256,128,graphnorm,0.27851853867941384,0.7985020116169279,0.23863089418722072,0.19610528246614628,5,mean,1,0.9329726480312593,0.8385228095582911,0.8259629101283881,0.8514705882352941
