alpha,K,layers,hidden_channels,out_channels,norm,dropout,margin,lpl_weight,ratio,seed,aggregation,pos_weight,accuracy,f1,recall,precision
0.2564179196579652,20,1,64,128,graphnorm,0.22030023180058927,0.5551217317958999,0.39808982636742457,0.29115180737900476,1,mean,1,0.9071235347159603,0.7803837953091685,0.7831669044222539,0.7776203966005666
0.2564179196579652,20,1,64,128,graphnorm,0.22030023180058927,0.5551217317958999,0.39808982636742457,0.29115180737900476,2,mean,1,0.9005109708446047,0.7585703865791393,0.7417974322396577,0.7761194029850746
0.2564179196579652,20,1,64,128,graphnorm,0.22030023180058927,0.5551217317958999,0.39808982636742457,0.29115180737900476,3,mean,1,0.8984069732491734,0.7688098495212038,0.8017118402282454,0.7385019710906702
0.2564179196579652,20,1,64,128,graphnorm,0.22030023180058927,0.5551217317958999,0.39808982636742457,0.29115180737900476,4,mean,1,0.9053201082055906,0.7738693467336684,0.7689015691868759,0.7789017341040463
0.2564179196579652,20,1,64,128,graphnorm,0.22030023180058927,0.5551217317958999,0.39808982636742457,0.29115180737900476,5,mean,1,0.9008115419296664,0.7642857142857142,0.7631954350927247,0.765379113018598
