alpha,K,layers,hidden_channels,out_channels,norm,dropout,margin,lpl_weight,ratio,seed,aggregation,pos_weight,accuracy,f1,recall,precision
0.51869635991913,22,1,256,128,,0.34970669712726155,0.7135384740371237,0.3556002998162682,0.26976107882305966,1,mean,1,0.9227532311391644,0.8188865398167724,0.8288159771754636,0.8091922005571031
0.51869635991913,22,1,256,128,,0.34970669712726155,0.7135384740371237,0.3556002998162682,0.26976107882305966,2,mean,1,0.933273219116321,0.8391304347826087,0.8259629101283881,0.8527245949926362
0.51869635991913,22,1,256,128,,0.34970669712726155,0.7135384740371237,0.3556002998162682,0.26976107882305966,3,mean,1,0.9260595130748422,0.8257790368271954,0.8316690442225392,0.819971870604782
0.51869635991913,22,1,256,128,,0.34970669712726155,0.7135384740371237,0.3556002998162682,0.26976107882305966,4,mean,1,0.9233543733092876,0.8202959830866807,0.8302425106990015,0.8105849582172702
0.51869635991913,22,1,256,128,,0.34970669712726155,0.7135384740371237,0.3556002998162682,0.26976107882305966,5,mean,1,0.9287646528403968,0.8283852280955829,0.8159771754636234,0.8411764705882353
