alpha,K,layers,hidden_channels,out_channels,norm,dropout,margin,lpl_weight,ratio,seed,aggregation,pos_weight,accuracy,f1,recall,precision
0.8859501322101544,19,1,256,256,graphnorm,0.29455258356094893,0.3042390503169113,0.46713645976046814,0.20236661234253606,1,mean,1,0.9353772167117523,0.8365019011406845,0.7845934379457917,0.8957654723127035
0.8859501322101544,19,1,256,256,graphnorm,0.29455258356094893,0.3042390503169113,0.46713645976046814,0.20236661234253606,2,mean,1,0.9329726480312593,0.8301599390708302,0.7774607703281027,0.8905228758169934
0.8859501322101544,19,1,256,256,graphnorm,0.29455258356094893,0.3042390503169113,0.46713645976046814,0.20236661234253606,3,mean,1,0.9344755034565675,0.8363363363363363,0.7945791726105563,0.8827258320126783
0.8859501322101544,19,1,256,256,graphnorm,0.29455258356094893,0.3042390503169113,0.46713645976046814,0.20236661234253606,4,mean,1,0.9251577998196574,0.8112206216830933,0.7631954350927247,0.8656957928802589
