alpha,K,layers,hidden_channels,out_channels,norm,dropout,margin,lpl_weight,ratio,seed,aggregation,pos_weight,accuracy,f1,recall,precision
0.8082072802880657,20,1,64,64,graphnorm,0.24060308244857836,0.5952912437772664,0.6110581554314212,0.34483104877406745,1,mean,1,0.9011121130147279,0.7760381211708646,0.8131241084165478,0.7421875
0.8082072802880657,20,1,64,64,graphnorm,0.24060308244857836,0.5952912437772664,0.6110581554314212,0.34483104877406745,2,mean,1,0.8941989780583108,0.7579092159559835,0.7860199714693296,0.7317397078353254
0.8082072802880657,20,1,64,64,graphnorm,0.24060308244857836,0.5952912437772664,0.6110581554314212,0.34483104877406745,3,mean,1,0.9026149684400361,0.7685714285714286,0.7674750356633381,0.7696709585121603
0.8082072802880657,20,1,64,64,graphnorm,0.24060308244857836,0.5952912437772664,0.6110581554314212,0.34483104877406745,4,mean,1,0.9008115419296664,0.7736625514403292,0.8045649072753209,0.7450462351387054
0.8082072802880657,20,1,64,64,graphnorm,0.24060308244857836,0.5952912437772664,0.6110581554314212,0.34483104877406745,5,mean,1,0.890892696122633,0.7508579272477693,0.7803138373751783,0.7235449735449735
