alpha,K,layers,hidden_channels,out_channels,norm,dropout,margin,lpl_weight,ratio,seed,aggregation,pos_weight,accuracy,f1,recall,precision
0.4517630676911324,22,1,256,128,graphnorm,0.3148421321697974,0.6528575833006138,0.33175021834547885,0.17057758503182166,1,mean,1,0.9251577998196574,0.8194343727338651,0.8059914407988588,0.8333333333333334
0.4517630676911324,22,1,256,128,graphnorm,0.3148421321697974,0.6528575833006138,0.33175021834547885,0.17057758503182166,2,mean,1,0.9239555154794109,0.8194147037830122,0.818830242510699,0.82
0.4517630676911324,22,1,256,128,graphnorm,0.3148421321697974,0.6528575833006138,0.33175021834547885,0.17057758503182166,3,mean,1,0.9275623685001503,0.8282252316464719,0.8288159771754636,0.8276353276353277
0.4517630676911324,22,1,256,128,graphnorm,0.3148421321697974,0.6528575833006138,0.33175021834547885,0.17057758503182166,4,mean,1,0.9311692215208897,0.8353702372393961,0.8288159771754636,0.8420289855072464
0.4517630676911324,22,1,256,128,graphnorm,0.3148421321697974,0.6528575833006138,0.33175021834547885,0.17057758503182166,5,mean,1,0.9230538022242261,0.8163558106169297,0.81169757489301,0.8210678210678211
