alpha,K,layers,hidden_channels,out_channels,norm,dropout,margin,lpl_weight,ratio,seed,aggregation,pos_weight,accuracy,f1,recall,precision
0.612567991859914,20,1,256,256,,0.4916442329295666,0.7423684059122051,0.5210056071344108,0.32988370094355696,1,sum,1,0.9011121130147279,0.7876049063912202,0.8701854493580599,0.7193396226415094
0.612567991859914,20,1,256,256,,0.4916442329295666,0.7423684059122051,0.5210056071344108,0.32988370094355696,2,sum,1,0.8464081755335137,0.704111175448755,0.8673323823109843,0.5925925925925926
0.612567991859914,20,1,256,256,,0.4916442329295666,0.7423684059122051,0.5210056071344108,0.32988370094355696,3,sum,1,0.8839795611662158,0.7581453634085213,0.8630527817403709,0.6759776536312849
0.612567991859914,20,1,256,256,,0.4916442329295666,0.7423684059122051,0.5210056071344108,0.32988370094355696,4,sum,1,0.8749624286143673,0.746031746031746,0.8716119828815977,0.6520811099252934
0.612567991859914,20,1,256,256,,0.4916442329295666,0.7423684059122051,0.5210056071344108,0.32988370094355696,5,sum,1,0.8851818455064623,0.754813863928113,0.8388017118402282,0.6861143523920653
