K,layers,hidden_channels,out_channels,norm,lr,treatment,dropout,ratio,seed,aggregation,model_type,batch_size,rate_pairs,clusters,sampling,num_epochs,anomaly_detector,accuracy,f1,recall,precision,losses,test_accuracy,test_f1,test_recall,test_precision
19,3,256,128,,0.005,removal,0,0.24546250213757748,654,mean,GATConv,1024,10,50,sage,100,nearest_neighbors,nan,0.0,0.0,0.0,"[20.671074271202087, 20.12227725982666, 20.16719138622284, 20.052395701408386, 19.577802300453186, 19.249865651130676, 18.999763131141663, 18.716613173484802, 18.508321046829224, 17.93643832206726, 17.91728174686432, 17.42463755607605, 17.426894187927246, 16.845348238945007, 16.659661531448364, 16.324066400527954, 15.914921283721924, 15.581379055976868, 15.298892617225647, 14.87613320350647, 14.509893655776978, 14.217402577400208, 13.69107210636139, 13.201330065727234, 12.753520607948303, 12.170699954032898, 11.782345533370972, 11.389868974685669, 10.951832950115204, 10.481505930423737, 9.975743889808655, 9.55938071012497, 9.127752125263214, 8.701346516609192, 8.35421735048294, 7.902955174446106, 7.532743036746979, 7.218879580497742, 6.880270719528198, 6.521040737628937, 6.258089363574982, 5.994617283344269, 5.761363178491592, 5.4470199048519135, 5.272990494966507, 5.046461701393127, 4.849090665578842, 4.6530865132808685, 4.471825301647186, 4.288696378469467, 4.130558162927628, 4.006130397319794, 3.842507481575012, 3.7023540437221527, 3.5782445073127747, 3.43110653758049, 3.337275892496109, 3.216137021780014, 3.1142211854457855, 3.0107231438159943, 2.941095933318138, 2.8461369574069977, 2.7732611298561096, 2.693823888897896, 2.6018830090761185, 2.5305425077676773, 2.4390268325805664, 2.3792080730199814, 2.3245931416749954, 2.2572815269231796, 2.1904560029506683, 2.138177812099457, 2.076610431075096, 2.0464691817760468, 1.9786085188388824, 1.9291426539421082, 1.883324921131134, 1.8363658487796783, 1.816302239894867, 1.7581231445074081, 1.7228486388921738, 1.6746930480003357, 1.6396141946315765, 1.5979062765836716, 1.5664650052785873, 1.5369197130203247, 1.5040993392467499, 1.4577597826719284, 1.4485777765512466, 1.4120761528611183, 1.382292978465557, 1.3530665710568428, 1.3228756189346313, 1.2974482476711273, 1.28005051612854, 1.2493891716003418, 1.2314834892749786, 1.2101109102368355, 1.1867424994707108, 1.1579777970910072]",0.8179712382974617,0.4270959902794654,0.5250186706497386,0.35995903737839224
