alpha,K,layers,hidden_channels,out_channels,norm,dropout,margin,lpl_weight,ratio,seed,aggregation,pos_weight,accuracy,f1,recall,precision
0.2798721414675672,35,3,128,64,layernorm,0.11434331893297506,0.2944731714250123,0.7771278701081328,0.3084095063121354,1,mean,1,0.8235193573198872,0.7137907137907138,0.9611795446061964,0.5676807760141094
0.2798721414675672,35,3,128,64,layernorm,0.11434331893297506,0.2944731714250123,0.7771278701081328,0.3084095063121354,2,mean,1,0.8232629689770106,0.7134146341463414,0.9608062709966405,0.5673352435530086
0.2798721414675672,35,3,128,64,layernorm,0.11434331893297506,0.2944731714250123,0.7771278701081328,0.3084095063121354,3,mean,1,0.8269378685582429,0.7194902341044466,0.969391564016424,0.5720264317180617
0.2798721414675672,35,3,128,64,layernorm,0.11434331893297506,0.2944731714250123,0.7771278701081328,0.3084095063121354,4,mean,1,0.8295017519870097,0.7234927234927235,0.9742441209406495,0.5753968253968254
0.2798721414675672,35,3,128,64,layernorm,0.11434331893297506,0.2944731714250123,0.7771278701081328,0.3084095063121354,5,mean,1,0.8269378685582429,0.7193347193347194,0.9686450167973124,0.5720899470899471
