alpha,K,layers,hidden_channels,out_channels,norm,dropout,margin,lpl_weight,ratio,seed,aggregation,pos_weight,accuracy,f1,recall,precision
0.5,27,2,128,256,,0,0.5,0.28563356565150866,0.07625036886056138,1,mean,1,0.939663276643022,0.8514309764309764,0.7551325121313923,0.9758803666184274
0.5,27,2,128,256,,0,0.5,0.28563356565150866,0.07625036886056138,2,mean,1,0.9398342022049397,0.852225020990764,0.757745427398283,0.973621103117506
0.5,27,2,128,256,,0,0.5,0.28563356565150866,0.07625036886056138,3,mean,1,0.9398342022049397,0.8521629567408652,0.7573721537887271,0.9740758521363418
0.5,27,2,128,256,,0,0.5,0.28563356565150866,0.07625036886056138,4,mean,1,0.942825399538501,0.8599539459912079,0.7667039940276222,0.9790276453765491
0.5,27,2,128,256,,0,0.5,0.28563356565150866,0.07625036886056138,5,mean,1,0.9401760533287753,0.8526315789473684,0.7558790593505039,0.9777885079671657
