alpha,K,layers,hidden_channels,out_channels,norm,dropout,margin,lpl_weight,ratio,seed,aggregation,pos_weight,accuracy,f1,recall,precision
0.5,34,1,128,256,,0,0.5,0.9966423241407425,0.24126851983456696,1,sum,1,0.8571916930176908,0.7436723423838012,0.9048152295632699,0.63125
0.5,34,1,128,256,,0,0.5,0.9966423241407425,0.24126851983456696,2,sum,1,0.8547132723698829,0.7392638036809815,0.8995893990294886,0.6274407706326477
0.5,34,1,128,256,,0,0.5,0.9966423241407425,0.24126851983456696,3,sum,1,0.8554824373985129,0.7406043871759472,0.9010824934677119,0.6286458333333333
0.5,34,1,128,256,,0,0.5,0.9966423241407425,0.24126851983456696,4,sum,1,0.8568498418938553,0.7431375555896335,0.9044419559537141,0.6306611140031234
0.5,34,1,128,256,,0,0.5,0.9966423241407425,0.24126851983456696,5,sum,1,0.8568498418938553,0.7430587513422304,0.9040686823441583,0.6307291666666667
