alpha,K,layers,hidden_channels,out_channels,norm,dropout,margin,lpl_weight,ratio,seed,aggregation,pos_weight,accuracy,f1,recall,precision
0.2523220280779685,35,2,256,256,layernorm,0.36097035324944754,0.10237366729889852,0.3657383621425004,0.11888833589307433,1,mean,1,0.9532518588154859,0.895829365835079,0.8779395296752519,0.9144634525660964
0.2523220280779685,35,2,256,256,layernorm,0.36097035324944754,0.10237366729889852,0.3657383621425004,0.11888833589307433,2,mean,1,0.9522263054439791,0.8935440868406018,0.8756998880179171,0.9121306376360808
0.2523220280779685,35,2,256,256,layernorm,0.36097035324944754,0.10237366729889852,0.3657383621425004,0.11888833589307433,3,mean,1,0.9496624220152123,0.8878308893544087,0.8701007838745801,0.906298600311042
0.2523220280779685,35,2,256,256,layernorm,0.36097035324944754,0.10237366729889852,0.3657383621425004,0.11888833589307433,4,mean,1,0.9521408426630202,0.8933739527798934,0.8756998880179171,0.9117761368052857
0.2523220280779685,35,2,256,256,layernorm,0.36097035324944754,0.10237366729889852,0.3657383621425004,0.11888833589307433,5,mean,1,0.9561575933680881,0.9023043229860979,0.8842851810377006,0.9210730948678072
