alpha,K,layers,hidden_channels,out_channels,norm,dropout,margin,lpl_weight,ratio,seed,aggregation,pos_weight,accuracy,f1,recall,precision
0.8975981069146669,29,2,256,128,graphnorm,0.17454874903446663,0.9187237062783083,0.844856458382856,0.11737960485367951,1,sum,1,0.9418853089479532,0.8701298701298701,0.8503172825681224,0.8908877590926867
0.8975981069146669,29,2,256,128,graphnorm,0.17454874903446663,0.9187237062783083,0.844856458382856,0.11737960485367951,2,sum,1,0.9437654901290488,0.8743315508021391,0.8544232922732363,0.8951896754008604
0.8975981069146669,29,2,256,128,graphnorm,0.17454874903446663,0.9187237062783083,0.844856458382856,0.11737960485367951,3,sum,1,0.9458165968720622,0.8789152024446142,0.858902575587906,0.899882675009777
0.8975981069146669,29,2,256,128,graphnorm,0.17454874903446663,0.9187237062783083,0.844856458382856,0.11737960485367951,4,sum,1,0.9449619690624733,0.8770523100420008,0.8574094811496827,0.8976162563501368
0.8975981069146669,29,2,256,128,graphnorm,0.17454874903446663,0.9187237062783083,0.844856458382856,0.11737960485367951,5,sum,1,0.9417143833860354,0.8697478991596639,0.8499440089585666,0.8904966757919437
