alpha,K,layers,hidden_channels,out_channels,norm,dropout,margin,lpl_weight,ratio,seed,aggregation,pos_weight,accuracy,f1,recall,precision
0.5,31,2,128,256,,0,0.5,0.5413590271774968,0.2329733011154828,1,mean,1,0.8828305273053585,0.7868801492305301,0.944755505785741,0.6742141715503462
0.5,31,2,128,256,,0,0.5,0.5413590271774968,0.2329733011154828,2,mean,1,0.8780446115716606,0.7781750349759055,0.9343038447181784,0.6667554608417687
0.5,31,2,128,256,,0,0.5,0.5413590271774968,0.2329733011154828,3,mean,1,0.8812921972480985,0.7840820767915436,0.9413960432997387,0.6718167288225892
0.5,31,2,128,256,,0,0.5,0.5413590271774968,0.2329733011154828,4,mean,1,0.8818049739338518,0.7850147676045391,0.9425158641284062,0.6726158763985083
0.5,31,2,128,256,,0,0.5,0.5413590271774968,0.2329733011154828,5,mean,1,0.8778736860097428,0.7778641380382403,0.9339305711086227,0.6664890783164624
