alpha,K,layers,hidden_channels,out_channels,norm,dropout,margin,lpl_weight,ratio,seed,aggregation,pos_weight,accuracy,f1,recall,precision
0.5,25,1,256,256,,0,0.5,0.15857802945832594,0.1572138572556976,1,mean,1,0.9343645842235706,0.8640226628895185,0.9107876073161627,0.8218255304816436
0.5,25,1,256,256,,0,0.5,0.15857802945832594,0.1572138572556976,2,mean,1,0.930091445175626,0.8551699716713881,0.9014557670772676,0.8134051869316268
0.5,25,1,256,256,,0,0.5,0.15857802945832594,0.1572138572556976,3,mean,1,0.9357319887189129,0.8668555240793201,0.9137737961926092,0.824520040417649
0.5,25,1,256,256,,0,0.5,0.15857802945832594,0.1572138572556976,4,mean,1,0.9307751474232971,0.8565864022662889,0.9029488615154908,0.8147524418996295
0.5,25,1,256,256,,0,0.5,0.15857802945832594,0.1572138572556976,5,mean,1,0.9306042218613794,0.8562322946175638,0.9025755879059351,0.8144156281576288
