K,layers,hidden_channels,out_channels,norm,lr,treatment,dropout,ratio,seed,aggregation,model_type,batch_size,rate_pairs,clusters,sampling,sampling_k,num_epochs,anomaly_detector,accuracy,f1,recall,precision,losses
1,2,128,128,,0.006343936291816416,removal,0,0.17594677024041583,654,mean,GATConv,15,13,50,cluster,50,100,nearest_neighbors,0.937270318776173,0.865518504946867,0.88167226577081,0.8499460237495502,"[1.3790931403636932, 1.2720166146755219, 1.2171676456928253, 1.330726534128189, 1.2731792032718658, 1.2127996683120728, 1.1383028626441956, 1.1641932725906372, 1.1172276139259338, 1.124059021472931, 1.0888505727052689, 1.0444843620061874, 1.1304550170898438, 1.006306454539299, 0.9929901212453842, 0.9671113640069962, 1.0100646913051605, 1.0076761990785599, 0.9717160016298294, 0.9134184122085571, 0.8789255768060684, 0.8827059864997864, 0.865843340754509, 0.9078089594841003, 0.8054268509149551, 0.8288537710905075, 0.7970153391361237, 0.7739443331956863, 0.7659823298454285, 0.7538543194532394, 0.7859704047441483, 0.7594776600599289, 0.728726327419281, 0.7544369548559189, 0.7224993854761124, 0.6852543354034424, 0.7088409960269928, 0.6664770692586899, 0.6760221719741821, 0.6479850709438324, 0.6435452103614807, 0.5891223698854446, 0.6184015423059464, 0.5885768830776215, 0.576499342918396, 0.5750156491994858, 0.5643959939479828, 0.5862100571393967, 0.534560427069664, 0.563668742775917, 0.5214762687683105, 0.5378762483596802, 0.5003648027777672, 0.5187374278903008, 0.5356401279568672, 0.5200751721858978, 0.5102922096848488, 0.4880973771214485, 0.469224750995636, 0.4653874561190605, 0.46541544795036316, 0.46401363611221313, 0.46521683037281036, 0.45199911296367645, 0.46878814697265625, 0.44212281703948975, 0.43504781275987625, 0.4097537696361542, 0.40459857881069183, 0.3962513133883476, 0.41042570769786835, 0.3926073759794235, 0.4040919691324234, 0.3762906715273857, 0.3926176503300667, 0.3703424260020256, 0.37246158719062805, 0.3932065963745117, 0.35189641267061234, 0.3459649607539177, 0.3431340306997299, 0.36047910898923874, 0.31998688355088234, 0.37205659598112106, 0.3398251459002495, 0.33744918555021286, 0.3308633789420128, 0.3387792706489563, 0.31180206686258316, 0.3073425814509392, 0.302477203309536, 0.2974507734179497, 0.3047202080488205, 0.3162406384944916, 0.298874631524086, 0.283317469060421, 0.28151797503232956, 0.274377703666687, 0.3013196364045143, 0.2928857058286667]"
