K,layers,hidden_channels,out_channels,norm,lr,treatment,dropout,ratio,seed,aggregation,model_type,batch_size,rate_pairs,reliable_mini_batch,clusters,accuracy,f1,recall,precision,losses
27,2,256,128,,0.0007235657468372802,removal,0,0.14672921022345037,654,sum,GATConv,10,8,True,100,0.9492351081104179,0.8857692307692308,0.8596491228070176,0.9135263784212614,"[26.379970908164978, 24.33827030658722, 28.23904287815094, 28.069308400154114, 25.430518746376038, 27.12202262878418, 26.219749331474304, 26.22230350971222, 26.612796783447266, 27.765733242034912, 28.011996746063232, 24.9203964471817, 25.130154132843018, 24.706430554389954, 24.65908706188202, 25.375064611434937, 24.89647662639618, 25.162615180015564, 24.06091070175171, 25.587666511535645, 26.491057991981506, 26.031857132911682, 24.307031273841858, 23.714242219924927, 23.86866867542267, 27.064114570617676, 25.670413851737976, 25.377384901046753, 24.174718976020813, 24.21663546562195, 26.201046109199524, 22.6529643535614, 24.207334280014038, 24.10875952243805, 25.376928091049194, 22.569512009620667, 23.611989498138428, 23.414325714111328, 25.073317885398865, 22.786454558372498, 24.455148935317993, 25.48291552066803, 25.470560312271118, 22.632486820220947, 22.08109414577484, 25.015069842338562, 23.79877209663391, 27.240583777427673, 23.46636462211609, 25.32049012184143]"
27,2,256,128,,0.0007235657468372802,removal,0,0.14672921022345037,114,sum,GATConv,10,8,True,100,0.9421416972908299,0.8668109384221916,0.8223217618514371,0.9163893510815307,"[25.699270725250244, 23.875346899032593, 28.218903064727783, 27.934914708137512, 24.79710555076599, 26.040217995643616, 26.567439317703247, 25.79306435585022, 26.034400582313538, 27.22939896583557, 27.755537033081055, 24.35310161113739, 24.730183959007263, 24.26234722137451, 24.526399970054626, 24.619299292564392, 24.63269853591919, 24.513689875602722, 23.74517834186554, 24.738054990768433, 25.86143410205841, 25.411508321762085, 23.779942989349365, 23.51303279399872, 23.935898065567017, 27.092082738876343, 25.158660173416138, 25.048805594444275, 23.37996482849121, 23.960081815719604, 25.326982259750366, 22.13251280784607, 23.956841349601746, 23.851863980293274, 24.905136704444885, 22.211785078048706, 23.098238229751587, 23.01350772380829, 24.410411477088928, 22.06092345714569, 23.846036672592163, 25.158313989639282, 24.7628755569458, 22.068117380142212, 21.801668286323547, 24.50929617881775, 23.270698070526123, 26.483279824256897, 22.732510685920715, 25.123096585273743]"
