K,layers,hidden_channels,out_channels,norm,lr,treatment,dropout,ratio,seed,aggregation,model_type,batch_size,rate_pairs,clusters,sampling,num_epochs,anomaly_detector,accuracy,f1,recall,precision,losses,test_accuracy,test_f1,test_recall,test_precision
33,1,64,256,,0.005,removal,0,0.2802546926044095,654,mean,GATConv,1024,10,50,sage,100,nearest_neighbors,0.7283582089552239,0.842832469775475,0.7283582089552239,1.0,"[29.25243830680847, 29.090747833251953, 28.63365125656128, 28.23428440093994, 27.62731099128723, 26.80739712715149, 26.573850393295288, 26.107285141944885, 25.70083999633789, 24.799378514289856, 24.51998805999756, 24.13775658607483, 23.81773805618286, 23.432286739349365, 23.088890314102173, 22.695582151412964, 22.53012204170227, 22.315634965896606, 21.659435749053955, 21.544210076332092, 21.070427417755127, 20.714712738990784, 20.34691023826599, 20.18039047718048, 19.59345579147339, 19.179100394248962, 18.72489094734192, 18.217323064804077, 17.9062739610672, 17.38253164291382, 16.75049066543579, 16.253867745399475, 15.543491244316101, 15.11881172657013, 14.462438821792603, 13.848302483558655, 13.268897414207458, 12.690742015838623, 12.097108662128448, 11.539299190044403, 11.024701178073883, 10.410099446773529, 9.986966907978058, 9.415683805942535, 8.956495583057404, 8.62157529592514, 8.217411935329437, 7.806871056556702, 7.441031575202942, 7.135098397731781, 6.839023172855377, 6.556982219219208, 6.22465056180954, 6.002271831035614, 5.742543995380402, 5.520494192838669, 5.341048032045364, 5.134853005409241, 4.900678604841232, 4.756121337413788, 4.5895868837833405, 4.397471696138382, 4.2796690464019775, 4.12687823176384, 3.987182915210724, 3.9005488455295563, 3.7540248930454254, 3.6109685599803925, 3.5283729434013367, 3.4065269231796265, 3.321820914745331, 3.2245759069919586, 3.126327306032181, 3.037726044654846, 2.942790910601616, 2.8651892691850662, 2.8076553642749786, 2.7185886055231094, 2.6530684381723404, 2.6121500432491302, 2.534014791250229, 2.460298627614975, 2.3948510736227036, 2.3494936376810074, 2.2884918600320816, 2.237935721874237, 2.205534875392914, 2.1421879827976227, 2.0840829461812973, 2.0465866774320602, 2.001918137073517, 1.9678562581539154, 1.919793725013733, 1.8709885776042938, 1.843592181801796, 1.805726557970047, 1.758382424712181, 1.7329211980104446, 1.7062621116638184, 1.6691129058599472]",0.9218015554226134,0.8321408915795266,0.8465845464725644,0.8181818181818182
