alpha,K,layers,hidden_channels,out_channels,norm,dropout,margin,lpl_weight,ratio,seed,aggregation,pos_weight,accuracy,f1,recall,precision
0.8773957302509282,30,2,256,128,graphnorm,0.12735627932843616,0.925701730080321,0.8778002069997946,0.13020800726973453,1,sum,1,0.9366720793094607,0.8619854721549637,0.8637551325121314,0.8602230483271376
0.8773957302509282,30,2,256,128,graphnorm,0.12735627932843616,0.925701730080321,0.8778002069997946,0.13020800726973453,2,sum,1,0.9364156909665841,0.8614008941877794,0.8630085852930198,0.8597991818519896
0.8773957302509282,30,2,256,128,graphnorm,0.12735627932843616,0.925701730080321,0.8778002069997946,0.13020800726973453,3,sum,1,0.939663276643022,0.8684798807749627,0.8701007838745801,0.8668650055782819
0.8773957302509282,30,2,256,128,graphnorm,0.12735627932843616,0.925701730080321,0.8778002069997946,0.13020800726973453,4,sum,1,0.9398342022049397,0.8688524590163934,0.8704740574841359,0.8672368910375604
0.8773957302509282,30,2,256,128,graphnorm,0.12735627932843616,0.925701730080321,0.8778002069997946,0.13020800726973453,5,sum,1,0.9360738398427485,0.860707635009311,0.862635311683464,0.8587885544407283
