alpha,K,layers,hidden_channels,out_channels,norm,dropout,margin,lpl_weight,ratio,seed,aggregation,pos_weight,accuracy,f1,recall,precision
0.4411144196949293,33,2,64,256,graphnorm,0.40005872482894056,0.34109158971690823,0.23030161199822796,0.22558113383347578,1,mean,1,0.9391504999572686,0.8774104683195593,0.9511011571481897,0.814317673378076
0.4411144196949293,33,2,64,256,graphnorm,0.40005872482894056,0.34109158971690823,0.23030161199822796,0.22558113383347578,2,mean,1,0.9371848559952141,0.874251497005988,0.9537140724150802,0.8070120025268478
0.4411144196949293,33,2,64,256,graphnorm,0.40005872482894056,0.34109158971690823,0.23030161199822796,0.22558113383347578,3,mean,1,0.9370993932142552,0.8738429893726432,0.9514744307577454,0.8079239302694137
0.4411144196949293,33,2,64,256,graphnorm,0.40005872482894056,0.34109158971690823,0.23030161199822796,0.22558113383347578,4,mean,1,0.939663276643022,0.8785689714482284,0.9533407988055245,0.8146730462519937
0.4411144196949293,33,2,64,256,graphnorm,0.40005872482894056,0.34109158971690823,0.23030161199822796,0.22558113383347578,5,mean,1,0.9367575420904196,0.8735907072087462,0.9544606196341918,0.8053543307086615
