alpha,K,layers,hidden_channels,out_channels,norm,dropout,margin,lpl_weight,ratio,seed,aggregation,pos_weight,accuracy,f1,recall,precision
0.5566065144226955,29,2,256,128,graphnorm,0.14475592808940538,0.9997021391974561,0.75555351151599,0.20910497294392655,1,sum,1,0.8851380223912486,0.7827352085354026,0.9036954087346024,0.6903336184773311
0.5566065144226955,29,2,256,128,graphnorm,0.14475592808940538,0.9997021391974561,0.75555351151599,0.20910497294392655,2,sum,1,0.8847961712674131,0.7820885871322341,0.9029488615154908,0.6897633304818933
0.5566065144226955,29,2,256,128,graphnorm,0.14475592808940538,0.9997021391974561,0.75555351151599,0.20910497294392655,3,sum,1,0.8868472780104265,0.7859683155512448,0.9074281448301605,0.6931850584545195
0.5566065144226955,29,2,256,128,graphnorm,0.14475592808940538,0.9997021391974561,0.75555351151599,0.20910497294392655,4,sum,1,0.8904367148107,0.7927578402845135,0.9152668906308324,0.6991730824066154
0.5566065144226955,29,2,256,128,graphnorm,0.14475592808940538,0.9997021391974561,0.75555351151599,0.20910497294392655,5,sum,1,0.8851380223912486,0.7827352085354026,0.9036954087346024,0.6903336184773311
