alpha,K,layers,hidden_channels,out_channels,norm,dropout,margin,lpl_weight,ratio,seed,aggregation,pos_weight,accuracy,f1,recall,precision
0.5,35,2,128,256,,0.42501172447993496,0.5,0.5980611469028803,0.14315353098577485,1,mean,1,0.9541919494060337,0.896962706651288,0.8708473310936917,0.9246928260007927
0.5,35,2,128,256,,0.42501172447993496,0.5,0.5980611469028803,0.14315353098577485,2,mean,1,0.9544483377489104,0.8982241741455032,0.8779395296752519,0.9194683346364347
0.5,35,2,128,256,,0.42501172447993496,0.5,0.5980611469028803,0.14315353098577485,3,mean,1,0.9534227843774037,0.8954135482632892,0.8708473310936917,0.9214060031595577
0.5,35,2,128,256,,0.42501172447993496,0.5,0.5980611469028803,0.14315353098577485,4,mean,1,0.9570122211776771,0.9030267977636399,0.8742067935796939,0.9338118022328549
0.5,35,2,128,256,,0.42501172447993496,0.5,0.5980611469028803,0.14315353098577485,5,mean,1,0.9534227843774037,0.8949701291192909,0.8667413213885778,0.9250996015936255
