alpha,K,layers,hidden_channels,out_channels,norm,dropout,margin,lpl_weight,ratio,seed,aggregation,pos_weight,accuracy,f1,recall,precision
0.5,25,1,256,256,,0,0.5,0.4360539922532408,0.2029678464794169,1,mean,1,0.9537646355012392,0.9024698034973859,0.9343038447181784,0.8727336122733612
0.5,25,1,256,256,,0,0.5,0.4360539922532408,0.2029678464794169,2,mean,1,0.949918810358089,0.8944144144144144,0.9264650989175065,0.8645071403692093
0.5,25,1,256,256,,0,0.5,0.4360539922532408,0.2029678464794169,3,mean,1,0.9525681565678147,0.899837574445046,0.9305711086226204,0.8710691823899371
0.5,25,1,256,256,,0,0.5,0.4360539922532408,0.2029678464794169,4,mean,1,0.9520553798820613,0.8986083499005965,0.9279581933557297,0.8710581639803784
0.5,25,1,256,256,,0,0.5,0.4360539922532408,0.2029678464794169,5,mean,1,0.9512007520724725,0.8972097209720972,0.9301978350130645,0.866481223922114
