alpha,K,layers,hidden_channels,out_channels,norm,dropout,margin,lpl_weight,ratio,seed,aggregation,pos_weight,accuracy,f1,recall,precision
0.2620521248364047,35,2,256,256,layernorm,0.31933657989112396,0.24870283213938332,0.6236537927562051,0.16399896351937737,1,mean,1,0.9397487394239809,0.8767267004721105,0.9357969391564016,0.8246710526315789
0.2620521248364047,35,2,256,256,layernorm,0.31933657989112396,0.24870283213938332,0.6236537927562051,0.16399896351937737,2,mean,1,0.9411161439193232,0.8795243923762895,0.938783128032848,0.8273026315789473
0.2620521248364047,35,2,256,256,layernorm,0.31933657989112396,0.24870283213938332,0.6236537927562051,0.16399896351937737,3,mean,1,0.9399196649858986,0.8770764119601329,0.9361702127659575,0.825
0.2620521248364047,35,2,256,256,layernorm,0.31933657989112396,0.24870283213938332,0.6236537927562051,0.16399896351937737,4,mean,1,0.9400905905478164,0.8774261234481553,0.9365434863755132,0.8253289473684211
0.2620521248364047,35,2,256,256,layernorm,0.31933657989112396,0.24870283213938332,0.6236537927562051,0.16399896351937737,5,mean,1,0.9431672506623365,0.8837209302325582,0.9432624113475178,0.83125
