K,layers,hidden_channels,out_channels,norm,lr,treatment,dropout,ratio,seed,aggregation,model_type,batch_size,rate_pairs,clusters,sampling,num_epochs,anomaly_detector,accuracy,f1,recall,precision,losses,test_accuracy,test_f1,test_recall,test_precision
24,1,64,256,,0.005,removal,0,0.24064426510503714,654,mean,GCNConv,2048,10,50,sage,100,nearest_neighbors,0.7611940298507462,0.864406779661017,0.7611940298507462,1.0,"[14.898340940475464, 14.525075197219849, 14.460444927215576, 14.34293818473816, 14.162117958068848, 13.956504344940186, 13.773178339004517, 13.561913013458252, 13.635330438613892, 13.55548882484436, 13.27821946144104, 13.230229139328003, 12.993170738220215, 12.956764459609985, 12.929996013641357, 12.637350082397461, 12.663490295410156, 12.529120683670044, 12.337701916694641, 12.293957948684692, 12.190011858940125, 11.999998450279236, 11.952856421470642, 11.77412474155426, 11.765531778335571, 11.70995008945465, 11.509166717529297, 11.459293484687805, 11.335823655128479, 11.19671082496643, 11.118604898452759, 11.06136405467987, 10.854094982147217, 10.91691255569458, 10.78768801689148, 10.674208879470825, 10.574968457221985, 10.458454728126526, 10.347434043884277, 10.234565615653992, 10.130123734474182, 9.982574582099915, 9.840858221054077, 9.867547154426575, 9.795098185539246, 9.61913812160492, 9.568198442459106, 9.398950099945068, 9.27017605304718, 9.121703624725342, 9.149571537971497, 8.983544707298279, 8.883997797966003, 8.606985449790955, 8.584208369255066, 8.498171091079712, 8.427821278572083, 8.18954586982727, 8.106052041053772, 7.963446021080017, 7.906479716300964, 7.740046977996826, 7.64669942855835, 7.539854288101196, 7.36129903793335, 7.2454293966293335, 7.111346125602722, 7.015413284301758, 6.845393896102905, 6.686878561973572, 6.587232232093811, 6.446705937385559, 6.324249505996704, 6.2242512702941895, 6.086906254291534, 5.990898668766022, 5.877633988857269, 5.751026630401611, 5.626399397850037, 5.478176474571228, 5.380476415157318, 5.264340817928314, 5.203911185264587, 5.08981317281723, 4.941484749317169, 4.838784098625183, 4.7575953006744385, 4.631013453006744, 4.5398038029670715, 4.479905128479004, 4.379867732524872, 4.292671382427216, 4.167036950588226, 4.132353067398071, 4.057822287082672, 3.9659223556518555, 3.8503373861312866, 3.7880473136901855, 3.7556766271591187, 3.671766757965088]",0.9275275617468592,0.8469866474197041,0.876073161627473,0.8197694725812085
