alpha,K,layers,hidden_channels,out_channels,norm,dropout,margin,lpl_weight,ratio,seed,aggregation,pos_weight,accuracy,f1,recall,precision
0.5,42,2,256,256,,0,0.5,0.41353190413904234,0.17798768380473468,1,sum,1,0.922998034356038,0.8410654436408538,0.8898842851810377,0.797324414715719
0.5,42,2,256,256,,0,0.5,0.41353190413904234,0.17798768380473468,2,sum,1,0.9290658918041194,0.8519971469329529,0.8917506532288167,0.8156367360874018
0.5,42,2,256,256,,0,0.5,0.41353190413904234,0.17798768380473468,3,sum,1,0.9256473805657636,0.8461266360099045,0.8928704740574841,0.8040336134453782
0.5,42,2,256,256,,0,0.5,0.41353190413904234,0.17798768380473468,4,sum,1,0.930860610204256,0.8559729392914367,0.8973497573721538,0.8182437031994554
0.5,42,2,256,256,,0,0.5,0.41353190413904234,0.17798768380473468,5,sum,1,0.9268438594991881,0.8477951635846372,0.8898842851810377,0.8095076400679118
