alpha,K,layers,hidden_channels,out_channels,norm,dropout,margin,lpl_weight,ratio,seed,aggregation,pos_weight,accuracy,f1,recall,precision
0.5,41,2,256,256,,0,0.5,0.998123617073835,0.15552251651976218,1,mean,1,0.9582941628920605,0.9092599479360357,0.9126539753639418,0.9058910707669507
0.5,41,2,256,256,,0,0.5,0.998123617073835,0.15552251651976218,2,mean,1,0.9571831467395949,0.9067212809532675,0.9089212392683838,0.9045319465081724
0.5,41,2,256,256,,0,0.5,0.998123617073835,0.15552251651976218,3,mean,1,0.9562430561490471,0.9049034175334324,0.9092945128779395,0.900554528650647
0.5,41,2,256,256,,0,0.5,0.998123617073835,0.15552251651976218,4,mean,1,0.9576959234253483,0.9076664801343033,0.9081746920492721,0.9071588366890381
0.5,41,2,256,256,,0,0.5,0.998123617073835,0.15552251651976218,5,mean,1,0.9587214767968549,0.9103729820003711,0.9156401642403882,0.9051660516605166
