K,layers,hidden_channels,out_channels,norm,lr,treatment,dropout,ratio,seed,aggregation,model_type,batch_size,rate_pairs,clusters,sampling,sampling_k,num_epochs,anomaly_detector,accuracy,f1,recall,precision,losses
1,2,64,128,,0.009925204216969952,removal,0,0.21977214108189197,654,mean,GCNConv,1024,8,400,cluster,50,100,nearest_neighbors,0.9370993932142552,0.8619654913728432,0.8577827547592385,0.866189219751225,"[6.300736784934998, 5.327302411198616, 4.577156186103821, 3.992769315838814, 3.500461205840111, 3.0006446093320847, 2.6590935811400414, 2.3447937443852425, 2.1058049350976944, 1.9007983282208443, 1.7282099053263664, 1.5412233918905258, 1.4078046903014183, 1.2972816228866577, 1.17709643766284, 1.0980068035423756, 1.00403006747365, 0.9365707263350487, 0.8686136938631535, 0.8012860752642155, 0.7648371905088425, 0.714716462418437, 0.6698647309094667, 0.6486995853483677, 0.6027463730424643, 0.5653507318347692, 0.5280440654605627, 0.5023675132542849, 0.47764407843351364, 0.4606879521161318, 0.43231354281306267, 0.41900819167494774, 0.39994211308658123, 0.37824995163828135, 0.36384979262948036, 0.34946303721517324, 0.33705302607268095, 0.31714680790901184, 0.3060671417042613, 0.29678484704345465, 0.28649366833269596, 0.2757953489199281, 0.26488934084773064, 0.2583443922922015, 0.24605197086930275, 0.2413016315549612, 0.22858390863984823, 0.21909131295979023, 0.21560929901897907, 0.209809185937047, 0.20153304422274232, 0.1952495565637946, 0.18809304246678948, 0.1861430574208498, 0.17881397949531674, 0.17156957229599357, 0.1679737577214837, 0.16302659548819065, 0.15827494161203504, 0.15348007576540112, 0.14929403085261583, 0.14474598644301295, 0.1394268241710961, 0.13730248156934977, 0.13488159701228142, 0.13095887331292033, 0.12926357192918658, 0.12496775900945067, 0.12284349789842963, 0.12013269495218992, 0.11437395121902227, 0.11199018592014909, 0.11079033045098186, 0.10745872464030981, 0.10622050380334258, 0.10363696003332734, 0.10112634254619479, 0.09781830315478146, 0.09784537507221103, 0.0942875649780035, 0.09140356932766736, 0.08905060449615121, 0.08941289898939431, 0.08531462377868593, 0.08443246781826019, 0.08293458353728056, 0.08024177071638405, 0.0788357313722372, 0.07737442688085139, 0.07637591566890478, 0.0741977992001921, 0.0743322258349508, 0.07130160555243492, 0.07007010374218225, 0.06860520038753748, 0.06846304051578045, 0.06657137488946319, 0.06495938147418201, 0.06417564069852233, 0.0626500891521573]"
