alpha,K,layers,hidden_channels,out_channels,norm,dropout,margin,lpl_weight,ratio,seed,aggregation,pos_weight,accuracy,f1,recall,precision
0.5,25,2,128,256,,0.14619972771836326,0.5,0.5467929454166068,0.23577436127356305,1,sum,1,0.9082129732501496,0.8164102564102564,0.8913773796192609,0.7530747398297067
0.5,25,2,128,256,,0.14619972771836326,0.5,0.5467929454166068,0.23577436127356305,2,sum,1,0.9121442611742586,0.8237311385459534,0.8966032101530422,0.761814145258484
0.5,25,2,128,256,,0.14619972771836326,0.5,0.5467929454166068,0.23577436127356305,3,sum,1,0.9049653875737117,0.8125421443020904,0.8995893990294886,0.740854595757762
0.5,25,2,128,256,,0.14619972771836326,0.5,0.5467929454166068,0.23577436127356305,4,sum,1,0.912657037860012,0.8253588516746412,0.9014557670772676,0.7611093602269146
0.5,25,2,128,256,,0.14619972771836326,0.5,0.5467929454166068,0.23577436127356305,5,sum,1,0.9139389795743954,0.8261695149318142,0.89324374766704,0.7684649967886962
