alpha,K,layers,hidden_channels,out_channels,norm,dropout,margin,lpl_weight,ratio,seed,aggregation,pos_weight,accuracy,f1,recall,precision
0.6713338047602755,34,3,64,256,,0.3608835663518776,0.20174439176799544,0.759487687942064,0.26463021046964674,1,sum,1,0.825997777967695,0.6988165680473373,0.88167226577081,0.5787797108551825
0.6713338047602755,34,3,64,256,,0.3608835663518776,0.20174439176799544,0.759487687942064,0.26463021046964674,2,sum,1,0.8269378685582429,0.7003994673768309,0.883538633818589,0.5801470588235295
0.6713338047602755,34,3,64,256,,0.3608835663518776,0.20174439176799544,0.759487687942064,0.26463021046964674,3,sum,1,0.8251431501581061,0.6971580817051509,0.8790593505039194,0.5776306107431936
0.6713338047602755,34,3,64,256,,0.3608835663518776,0.20174439176799544,0.759487687942064,0.26463021046964674,4,sum,1,0.8225792667293393,0.6928994082840236,0.8742067935796939,0.5738789512374418
0.6713338047602755,34,3,64,256,,0.3608835663518776,0.20174439176799544,0.759487687942064,0.26463021046964674,5,sum,1,0.8201008460815314,0.6886555243307203,0.8689809630459127,0.5703086722195002
