K,layers,hidden_channels,out_channels,norm,lr,treatment,dropout,ratio,seed,aggregation,model_type,batch_size,rate_pairs,clusters,sampling,num_epochs,anomaly_detector,accuracy,f1,recall,precision,losses,test_accuracy,test_f1,test_recall,test_precision
19,2,128,256,,0.005,removal,0,0.21107063376322469,654,mean,GCNConv,1024,10,50,sage,100,nearest_neighbors,nan,0.0,0.0,0.0,"[21.448176980018616, 20.60133171081543, 20.20970618724823, 19.745031237602234, 19.682860612869263, 19.18792176246643, 19.129679322242737, 18.793009996414185, 18.555768132209778, 18.373103380203247, 17.92230236530304, 17.483692407608032, 17.475210666656494, 17.04768705368042, 16.511948227882385, 16.603431701660156, 16.026042342185974, 15.688257336616516, 15.246716022491455, 14.944334983825684, 14.487208247184753, 14.038143038749695, 13.63121211528778, 13.229920029640198, 12.845966696739197, 12.279458463191986, 11.878556907176971, 11.408097922801971, 10.985767602920532, 10.428882777690887, 9.966822504997253, 9.50899887084961, 9.089798510074615, 8.70727014541626, 8.292188346385956, 7.928651809692383, 7.524336397647858, 7.239879727363586, 6.8976370096206665, 6.563393175601959, 6.312676429748535, 6.011768400669098, 5.747956871986389, 5.495389968156815, 5.306115984916687, 5.072841554880142, 4.837754338979721, 4.6957932114601135, 4.4894759356975555, 4.365374565124512, 4.156064122915268, 4.011018723249435, 3.864890456199646, 3.7027733623981476, 3.616146743297577, 3.489000767469406, 3.3636171221733093, 3.265433579683304, 3.157287150621414, 3.050479978322983, 2.9718962013721466, 2.8824630975723267, 2.771172732114792, 2.710133656859398, 2.6355817317962646, 2.5522104799747467, 2.4783349484205246, 2.4100361317396164, 2.356144055724144, 2.279193013906479, 2.218119040131569, 2.170089989900589, 2.11553892493248, 2.0513667166233063, 2.005568504333496, 1.9588935375213623, 1.9216754287481308, 1.8765366524457932, 1.8215546756982803, 1.7867691218852997, 1.7498249113559723, 1.7066828608512878, 1.6727420687675476, 1.6213600486516953, 1.5872235000133514, 1.558492474257946, 1.530423417687416, 1.4796788692474365, 1.4610067903995514, 1.4374525174498558, 1.3999916315078735, 1.3679176270961761, 1.3406248688697815, 1.3203318268060684, 1.2944655939936638, 1.26875402033329, 1.2472845911979675, 1.2223082929849625, 1.206655390560627, 1.1861060038208961]",0.9463372261364733,0.7970802919708029,0.8155339805825242,0.7794432548179872
