alpha,K,layers,hidden_channels,out_channels,norm,dropout,margin,lpl_weight,ratio,seed,aggregation,pos_weight,accuracy,f1,recall,precision
0.5,32,2,128,256,,0,0.5,0.8520426644555387,0.28850590143741994,1,mean,1,0.921374241517819,0.8456893659845689,0.941022769690183,0.767895217788608
0.5,32,2,128,256,,0,0.5,0.8520426644555387,0.28850590143741994,2,mean,1,0.9298350568327494,0.8596821056229704,0.938783128032848,0.792875157629256
0.5,32,2,128,256,,0,0.5,0.8520426644555387,0.28850590143741994,3,mean,1,0.9317152380138449,0.8633487258423123,0.9421425905188503,0.7967171717171717
0.5,32,2,128,256,,0,0.5,0.8520426644555387,0.28850590143741994,4,mean,1,0.9318007007948038,0.86302780638517,0.9384098544232923,0.7988560533841754
0.5,32,2,128,256,,0,0.5,0.8520426644555387,0.28850590143741994,5,mean,1,0.9306042218613794,0.8609589041095891,0.9384098544232923,0.7953179373615944
