alpha,K,layers,hidden_channels,out_channels,norm,dropout,margin,lpl_weight,ratio,seed,aggregation,pos_weight,accuracy,f1,recall,precision
0.5,35,2,128,256,,0.43262728728375455,0.5,0.5912668627233288,0.13688087890597203,1,mean,1,0.9544483377489104,0.8968453648151732,0.8648749533407988,0.9312700964630225
0.5,35,2,128,256,,0.43262728728375455,0.5,0.5912668627233288,0.13688087890597203,2,mean,1,0.9564139817109649,0.9018475750577367,0.8745800671892497,0.930870083432658
0.5,35,2,128,256,,0.43262728728375455,0.5,0.5912668627233288,0.13688087890597203,3,mean,1,0.9527390821297325,0.8933461909353906,0.864501679731243,0.9241819632881085
0.5,35,2,128,256,,0.43262728728375455,0.5,0.5912668627233288,0.13688087890597203,4,mean,1,0.9540210238441159,0.8966179861644888,0.8708473310936917,0.923960396039604
0.5,35,2,128,256,,0.43262728728375455,0.5,0.5912668627233288,0.13688087890597203,5,mean,1,0.9555593539013759,0.8994197292069632,0.8678611422172452,0.9333600963468487
