alpha,K,layers,hidden_channels,out_channels,norm,dropout,margin,lpl_weight,ratio,seed,aggregation,pos_weight,accuracy,f1,recall,precision
0.5,27,2,128,256,,0.2852359105267732,0.5,0.2708815382805053,0.0606838939779005,1,mean,1,0.9292368173660371,0.8197649107531563,0.7028742067935797,0.983289817232376
0.5,27,2,128,256,,0.2852359105267732,0.5,0.2708815382805053,0.0606838939779005,2,mean,1,0.9260746944705581,0.8110115796373171,0.692795819335573,0.9778714436248683
0.5,27,2,128,256,,0.2852359105267732,0.5,0.2708815382805053,0.0606838939779005,3,mean,1,0.9290658918041194,0.819721980886186,0.7043673012318029,0.9802597402597403
0.5,27,2,128,256,,0.2852359105267732,0.5,0.2708815382805053,0.0606838939779005,4,mean,1,0.9317152380138449,0.8264929424538545,0.7103396789846957,0.9880581516095535
0.5,27,2,128,256,,0.2852359105267732,0.5,0.2708815382805053,0.0606838939779005,5,mean,1,0.9285531151183659,0.8177855274629469,0.700261291526689,0.9827134625458355
