alpha,K,layers,hidden_channels,out_channels,norm,dropout,margin,lpl_weight,ratio,seed,aggregation,pos_weight,accuracy,f1,recall,precision
0.5,27,1,128,256,,0,0.5,0.21260951003084905,0.21074948808020771,1,mean,1,0.9431672506623365,0.8808030112923463,0.9171332586786114,0.8472413793103448
0.5,27,1,128,256,,0,0.5,0.21260951003084905,0.21074948808020771,2,mean,1,0.9379540210238441,0.87109375,0.9156401642403882,0.8306806637317982
0.5,27,1,128,256,,0,0.5,0.21260951003084905,0.21074948808020771,3,mean,1,0.9463293735578155,0.8872531418312388,0.9223590892123927,0.8547215496368039
0.5,27,1,128,256,,0,0.5,0.21260951003084905,0.21074948808020771,4,mean,1,0.9492351081104179,0.8934337997847147,0.9294512877939529,0.8601036269430051
0.5,27,1,128,256,,0,0.5,0.21260951003084905,0.21074948808020771,5,mean,1,0.9474403897102812,0.8896465099587296,0.9253452780888392,0.8565998617829993
