K,layers,hidden_channels,out_channels,norm,lr,treatment,dropout,ratio,seed,aggregation,model_type,batch_size,rate_pairs,clusters,sampling,num_epochs,anomaly_detector,accuracy,f1,recall,precision,losses,test_accuracy,test_f1,test_recall,test_precision
1,1,256,256,,0.003942411366742027,removal,0,0.28507101503546783,654,mean,GATConv,512,10,100,sage,100,nearest_neighbors,0.42388059701492536,0.5953878406708596,0.42388059701492536,1.0,"[8.87361878156662, 7.946327298879623, 7.357666969299316, 6.837133228778839, 6.3591307401657104, 5.981069728732109, 5.6044358760118484, 5.191195413470268, 4.838509693741798, 4.557525187730789, 4.253505080938339, 3.980099067091942, 3.7120075672864914, 3.479058802127838, 3.2430144995450974, 3.066697895526886, 2.885297119617462, 2.747858189046383, 2.606701098382473, 2.4909505918622017, 2.3745745718479156, 2.2512264773249626, 2.1333429142832756, 2.040087901055813, 1.9669145718216896, 1.8604749664664268, 1.7962619066238403, 1.7308907508850098, 1.6435726955533028, 1.586359091103077, 1.5191070511937141, 1.4659721031785011, 1.3969171978533268, 1.3548247963190079, 1.2950204350054264, 1.250687088817358, 1.2139366380870342, 1.16439775750041, 1.1241023764014244, 1.0863256826996803, 1.0569024458527565, 1.024016611278057, 0.9910631738603115, 0.9547870382666588, 0.9263249896466732, 0.889135267585516, 0.8716715984046459, 0.8404215835034847, 0.8153770565986633, 0.788763128221035, 0.7687128782272339, 0.7467991765588522, 0.7241929285228252, 0.7046618796885014, 0.6871366146951914, 0.6691642496734858, 0.649314796552062, 0.634257685393095, 0.6168790981173515, 0.599122928455472, 0.580780616030097, 0.5692447479814291, 0.5561024248600006, 0.5406433660537004, 0.5297018196433783, 0.5146612040698528, 0.503537779673934, 0.49035161919891834, 0.4807010795921087, 0.46646786853671074, 0.4556092545390129, 0.44519916363060474, 0.43543591164052486, 0.4270725417882204, 0.4196723401546478, 0.4054867308586836, 0.3967176992446184, 0.39045525528490543, 0.38173833675682545, 0.37273963540792465, 0.36475621815770864, 0.35725610982626677, 0.3492483263835311, 0.34280190523713827, 0.3360677668824792, 0.3285921970382333, 0.32179282139986753, 0.315178832039237, 0.30841854959726334, 0.3015768053010106, 0.2986452588811517, 0.29133568797260523, 0.2870978079736233, 0.2792627355083823, 0.274127165786922, 0.2691269479691982, 0.2631136318668723, 0.2590253250673413, 0.2537382189184427, 0.2491875309497118]",0.8616357576275532,0.6853255587949465,0.6580813736468831,0.7149229521492295
