alpha,K,layers,hidden_channels,out_channels,norm,dropout,margin,lpl_weight,ratio,seed,aggregation,pos_weight,accuracy,f1,recall,precision
0.5,30,1,256,256,,0,0.5,0.27329980062708015,0.3200056504976291,1,mean,1,0.9330826425091873,0.8665871528369399,0.9492347891004106,0.79717868338558
0.5,30,1,256,256,,0,0.5,0.27329980062708015,0.3200056504976291,2,mean,1,0.9327407913853517,0.8664970313825275,0.9533407988055245,0.7941542288557214
0.5,30,1,256,256,,0,0.5,0.27329980062708015,0.3200056504976291,3,mean,1,0.922912571575079,0.8499168053244592,0.9533407988055245,0.7667367157009907
0.5,30,1,256,256,,0,0.5,0.27329980062708015,0.3200056504976291,4,mean,1,0.9330826425091873,0.867669427074531,0.95819335572975,0.7927733168622606
0.5,30,1,256,256,,0,0.5,0.27329980062708015,0.3200056504976291,5,mean,1,0.9351337492522007,0.8704557091653866,0.9518477043673013,0.8018867924528302
