alpha,K,layers,hidden_channels,out_channels,norm,dropout,margin,lpl_weight,ratio,seed,aggregation,pos_weight,accuracy,f1,recall,precision
0.5,39,2,128,256,,0,0.5,0.26388982567199026,0.1339573406452683,1,mean,1,0.9552175027775404,0.8993469074145217,0.8738335199701381,0.926394934705184
0.5,39,2,128,256,,0,0.5,0.26388982567199026,0.1339573406452683,2,mean,1,0.9541064866250748,0.8974995228096965,0.8775662560656962,0.918359375
0.5,39,2,128,256,,0,0.5,0.26388982567199026,0.1339573406452683,3,mean,1,0.952311768224938,0.8928982725527831,0.868234415826801,0.9190043461082577
0.5,39,2,128,256,,0,0.5,0.26388982567199026,0.1339573406452683,4,mean,1,0.9581232373301427,0.9057329742208542,0.8786860768943636,0.9344978165938864
0.5,39,2,128,256,,0,0.5,0.26388982567199026,0.1339573406452683,5,mean,1,0.9587214767968549,0.9061589275306003,0.8704740574841359,0.9448946515397083
