alpha,K,layers,hidden_channels,out_channels,norm,dropout,margin,lpl_weight,ratio,seed,aggregation,pos_weight,accuracy,f1,recall,precision
0.7738911567919408,32,2,256,64,graphnorm,0.2650420015732019,0.4545082436376272,0.7704729244985603,0.14340267860279593,1,mean,1,0.9492351081104179,0.8893030190085724,0.8906308324001493,0.8879791589132862
0.7738911567919408,32,2,256,64,graphnorm,0.2650420015732019,0.4545082436376272,0.7704729244985603,0.14340267860279593,2,mean,1,0.9500042731390479,0.8907970879223446,0.8906308324001493,0.8909634055265123
0.7738911567919408,32,2,256,64,graphnorm,0.2650420015732019,0.4545082436376272,0.7704729244985603,0.14340267860279593,3,mean,1,0.9488077942056234,0.888141923436041,0.8876446435237029,0.8886397608370703
0.7738911567919408,32,2,256,64,graphnorm,0.2650420015732019,0.4545082436376272,0.7704729244985603,0.14340267860279593,4,mean,1,0.9512862148534313,0.8933782267115601,0.8913773796192609,0.8953880764904387
0.7738911567919408,32,2,256,64,graphnorm,0.2650420015732019,0.4545082436376272,0.7704729244985603,0.14340267860279593,5,mean,1,0.9518844543201436,0.8947860213044291,0.8936170212765957,0.8959580838323353
