alpha,K,layers,hidden_channels,out_channels,norm,dropout,margin,lpl_weight,ratio,seed,aggregation,pos_weight,accuracy,f1,recall,precision
0.5,35,1,256,128,,0,0.5,0.3137627193060055,0.05575240540389183,1,mean,1,0.9249636783180925,0.8066930867459269,0.6838372527062336,0.9833601717659689
0.5,35,1,256,128,,0,0.5,0.3137627193060055,0.05575240540389183,2,mean,1,0.9272711734039826,0.8130902701515484,0.6909294512877939,0.987726787620064
0.5,35,1,256,128,,0,0.5,0.3137627193060055,0.05575240540389183,3,mean,1,0.9258183061276813,0.8093145869947276,0.6875699888017918,0.9834490122797651
0.5,35,1,256,128,,0,0.5,0.3137627193060055,0.05575240540389183,4,mean,1,0.9248782155371336,0.80668572685287,0.6845837999253452,0.9817987152034261
0.5,35,1,256,128,,0,0.5,0.3137627193060055,0.05575240540389183,5,mean,1,0.9253909922228869,0.8080896900417674,0.6860768943635684,0.9828877005347594
