K,layers,hidden_channels,out_channels,norm,lr,treatment,dropout,ratio,seed,aggregation,model_type,batch_size,rate_pairs,clusters,sampling,num_epochs,anomaly_detector,accuracy,f1,recall,precision,losses,test_accuracy,test_f1,test_recall,test_precision
8,3,128,256,,0.005,removal,0,0.3473432713482547,654,mean,GATConv,2048,10,50,sage,50,nearest_neighbors,nan,0.0,0.0,0.0,"[9.087744235992432, 8.826725006103516, 8.841415643692017, 8.699607849121094, 8.64520800113678, 8.591396927833557, 8.408453464508057, 8.359894633293152, 8.338991165161133, 8.138553142547607, 8.147235035896301, 7.977867245674133, 7.864381670951843, 7.695474624633789, 7.615440011024475, 7.561253666877747, 7.475669026374817, 7.372153043746948, 7.257751226425171, 7.19528341293335, 6.96793007850647, 6.895561337471008, 6.852971315383911, 6.708299040794373, 6.566850423812866, 6.462420344352722, 6.349120020866394, 6.2406498193740845, 6.127827346324921, 6.015798449516296, 5.893244802951813, 5.828119695186615, 5.696702599525452, 5.547758996486664, 5.435232877731323, 5.342872798442841, 5.2124239802360535, 5.1356160044670105, 5.022305190563202, 4.953463017940521, 4.847376525402069, 4.771011412143707, 4.5956951379776, 4.536474823951721, 4.456145524978638, 4.320018649101257, 4.268307685852051, 4.18739926815033, 4.087635397911072, 3.982299029827118]",0.867773380947785,0.5784615384615385,0.70201643017177,0.49188906331763477
