alpha,K,layers,hidden_channels,out_channels,norm,dropout,margin,lpl_weight,ratio,seed,aggregation,pos_weight,accuracy,f1,recall,precision
0.5,38,1,128,128,,0,0.5,0.41767700193745755,0.4121293311669049,1,sum,1,0.7183146739594907,0.6023166023166023,0.9316909294512878,0.4449991085755037
0.5,38,1,128,128,,0,0.5,0.41767700193745755,0.4121293311669049,2,sum,1,0.7215622596359286,0.6069015444015444,0.938783128032848,0.44838652166161524
0.5,38,1,128,128,,0,0.5,0.41767700193745755,0.4121293311669049,3,sum,1,0.7194256901119562,0.6039329231511642,0.9343038447181784,0.4461675579322638
0.5,38,1,128,128,,0,0.5,0.41767700193745755,0.4121293311669049,4,sum,1,0.7202803179215451,0.6050440448895861,0.9357969391564016,0.44703994293865906
0.5,38,1,128,128,,0,0.5,0.41767700193745755,0.4121293311669049,5,sum,1,0.7179728228356551,0.6018339768339769,0.9309443822321762,0.4446425387769656
