K,layers,hidden_channels,out_channels,norm,lr,treatment,dropout,ratio,seed,aggregation,model_type,batch_size,rate_pairs,clusters,sampling,num_epochs,anomaly_detector,accuracy,f1,recall,precision,losses,test_accuracy,test_f1,test_recall,test_precision
16,1,256,256,,0.005,removal,0,0.22015986235852847,654,mean,GCNConv,1024,10,50,sage,50,nearest_neighbors,nan,0.0,0.0,0.0,"[29.513656854629517, 28.987048625946045, 28.761107206344604, 28.4953510761261, 27.967326402664185, 27.715120792388916, 27.342223405838013, 26.861743688583374, 26.269688367843628, 26.010059595108032, 25.358782649040222, 25.072922825813293, 24.543614745140076, 23.891228199005127, 23.252053380012512, 22.791417598724365, 21.91916334629059, 21.68237853050232, 20.930663585662842, 20.20875871181488, 19.462960124015808, 18.87140381336212, 18.019882321357727, 17.48629331588745, 16.68429934978485, 15.933098077774048, 15.224270462989807, 14.447310090065002, 13.906202912330627, 13.267897605895996, 12.585518717765808, 11.965072095394135, 11.498767852783203, 10.966523170471191, 10.43382614850998, 9.88541030883789, 9.519035041332245, 8.99869579076767, 8.66335117816925, 8.271511912345886, 7.928669631481171, 7.631471157073975, 7.271414518356323, 7.031981348991394, 6.732496380805969, 6.432051360607147, 6.228570371866226, 6.0476367473602295, 5.752998262643814, 5.577425926923752]",0.9249107229031946,0.7457516339869281,0.8521284540702017,0.6629866356769321
