alpha,K,layers,hidden_channels,out_channels,norm,dropout,margin,lpl_weight,ratio,seed,aggregation,pos_weight,accuracy,f1,recall,precision
0.5,26,1,256,256,,0,0.5,0.45198934372298044,0.16884648891292647,1,mean,1,0.9551320399965815,0.9031901161718606,0.914147069802165,0.8924927113702624
0.5,26,1,256,256,,0,0.5,0.45198934372298044,0.16884648891292647,2,mean,1,0.9546192633108281,0.9015390320786204,0.9074281448301605,0.895725865880619
0.5,26,1,256,256,,0,0.5,0.45198934372298044,0.16884648891292647,3,mean,1,0.9570122211776771,0.9071784462077874,0.9175065322881673,0.897080291970803
0.5,26,1,256,256,,0,0.5,0.45198934372298044,0.16884648891292647,4,mean,1,0.9544483377489104,0.9012780144471199,0.9081746920492721,0.8944852941176471
0.5,26,1,256,256,,0,0.5,0.45198934372298044,0.16884648891292647,5,mean,1,0.9576959234253483,0.9088565641686613,0.9212392683837253,0.8968023255813954
