K,layers,hidden_channels,out_channels,norm,lr,treatment,dropout,ratio,seed,aggregation,model_type,batch_size,rate_pairs,clusters,sampling,sampling_k,num_epochs,anomaly_detector,accuracy,f1,recall,precision,losses
34,1,128,256,,0.01,removal,0,0.18,654,mean,GATConv,1024,1,100,neighbor,25,100,nearest_neighbors,0.876848132638236,0.7118576284743051,0.6644270250093318,0.7665805340223945,"[26.309463143348694, 25.930407762527466, 24.693211317062378, 23.518296360969543, 22.501907229423523, 21.559099197387695, 20.89393436908722, 20.27871310710907, 19.676769733428955, 18.665237426757812, 18.16414201259613, 17.54173171520233, 16.952086091041565, 16.36763906478882, 15.606552839279175, 14.831946611404419, 14.065696239471436, 13.266405582427979, 12.282823622226715, 11.498517572879791, 10.526274681091309, 9.696159958839417, 8.928911566734314, 8.189827919006348, 7.402733504772186, 6.752772331237793, 6.151763767004013, 5.649677813053131, 5.227123886346817, 4.799980252981186, 4.463366448879242, 4.15817528963089, 3.8218999803066254, 3.6085745692253113, 3.374197483062744, 3.1667265594005585, 2.996123433113098, 2.825816050171852, 2.6592171043157578, 2.5411940217018127, 2.404927060008049, 2.2796124666929245, 2.172460377216339, 2.059215694665909, 1.9693525582551956, 1.899874821305275, 1.8121282905340195, 1.7388901710510254, 1.6670308113098145, 1.6050322502851486, 1.5426182448863983, 1.4882212430238724, 1.4288267269730568, 1.3857457488775253, 1.3381245732307434, 1.2873409390449524, 1.2463076636195183, 1.2068746462464333, 1.1621963903307915, 1.1321326047182083, 1.0943461135029793, 1.0561795979738235, 1.0352229103446007, 1.0033468157052994, 0.9684857875108719, 0.9496498852968216, 0.9178907349705696, 0.887580119073391, 0.8697613477706909, 0.8438083231449127, 0.8257146403193474, 0.8036260604858398, 0.780680738389492, 0.7636419162154198, 0.7409701459109783, 0.7241172753274441, 0.7078455165028572, 0.6892358735203743, 0.6725458092987537, 0.6644213385879993, 0.6493726894259453, 0.6325568556785583, 0.6151045821607113, 0.6072560101747513, 0.5931244529783726, 0.5791849754750729, 0.5704136043787003, 0.55553163215518, 0.544576607644558, 0.5331166796386242, 0.5239275582134724, 0.5163501687347889, 0.5036471523344517, 0.4900812804698944, 0.4860830493271351, 0.47539976984262466, 0.46498190984129906, 0.45709848403930664, 0.45054522156715393, 0.4427470415830612]"
