K,layers,hidden_channels,out_channels,norm,lr,treatment,dropout,ratio,seed,aggregation,model_type,batch_size,rate_pairs,clusters,sampling,num_epochs,anomaly_detector,accuracy,f1,recall,precision,losses,test_accuracy,test_f1,test_recall,test_precision
20,3,64,256,,0.005,removal,0,0.16006543386024766,654,mean,GCNConv,4096,10,50,sage,100,nearest_neighbors,nan,0.0,0.0,0.0,"[7.181774616241455, 7.089006662368774, 6.960100889205933, 6.936583042144775, 6.958824634552002, 6.885216951370239, 6.841319799423218, 6.8747382164001465, 6.7435548305511475, 6.711429119110107, 6.647428750991821, 6.540200233459473, 6.57968807220459, 6.4993696212768555, 6.466750621795654, 6.46314001083374, 6.302465558052063, 6.31507134437561, 6.349034547805786, 6.328782081604004, 6.233031749725342, 6.240980386734009, 6.231689691543579, 6.19237208366394, 5.986186385154724, 6.049212455749512, 6.063046813011169, 5.927392363548279, 5.882436394691467, 5.818377733230591, 5.8408567905426025, 5.753441214561462, 5.7958478927612305, 5.726014614105225, 5.695046901702881, 5.814488530158997, 5.64340353012085, 5.614992022514343, 5.61672043800354, 5.498819708824158, 5.526533246040344, 5.5244375467300415, 5.443543791770935, 5.3429789543151855, 5.4288188219070435, 5.3534897565841675, 5.402057886123657, 5.372469902038574, 5.207720518112183, 5.208283305168152, 5.214200854301453, 5.1965858936309814, 5.17550265789032, 5.103254199028015, 5.0781569480896, 5.044538974761963, 5.022570729255676, 4.968802809715271, 4.956176042556763, 4.938480496406555, 4.941443204879761, 4.929477334022522, 4.880082607269287, 4.854341149330139, 4.810437917709351, 4.771852612495422, 4.762607216835022, 4.688367605209351, 4.6719605922698975, 4.692877531051636, 4.624124526977539, 4.606620669364929, 4.599212169647217, 4.578041076660156, 4.48448646068573, 4.487753391265869, 4.467659115791321, 4.412285804748535, 4.474225878715515, 4.41091525554657, 4.35132360458374, 4.328436017036438, 4.317574977874756, 4.321264743804932, 4.268306016921997, 4.242631554603577, 4.249634385108948, 4.177293062210083, 4.143042087554932, 4.152431607246399, 4.139492392539978, 4.056968331336975, 4.035920143127441, 4.092397093772888, 3.993537664413452, 3.994740605354309, 3.9284292459487915, 3.9632877111434937, 3.925042152404785, 3.891341209411621]",0.9474954155004344,0.7894736842105263,0.7617625093353249,0.8192771084337349
