K,layers,hidden_channels,out_channels,norm,lr,treatment,dropout,ratio,seed,aggregation,model_type,batch_size,rate_pairs,clusters,sampling,num_epochs,anomaly_detector,accuracy,f1,recall,precision,losses,test_accuracy,test_f1,test_recall,test_precision
27,2,128,128,,0.006723548171614853,removal,0,0.12078069617056915,654,mean,GATConv,1024,10,300,sage,100,nearest_neighbors,0.3492537313432836,0.5176991150442478,0.3492537313432836,1.0,"[27.481567859649658, 26.87321376800537, 26.01316785812378, 25.808210253715515, 25.008222818374634, 24.59967589378357, 24.237614154815674, 23.368189930915833, 23.667612075805664, 22.667479634284973, 22.38391363620758, 22.207957863807678, 21.466352820396423, 21.113191604614258, 20.837811946868896, 20.434936046600342, 19.989962816238403, 19.3120334148407, 18.793030619621277, 18.414565563201904, 17.64751136302948, 16.876267433166504, 16.278339743614197, 15.4934321641922, 14.684642553329468, 13.905645608901978, 13.134237408638, 12.264849483966827, 11.751946151256561, 10.886760771274567, 10.182375848293304, 9.606313526630402, 8.906311571598053, 8.410564184188843, 7.887971818447113, 7.384562015533447, 6.996306598186493, 6.622903764247894, 6.19091072678566, 5.898535519838333, 5.538217902183533, 5.275130927562714, 5.0138159692287445, 4.780532747507095, 4.527226001024246, 4.3130854070186615, 4.156900346279144, 3.9210294485092163, 3.8034542202949524, 3.6228135228157043, 3.471593737602234, 3.338593900203705, 3.211993634700775, 3.091242954134941, 2.9418944865465164, 2.8741733729839325, 2.779784455895424, 2.6495632976293564, 2.5859396010637283, 2.4838680922985077, 2.4057919085025787, 2.332691192626953, 2.2604139745235443, 2.195353254675865, 2.1144826859235764, 2.0603625178337097, 1.9950198978185654, 1.9453502893447876, 1.8995539546012878, 1.8336705416440964, 1.7905589640140533, 1.742213025689125, 1.6956139504909515, 1.6482076048851013, 1.6065747141838074, 1.5695663839578629, 1.5286526530981064, 1.4983973950147629, 1.469028428196907, 1.4247391670942307, 1.3989166095852852, 1.3582186847925186, 1.327351376414299, 1.3004604652523994, 1.2774383500218391, 1.2489665746688843, 1.2205037623643875, 1.1893422529101372, 1.1607392728328705, 1.1463499441742897, 1.1201529949903488, 1.0917878299951553, 1.0759435296058655, 1.0567122176289558, 1.0336237326264381, 1.0122000947594643, 0.9973266050219536, 0.9723336398601532, 0.942803867161274, 0.937046229839325]",0.8983847534398769,0.7272310162881395,0.59163867114595,0.9434523809523809
