alpha,K,layers,hidden_channels,out_channels,norm,dropout,margin,lpl_weight,ratio,seed,aggregation,pos_weight,accuracy,f1,recall,precision
0.5,32,1,256,128,,0,0.5,0.4611271619531594,0.18565040723124665,1,mean,1,0.9497478847961712,0.8928180823915421,0.914147069802165,0.8724617028856431
0.5,32,1,256,128,,0,0.5,0.4611271619531594,0.18565040723124665,2,mean,1,0.953080933253568,0.900199963642974,0.9242254572601717,0.8773919206236711
0.5,32,1,256,128,,0,0.5,0.4611271619531594,0.18565040723124665,3,mean,1,0.953080933253568,0.899099430251792,0.9130272489734975,0.8855901520637219
0.5,32,1,256,128,,0,0.5,0.4611271619531594,0.18565040723124665,4,mean,1,0.953080933253568,0.8994689617286211,0.9167599850690556,0.8828181164629763
0.5,32,1,256,128,,0,0.5,0.4611271619531594,0.18565040723124665,5,mean,1,0.9508589009486369,0.8949387904257263,0.914147069802165,0.876521116678597
