alpha,K,layers,hidden_channels,out_channels,norm,dropout,margin,lpl_weight,ratio,seed,aggregation,pos_weight,accuracy,f1,recall,precision
0.7169835282614992,26,2,256,256,,0.20371310890476102,0.49383582624970385,0.920252249262975,0.1572954089300057,1,sum,1,0.938039483804803,0.8666544050027589,0.8794326241134752,0.8542422044960116
0.7169835282614992,26,2,256,256,,0.20371310890476102,0.49383582624970385,0.920252249262975,0.1572954089300057,2,sum,1,0.9390650371763097,0.8689097260525832,0.8820455393803658,0.856159420289855
0.7169835282614992,26,2,256,256,,0.20371310890476102,0.49383582624970385,0.920252249262975,0.1572954089300057,3,sum,1,0.9353901375950774,0.8623452294246177,0.8839119074281448,0.8418059011731248
0.7169835282614992,26,2,256,256,,0.20371310890476102,0.49383582624970385,0.920252249262975,0.1572954089300057,4,sum,1,0.9376121699000085,0.8669825072886297,0.8880179171332587,0.8469206123175508
0.7169835282614992,26,2,256,256,,0.20371310890476102,0.49383582624970385,0.920252249262975,0.1572954089300057,5,sum,1,0.9331681052901462,0.8576629049872588,0.8794326241134752,0.8369449378330373
