K,layers,hidden_channels,out_channels,norm,lr,treatment,dropout,ratio,seed,aggregation,model_type,batch_size,rate_pairs,clusters,sampling,num_epochs,anomaly_detector,accuracy,f1,recall,precision,losses,test_accuracy,test_f1,test_recall,test_precision
25,3,64,128,,0.005,removal,0,0.12021227414872564,654,mean,GATConv,1024,10,50,sage,100,nearest_neighbors,nan,0.0,0.0,0.0,"[23.505703926086426, 22.959184885025024, 22.420511722564697, 22.287705063819885, 21.867008686065674, 21.548819422721863, 21.102334141731262, 20.80570077896118, 20.606688976287842, 19.971535325050354, 19.947041988372803, 19.60183560848236, 19.190902590751648, 18.88725459575653, 18.81620216369629, 18.388394236564636, 18.28805363178253, 17.732105374336243, 17.501748085021973, 17.363471746444702, 17.097140073776245, 16.72900116443634, 16.42582881450653, 16.13383197784424, 15.68843936920166, 15.343626856803894, 14.869210600852966, 14.593679666519165, 14.180174946784973, 13.747308611869812, 13.338507294654846, 12.81251847743988, 12.446194171905518, 11.9651557803154, 11.514585971832275, 11.018899857997894, 10.610525012016296, 10.147884011268616, 9.739785492420197, 9.270451843738556, 8.912153005599976, 8.492590129375458, 8.081192076206207, 7.728749215602875, 7.419256806373596, 7.096693456172943, 6.772693932056427, 6.551155507564545, 6.263862997293472, 5.9656177163124084, 5.741768270730972, 5.481215566396713, 5.286118149757385, 5.080334275960922, 4.882225722074509, 4.6831715404987335, 4.529455929994583, 4.312186747789383, 4.197405189275742, 4.055437296628952, 3.8976283073425293, 3.773923337459564, 3.639175921678543, 3.5339046120643616, 3.403344601392746, 3.311337560415268, 3.189804643392563, 3.095564991235733, 3.008442834019661, 2.9163828641176224, 2.8367823660373688, 2.7559987902641296, 2.688730001449585, 2.6107866317033768, 2.5201348662376404, 2.4535026252269745, 2.3800763934850693, 2.331990659236908, 2.271766632795334, 2.2217728048563004, 2.1637998521327972, 2.117728114128113, 2.0659758001565933, 2.0085397362709045, 1.97493976354599, 1.9217594414949417, 1.870392844080925, 1.835755541920662, 1.7949235290288925, 1.7536480128765106, 1.7181783765554428, 1.6788539737462997, 1.6356684863567352, 1.6071696728467941, 1.5743465721607208, 1.5368616431951523, 1.5136715024709702, 1.4798639193177223, 1.4485540688037872, 1.4288265034556389]",0.9259723964868256,0.6692539887882708,0.5795369678864825,0.7918367346938775
