alpha,K,layers,hidden_channels,out_channels,norm,dropout,margin,lpl_weight,ratio,seed,aggregation,pos_weight,accuracy,f1,recall,precision
0.5,35,1,128,256,,0.4740001921444696,0.5,0.6409796292219977,0.027056295722144436,1,mean,1,0.9055636270404239,0.7413994851392465,0.5912653975363942,0.9937264742785445
0.5,35,1,128,256,,0.4740001921444696,0.5,0.6409796292219977,0.027056295722144436,2,mean,1,0.9057345526023417,0.7422294928721664,0.5927584919746174,0.9925
0.5,35,1,128,256,,0.4740001921444696,0.5,0.6409796292219977,0.027056295722144436,3,mean,1,0.9065037176309717,0.7441534144059869,0.5938783128032848,0.9962429555416406
0.5,35,1,128,256,,0.4740001921444696,0.5,0.6409796292219977,0.027056295722144436,4,mean,1,0.9059909409452184,0.7429906542056075,0.593505039193729,0.9931292941911305
0.5,35,1,128,256,,0.4740001921444696,0.5,0.6409796292219977,0.027056295722144436,5,mean,1,0.9044526108879583,0.7379278012189404,0.5875326614408362,0.9918084436042848
