K,layers,hidden_channels,out_channels,norm,lr,treatment,dropout,ratio,seed,aggregation,model_type,batch_size,rate_pairs,clusters,sampling,num_epochs,anomaly_detector,accuracy,f1,recall,precision,losses,test_accuracy,test_f1,test_recall,test_precision
24,3,128,256,,0.005,removal,0,0.16439345494717222,654,mean,GCNConv,1024,10,50,sage,100,nearest_neighbors,nan,0.0,0.0,0.0,"[23.12903392314911, 22.54471182823181, 22.178131580352783, 21.93290936946869, 21.397778153419495, 21.006539583206177, 20.950103282928467, 20.52932345867157, 20.135239243507385, 19.69059419631958, 19.51108431816101, 19.169124364852905, 19.12517762184143, 18.578144788742065, 18.482359528541565, 18.01391899585724, 17.692774891853333, 17.576562762260437, 17.073732495307922, 17.076282620429993, 16.674564599990845, 16.28941583633423, 15.96483850479126, 15.56674075126648, 15.101563096046448, 14.754510760307312, 14.336102485656738, 14.029968857765198, 13.582660794258118, 13.109557032585144, 12.711952805519104, 12.199269771575928, 11.862039923667908, 11.251756966114044, 10.87350046634674, 10.463515877723694, 9.971806764602661, 9.48615163564682, 9.088633477687836, 8.711110532283783, 8.268339455127716, 7.892973721027374, 7.576001524925232, 7.236791551113129, 6.948443353176117, 6.641529858112335, 6.337358236312866, 6.033034801483154, 5.809394747018814, 5.586510807275772, 5.326586991548538, 5.095704138278961, 4.920132160186768, 4.739914059638977, 4.535848498344421, 4.405407249927521, 4.234837383031845, 4.092958986759186, 3.9327707290649414, 3.8080511391162872, 3.68110927939415, 3.5725298821926117, 3.4214485585689545, 3.336161196231842, 3.2130809128284454, 3.110862523317337, 3.0474740117788315, 2.9484026432037354, 2.825463145971298, 2.762274459004402, 2.6920325309038162, 2.6249491572380066, 2.532644286751747, 2.4775259643793106, 2.412267044186592, 2.367626339197159, 2.2766929119825363, 2.221926912665367, 2.1649236381053925, 2.122888758778572, 2.0751201659440994, 2.0202977657318115, 1.9522216320037842, 1.9249089062213898, 1.8763325959444046, 1.826714113354683, 1.8024758994579315, 1.766694501042366, 1.7171607464551926, 1.6793498992919922, 1.6311346590518951, 1.6110915541648865, 1.5774634182453156, 1.5427998304367065, 1.5171761736273766, 1.4823258221149445, 1.4582064151763916, 1.4142360612750053, 1.398903764784336, 1.3583165258169174]",0.950583920470997,0.8054711246200608,0.7916355489171023,0.819798917246713
