alpha,K,layers,hidden_channels,out_channels,norm,dropout,margin,lpl_weight,ratio,seed,aggregation,pos_weight,accuracy,f1,recall,precision
0.24417512297246607,35,2,256,256,layernorm,0.3299120814681346,0.1237646317112481,0.35538587720570175,0.11745609039780638,1,mean,1,0.9540210238441159,0.8972498090145149,0.8768197088465846,0.9186546734454438
0.24417512297246607,35,2,256,256,layernorm,0.3299120814681346,0.1237646317112481,0.35538587720570175,0.11745609039780638,2,mean,1,0.9376121699000085,0.8606870229007634,0.8417319895483389,0.8805154236626318
0.24417512297246607,35,2,256,256,layernorm,0.3299120814681346,0.1237646317112481,0.35538587720570175,0.11745609039780638,3,mean,1,0.957097683958636,0.9041252864782277,0.883538633818589,0.9256941728588189
0.24417512297246607,35,2,256,256,layernorm,0.3299120814681346,0.1237646317112481,0.35538587720570175,0.11745609039780638,4,mean,1,0.9576104606443894,0.9052711993888465,0.8846584546472565,0.926867422761048
0.24417512297246607,35,2,256,256,layernorm,0.3299120814681346,0.1237646317112481,0.35538587720570175,0.11745609039780638,5,mean,1,0.9565849072728827,0.9029793735676088,0.8824188129899216,0.9245209229565897
