alpha,K,layers,hidden_channels,out_channels,norm,dropout,margin,lpl_weight,ratio,seed,aggregation,pos_weight,accuracy,f1,recall,precision
0.5,42,2,256,256,,0,0.5,0.9232221214933993,0.13442182772023636,1,mean,1,0.9588924023587727,0.9083285687059272,0.8895110115714819,0.9279595015576324
0.5,42,2,256,256,,0,0.5,0.9232221214933993,0.13442182772023636,2,mean,1,0.9615417485684984,0.9145136778115501,0.8984695782008212,0.9311411992263056
0.5,42,2,256,256,,0,0.5,0.9232221214933993,0.13442182772023636,3,mean,1,0.9572686095205538,0.9048706240487062,0.8876446435237029,0.9227784245246411
0.5,42,2,256,256,,0,0.5,0.9232221214933993,0.13442182772023636,4,mean,1,0.9623963763780874,0.9159663865546218,0.8951101157148189,0.9378177551818537
0.5,42,2,256,256,,0,0.5,0.9232221214933993,0.13442182772023636,5,mean,1,0.9594051790445262,0.9091256935144443,0.8868980963045913,0.9324960753532182
