alpha,K,layers,hidden_channels,out_channels,norm,dropout,margin,lpl_weight,ratio,seed,aggregation,pos_weight,accuracy,f1,recall,precision
0.5,31,1,256,128,,0,0.5,0.48618406316034873,0.18241314584723334,1,mean,1,0.9498333475771301,0.8924317390507605,0.9089212392683838,0.8765298776097912
0.5,31,1,256,128,,0,0.5,0.48618406316034873,0.18241314584723334,2,mean,1,0.9548756516537048,0.9026907482491706,0.914147069802165,0.8915180196578085
0.5,31,1,256,128,,0,0.5,0.48618406316034873,0.18241314584723334,3,mean,1,0.9535937099393215,0.8999078341013825,0.9111608809257186,0.8889293517844137
0.5,31,1,256,128,,0,0.5,0.48618406316034873,0.18241314584723334,4,mean,1,0.953935561063157,0.9010827674802716,0.9163867114594998,0.8862815884476535
0.5,31,1,256,128,,0,0.5,0.48618406316034873,0.18241314584723334,5,mean,1,0.9525681565678147,0.8980341723314349,0.9122807017543859,0.8842257597684515
