alpha,K,layers,hidden_channels,out_channels,norm,dropout,margin,lpl_weight,ratio,seed,aggregation,pos_weight,accuracy,f1,recall,precision
0.7597981608017028,35,3,64,64,,0.37376477937286556,0.4850035483661632,0.23515632094486633,0.46297470326458534,1,sum,1,0.8106999401760533,0.690512784686321,0.9223590892123927,0.5518088432335865
0.7597981608017028,35,3,64,64,,0.37376477937286556,0.4850035483661632,0.23515632094486633,0.46297470326458534,2,sum,1,0.8031792154516708,0.6818621356540959,0.9212392683837253,0.5412280701754386
0.7597981608017028,35,3,64,64,,0.37376477937286556,0.4850035483661632,0.23515632094486633,0.46297470326458534,3,sum,1,0.8035210665755064,0.6810930780968234,0.9163867114594998,0.5419426048565121
0.7597981608017028,35,3,64,64,,0.37376477937286556,0.4850035483661632,0.23515632094486633,0.46297470326458534,4,sum,1,0.8096743868045466,0.6905655134083646,0.927584919746174,0.5500221336874723
0.7597981608017028,35,3,64,64,,0.37376477937286556,0.4850035483661632,0.23515632094486633,0.46297470326458534,5,sum,1,0.7895906332792069,0.6655800054333062,0.9145203434117208,0.523168908819133
