K,layers,hidden_channels,out_channels,norm,lr,treatment,dropout,ratio,seed,aggregation,model_type,batch_size,rate_pairs,clusters,sampling,sampling_k,num_epochs,anomaly_detector,accuracy,f1,recall,precision,losses
9,2,256,128,,0.008006842375697659,removal,0,0.20858571402039924,654,mean,GATConv,15,14,50,cluster,75,100,nearest_neighbors,0.8272797196820785,0.6929971137779128,0.8514371033967898,0.5842725409836066,"[7.191243767738342, 6.087103486061096, 6.083693623542786, 6.163894534111023, 5.780380845069885, 5.87125551700592, 6.879363417625427, 5.733693718910217, 6.565715074539185, 6.353781580924988, 5.523673176765442, 5.864025235176086, 6.84696638584137, 5.300823092460632, 5.635721802711487, 5.156667113304138, 5.058499395847321, 5.659621238708496, 5.039022326469421, 5.258899688720703, 4.818868637084961, 4.737251400947571, 4.633791446685791, 4.58643901348114, 4.840146243572235, 4.696317195892334, 4.89276123046875, 4.794110894203186, 4.529922723770142, 5.19131737947464, 4.277281582355499, 4.302648425102234, 4.476989805698395, 4.4283594489097595, 4.3031176924705505, 4.261495590209961, 3.795363664627075, 4.2426979541778564, 3.514934241771698, 3.5155951380729675, 3.3641963601112366, 3.3992483615875244, 3.5268406867980957, 3.2928611040115356, 3.100694477558136, 3.1419630646705627, 3.005426585674286, 3.129846513271332, 3.042194366455078, 2.9137983918190002, 2.9260432720184326, 2.773177742958069, 2.91427218914032, 2.9333778619766235, 2.798484146595001, 2.475622594356537, 2.531541347503662, 2.6918681859970093, 2.6922205090522766, 2.4446128010749817, 2.5556652545928955, 2.271011531352997, 2.4249086380004883, 2.245922327041626, 2.417204797267914, 2.3273923099040985, 2.0232143998146057, 2.1830535531044006, 1.9613293409347534, 1.9931061267852783, 1.9408970475196838, 1.908578783273697, 1.9168963730335236, 1.7899003624916077, 1.8680674731731415, 1.8540180325508118, 1.7530978620052338, 1.7121866047382355, 1.7371017038822174, 1.583167940378189, 1.7476540505886078, 1.5655448138713837, 1.6039870977401733, 1.5877538919448853, 1.4819082021713257, 1.4535006284713745, 1.6004155576229095, 1.3385144770145416, 1.4434616565704346, 1.535759598016739, 1.4448295831680298, 1.2751363813877106, 1.4545835256576538, 1.2473361790180206, 1.3661065995693207, 1.2314176261425018, 1.2398097515106201, 1.1801071465015411, 1.187059909105301, 1.246940016746521]"
