alpha,K,layers,hidden_channels,out_channels,norm,dropout,margin,lpl_weight,ratio,seed,aggregation,pos_weight,accuracy,f1,recall,precision
0.5,28,2,256,128,,0,0.5,0.8971193219792589,0.04007800853077245,1,mean,1,0.9155627724126143,0.7758620689655172,0.6382978723404256,0.989010989010989
0.5,28,2,256,128,,0,0.5,0.8971193219792589,0.04007800853077245,2,mean,1,0.9122297239552175,0.7662189847484635,0.6282194848824189,0.9819136522753792
0.5,28,2,256,128,,0,0.5,0.8971193219792589,0.04007800853077245,3,mean,1,0.9156482351935732,0.7757327880027266,0.6371780515117581,0.9912891986062717
0.5,28,2,256,128,,0,0.5,0.8971193219792589,0.04007800853077245,4,mean,1,0.9139389795743954,0.7708759954493742,0.6323254945875326,0.9871794871794872
0.5,28,2,256,128,,0,0.5,0.8971193219792589,0.04007800853077245,5,mean,1,0.915819160755491,0.7759836251989993,0.6368047779022024,0.9930151338766007
