alpha,K,layers,hidden_channels,out_channels,norm,dropout,margin,lpl_weight,ratio,seed,aggregation,pos_weight,accuracy,f1,recall,precision
0.5,44,2,256,256,,0,0.5,0.985430187648813,0.08012158470623935,1,mean,1,0.942056234509871,0.8602061855670103,0.778648749533408,0.9608475356978351
0.5,44,2,256,256,,0,0.5,0.985430187648813,0.08012158470623935,2,mean,1,0.9437654901290488,0.8643298969072165,0.782381485628966,0.965453707968678
0.5,44,2,256,256,,0,0.5,0.985430187648813,0.08012158470623935,3,mean,1,0.9454747457482267,0.8684536082474227,0.786114221724524,0.9700598802395209
0.5,44,2,256,256,,0,0.5,0.985430187648813,0.08012158470623935,4,mean,1,0.9447910435005555,0.8668041237113402,0.7846211272863008,0.9682174113311838
0.5,44,2,256,256,,0,0.5,0.985430187648813,0.08012158470623935,5,mean,1,0.9441073412528843,0.8651546391752577,0.7831280328480776,0.9663749424228466
