K,layers,hidden_channels,out_channels,norm,lr,treatment,dropout,ratio,seed,aggregation,model_type,batch_size,rate_pairs,clusters,sampling,num_epochs,anomaly_detector,accuracy,f1,recall,precision,losses,test_accuracy,test_f1,test_recall,test_precision
25,3,256,128,,0.005,removal,0,0.17166209290427142,654,mean,GATConv,1024,10,50,sage,100,nearest_neighbors,nan,0.0,0.0,0.0,"[22.752830862998962, 22.16355812549591, 22.281077980995178, 22.061105966567993, 21.46592688560486, 21.09610080718994, 20.82051408290863, 20.516191720962524, 20.23853039741516, 19.62337565422058, 19.704545259475708, 19.10640060901642, 19.15066695213318, 18.56023383140564, 18.460126042366028, 18.130533814430237, 17.78545355796814, 17.529417395591736, 17.33033537864685, 17.006276726722717, 16.72410488128662, 16.594658613204956, 16.1390597820282, 15.747176051139832, 15.44205379486084, 14.937946438789368, 14.664926290512085, 14.353711366653442, 13.99249804019928, 13.561421751976013, 13.008212566375732, 12.629133820533752, 12.227411329746246, 11.728485882282257, 11.323341310024261, 10.805375456809998, 10.349853098392487, 9.962391197681427, 9.493394017219543, 9.024719476699829, 8.644719779491425, 8.281605899333954, 7.936364829540253, 7.488953113555908, 7.234936475753784, 6.899883210659027, 6.6016921401023865, 6.299321413040161, 6.036138236522675, 5.763977199792862, 5.53040885925293, 5.3340864181518555, 5.095247715711594, 4.8893207013607025, 4.709059536457062, 4.492570281028748, 4.3539760410785675, 4.176101624965668, 4.0287632048130035, 3.8827194273471832, 3.774795174598694, 3.6437272429466248, 3.535809099674225, 3.4230034947395325, 3.294689029455185, 3.1940530836582184, 3.0706699192523956, 2.986571565270424, 2.908330276608467, 2.8163680732250214, 2.7257199883461, 2.6538917422294617, 2.5722639113664627, 2.5250220596790314, 2.437001258134842, 2.3709362894296646, 2.3110326379537582, 2.248179018497467, 2.218791678547859, 2.144774690270424, 2.097161814570427, 2.035072907805443, 1.9868117421865463, 1.9340481609106064, 1.8926006108522415, 1.8545236140489578, 1.8119373470544815, 1.7526866346597672, 1.7403224110603333, 1.6942059695720673, 1.6553826034069061, 1.6189280152320862, 1.5801170468330383, 1.5477197840809822, 1.5253607332706451, 1.487557552754879, 1.4636670723557472, 1.4362442418932915, 1.4068770185112953, 1.3713822960853577]",0.8695106649937264,0.44039735099337746,0.39731142643764,0.49396471680594245
