alpha,K,layers,hidden_channels,out_channels,norm,dropout,margin,lpl_weight,ratio,seed,aggregation,pos_weight,accuracy,f1,recall,precision
0.5,43,2,256,256,,0,0.5,0.919796217863565,0.143247628975884,1,mean,1,0.9587214767968549,0.908470722001137,0.8947368421052632,0.9226327944572749
0.5,43,2,256,256,,0,0.5,0.919796217863565,0.143247628975884,2,mean,1,0.9608580463208273,0.9127619047619048,0.8943635684957073,0.9319330999611046
0.5,43,2,256,256,,0,0.5,0.919796217863565,0.143247628975884,3,mean,1,0.9555593539013759,0.9023290758827949,0.8966032101530422,0.9081285444234405
0.5,43,2,256,256,,0,0.5,0.919796217863565,0.143247628975884,4,mean,1,0.9615417485684984,0.9150943396226415,0.9051885031728257,0.9252193819152995
0.5,43,2,256,256,,0,0.5,0.919796217863565,0.143247628975884,5,mean,1,0.9606016579779506,0.9127059269077826,0.8995893990294886,0.9262106072252114
