alpha,K,layers,hidden_channels,out_channels,norm,dropout,margin,lpl_weight,ratio,seed,aggregation,pos_weight,accuracy,f1,recall,precision
0.3399195682254165,34,2,256,256,layernorm,0.29310231029701056,0.18650376494245402,0.5747318664691266,0.1992230805879598,1,mean,1,0.9175284163746689,0.8413611704750945,0.9552071668533034,0.7517626321974148
0.3399195682254165,34,2,256,256,layernorm,0.29310231029701056,0.18650376494245402,0.5747318664691266,0.1992230805879598,2,mean,1,0.9180411930604222,0.8423475258918297,0.9563269876819709,0.7526439482961222
0.3399195682254165,34,2,256,256,layernorm,0.29310231029701056,0.18650376494245402,0.5747318664691266,0.1992230805879598,3,mean,1,0.9180411930604222,0.8423475258918297,0.9563269876819709,0.7526439482961222
0.3399195682254165,34,2,256,256,layernorm,0.29310231029701056,0.18650376494245402,0.5747318664691266,0.1992230805879598,4,mean,1,0.9183830441842578,0.8430050961696531,0.9570735349010825,0.7532314923619271
0.3399195682254165,34,2,256,256,layernorm,0.29310231029701056,0.18650376494245402,0.5747318664691266,0.1992230805879598,5,mean,1,0.9202632253653534,0.846621732697682,0.9611795446061964,0.7564629847238543
