K,layers,hidden_channels,out_channels,norm,lr,treatment,dropout,ratio,seed,aggregation,model_type,batch_size,rate_pairs,clusters,sampling,num_epochs,anomaly_detector,accuracy,f1,recall,precision,losses,test_accuracy,test_f1,test_recall,test_precision
5,2,128,256,,0.005,removal,0,0.2914584944750375,654,mean,GCNConv,2048,10,50,sage,100,nearest_neighbors,nan,0.0,0.0,0.0,"[6.533722639083862, 6.213537693023682, 6.086636185646057, 5.99081426858902, 5.919538617134094, 5.854624509811401, 5.748883605003357, 5.682464003562927, 5.581306874752045, 5.446593463420868, 5.436886787414551, 5.3535937666893005, 5.287027895450592, 5.138490319252014, 5.114108741283417, 5.002408504486084, 4.897336661815643, 4.797365605831146, 4.723914802074432, 4.645881533622742, 4.546832919120789, 4.477584064006805, 4.400913596153259, 4.32362961769104, 4.205015182495117, 4.132570683956146, 4.065903723239899, 3.9765976667404175, 3.906875967979431, 3.818550765514374, 3.7396095395088196, 3.672595977783203, 3.601312518119812, 3.522198498249054, 3.438973367214203, 3.376504421234131, 3.3289151191711426, 3.246254861354828, 3.1765655875205994, 3.1300888061523438, 3.0445051193237305, 2.984708696603775, 2.905962824821472, 2.8669124245643616, 2.8232279121875763, 2.75208643078804, 2.7052254676818848, 2.658059388399124, 2.595938563346863, 2.538463145494461, 2.488530606031418, 2.44762122631073, 2.3930048644542694, 2.342573642730713, 2.3081218600273132, 2.262586623430252, 2.208312004804611, 2.160672426223755, 2.1226846277713776, 2.1037644147872925, 2.0556909441947937, 2.010337144136429, 1.971877932548523, 1.938010722398758, 1.9045963883399963, 1.8720357716083527, 1.8347663283348083, 1.8072144091129303, 1.770678073167801, 1.7327590584754944, 1.7118450701236725, 1.6685891151428223, 1.6620565056800842, 1.6241375207901, 1.5916509628295898, 1.5670759975910187, 1.5556078255176544, 1.5159346759319305, 1.4890922755002975, 1.4657802879810333, 1.4375487565994263, 1.4160773158073425, 1.398739367723465, 1.3846010118722916, 1.3529300093650818, 1.3371881395578384, 1.3065701127052307, 1.2968093901872635, 1.27137790620327, 1.2477055788040161, 1.239843562245369, 1.2211375087499619, 1.192517265677452, 1.1767939031124115, 1.1613035649061203, 1.153183713555336, 1.1252689957618713, 1.1153977364301682, 1.0984882563352585, 1.0737777948379517]",0.9190232603030596,0.7419255613657336,0.90067214339059,0.6307531380753139
