alpha,K,layers,hidden_channels,out_channels,norm,dropout,margin,lpl_weight,ratio,seed,aggregation,pos_weight,accuracy,f1,recall,precision
0.5,32,1,256,128,,0,0.5,0.43102352603721017,0.18600435464863307,1,mean,1,0.9494060336723357,0.8920495988329686,0.9130272489734975,0.8720142602495544
0.5,32,1,256,128,,0,0.5,0.43102352603721017,0.18600435464863307,2,mean,1,0.9527390821297325,0.8990691732067896,0.9193729003359462,0.8796428571428572
0.5,32,1,256,128,,0,0.5,0.43102352603721017,0.18600435464863307,3,mean,1,0.9527390821297325,0.8984762254451992,0.9134005225830534,0.8840317919075145
0.5,32,1,256,128,,0,0.5,0.43102352603721017,0.18600435464863307,4,mean,1,0.952311768224938,0.8981008035062089,0.917879805897723,0.879156238827315
0.5,32,1,256,128,,0,0.5,0.43102352603721017,0.18600435464863307,5,mean,1,0.9516280659772669,0.896602119108513,0.916013437849944,0.8779964221824686
