alpha,K,layers,hidden_channels,out_channels,norm,dropout,margin,lpl_weight,ratio,seed,aggregation,pos_weight,accuracy,f1,recall,precision
0.7164528196997917,26,3,256,128,graphnorm,0.24589508104809144,0.23516822645506263,0.8015410071733854,0.345024808906908,1,mean,1,0.936501153747543,0.873531914893617,0.9578200821201941,0.8028785982478097
0.7164528196997917,26,3,256,128,graphnorm,0.24589508104809144,0.23516822645506263,0.8015410071733854,0.345024808906908,2,mean,1,0.9435091017861721,0.8853823478411652,0.9529675251959686,0.8267487046632125
0.7164528196997917,26,3,256,128,graphnorm,0.24589508104809144,0.23516822645506263,0.8015410071733854,0.345024808906908,3,mean,1,0.9379540210238441,0.8761092150170648,0.95819335572975,0.8069789374410563
0.7164528196997917,26,3,256,128,graphnorm,0.24589508104809144,0.23516822645506263,0.8015410071733854,0.345024808906908,4,mean,1,0.9406033672335697,0.8803168589633201,0.9540873460246361,0.8171355498721228
0.7164528196997917,26,3,256,128,graphnorm,0.24589508104809144,0.23516822645506263,0.8015410071733854,0.345024808906908,5,mean,1,0.9391504999572686,0.8779986291980809,0.9563269876819709,0.811529933481153
