alpha,K,layers,hidden_channels,out_channels,norm,dropout,margin,lpl_weight,ratio,seed,aggregation,pos_weight,accuracy,f1,recall,precision
0.7747382784185234,35,3,256,256,graphnorm,0.2163137727607794,0.5675813801514884,0.36587898308306455,0.35168702940845986,1,sum,1,0.8977865139731647,0.8016583747927032,0.9022023142963792,0.7212772306774097
0.7747382784185234,35,3,256,256,graphnorm,0.2163137727607794,0.5675813801514884,0.36587898308306455,0.35168702940845986,2,sum,1,0.8912913426202889,0.7914754098360656,0.9010824934677119,0.7056416252557731
0.7747382784185234,35,3,256,256,graphnorm,0.2163137727607794,0.5675813801514884,0.36587898308306455,0.35168702940845986,3,sum,1,0.8957354072301512,0.797812396420285,0.8984695782008212,0.7174366616989568
0.7747382784185234,35,3,256,256,graphnorm,0.2163137727607794,0.5675813801514884,0.36587898308306455,0.35168702940845986,4,sum,1,0.8824886761815229,0.78017585931255,0.9107876073161627,0.6823266219239373
0.7747382784185234,35,3,256,256,graphnorm,0.2163137727607794,0.5675813801514884,0.36587898308306455,0.35168702940845986,5,sum,1,0.8836851551149474,0.7790943028729103,0.8958566629339306,0.6892590465249856
