alpha,K,layers,hidden_channels,out_channels,norm,dropout,margin,lpl_weight,ratio,seed,aggregation,pos_weight,accuracy,f1,recall,precision
0.5,27,2,256,256,,0,0.5,0.392347438466981,0.1318143459145555,1,mean,1,0.955473891120417,0.9000575484366008,0.8756998880179171,0.925808997632202
0.5,27,2,256,256,,0,0.5,0.392347438466981,0.1318143459145555,2,mean,1,0.9573540723015127,0.9046071496845728,0.8831653602090332,0.927115987460815
0.5,27,2,256,256,,0,0.5,0.392347438466981,0.1318143459145555,3,mean,1,0.9571831467395949,0.9044804575786464,0.8854050018663681,0.9243959469992206
0.5,27,2,256,256,,0,0.5,0.392347438466981,0.1318143459145555,4,mean,1,0.9612853602256217,0.913268236645606,0.8902575587905935,0.9375
0.5,27,2,256,256,,0,0.5,0.392347438466981,0.1318143459145555,5,mean,1,0.9559866678061704,0.9007515899017152,0.8723404255319149,0.9310756972111554
