alpha,K,layers,hidden_channels,out_channels,norm,dropout,margin,lpl_weight,ratio,seed,aggregation,pos_weight,accuracy,f1,recall,precision
0.5,37,2,256,256,,0,0.5,0.8893506314452203,0.1930405822087795,1,mean,1,0.9516280659772669,0.8977231658836284,0.9272116461366181,0.8700525394045534
0.5,37,2,256,256,,0,0.5,0.8893506314452203,0.1930405822087795,2,mean,1,0.9526536193487736,0.8996013048205872,0.9264650989175065,0.874251497005988
0.5,37,2,256,256,,0,0.5,0.8893506314452203,0.1930405822087795,3,mean,1,0.9525681565678147,0.8994383040405871,0.9264650989175065,0.8739436619718309
0.5,37,2,256,256,,0,0.5,0.8893506314452203,0.1930405822087795,4,mean,1,0.9529954704726091,0.9010791366906474,0.93505039193729,0.8694897604998264
0.5,37,2,256,256,,0,0.5,0.8893506314452203,0.1930405822087795,5,mean,1,0.9551320399965815,0.9049085310632132,0.9324374766703994,0.8789584799437016
