K,layers,hidden_channels,out_channels,norm,lr,treatment,dropout,ratio,seed,aggregation,model_type,batch_size,rate_pairs,clusters,sampling,sampling_k,num_epochs,anomaly_detector,accuracy,f1,recall,precision,losses
4,1,128,64,,0.005543529924216817,removal,0,0.19192025099397678,654,mean,GCNConv,512,6,50,nearest_neighbors,75,100,nearest_neighbors,0.9250491410990513,0.8413244074543151,0.8678611422172452,0.8163623595505618,"[23.84790474176407, 21.897797763347626, 20.227100729942322, 18.614279448986053, 17.128732800483704, 15.703140258789062, 14.443393230438232, 13.206301927566528, 12.096871167421341, 11.248824805021286, 10.230951935052872, 9.413846105337143, 8.655227065086365, 7.983296662569046, 7.370467990636826, 6.858497112989426, 6.408740341663361, 5.998482301831245, 5.616965740919113, 5.227580785751343, 4.845433846116066, 4.56059792637825, 4.261033266782761, 3.990323916077614, 3.7753370702266693, 3.591799572110176, 3.378298297524452, 3.2025588005781174, 3.0358434915542603, 2.903553828597069, 2.752018518745899, 2.620040573179722, 2.49704909324646, 2.3944408148527145, 2.287622921168804, 2.1862079352140427, 2.095876529812813, 2.012132592499256, 1.93025504052639, 1.854899376630783, 1.7796560004353523, 1.716268464922905, 1.653911605477333, 1.5943363457918167, 1.5405113473534584, 1.4836866855621338, 1.4298901185393333, 1.3848524764180183, 1.339280292391777, 1.2978010550141335, 1.2507598921656609, 1.2129222229123116, 1.1767880395054817, 1.1408569812774658, 1.1043609231710434, 1.0705319121479988, 1.042332261800766, 1.0128074623644352, 0.9835871048271656, 0.9559125192463398, 0.927237082272768, 0.9028132557868958, 0.8775308541953564, 0.8564318418502808, 0.8325665593147278, 0.8098429702222347, 0.7894925959408283, 0.7687848806381226, 0.74971828982234, 0.7313877623528242, 0.7131296433508396, 0.6950539797544479, 0.6776389852166176, 0.6627907976508141, 0.6456725690513849, 0.6312410049140453, 0.6159791592508554, 0.6020307336002588, 0.5885497517883778, 0.5736882984638214, 0.5613452382385731, 0.5481532718986273, 0.538400910794735, 0.5240646153688431, 0.5136145651340485, 0.5016459319740534, 0.49316684156656265, 0.4825202655047178, 0.4722852408885956, 0.46274041570723057, 0.4519613329321146, 0.44187147356569767, 0.4345828350633383, 0.4253301117569208, 0.41641929000616074, 0.40881261229515076, 0.40120793133974075, 0.39210534282028675, 0.3843705542385578, 0.3770675007253885]"
