alpha,K,layers,hidden_channels,out_channels,norm,dropout,margin,lpl_weight,ratio,seed,aggregation,pos_weight,accuracy,f1,recall,precision
0.5,28,2,256,256,,0,0.5,0.18184813264596228,0.1248225289613877,1,sum,1,0.9386377232715153,0.8620822128313484,0.8376259798432251,0.88800949742778
0.5,28,2,256,256,,0,0.5,0.18184813264596228,0.1248225289613877,2,sum,1,0.9405179044526109,0.8666155615178229,0.8439716312056738,0.8905080740448995
0.5,28,2,256,256,,0,0.5,0.18184813264596228,0.1248225289613877,3,sum,1,0.9423126228527476,0.8702172659104018,0.8447181784247854,0.8973037272006344
0.5,28,2,256,256,,0,0.5,0.18184813264596228,0.1248225289613877,4,sum,1,0.9411161439193232,0.8684361275539431,0.8488241881298992,0.8889757623143081
0.5,28,2,256,256,,0,0.5,0.18184813264596228,0.1248225289613877,5,sum,1,0.9390650371763097,0.8637492833938467,0.843598357596118,0.884886452623336
