alpha,K,layers,hidden_channels,out_channels,norm,dropout,margin,lpl_weight,ratio,seed,aggregation,pos_weight,accuracy,f1,recall,precision
0.78746087819085,27,1,128,256,,0.4433937480816078,0.41873103722433735,0.4527111913184111,0.3664377396018502,1,mean,1,0.9048799247927528,0.8234734337827121,0.9690182904068683,0.7159404302261445
0.78746087819085,27,1,128,256,,0.4433937480816078,0.41873103722433735,0.4527111913184111,0.3664377396018502,2,mean,1,0.9068455687548073,0.8262671342046541,0.9675251959686451,0.7210013908205841
0.78746087819085,27,1,128,256,,0.4433937480816078,0.41873103722433735,0.4527111913184111,0.3664377396018502,3,mean,1,0.9049653875737117,0.8237717908082409,0.9701381112355356,0.7157807766455522
0.78746087819085,27,1,128,256,,0.4433937480816078,0.41873103722433735,0.4527111913184111,0.3664377396018502,4,mean,1,0.9059909409452184,0.825507614213198,0.9712579320642031,0.7177931034482758
0.78746087819085,27,1,128,256,,0.4433937480816078,0.41873103722433735,0.4527111913184111,0.3664377396018502,5,mean,1,0.9055636270404239,0.8246866571473901,0.9701381112355356,0.7171633554083885
