alpha,K,layers,hidden_channels,out_channels,norm,dropout,margin,lpl_weight,ratio,seed,aggregation,pos_weight,accuracy,f1,recall,precision
0.3122955457393229,34,2,64,256,layernorm,0.3608074975325208,0.13887952398762687,0.30570591074641323,0.12503018788345074,1,mean,1,0.9534227843774037,0.8974600188146754,0.8902575587905935,0.9047799696509864
0.3122955457393229,34,2,64,256,layernorm,0.3608074975325208,0.13887952398762687,0.30570591074641323,0.12503018788345074,2,mean,1,0.9537646355012392,0.8982126058325494,0.8910041060097051,0.9055386949924128
0.3122955457393229,34,2,64,256,layernorm,0.3608074975325208,0.13887952398762687,0.30570591074641323,0.12503018788345074,3,mean,1,0.9525681565678147,0.8955785512699906,0.8883911907428145,0.9028831562974203
0.3122955457393229,34,2,64,256,layernorm,0.3608074975325208,0.13887952398762687,0.30570591074641323,0.12503018788345074,4,mean,1,0.9520553798820613,0.8944496707431797,0.8872713699141471,0.9017450682852808
0.3122955457393229,34,2,64,256,layernorm,0.3608074975325208,0.13887952398762687,0.30570591074641323,0.12503018788345074,5,mean,1,0.9523972310058969,0.8952022577610537,0.8880179171332587,0.9025037936267072
