alpha,K,layers,hidden_channels,out_channels,norm,dropout,margin,lpl_weight,ratio,seed,aggregation,pos_weight,accuracy,f1,recall,precision
0.5,25,2,128,256,,0,0.5,0.6130314542824155,0.20892305205931994,1,mean,1,0.9416289206050765,0.8781445138269403,0.9186263531168346,0.84107997265892
0.5,25,2,128,256,,0,0.5,0.6130314542824155,0.20892305205931994,2,mean,1,0.9464148363387744,0.88647474198805,0.9137737961926092,0.8607594936708861
0.5,25,2,128,256,,0,0.5,0.6130314542824155,0.20892305205931994,3,mean,1,0.9482095547389112,0.8909679740913998,0.9242254572601717,0.8600208405696422
0.5,25,2,128,256,,0,0.5,0.6130314542824155,0.20892305205931994,4,mean,1,0.9468421502435689,0.8883704235463029,0.9238521836506159,0.8555133079847909
0.5,25,2,128,256,,0,0.5,0.6130314542824155,0.20892305205931994,5,mean,1,0.9460729852149389,0.8869378247625873,0.9238521836506159,0.8528600964851827
