alpha,K,layers,hidden_channels,out_channels,norm,dropout,margin,lpl_weight,ratio,seed,aggregation,pos_weight,accuracy,f1,recall,precision
0.5,44,2,256,256,,0,0.5,0.9467030960104695,0.11514525279851387,1,mean,1,0.9582941628920605,0.9043887147335423,0.8615154908547966,0.9517525773195876
0.5,44,2,256,256,,0,0.5,0.9467030960104695,0.11514525279851387,2,mean,1,0.9571831467395949,0.9018993538280791,0.8596491228070176,0.9485172981878089
0.5,44,2,256,256,,0,0.5,0.9467030960104695,0.11514525279851387,3,mean,1,0.9577813862063072,0.903440187646599,0.862635311683464,0.948297086581863
0.5,44,2,256,256,,0,0.5,0.9467030960104695,0.11514525279851387,4,mean,1,0.9604307324160328,0.9094819159335288,0.868234415826801,0.9548440065681445
0.5,44,2,256,256,,0,0.5,0.9467030960104695,0.11514525279851387,5,mean,1,0.9593197162635673,0.906556733411857,0.8618887644643524,0.9561076604554866
