alpha,K,layers,hidden_channels,out_channels,norm,dropout,margin,lpl_weight,ratio,seed,aggregation,pos_weight,accuracy,f1,recall,precision
0.30368904811217345,33,2,256,256,layernorm,0.3297641281320831,0.19609390364857368,0.3450161052329456,0.1256969360916397,1,mean,1,0.9560721305871293,0.9034197670048854,0.8973497573721538,0.9095724555429436
0.30368904811217345,33,2,256,256,layernorm,0.3297641281320831,0.19609390364857368,0.3450161052329456,0.1256969360916397,2,mean,1,0.9562430561490471,0.9037955655768508,0.8977230309817096,0.9099508134695422
0.30368904811217345,33,2,256,256,layernorm,0.3297641281320831,0.19609390364857368,0.3450161052329456,0.1256969360916397,3,mean,1,0.9538500982821981,0.8985343855693348,0.8924972004479284,0.9046538024971623
0.30368904811217345,33,2,256,256,layernorm,0.3297641281320831,0.19609390364857368,0.3450161052329456,0.1256969360916397,4,mean,1,0.9548756516537048,0.9007891770011274,0.8947368421052632,0.9069239500567536
0.30368904811217345,33,2,256,256,layernorm,0.3297641281320831,0.19609390364857368,0.3450161052329456,0.1256969360916397,5,mean,1,0.9555593539013759,0.9022923712889891,0.8962299365434864,0.9084373817631479
