K,layers,hidden_channels,out_channels,norm,lr,treatment,dropout,ratio,seed,aggregation,model_type,batch_size,rate_pairs,clusters,sampling,num_epochs,anomaly_detector,accuracy,f1,recall,precision,losses,test_accuracy,test_f1,test_recall,test_precision
30,2,64,64,,0.002551541607346073,removal,0,0.20220644530656817,654,mean,GATConv,768,10,50,sage,100,nearest_neighbors,0.6059701492537314,0.7546468401486989,0.6059701492537314,1.0,"[37.2047963142395, 36.678813457489014, 35.934083223342896, 34.700488805770874, 35.08789610862732, 34.723811626434326, 34.54703891277313, 33.82958710193634, 33.80555987358093, 33.643210887908936, 33.10553443431854, 32.49880337715149, 32.56256318092346, 32.183802127838135, 31.90610432624817, 31.422871351242065, 30.984020590782166, 31.433642029762268, 30.73466992378235, 30.43345046043396, 30.701021909713745, 30.2019259929657, 29.927660584449768, 29.382132053375244, 29.647944688796997, 29.035670399665833, 28.842739820480347, 28.55504059791565, 28.461124777793884, 27.994822025299072, 27.661157846450806, 27.656805396080017, 26.99630308151245, 26.746790051460266, 26.316779732704163, 25.755032777786255, 25.875580430030823, 25.57181489467621, 24.842930555343628, 24.572310209274292, 24.104117393493652, 23.480173468589783, 23.105101823806763, 22.548425674438477, 22.029554963111877, 21.497316360473633, 21.139871835708618, 20.50745189189911, 19.91478192806244, 19.156554698944092, 18.54844379425049, 18.234091997146606, 17.575424671173096, 16.908325672149658, 16.49100822210312, 15.928109109401703, 15.296143591403961, 14.865571320056915, 14.415347158908844, 13.85128265619278, 13.376554429531097, 12.909407258033752, 12.52841317653656, 12.135331928730011, 11.725681722164154, 11.263219058513641, 10.947749972343445, 10.597346723079681, 10.209487617015839, 9.980784058570862, 9.601458668708801, 9.342931807041168, 9.044220983982086, 8.743468403816223, 8.503500819206238, 8.283672332763672, 8.02583733201027, 7.838113844394684, 7.612501889467239, 7.37841922044754, 7.24783393740654, 6.967697232961655, 6.830108016729355, 6.601826578378677, 6.493911594152451, 6.29454231262207, 6.157856345176697, 6.015049934387207, 5.882060796022415, 5.72565820813179, 5.594131499528885, 5.446053862571716, 5.294316440820694, 5.21295902132988, 5.115947753190994, 4.965723305940628, 4.829273849725723, 4.737889677286148, 4.633591264486313, 4.58277627825737]",0.9318007007948038,0.8402722177742193,0.7835013064576335,0.9059128182995253
