alpha,K,layers,hidden_channels,out_channels,norm,dropout,margin,lpl_weight,ratio,seed,aggregation,pos_weight,accuracy,f1,recall,precision
0.5,25,1,256,256,,0,0.5,0.5760479666980095,0.18817069456449825,1,mean,1,0.9517989915391847,0.8982683982683982,0.9294512877939529,0.8691099476439791
0.5,25,1,256,256,,0,0.5,0.5760479666980095,0.18817069456449825,2,mean,1,0.9503461242628836,0.894841628959276,0.9227323628219485,0.8685874912157414
0.5,25,1,256,256,,0,0.5,0.5760479666980095,0.18817069456449825,3,mean,1,0.9547901888727459,0.9040797824116047,0.9305711086226204,0.8790550070521862
0.5,25,1,256,256,,0,0.5,0.5760479666980095,0.18817069456449825,4,mean,1,0.9541064866250748,0.9018102029621503,0.9204927211646137,0.8838709677419355
0.5,25,1,256,256,,0,0.5,0.5760479666980095,0.18817069456449825,5,mean,1,0.9534227843774037,0.9011068771547813,0.9268383725270624,0.8767655367231638
