alpha,K,layers,hidden_channels,out_channels,norm,dropout,margin,lpl_weight,ratio,seed,aggregation,pos_weight,accuracy,f1,recall,precision
0.5,27,2,128,256,,0,0.5,0.7436393590842634,0.018220800233683415,1,mean,1,0.899923083497137,0.7208581644815256,0.5643896976483762,0.9973614775725593
0.5,27,2,128,256,,0,0.5,0.7436393590842634,0.018220800233683415,2,mean,1,0.899153918468507,0.7182425978987583,0.5614035087719298,0.9966865473823724
0.5,27,2,128,256,,0,0.5,0.7436393590842634,0.018220800233683415,3,mean,1,0.8987266045637125,0.7169811320754716,0.5602836879432624,0.9953580901856764
0.5,27,2,128,256,,0,0.5,0.7436393590842634,0.018220800233683415,4,mean,1,0.8988975301256303,0.7175936977798998,0.561030235162374,0.9953642384105961
0.5,27,2,128,256,,0,0.5,0.7436393590842634,0.018220800233683415,5,mean,1,0.8988975301256303,0.7174588010508718,0.5606569615528182,0.9960212201591512
