K,layers,hidden_channels,out_channels,norm,lr,treatment,dropout,ratio,seed,aggregation,model_type,batch_size,rate_pairs,reliable_mini_batch,clusters,accuracy,f1,recall,precision,losses
35,1,128,64,,0.0011021748243785672,removal,0,0.13690375658675594,654,mean,GCNConv,15,6,True,500,0.9445346551576789,0.8797925541766994,0.8865248226950354,0.8731617647058824,"[115.09129989147186, 116.43471801280975, 113.95452427864075, 117.08923625946045, 118.31650733947754, 122.90047633647919, 119.54965281486511, 115.0110455751419, 109.90736138820648, 103.85016977787018, 100.35181474685669, 95.60854637622833, 94.45720613002777, 93.79464995861053, 92.20119678974152, 90.3672502040863, 87.85851299762726, 86.81562554836273, 83.66524195671082, 85.44854819774628, 81.77573049068451, 81.59263563156128, 78.1171487569809, 77.9344881772995, 79.2635065317154, 74.72837740182877, 72.70605897903442, 75.83758968114853, 71.68725347518921, 75.44425177574158, 71.79856085777283, 69.24118781089783, 67.51185047626495, 66.66940152645111, 63.096407771110535, 65.370450258255, 64.21995013952255, 63.05112957954407, 62.09684729576111, 63.25835454463959, 59.595754742622375, 58.64910215139389, 60.676092982292175, 58.2185081243515, 59.0463969707489, 56.81505239009857, 57.059276938438416, 54.852421283721924, 53.01019370555878, 53.86917531490326]"
