alpha,K,layers,hidden_channels,out_channels,norm,dropout,margin,lpl_weight,ratio,seed,aggregation,pos_weight,accuracy,f1,recall,precision
0.5,42,2,256,256,,0,0.5,0.9853725874649019,0.1305154770250751,1,mean,1,0.9600034185112384,0.9107210988172453,0.8910041060097051,0.9313304721030042
0.5,42,2,256,256,,0,0.5,0.9853725874649019,0.1305154770250751,2,mean,1,0.9615417485684984,0.9138920780711826,0.8913773796192609,0.9375736160188457
0.5,42,2,256,256,,0,0.5,0.9853725874649019,0.1305154770250751,3,mean,1,0.9589778651397316,0.9083969465648855,0.8883911907428145,0.929324482623975
0.5,42,2,256,256,,0,0.5,0.9853725874649019,0.1305154770250751,4,mean,1,0.9613708230065806,0.9131771033422974,0.8872713699141471,0.9406410763751484
0.5,42,2,256,256,,0,0.5,0.9853725874649019,0.1305154770250751,5,mean,1,0.9613708230065806,0.9134762633996937,0.8906308324001493,0.937524557956778
