alpha,K,layers,hidden_channels,out_channels,norm,dropout,margin,lpl_weight,ratio,seed,aggregation,pos_weight,accuracy,f1,recall,precision
0.5,27,2,256,256,,0.32193871130199037,0.5,0.21425870897627042,0.29819649001392107,1,mean,1,0.9378685582428852,0.8745903053303433,0.9462486002239642,0.8130211674150096
0.5,27,2,256,256,,0.32193871130199037,0.5,0.21425870897627042,0.29819649001392107,2,mean,1,0.9359029142808307,0.8707787732598208,0.9432624113475178,0.80864
0.5,27,2,256,256,,0.32193871130199037,0.5,0.21425870897627042,0.29819649001392107,3,mean,1,0.9344500470045295,0.869535635312128,0.9540873460246361,0.79875
0.5,27,2,256,256,,0.32193871130199037,0.5,0.21425870897627042,0.29819649001392107,4,mean,1,0.937270318776173,0.874872144561882,0.9578200821201941,0.8051459052400377
0.5,27,2,256,256,,0.32193871130199037,0.5,0.21425870897627042,0.29819649001392107,5,mean,1,0.9470130758054867,0.8914565826330533,0.950354609929078,0.8394329047148038
