alpha,K,layers,hidden_channels,out_channels,norm,dropout,margin,lpl_weight,ratio,seed,aggregation,pos_weight,accuracy,f1,recall,precision
0.2670447224489501,33,2,256,256,layernorm,0.3108759950637202,0.280118936737585,0.23748951318706282,0.10973152161385501,1,mean,1,0.9562430561490471,0.9006982156710628,0.8667413213885778,0.9374243035930561
0.2670447224489501,33,2,256,256,layernorm,0.3108759950637202,0.280118936737585,0.23748951318706282,0.10973152161385501,2,mean,1,0.9545338005298692,0.8968192397207138,0.8630085852930198,0.9333871618893823
0.2670447224489501,33,2,256,256,layernorm,0.3108759950637202,0.280118936737585,0.23748951318706282,0.10973152161385501,3,mean,1,0.9543628749679515,0.8964313421256789,0.862635311683464,0.932983447719015
0.2670447224489501,33,2,256,256,layernorm,0.3108759950637202,0.280118936737585,0.23748951318706282,0.10973152161385501,4,mean,1,0.9552175027775404,0.8983708301008534,0.864501679731243,0.9350020185708519
0.2670447224489501,33,2,256,256,layernorm,0.3108759950637202,0.280118936737585,0.23748951318706282,0.10973152161385501,5,mean,1,0.9538500982821981,0.8952676493405741,0.8615154908547966,0.9317723052079128
