alpha,K,layers,hidden_channels,out_channels,norm,dropout,margin,lpl_weight,ratio,seed,aggregation,pos_weight,accuracy,f1,recall,precision
0.5,30,2,128,256,,0,0.5,0.9155202153399827,0.10268443045618514,1,mean,1,0.950773438167678,0.8844765342960289,0.8230683090705487,0.9557867360208062
0.5,30,2,128,256,,0,0.5,0.9155202153399827,0.10268443045618514,2,mean,1,0.9508589009486369,0.8843291088312211,0.8204553938036581,0.9589877835951134
0.5,30,2,128,256,,0,0.5,0.9155202153399827,0.10268443045618514,3,mean,1,0.953935561063157,0.8920920920920921,0.8316536020903322,0.9620034542314335
0.5,30,2,128,256,,0,0.5,0.9155202153399827,0.10268443045618514,4,mean,1,0.9524826937868558,0.8883085576536762,0.8253079507278835,0.9617224880382775
0.5,30,2,128,256,,0,0.5,0.9155202153399827,0.10268443045618514,5,mean,1,0.9534227843774037,0.8909781956391278,0.8312803284807764,0.9599137931034483
