alpha,K,layers,hidden_channels,out_channels,norm,dropout,margin,lpl_weight,ratio,seed,aggregation,pos_weight,accuracy,f1,recall,precision
0.5,28,2,128,256,,0,0.5,0.9432094106823438,0.19699581048974912,1,mean,1,0.9473549269293223,0.8886881098662812,0.917879805897723,0.8612959719789842
0.5,28,2,128,256,,0,0.5,0.9432094106823438,0.19699581048974912,2,mean,1,0.9494060336723357,0.8922460866399708,0.9148936170212766,0.8706927175843695
0.5,28,2,128,256,,0,0.5,0.9432094106823438,0.19699581048974912,3,mean,1,0.9464148363387744,0.8872910300197735,0.9212392683837253,0.855755894590846
0.5,28,2,128,256,,0,0.5,0.9432094106823438,0.19699581048974912,4,mean,1,0.9494060336723357,0.8923244816296835,0.9156401642403882,0.870166725789287
0.5,28,2,128,256,,0,0.5,0.9432094106823438,0.19699581048974912,5,mean,1,0.9502606614819247,0.8946415640839971,0.9223590892123927,0.8685413005272408
