alpha,K,layers,hidden_channels,out_channels,norm,dropout,margin,lpl_weight,ratio,seed,aggregation,pos_weight,accuracy,f1,recall,precision
0.5,27,2,256,256,,0,0.5,0.4041801038749179,0.140333074656298,1,mean,1,0.9561575933680881,0.9023786869647954,0.8850317282568122,0.9204192546583851
0.5,27,2,256,256,,0,0.5,0.4041801038749179,0.140333074656298,2,mean,1,0.9593197162635673,0.9090909090909091,0.8883911907428145,0.9307782557684787
0.5,27,2,256,256,,0,0.5,0.4041801038749179,0.140333074656298,3,mean,1,0.956328518930006,0.9037845980041423,0.8958566629339306,0.9118541033434651
0.5,27,2,256,256,,0,0.5,0.4041801038749179,0.140333074656298,4,mean,1,0.961028971882745,0.9133079847908745,0.8966032101530422,0.9306470360325455
0.5,27,2,256,256,,0,0.5,0.4041801038749179,0.140333074656298,5,mean,1,0.9592342534826084,0.9092638386912688,0.8921239268383725,0.9270752521334368
