alpha,K,layers,hidden_channels,out_channels,norm,dropout,margin,lpl_weight,ratio,seed,aggregation,pos_weight,accuracy,f1,recall,precision
0.5,40,1,128,256,,0,0.5,0.6561213398778427,0.1474974595079506,1,sum,1,0.9241945132894624,0.8400937443663241,0.8697275102650243,0.8124128312412832
0.5,40,1,128,256,,0,0.5,0.6561213398778427,0.1474974595079506,2,sum,1,0.925305529441928,0.8424657534246576,0.8723404255319149,0.8145695364238411
0.5,40,1,128,256,,0,0.5,0.6561213398778427,0.1474974595079506,3,sum,1,0.9251346038800102,0.8421052631578947,0.8719671519223591,0.8142209829208783
0.5,40,1,128,256,,0,0.5,0.6561213398778427,0.1474974595079506,4,sum,1,0.9235962738227502,0.8388608507570295,0.8686076894363568,0.811084001394214
0.5,40,1,128,256,,0,0.5,0.6561213398778427,0.1474974595079506,5,sum,1,0.9230834971369969,0.8377793799567411,0.8674878686076894,0.8100383408853259
