alpha,K,layers,hidden_channels,out_channels,norm,dropout,margin,lpl_weight,ratio,seed,aggregation,pos_weight,accuracy,f1,recall,precision
0.5,43,2,256,256,,0,0.5,0.9810853222423944,0.13143977120760122,1,mean,1,0.9474403897102812,0.8857089760267608,0.8895110115714819,0.8819393042190969
0.5,43,2,256,256,,0,0.5,0.9810853222423944,0.13143977120760122,2,mean,1,0.9488077942056234,0.8886824010406987,0.8924972004479284,0.884900074019245
0.5,43,2,256,256,,0,0.5,0.9810853222423944,0.13143977120760122,3,mean,1,0.9464148363387744,0.8834789072663074,0.8872713699141471,0.8797187268689859
0.5,43,2,256,256,,0,0.5,0.9810853222423944,0.13143977120760122,4,mean,1,0.9459020596530211,0.8823638728860806,0.8861515490854797,0.8786084381939304
0.5,43,2,256,256,,0,0.5,0.9810853222423944,0.13143977120760122,5,mean,1,0.9474403897102812,0.8857089760267608,0.8895110115714819,0.8819393042190969
