alpha,K,layers,hidden_channels,out_channels,norm,dropout,margin,lpl_weight,ratio,seed,aggregation,pos_weight,accuracy,f1,recall,precision
0.5,44,2,256,256,,0,0.5,0.9710198734078864,0.13672408887271695,1,mean,1,0.9593197162635673,0.9096774193548387,0.8947368421052632,0.9251254341952914
0.5,44,2,256,256,,0,0.5,0.9710198734078864,0.13672408887271695,2,mean,1,0.9605161951969917,0.9124004550625711,0.8980963045912654,0.9271676300578034
0.5,44,2,256,256,,0,0.5,0.9710198734078864,0.13672408887271695,3,mean,1,0.9569267583967183,0.9044730856709629,0.8906308324001493,0.9187524066230266
0.5,44,2,256,256,,0,0.5,0.9710198734078864,0.13672408887271695,4,mean,1,0.9617126741304162,0.9146341463414634,0.8958566629339306,0.9342156481121059
0.5,44,2,256,256,,0,0.5,0.9710198734078864,0.13672408887271695,5,mean,1,0.9616272113494573,0.9146225518159345,0.8977230309817096,0.9321705426356589
