K,layers,hidden_channels,out_channels,norm,lr,treatment,dropout,ratio,seed,aggregation,model_type,batch_size,rate_pairs,clusters,sampling,num_epochs,anomaly_detector,accuracy,f1,recall,precision,losses,test_accuracy,test_f1,test_recall,test_precision
22,2,64,256,,0.005,removal,0,0.15318735889173124,654,mean,GATConv,2048,10,50,sage,100,nearest_neighbors,nan,0.0,0.0,0.0,"[12.676140666007996, 12.244165182113647, 12.037798285484314, 12.06611430644989, 11.858404517173767, 11.70181655883789, 11.76531434059143, 11.62018597126007, 11.337766170501709, 11.211477160453796, 11.2391117811203, 10.976594686508179, 11.013389945030212, 10.875861406326294, 10.858951926231384, 10.543515682220459, 10.418636322021484, 10.384543299674988, 10.393157482147217, 10.354130506515503, 10.115478277206421, 9.999173045158386, 10.000279664993286, 9.941542387008667, 9.732401728630066, 9.661631107330322, 9.57427179813385, 9.494746208190918, 9.373922109603882, 9.337529063224792, 9.19539761543274, 9.13176715373993, 9.024225950241089, 9.091168880462646, 8.92037296295166, 8.762436866760254, 8.789749383926392, 8.746386528015137, 8.557647705078125, 8.467103600502014, 8.43234395980835, 8.269689917564392, 8.221401453018188, 8.086248397827148, 8.072673678398132, 7.962090015411377, 7.879403710365295, 7.755952835083008, 7.708736896514893, 7.521839141845703, 7.46393084526062, 7.398729681968689, 7.266757011413574, 7.220197916030884, 7.144917130470276, 7.092400074005127, 6.8920979499816895, 6.858921408653259, 6.68813681602478, 6.620944023132324, 6.533008575439453, 6.455734014511108, 6.31934380531311, 6.229330658912659, 6.069217503070831, 6.028804242610931, 5.872124910354614, 5.766460537910461, 5.694683194160461, 5.552835524082184, 5.512807846069336, 5.37631368637085, 5.28510981798172, 5.208571493625641, 5.120270669460297, 5.051179051399231, 4.920057833194733, 4.815802872180939, 4.72536838054657, 4.6230674386024475, 4.549964010715485, 4.506220579147339, 4.375623106956482, 4.275215148925781, 4.203068017959595, 4.120115399360657, 4.0431013107299805, 3.9802507162094116, 3.879805862903595, 3.816842198371887, 3.752384603023529, 3.6740660071372986, 3.583698332309723, 3.5327939987182617, 3.4510207176208496, 3.3826457858085632, 3.3330689072608948, 3.225700557231903, 3.2123395800590515, 3.132034420967102]",0.9277096805327671,0.6988339364696421,0.648991784914115,0.7569686411149826
