alpha,K,layers,hidden_channels,out_channels,norm,dropout,margin,lpl_weight,ratio,seed,aggregation,pos_weight,accuracy,f1,recall,precision
0.5,27,2,256,128,,0.17500173402318075,0.5,0.49758362125256717,0.14044121274131155,1,mean,1,0.9585505512349372,0.9073543457497613,0.8865248226950354,0.9291862284820032
0.5,27,2,256,128,,0.17500173402318075,0.5,0.49758362125256717,0.14044121274131155,2,mean,1,0.9564139817109649,0.90315229775921,0.8876446435237029,0.9192114418245072
0.5,27,2,256,128,,0.17500173402318075,0.5,0.49758362125256717,0.14044121274131155,3,mean,1,0.9553884283394581,0.9009863429438544,0.8865248226950354,0.9159274971075974
0.5,27,2,256,128,,0.17500173402318075,0.5,0.49758362125256717,0.14044121274131155,4,mean,1,0.9582941628920605,0.9069412662090007,0.8876446435237029,0.9270955165692008
0.5,27,2,256,128,,0.17500173402318075,0.5,0.49758362125256717,0.14044121274131155,5,mean,1,0.9590633279206905,0.9083954867087397,0.8865248226950354,0.9313725490196079
