K,layers,hidden_channels,out_channels,norm,lr,treatment,dropout,ratio,seed,aggregation,model_type,batch_size,rate_pairs,clusters,sampling,sampling_k,num_epochs,anomaly_detector,accuracy,f1,recall,precision,losses
5,1,128,256,,0.004814620475634277,removal,0,0.22196325435020456,654,mean,GCNConv,1024,1,100,neighbor,25,100,nearest_neighbors,0.8925732843346722,0.7607081667618504,0.7458006718924972,0.7762237762237763,"[12.83263111114502, 12.330919981002808, 11.960917711257935, 11.660554230213165, 11.261236250400543, 10.99275553226471, 10.671018242835999, 10.260195970535278, 9.933640837669373, 9.635489881038666, 9.24456399679184, 8.976090848445892, 8.635972619056702, 8.244479298591614, 7.931142508983612, 7.637464761734009, 7.303217828273773, 7.056559383869171, 6.807532846927643, 6.57112717628479, 6.2600061893463135, 6.035009384155273, 5.759077787399292, 5.569105803966522, 5.327580094337463, 5.126859068870544, 4.920078545808792, 4.70752090215683, 4.574313789606094, 4.385653734207153, 4.203360617160797, 4.042484521865845, 3.928066611289978, 3.787863254547119, 3.645367592573166, 3.5060143172740936, 3.4105610847473145, 3.2628884315490723, 3.17569363117218, 3.0649247467517853, 2.9728620797395706, 2.891795352101326, 2.7836848944425583, 2.722055047750473, 2.6296311765909195, 2.534089908003807, 2.4759567975997925, 2.4246853590011597, 2.3253883868455887, 2.274256616830826, 2.2113461792469025, 2.1519187539815903, 2.089544504880905, 2.0310892313718796, 1.9685951173305511, 1.941666692495346, 1.8790162950754166, 1.840687870979309, 1.7915751039981842, 1.7346764653921127, 1.6914250254631042, 1.6642331033945084, 1.6228584796190262, 1.586688593029976, 1.5598973482847214, 1.5189058855175972, 1.4809823334217072, 1.4518009573221207, 1.4076397195458412, 1.3803433328866959, 1.3476207479834557, 1.3249299451708794, 1.2984543964266777, 1.2632809653878212, 1.2343173995614052, 1.2090533375740051, 1.1824412271380424, 1.1646118015050888, 1.1452419236302376, 1.1232998594641685, 1.092986673116684, 1.0848581567406654, 1.0543803870677948, 1.037739373743534, 1.017140045762062, 1.0012568980455399, 0.9838749915361404, 0.9612985029816628, 0.9486825987696648, 0.930643767118454, 0.9176016226410866, 0.901254415512085, 0.8893482461571693, 0.866618312895298, 0.8511785641312599, 0.8382183760404587, 0.8230793848633766, 0.810457356274128, 0.7971435487270355, 0.7797621786594391]"
