alpha,K,layers,hidden_channels,out_channels,norm,dropout,margin,lpl_weight,ratio,seed,aggregation,pos_weight,accuracy,f1,recall,precision
0.2258079344734938,35,2,64,256,layernorm,0.3205123765860619,0.256656931305036,0.5178744023818923,0.16619236697479545,1,mean,1,0.938039483804803,0.8737153805957151,0.9361702127659575,0.8190725016329197
0.2258079344734938,35,2,64,256,layernorm,0.3205123765860619,0.256656931305036,0.5178744023818923,0.16619236697479545,2,mean,1,0.9392359627382275,0.8761539801428323,0.938783128032848,0.8213585891574134
0.2258079344734938,35,2,64,256,layernorm,0.3205123765860619,0.256656931305036,0.5178744023818923,0.16619236697479545,3,mean,1,0.9395778138620631,0.8768507228705801,0.9395296752519597,0.8220117570215545
0.2258079344734938,35,2,64,256,layernorm,0.3205123765860619,0.256656931305036,0.5178744023818923,0.16619236697479545,4,mean,1,0.9366720793094607,0.870928409684724,0.933184023889511,0.8164598301763554
0.2258079344734938,35,2,64,256,layernorm,0.3205123765860619,0.256656931305036,0.5178744023818923,0.16619236697479545,5,mean,1,0.9392359627382275,0.8761539801428323,0.938783128032848,0.8213585891574134
