alpha,K,layers,hidden_channels,out_channels,norm,dropout,margin,lpl_weight,ratio,seed,aggregation,pos_weight,accuracy,f1,recall,precision
0.5,29,1,128,256,,0,0.5,0.7103404289334582,0.17088023994805743,1,mean,1,0.9496624220152123,0.8898447727697775,0.8880179171332587,0.8916791604197901
0.5,29,1,128,256,,0,0.5,0.7103404289334582,0.17088023994805743,2,mean,1,0.9524826937868558,0.896538890956457,0.8992161254199328,0.8938775510204081
0.5,29,1,128,256,,0,0.5,0.7103404289334582,0.17088023994805743,3,mean,1,0.9521408426630202,0.8964113947465778,0.9044419559537141,0.8885221855518886
0.5,29,1,128,256,,0,0.5,0.7103404289334582,0.17088023994805743,4,mean,1,0.9527390821297325,0.8973073351903436,0.9018290406868235,0.8928307464892831
0.5,29,1,128,256,,0,0.5,0.7103404289334582,0.17088023994805743,5,mean,1,0.953080933253568,0.898050139275766,0.9025755879059351,0.893569844789357
