K,layers,hidden_channels,out_channels,norm,lr,treatment,dropout,ratio,seed,aggregation,model_type,batch_size,rate_pairs,clusters,sampling,sampling_k,num_epochs,anomaly_detector,accuracy,f1,recall,precision,losses
9,2,64,128,,0.009047889744713981,removal,0,0.09962612986828466,654,mean,GATConv,15,3,50,cluster,50,100,nearest_neighbors,0.9305187590804205,0.8316421619382895,0.7495334079880552,0.933953488372093,"[6.961589217185974, 5.9262144565582275, 6.100536823272705, 6.268929839134216, 6.459872364997864, 6.736944794654846, 5.82163667678833, 5.725017070770264, 6.560175538063049, 6.079317688941956, 5.878325700759888, 5.274893760681152, 6.986155867576599, 5.203397631645203, 5.148078560829163, 5.121294260025024, 4.9055255651474, 4.901710033416748, 4.743790149688721, 4.919723749160767, 4.8387837409973145, 4.5539790987968445, 4.519854664802551, 4.865463197231293, 4.238781690597534, 4.188472509384155, 4.5274986028671265, 4.326244533061981, 3.935030937194824, 3.906786024570465, 4.0914958119392395, 3.6767380237579346, 3.9181822538375854, 3.7641285061836243, 3.500706374645233, 3.9243553280830383, 3.4216479659080505, 3.370767295360565, 3.454629361629486, 3.439148247241974, 3.0638800859451294, 3.2861459255218506, 3.113796055316925, 2.9728135466575623, 2.8187186121940613, 2.8556588292121887, 2.891294777393341, 2.7524622082710266, 2.6027421355247498, 2.4573367834091187, 2.6358007192611694, 2.5701591968536377, 2.3212011456489563, 2.427531361579895, 2.4507559537887573, 2.1621498465538025, 2.1048665940761566, 2.182171404361725, 2.277799516916275, 1.9977983236312866, 2.124610513448715, 2.0054030418395996, 1.9792440831661224, 1.909640610218048, 1.8195061087608337, 1.7777040898799896, 1.8675596415996552, 1.6858689188957214, 1.6412304639816284, 1.6419537961483002, 1.6378085017204285, 1.5670482814311981, 1.5635550618171692, 1.4939867854118347, 1.4587385654449463, 1.540518879890442, 1.4965840578079224, 1.4205198884010315, 1.493118017911911, 1.30505833029747, 1.411620944738388, 1.3347279131412506, 1.313139259815216, 1.315847009420395, 1.1986051797866821, 1.2543842196464539, 1.2396902740001678, 1.1186770498752594, 1.146505057811737, 1.2025755643844604, 1.1922737061977386, 1.1542607545852661, 1.1158923208713531, 1.025899052619934, 1.0101391077041626, 1.0201775282621384, 1.051381677389145, 1.0476901680231094, 1.0289682745933533, 0.9136444926261902]"
