K,layers,hidden_channels,out_channels,norm,lr,treatment,dropout,ratio,seed,aggregation,model_type,batch_size,rate_pairs,reliable_mini_batch,clusters,accuracy,f1,recall,precision,losses
40,2,256,256,,0.0037170359978813995,relabeling,0,0.16898909272765286,654,sum,GCNConv,15,1,True,400,0.9225707204512434,0.8429809358752166,0.9078014184397163,0.7868003882238758,"[87.67128777503967, 94.85502219200134, 89.26501703262329, 89.0095591545105, 87.93032538890839, 80.02163648605347, 68.44226515293121, 59.916719913482666, 60.48272031545639, 55.11664021015167, 48.74168914556503, 45.67891150712967, 44.014722645282745, 41.60730594396591, 38.69179743528366, 37.03519421815872, 34.85019671916962, 33.04243874549866, 31.640148878097534, 30.49076196551323, 29.000101804733276, 27.48500880599022, 27.265402644872665, 25.471182376146317, 23.565054148435593, 23.299512088298798, 22.397077292203903, 20.707163900136948, 20.28448450565338, 18.98045438528061, 18.83748322725296, 17.695317268371582, 17.242676198482513, 16.4173786342144, 15.606844037771225, 14.805453538894653, 14.451264783740044, 13.88641507923603, 13.260945439338684, 12.780358493328094, 12.660630539059639, 11.983044520020485, 11.343542456626892, 11.247948050498962, 11.21537820994854, 10.587524458765984, 9.856798127293587, 9.57620157301426, 9.018962249159813, 9.299847945570946]"
