alpha,K,layers,hidden_channels,out_channels,norm,dropout,margin,lpl_weight,ratio,seed,aggregation,pos_weight,accuracy,f1,recall,precision
0.8303037101969165,35,2,128,128,,0.21290474828891143,0.3493244898168671,0.6701317486298253,0.10039569745785705,1,sum,1,0.9447910435005555,0.8706965572457966,0.8118701007838746,0.9387138541217092
0.8303037101969165,35,2,128,128,,0.21290474828891143,0.3493244898168671,0.6701317486298253,0.10039569745785705,2,sum,1,0.9468421502435689,0.8757491010787055,0.8182157521463232,0.9419853889127632
0.8303037101969165,35,2,128,128,,0.21290474828891143,0.3493244898168671,0.6701317486298253,0.10039569745785705,3,sum,1,0.947611315272199,0.877571400039944,0.8200821201941023,0.9437285223367697
0.8303037101969165,35,2,128,128,,0.21290474828891143,0.3493244898168671,0.6701317486298253,0.10039569745785705,4,sum,1,0.9484659430817879,0.8797607178464606,0.8234415826801045,0.9443493150684932
0.8303037101969165,35,2,128,128,,0.21290474828891143,0.3493244898168671,0.6701317486298253,0.10039569745785705,5,sum,1,0.9446201179386378,0.8707618667730355,0.814856289660321,0.9349036402569593
