K,layers,hidden_channels,out_channels,norm,lr,treatment,dropout,ratio,seed,aggregation,model_type,batch_size,rate_pairs,clusters,sampling,num_epochs,anomaly_detector,accuracy,f1,recall,precision,losses,test_accuracy,test_f1,test_recall,test_precision
17,3,256,128,,0.005,removal,0,0.1829908284132987,654,mean,GATConv,1024,10,50,sage,100,nearest_neighbors,nan,0.0,0.0,0.0,"[19.868685841560364, 19.389830470085144, 19.406563997268677, 19.335458993911743, 18.88709819316864, 18.574401378631592, 18.306918740272522, 18.029675364494324, 17.826842188835144, 17.265735387802124, 17.199734807014465, 16.721521139144897, 16.689970016479492, 16.08186984062195, 15.853124618530273, 15.499037623405457, 15.061607718467712, 14.686689972877502, 14.377041459083557, 13.91013491153717, 13.519181489944458, 13.175073862075806, 12.64700174331665, 12.136823952198029, 11.668579757213593, 11.101000249385834, 10.706223666667938, 10.316732287406921, 9.88982778787613, 9.445095598697662, 8.98682850599289, 8.589149713516235, 8.192942380905151, 7.814577698707581, 7.504454016685486, 7.101163685321808, 6.77121239900589, 6.495768666267395, 6.1992878913879395, 5.8841350972652435, 5.65289694070816, 5.420800060033798, 5.220892608165741, 4.944051951169968, 4.793489426374435, 4.594163149595261, 4.4228819608688354, 4.249074578285217, 4.092587798833847, 3.931288182735443, 3.7914306819438934, 3.6803583800792694, 3.5362305641174316, 3.411654680967331, 3.3018756210803986, 3.1708580553531647, 3.0888528525829315, 2.978475570678711, 2.887502998113632, 2.7949328571558, 2.7326526045799255, 2.6480910629034042, 2.583081528544426, 2.5112374275922775, 2.4272445142269135, 2.3619385063648224, 2.279317170381546, 2.22628453373909, 2.1760557889938354, 2.114041194319725, 2.0528924465179443, 2.0053756535053253, 1.9497969150543213, 1.9209658950567245, 1.8592116385698318, 1.8134639710187912, 1.7726018577814102, 1.7293086051940918, 1.7107815444469452, 1.6576671451330185, 1.6253299713134766, 1.5801117420196533, 1.5466642752289772, 1.5091740563511848, 1.4799221754074097, 1.4534665271639824, 1.4223963245749474, 1.3785685896873474, 1.372020922601223, 1.3376175984740257, 1.3092763349413872, 1.2825736925005913, 1.253632865846157, 1.2301767766475677, 1.2145458459854126, 1.1860856711864471, 1.1687538623809814, 1.1490425392985344, 1.1270456984639168, 1.1001667752861977]",0.8742399382299005,0.4752315747080145,0.4406273338312173,0.5157342657342657
