alpha,K,layers,hidden_channels,out_channels,norm,dropout,margin,lpl_weight,ratio,seed,aggregation,pos_weight,accuracy,f1,recall,precision
0.5,34,2,256,128,,0,0.5,0.8413468772295923,0.19065735389208652,1,sum,1,0.9010340996496026,0.8068712474983322,0.9029488615154908,0.7292734398552909
0.5,34,2,256,128,,0,0.5,0.8413468772295923,0.19065735389208652,2,sum,1,0.8992393812494659,0.8033361134278566,0.898842851810377,0.7261761158021713
0.5,34,2,256,128,,0,0.5,0.8413468772295923,0.19065735389208652,3,sum,1,0.9001794718400137,0.8052034689793195,0.9010824934677119,0.7277660536629484
0.5,34,2,256,128,,0,0.5,0.8413468772295923,0.19065735389208652,4,sum,1,0.9021451158020682,0.8090075062552127,0.9051885031728257,0.7313027744270205
0.5,34,2,256,128,,0,0.5,0.8413468772295923,0.19065735389208652,5,sum,1,0.8997521579352192,0.8044022011005503,0.9003359462486002,0.7269439421338155
