alpha,K,layers,hidden_channels,out_channels,norm,dropout,margin,lpl_weight,ratio,seed,aggregation,pos_weight,accuracy,f1,recall,precision
0.28570608558953753,35,2,256,256,layernorm,0.4198608436815835,0.23085997888647106,0.5526655816901015,0.12894060220408676,1,mean,1,0.9541064866250748,0.8997198879551821,0.8992161254199328,0.9002242152466368
0.28570608558953753,35,2,256,256,layernorm,0.4198608436815835,0.23085997888647106,0.5526655816901015,0.12894060220408676,2,mean,1,0.9553029655584993,0.9023342670401494,0.9018290406868235,0.9028400597907325
0.28570608558953753,35,2,256,256,layernorm,0.4198608436815835,0.23085997888647106,0.5526655816901015,0.12894060220408676,3,mean,1,0.953935561063157,0.8993464052287582,0.898842851810377,0.8998505231689088
0.28570608558953753,35,2,256,256,layernorm,0.4198608436815835,0.23085997888647106,0.5526655816901015,0.12894060220408676,4,mean,1,0.9532518588154859,0.8978524743230626,0.8973497573721538,0.898355754857997
0.28570608558953753,35,2,256,256,layernorm,0.4198608436815835,0.23085997888647106,0.5526655816901015,0.12894060220408676,5,mean,1,0.9537646355012392,0.8989729225023343,0.8984695782008212,0.8994768310911808
