alpha,K,layers,hidden_channels,out_channels,norm,dropout,margin,lpl_weight,ratio,seed,aggregation,pos_weight,accuracy,f1,recall,precision
0.2674220264381494,35,2,256,256,layernorm,0.29383389263041026,0.3220483530925544,0.24958944411343165,0.1328521041800462,1,mean,1,0.9524826937868558,0.8969607116382505,0.9033221351250467,0.8906882591093117
0.2674220264381494,35,2,256,256,layernorm,0.29383389263041026,0.3220483530925544,0.24958944411343165,0.1328521041800462,2,mean,1,0.9529954704726091,0.8980726464047443,0.9044419559537141,0.8917924181082075
0.2674220264381494,35,2,256,256,layernorm,0.29383389263041026,0.3220483530925544,0.24958944411343165,0.1328521041800462,3,mean,1,0.9516280659772669,0.8951074870274277,0.9014557670772676,0.888847994111152
0.2674220264381494,35,2,256,256,layernorm,0.29383389263041026,0.3220483530925544,0.24958944411343165,0.1328521041800462,4,mean,1,0.9521408426630202,0.8962194217939214,0.9025755879059351,0.8899521531100478
0.2674220264381494,35,2,256,256,layernorm,0.29383389263041026,0.3220483530925544,0.24958944411343165,0.1328521041800462,5,mean,1,0.9524826937868558,0.8969607116382505,0.9033221351250467,0.8906882591093117
