K,layers,hidden_channels,out_channels,norm,lr,treatment,dropout,ratio,seed,aggregation,model_type,batch_size,rate_pairs,clusters,sampling,sampling_k,num_epochs,anomaly_detector,accuracy,f1,recall,precision,losses
20,1,256,128,,0.009884477087077294,removal,0,0.11892440126589392,654,mean,GCNConv,15,13,50,cluster,75,100,nearest_neighbors,0.9441928040338433,0.8701014521583449,0.8163493840985442,0.9314310051107325,"[11.925906538963318, 9.731634378433228, 8.823612928390503, 8.531033158302307, 10.738603591918945, 8.193618178367615, 7.941985487937927, 9.180416345596313, 8.333681106567383, 7.64022159576416, 7.779093027114868, 7.51185142993927, 8.14342474937439, 8.700585842132568, 7.834458112716675, 7.694270610809326, 8.350048065185547, 7.2009299993515015, 7.730932116508484, 7.0711106061935425, 6.699676513671875, 8.208361506462097, 7.931906580924988, 6.924386143684387, 7.386027812957764, 7.666883587837219, 6.335784673690796, 6.695618152618408, 7.120554208755493, 6.5666868686676025, 6.948215961456299, 5.893543004989624, 6.662630319595337, 5.784573316574097, 6.602908253669739, 5.64988648891449, 6.392190217971802, 5.932376384735107, 6.164435505867004, 5.794989228248596, 5.2166701555252075, 4.7899980545043945, 5.534867882728577, 5.412523627281189, 4.748987436294556, 5.294597268104553, 4.487244248390198, 4.291008114814758, 4.668108761310577, 4.749752223491669, 4.168595910072327, 3.863935351371765, 3.7460438013076782, 3.830460846424103, 3.7116041779518127, 4.166450023651123, 3.528233051300049, 4.072377860546112, 3.2872735261917114, 3.3274378180503845, 3.5319271087646484, 3.2775877714157104, 3.0665778517723083, 3.264227330684662, 2.9351441264152527, 2.880392074584961, 2.805589973926544, 2.8905680775642395, 2.6685925722122192, 2.6442875266075134, 2.52738755941391, 2.621679127216339, 2.3831865191459656, 2.5122170448303223, 2.3981040120124817, 2.429267108440399, 2.148639976978302, 2.124987453222275, 2.1178779900074005, 2.116387128829956, 2.0582548081874847, 2.0286686718463898, 2.2294650077819824, 2.1394419074058533, 2.0127677023410797, 1.82193261384964, 1.8612171709537506, 1.914501816034317, 1.8415018320083618, 1.7129393219947815, 1.655427634716034, 1.6798555850982666, 1.6218454241752625, 1.5818633437156677, 1.4732698202133179, 1.589025855064392, 1.4740287363529205, 1.430342584848404, 1.4379290044307709, 1.4368992447853088]"
