alpha,K,layers,hidden_channels,out_channels,norm,dropout,margin,lpl_weight,ratio,seed,aggregation,pos_weight,accuracy,f1,recall,precision
0.5,37,2,256,128,,0,0.5,0.9083803495299679,0.2834127730334131,1,mean,1,0.8473634732074181,0.7432432432432432,0.9649122807017544,0.6043956043956044
0.5,37,2,256,128,,0,0.5,0.9083803495299679,0.2834127730334131,2,mean,1,0.8477053243312538,0.7438182863714778,0.965658827920866,0.6048632218844985
0.5,37,2,256,128,,0,0.5,0.9083803495299679,0.2834127730334131,3,mean,1,0.8489018032646782,0.745830937320299,0.9682717431877567,0.6064998830956277
0.5,37,2,256,128,,0,0.5,0.9083803495299679,0.2834127730334131,4,mean,1,0.8500982821981027,0.7478435882691202,0.9708846584546472,0.6081365443067571
0.5,37,2,256,128,,0,0.5,0.9083803495299679,0.2834127730334131,5,mean,1,0.8502692077600205,0.7481311098332375,0.9712579320642031,0.6083703530512041
