alpha,K,layers,hidden_channels,out_channels,norm,dropout,margin,lpl_weight,ratio,seed,aggregation,pos_weight,accuracy,f1,recall,precision
0.5,44,2,256,256,,0,0.5,0.9802120242431164,0.1303409299305306,1,mean,1,0.9607725835398684,0.9122538711527433,0.8906308324001493,0.9349529780564263
0.5,44,2,256,256,,0,0.5,0.9802120242431164,0.1303409299305306,2,mean,1,0.9600888812921973,0.9105535338057843,0.8872713699141471,0.9350904799370574
0.5,44,2,256,256,,0,0.5,0.9802120242431164,0.1303409299305306,3,mean,1,0.9575249978634305,0.9049894857579812,0.883538633818589,0.9275078369905956
0.5,44,2,256,256,,0,0.5,0.9802120242431164,0.1303409299305306,4,mean,1,0.9629091530638407,0.9166346523242412,0.8906308324001493,0.9442026117926395
0.5,44,2,256,256,,0,0.5,0.9802120242431164,0.1303409299305306,5,mean,1,0.9630800786257585,0.9171143514965464,0.8921239268383725,0.9435452033162258
