alpha,K,layers,hidden_channels,out_channels,norm,dropout,margin,lpl_weight,ratio,seed,aggregation,pos_weight,accuracy,f1,recall,precision
0.5,45,2,256,256,,0,0.5,0.8549214934669267,0.11189209107119436,1,mean,1,0.9561575933680881,0.8990356229088762,0.8525569242254573,0.9508742714404663
0.5,45,2,256,256,,0,0.5,0.8549214934669267,0.11189209107119436,2,mean,1,0.9582087001111016,0.9037212049616066,0.8566629339305711,0.95625
0.5,45,2,256,256,,0,0.5,0.8549214934669267,0.11189209107119436,3,mean,1,0.956328518930006,0.8996267923787076,0.8547965658827921,0.9494195688225538
0.5,45,2,256,256,,0,0.5,0.8549214934669267,0.11189209107119436,4,mean,1,0.9588069395778138,0.9053045186640472,0.8600223964165733,0.9556200746578183
0.5,45,2,256,256,,0,0.5,0.8549214934669267,0.11189209107119436,5,mean,1,0.9568412956157594,0.900256764763974,0.8506905561776782,0.9559563758389261
