alpha,K,layers,hidden_channels,out_channels,norm,dropout,margin,lpl_weight,ratio,seed,aggregation,pos_weight,accuracy,f1,recall,precision
0.3550773461077843,28,2,256,128,layernorm,0.17407591637864495,0.8374569479625883,0.8173330453434202,0.3813444753483398,1,sum,1,0.8799247927527561,0.7800907810298952,0.9301978350130645,0.6716981132075471
0.3550773461077843,28,2,256,128,layernorm,0.17407591637864495,0.8374569479625883,0.8173330453434202,0.3813444753483398,2,sum,1,0.8813776600290574,0.782035175879397,0.9294512877939529,0.6749796692870697
0.3550773461077843,28,2,256,128,layernorm,0.17407591637864495,0.8374569479625883,0.8173330453434202,0.3813444753483398,3,sum,1,0.8653106572087855,0.7591687041564792,0.9272116461366181,0.6426908150064683
0.3550773461077843,28,2,256,128,layernorm,0.17407591637864495,0.8374569479625883,0.8173330453434202,0.3813444753483398,4,sum,1,0.8811212716861807,0.7815297628396419,0.9287047405748413,0.6746203904555315
0.3550773461077843,28,2,256,128,layernorm,0.17407591637864495,0.8374569479625883,0.8173330453434202,0.3813444753483398,5,sum,1,0.8722331424664559,0.7682529840334832,0.9249720044792833,0.6569459172852599
