alpha,K,layers,hidden_channels,out_channels,norm,dropout,margin,lpl_weight,ratio,seed,aggregation,pos_weight,accuracy,f1,recall,precision
0.5,27,2,128,256,,0,0.5,0.9263423814418904,0.05334070482202247,1,mean,1,0.924536364413298,0.8069101246446534,0.6886898096304591,0.9741288278775079
0.5,27,2,128,256,,0,0.5,0.9263423814418904,0.05334070482202247,2,mean,1,0.9249636783180925,0.8079615048118985,0.6894363568495707,0.9756999471737982
0.5,27,2,128,256,,0,0.5,0.9263423814418904,0.05334070482202247,3,mean,1,0.9259892316895992,0.810586176727909,0.6916759985069055,0.9788695192815636
0.5,27,2,128,256,,0,0.5,0.9263423814418904,0.05334070482202247,4,mean,1,0.9260746944705581,0.8108462715941395,0.6920492721164614,0.9788806758183738
0.5,27,2,128,256,,0,0.5,0.9263423814418904,0.05334070482202247,5,mean,1,0.9275275617468592,0.8145231846019247,0.6950354609929078,0.9836238774432118
