alpha,K,layers,hidden_channels,out_channels,norm,dropout,margin,lpl_weight,ratio,seed,aggregation,pos_weight,accuracy,f1,recall,precision
0.5,45,2,256,256,,0,0.5,0.9228456641548015,0.16505261372103164,1,mean,1,0.9559866678061704,0.9051390679683183,0.9171332586786114,0.8934545454545455
0.5,45,2,256,256,,0,0.5,0.9228456641548015,0.16505261372103164,2,mean,1,0.9572686095205538,0.9070631970260223,0.9107876073161627,0.9033691225472047
0.5,45,2,256,256,,0,0.5,0.9228456641548015,0.16505261372103164,3,mean,1,0.9546192633108281,0.9026581118240147,0.9189996267263905,0.8868876080691642
0.5,45,2,256,256,,0,0.5,0.9228456641548015,0.16505261372103164,4,mean,1,0.959490641825485,0.9122871946706144,0.9201194475550578,0.9045871559633027
0.5,45,2,256,256,,0,0.5,0.9228456641548015,0.16505261372103164,5,mean,1,0.957866848987266,0.9082449283454309,0.9107876073161627,0.9057164068299925
