K,layers,hidden_channels,out_channels,norm,lr,treatment,dropout,ratio,seed,aggregation,model_type,batch_size,rate_pairs,clusters,sampling,sampling_k,num_epochs,anomaly_detector,accuracy,f1,recall,precision,losses
2,2,128,128,,0.00326884684470808,removal,0,0.14918893648061562,654,mean,GCNConv,15,13,400,cluster,50,100,nearest_neighbors,0.9417143833860354,0.8637634838194167,0.8070175438596491,0.9290932531155995,"[15.966086357831955, 14.754018813371658, 14.567347049713135, 13.29463991522789, 12.693615406751633, 11.985339105129242, 11.205193608999252, 10.386980086565018, 9.702468752861023, 9.329275399446487, 8.649465292692184, 8.102842181921005, 7.850238963961601, 7.296812549233437, 6.993728339672089, 6.600403755903244, 6.2085359543561935, 5.8704250901937485, 5.66761788725853, 5.313109323382378, 5.044307425618172, 4.763334661722183, 4.591732352972031, 4.386419504880905, 4.1433335095644, 4.051797144114971, 3.7866377979516983, 3.653820998966694, 3.5146274715662003, 3.397109977900982, 3.2436310946941376, 3.0837646797299385, 3.0210771709680557, 2.870342679321766, 2.7192993834614754, 2.6260418742895126, 2.6157518178224564, 2.5188058242201805, 2.385958693921566, 2.276602331548929, 2.2094095051288605, 2.1196812242269516, 2.0758153088390827, 1.9796241037547588, 1.9172228872776031, 1.8786199651658535, 1.791939064860344, 1.7445506639778614, 1.6880056411027908, 1.6501180902123451, 1.6017258390784264, 1.5599530637264252, 1.5014598183333874, 1.4800539463758469, 1.4319060519337654, 1.3766594529151917, 1.3379177916795015, 1.3029142431914806, 1.249668225646019, 1.2396236024796963, 1.2036823332309723, 1.199534397572279, 1.1416457258164883, 1.098181700333953, 1.087408859282732, 1.0236707925796509, 1.01889144256711, 1.0069148913025856, 0.9941657204180956, 0.9494269620627165, 0.9159645829349756, 0.9109055399894714, 0.8907455392181873, 0.8457255456596613, 0.8295934535562992, 0.8122394178062677, 0.8141024298965931, 0.7968159429728985, 0.7531943842768669, 0.7594103161245584, 0.7345539350062609, 0.736164715141058, 0.6974796373397112, 0.6834259498864412, 0.6717623323202133, 0.6625910401344299, 0.6522955913096666, 0.6259119100868702, 0.6240082122385502, 0.5976850166916847, 0.5884913336485624, 0.579199206084013, 0.5624619349837303, 0.5517055643722415, 0.5450575305148959, 0.5357937393710017, 0.518819123506546, 0.5131269348785281, 0.502549103461206, 0.49571718741208315]"
