alpha,K,layers,hidden_channels,out_channels,norm,dropout,margin,lpl_weight,ratio,seed,aggregation,pos_weight,accuracy,f1,recall,precision
0.5,40,1,256,128,,0.3698970803917062,0.5,0.3739540510095978,0.0659803882490818,1,mean,1,0.9329971797282284,0.8311800172265289,0.7204180664427025,0.9821882951653944
0.5,40,1,256,128,,0.3698970803917062,0.5,0.3739540510095978,0.0659803882490818,2,mean,1,0.9333390308520639,0.832258064516129,0.7222844344904815,0.9817351598173516
0.5,40,1,256,128,,0.3698970803917062,0.5,0.3739540510095978,0.0659803882490818,3,mean,1,0.9349628236902828,0.8370798544208948,0.7297499066815976,0.981425702811245
0.5,40,1,256,128,,0.3698970803917062,0.5,0.3739540510095978,0.0659803882490818,4,mean,1,0.9343645842235706,0.8352638352638353,0.7267637178051511,0.9818456883509834
0.5,40,1,256,128,,0.3698970803917062,0.5,0.3739540510095978,0.0659803882490818,5,mean,1,0.932484403042475,0.8298147350280052,0.7189249720044792,0.9811512990320937
