alpha,K,layers,hidden_channels,out_channels,norm,dropout,margin,lpl_weight,ratio,seed,aggregation,pos_weight,accuracy,f1,recall,precision
0.42535373194458426,33,1,128,256,,0.4303722193233806,0.262579712421941,0.8879243230742375,0.1516309482182124,1,mean,1,0.9465002991197333,0.8880143112701252,0.9264650989175065,0.8526279628993473
0.42535373194458426,33,1,128,256,,0.4303722193233806,0.262579712421941,0.8879243230742375,0.1516309482182124,2,mean,1,0.9439364156909665,0.8826475849731664,0.9208659947741694,0.8474750944692545
0.42535373194458426,33,1,128,256,,0.4303722193233806,0.262579712421941,0.8879243230742375,0.1516309482182124,3,mean,1,0.9465002991197333,0.8880143112701252,0.9264650989175065,0.8526279628993473
0.42535373194458426,33,1,128,256,,0.4303722193233806,0.262579712421941,0.8879243230742375,0.1516309482182124,4,mean,1,0.9456456713101444,0.8862254025044722,0.9245987308697275,0.8509103400893164
0.42535373194458426,33,1,128,256,,0.4303722193233806,0.262579712421941,0.8879243230742375,0.1516309482182124,5,mean,1,0.9463293735578155,0.8876565295169946,0.9260918253079508,0.8522844383373411
