K,layers,hidden_channels,out_channels,norm,lr,treatment,dropout,ratio,seed,aggregation,model_type,batch_size,rate_pairs,clusters,sampling,num_epochs,anomaly_detector,accuracy,f1,recall,precision,losses,test_accuracy,test_f1,test_recall,test_precision
14,3,128,128,,0.005,removal,0,0.22668839753269998,654,mean,GATConv,4096,10,50,sage,100,nearest_neighbors,nan,0.0,0.0,0.0,"[5.407255172729492, 5.552539587020874, 5.507165551185608, 5.438724756240845, 5.359625935554504, 5.337643265724182, 5.29094922542572, 5.341708421707153, 5.267668604850769, 5.277685284614563, 5.222952961921692, 5.175101041793823, 5.219181418418884, 5.108626484870911, 5.130288362503052, 5.110389232635498, 5.02053165435791, 5.078989028930664, 5.011045813560486, 4.983735799789429, 5.0049121379852295, 4.905738472938538, 4.9110267162323, 4.81486964225769, 4.865736126899719, 4.8440223932266235, 4.724673271179199, 4.733609080314636, 4.679741740226746, 4.668159484863281, 4.703433871269226, 4.652924060821533, 4.60631799697876, 4.590536594390869, 4.558078050613403, 4.579713344573975, 4.5259586572647095, 4.485934615135193, 4.459343314170837, 4.451300501823425, 4.427577495574951, 4.342793107032776, 4.36937141418457, 4.315781950950623, 4.320590853691101, 4.287833571434021, 4.254517912864685, 4.201968789100647, 4.201201438903809, 4.172409415245056, 4.154464364051819, 4.0700072050094604, 4.066378951072693, 4.109193921089172, 4.01653516292572, 3.959992527961731, 3.967735528945923, 3.9637653827667236, 3.9080358743667603, 3.888354778289795, 3.8775445222854614, 3.827505588531494, 3.786737084388733, 3.816318154335022, 3.7607961893081665, 3.694759488105774, 3.7402983903884888, 3.67357861995697, 3.646079897880554, 3.6740089654922485, 3.6222418546676636, 3.5780107975006104, 3.5609747171401978, 3.547387480735779, 3.518768787384033, 3.479744553565979, 3.4695264101028442, 3.4591264724731445, 3.4147216081619263, 3.400180220603943, 3.3359885215759277, 3.3095285892486572, 3.3146677017211914, 3.264369487762451, 3.256300926208496, 3.2470741271972656, 3.215704321861267, 3.1461390256881714, 3.163143277168274, 3.0968436002731323, 3.094346523284912, 3.0814982652664185, 3.0399502515792847, 3.020822584629059, 3.0057164430618286, 2.9811179637908936, 2.9587162733078003, 2.9211344718933105, 2.909296989440918, 2.8765426874160767]",0.8769423800791429,0.5464247598719317,0.573562359970127,0.5217391304347826
