K,layers,hidden_channels,out_channels,norm,lr,treatment,dropout,ratio,seed,aggregation,model_type,batch_size,rate_pairs,reliable_mini_batch,clusters,accuracy,f1,recall,precision,losses
30,2,256,256,,0.0023597500811652346,relabeling,0,0.1699580133135615,654,mean,GCNConv,15,8,True,100,0.9336808819758995,0.8657439446366783,0.9339305711086227,0.8068365043534343,"[18.863107919692993, 18.405459761619568, 19.17811644077301, 18.586686611175537, 18.866341710090637, 17.756405115127563, 17.194367051124573, 16.886497139930725, 17.69810438156128, 17.264307379722595, 16.996859312057495, 17.67705273628235, 16.734249591827393, 16.253926038742065, 17.16810119152069, 18.58907461166382, 16.05462157726288, 17.351602435112, 15.803204655647278, 17.626424551010132, 15.15346074104309, 16.21729338169098, 15.731631398200989, 16.045278191566467, 15.017822027206421, 15.44038701057434, 14.464303612709045, 16.266058206558228, 13.752865076065063, 13.909357190132141, 14.178574442863464, 14.685939908027649, 13.516461968421936, 13.883278727531433, 15.475572943687439, 13.734739780426025, 13.978633999824524, 14.290273547172546, 14.270031809806824, 12.797128319740295, 12.942175149917603, 15.063440918922424, 12.353553295135498, 12.255798935890198, 14.218067049980164, 12.579088926315308, 12.618237376213074, 12.736260414123535, 12.606099605560303, 12.726727604866028]"
