alpha,K,layers,hidden_channels,out_channels,norm,dropout,margin,lpl_weight,ratio,seed,aggregation,pos_weight,accuracy,f1,recall,precision
0.5,43,2,256,256,,0,0.5,0.9864695881248808,0.13231206318772423,1,mean,1,0.9592342534826084,0.9090562440419447,0.8898842851810377,0.9290724863600935
0.5,43,2,256,256,,0,0.5,0.9864695881248808,0.13231206318772423,2,mean,1,0.9600888812921973,0.9108948673917191,0.8910041060097051,0.9316939890710383
0.5,43,2,256,256,,0,0.5,0.9864695881248808,0.13231206318772423,3,mean,1,0.9585505512349372,0.9073897269429062,0.8868980963045913,0.9288506645817045
0.5,43,2,256,256,,0,0.5,0.9864695881248808,0.13231206318772423,4,mean,1,0.9619690624732928,0.9147672859605439,0.8913773796192609,0.939417781274587
0.5,43,2,256,256,,0,0.5,0.9864695881248808,0.13231206318772423,5,mean,1,0.9619690624732928,0.9148325358851674,0.8921239268383725,0.9387274155538099
