K,layers,hidden_channels,out_channels,norm,lr,treatment,dropout,ratio,seed,aggregation,model_type,batch_size,rate_pairs,clusters,sampling,sampling_k,num_epochs,anomaly_detector,accuracy,f1,recall,precision,losses
2,2,128,128,,0.002976096617553224,removal,0,0.20995637987507096,654,mean,GCNConv,512,13,400,cluster,25,100,nearest_neighbors,0.9448765062815144,0.8779102782509938,0.8656215005599104,0.8905529953917051,"[23.49486541748047, 21.092741519212723, 20.13658294081688, 18.0717331469059, 16.81540298461914, 15.48739829659462, 14.221482902765274, 13.216879799962044, 12.15658862888813, 11.28454202413559, 10.282210737466812, 9.874305978417397, 9.149694874882698, 8.380579009652138, 7.897159859538078, 7.450480632483959, 6.840493947267532, 6.554874986410141, 6.112952508032322, 5.748939603567123, 5.314733646810055, 5.0079789608716965, 4.894143171608448, 4.516558486968279, 4.294273912906647, 4.1445687264204025, 3.879265807569027, 3.731165863573551, 3.5773832239210606, 3.305836196988821, 3.175641108304262, 2.9956207424402237, 2.8783456534147263, 2.7329162172973156, 2.602444414049387, 2.4696263037621975, 2.503681741654873, 2.3490987606346607, 2.265104629099369, 2.189189326018095, 2.0906718373298645, 1.9999326840043068, 1.88438449986279, 1.86907066591084, 1.8076126594096422, 1.7620075941085815, 1.6153358183801174, 1.5740970987826586, 1.5509530883282423, 1.4770428650081158, 1.4647423066198826, 1.376691972836852, 1.3375844098627567, 1.3125089947134256, 1.2703993078321218, 1.2063732296228409, 1.1542057916522026, 1.1231074426323175, 1.0912916231900454, 1.0706273149698973, 1.0395296588540077, 1.0280354600399733, 0.9752164799720049, 0.9516279883682728, 0.9231313057243824, 0.870122835971415, 0.8666982492431998, 0.8366581723093987, 0.8181016761809587, 0.8015193119645119, 0.7755832513794303, 0.7581529710441828, 0.7285222597420216, 0.7025581765919924, 0.6819255473092198, 0.6742675453424454, 0.6618032902479172, 0.6393937533721328, 0.6082434160634875, 0.6031547971069813, 0.6012332355603576, 0.5755930487066507, 0.5550922211259604, 0.5450780894607306, 0.534412195906043, 0.5209445664659142, 0.5101127186790109, 0.47729266341775656, 0.47451239731162786, 0.4578769439831376, 0.45637425361201167, 0.45102036371827126, 0.42914033867418766, 0.42573531344532967, 0.4129875125363469, 0.41263746935874224, 0.3938397499732673, 0.3878009053878486, 0.37456184485927224, 0.37308446411043406]"
