alpha,K,layers,hidden_channels,out_channels,norm,dropout,margin,lpl_weight,ratio,seed,aggregation,pos_weight,accuracy,f1,recall,precision
0.5,34,2,256,256,,0,0.5,0.9855089764772402,0.012915068154587095,1,mean,1,0.8955644816682334,0.7054001928640309,0.5460992907801419,0.9959155888359428
0.5,34,2,256,256,,0,0.5,0.9855089764772402,0.012915068154587095,2,mean,1,0.8944534655157679,0.7013301088270859,0.5412467338559164,0.9958791208791209
0.5,34,2,256,256,,0,0.5,0.9855089764772402,0.012915068154587095,3,mean,1,0.8949662422015212,0.7029248247522359,0.5427398282941396,0.9972565157750343
0.5,34,2,256,256,,0,0.5,0.9855089764772402,0.012915068154587095,4,mean,1,0.8954790188872745,0.7046607099734363,0.5446061963419186,0.9979480164158687
0.5,34,2,256,256,,0,0.5,0.9855089764772402,0.012915068154587095,5,mean,1,0.8956499444491923,0.7054282267792521,0.545726017170586,0.9972714870395635
