alpha,K,layers,hidden_channels,out_channels,norm,dropout,margin,lpl_weight,ratio,seed,aggregation,pos_weight,accuracy,f1,recall,precision
0.5,45,2,256,256,,0,0.5,0.9608753650267123,0.13903004597865065,1,mean,1,0.9584650884539783,0.90798939795532,0.8951101157148189,0.9212447176334998
0.5,45,2,256,256,,0,0.5,0.9608753650267123,0.13903004597865065,2,mean,1,0.961883599692334,0.9149504195270786,0.8954833893243748,0.9352826510721247
0.5,45,2,256,256,,0,0.5,0.9608753650267123,0.13903004597865065,3,mean,1,0.9560721305871293,0.9027987897125568,0.8910041060097051,0.914909927175163
0.5,45,2,256,256,,0,0.5,0.9608753650267123,0.13903004597865065,4,mean,1,0.9624818391590463,0.9165240540026621,0.8995893990294886,0.9341085271317829
0.5,45,2,256,256,,0,0.5,0.9608753650267123,0.13903004597865065,5,mean,1,0.9609435091017862,0.9129689582936583,0.8947368421052632,0.9319595645412131
