alpha,K,layers,hidden_channels,out_channels,norm,dropout,margin,lpl_weight,ratio,seed,aggregation,pos_weight,accuracy,f1,recall,precision
0.5,41,2,256,256,,0,0.5,0.4902918556249804,0.08717965676875963,1,mean,1,0.9453892829672678,0.8685455667558115,0.7879805897723031,0.967461044912924
0.5,41,2,256,256,,0,0.5,0.4902918556249804,0.08717965676875963,2,mean,1,0.9465002991197333,0.871405094494659,0.7917133258678611,0.9689355870260393
0.5,41,2,256,256,,0,0.5,0.4902918556249804,0.08717965676875963,3,mean,1,0.9470985385864455,0.8729735276010671,0.793952967525196,0.9694621695533272
0.5,41,2,256,256,,0,0.5,0.4902918556249804,0.08717965676875963,4,mean,1,0.9509443637295958,0.8827614379084967,0.8066442702500933,0.9747406405051872
0.5,41,2,256,256,,0,0.5,0.4902918556249804,0.08717965676875963,5,mean,1,0.9454747457482267,0.8683450268262485,0.7853676745054124,0.9709275496077526
