K,layers,hidden_channels,out_channels,norm,lr,treatment,dropout,ratio,seed,aggregation,model_type,batch_size,rate_pairs,clusters,sampling,sampling_k,num_epochs,anomaly_detector,accuracy,f1,recall,precision,losses
5,1,128,256,,0.01,removal,0,0.18,654,mean,GATConv,256,1,100,neighbor,25,100,nearest_neighbors,0.8710366635330313,0.7030112182641213,0.6666666666666666,0.7435470441298918,"[48.060980439186096, 36.566679418087006, 27.84658056497574, 20.24262645840645, 15.309416055679321, 12.011345729231834, 9.815402090549469, 7.98939548432827, 6.9034618511796, 6.259760446846485, 5.125148758292198, 4.436843805015087, 3.99816033244133, 3.550760440528393, 3.081728108227253, 2.7620155476033688, 2.4738322347402573, 2.3101091906428337, 2.096713360399008, 1.884233497083187, 1.707671657204628, 1.5503047443926334, 1.4213480148464441, 1.2849772330373526, 1.1822732109576464, 1.0986197087913752, 1.0104846227914095, 0.9338220451027155, 0.8729426879435778, 0.8193039502948523, 0.7675322033464909, 0.7227449733763933, 0.6815373608842492, 0.6487696683034301, 0.615095216780901, 0.5873294668272138, 0.5537261748686433, 0.5282854354009032, 0.5048420820385218, 0.4787114439532161, 0.4565309314057231, 0.4369379309937358, 0.4187206830829382, 0.401022519916296, 0.3826613021083176, 0.3674351400695741, 0.3542498364113271, 0.33790980791673064, 0.32518309773877263, 0.313011861871928, 0.2999715539626777, 0.28850824665278196, 0.2762821977958083, 0.2669991343282163, 0.2571574109606445, 0.2472856887616217, 0.24004268227145076, 0.22882524970918894, 0.22336759278550744, 0.21505235088989139, 0.20835925685241818, 0.20056541124358773, 0.19246147433295846, 0.18748271651566029, 0.1808863531332463, 0.17495238315314054, 0.1683477507904172, 0.1634962202515453, 0.15891678794287145, 0.15334062417969108, 0.1490338754374534, 0.1444459327030927, 0.13928519026376307, 0.1357270774897188, 0.13069500518031418, 0.12736107618547976, 0.12374386820010841, 0.12034356943331659, 0.1165964740794152, 0.11249233526177704, 0.10937184235081077, 0.1060007750056684, 0.10360033018514514, 0.10004688217304647, 0.09743103210348636, 0.0947997528128326, 0.09178385930135846, 0.08916423155460507, 0.08649564860388637, 0.08424880378879607, 0.08213523286394775, 0.07985118799842894, 0.07745560526382178, 0.07561531208921224, 0.07346408418379724, 0.07151645689737052, 0.06941655976697803, 0.06758746178820729, 0.06580988387577236, 0.06403633090667427]"
