alpha,K,layers,hidden_channels,out_channels,norm,dropout,margin,lpl_weight,ratio,seed,aggregation,pos_weight,accuracy,f1,recall,precision
0.5,31,1,256,128,,0.2814584579041485,0.5,0.2424463253992301,0.054217789667593996,1,mean,1,0.9265874711563115,0.8106678421864668,0.6864501679731243,0.9897739504843919
0.5,31,1,256,128,,0.2814584579041485,0.5,0.2424463253992301,0.054217789667593996,2,mean,1,0.9253909922228869,0.8073273008165968,0.6827174318775663,0.9875809935205183
0.5,31,1,256,128,,0.2814584579041485,0.5,0.2424463253992301,0.054217789667593996,3,mean,1,0.9255619177848047,0.8083608360836083,0.6857036207540127,0.9844587352625938
0.5,31,1,256,128,,0.2814584579041485,0.5,0.2424463253992301,0.054217789667593996,4,mean,1,0.9252200666609691,0.8072262612910333,0.6838372527062336,0.9849462365591398
0.5,31,1,256,128,,0.2814584579041485,0.5,0.2424463253992301,0.054217789667593996,5,mean,1,0.9236817366037091,0.8030002206044562,0.679357969391564,0.9816612729234089
