alpha,K,layers,hidden_channels,out_channels,norm,dropout,margin,lpl_weight,ratio,seed,aggregation,pos_weight,accuracy,f1,recall,precision
0.5,27,1,256,256,,0,0.5,0.2448345603885465,0.16189102036824626,1,mean,1,0.955473891120417,0.9032856877668461,0.9081746920492721,0.8984490398818316
0.5,27,1,256,256,,0,0.5,0.2448345603885465,0.16189102036824626,2,mean,1,0.9549611144346637,0.9022444815433129,0.9078014184397163,0.8967551622418879
0.5,27,1,256,256,,0,0.5,0.2448345603885465,0.16189102036824626,3,mean,1,0.953080933253568,0.8993952721275426,0.916013437849944,0.8833693304535637
0.5,27,1,256,256,,0,0.5,0.2448345603885465,0.16189102036824626,4,mean,1,0.9589778651397316,0.9108800594132938,0.9156401642403882,0.9061691909863318
0.5,27,1,256,256,,0,0.5,0.2448345603885465,0.16189102036824626,5,mean,1,0.957866848987266,0.907970879223446,0.9078014184397163,0.9081404032860344
