alpha,K,layers,hidden_channels,out_channels,norm,dropout,margin,lpl_weight,ratio,seed,aggregation,pos_weight,accuracy,f1,recall,precision
0.10175443273478207,29,2,128,64,,0.10613932156047395,0.5031775624694288,0.5763015787659878,0.19588872533146073,1,mean,1,0.9180411930604222,0.8414613985782774,0.9499813363195222,0.755192878338279
0.10175443273478207,29,2,128,64,,0.10613932156047395,0.5031775624694288,0.5763015787659878,0.19588872533146073,2,mean,1,0.9156482351935732,0.8368325343031906,0.944755505785741,0.7510385756676558
0.10175443273478207,29,2,128,64,,0.10613932156047395,0.5031775624694288,0.5763015787659878,0.19588872533146073,3,mean,1,0.9170156396889155,0.8394775996032402,0.9477416946621874,0.7534124629080119
0.10175443273478207,29,2,128,64,,0.10613932156047395,0.5031775624694288,0.5763015787659878,0.19588872533146073,4,mean,1,0.9176993419365866,0.840800132253265,0.9492347891004106,0.7545994065281899
0.10175443273478207,29,2,128,64,,0.10613932156047395,0.5031775624694288,0.5763015787659878,0.19588872533146073,5,mean,1,0.9180411930604222,0.8414613985782774,0.9499813363195222,0.755192878338279
