alpha,K,layers,hidden_channels,out_channels,norm,dropout,margin,lpl_weight,ratio,seed,aggregation,pos_weight,accuracy,f1,recall,precision
0.5,25,1,256,256,,0,0.5,0.4838937863190068,0.40262547084966804,1,mean,1,0.9193231347748055,0.8448899112717713,0.9596864501679732,0.754622835339008
0.5,25,1,256,256,,0,0.5,0.4838937863190068,0.40262547084966804,2,mean,1,0.916588325784121,0.8407830342577488,0.961926091825308,0.746740075340481
0.5,25,1,256,256,,0,0.5,0.4838937863190068,0.40262547084966804,3,mean,1,0.9223143321083668,0.8499752434395115,0.9611795446061964,0.7618343195266272
0.5,25,1,256,256,,0,0.5,0.4838937863190068,0.40262547084966804,4,mean,1,0.9238526621656269,0.8518210543821719,0.955953714072415,0.7681463707258548
0.5,25,1,256,256,,0,0.5,0.4838937863190068,0.40262547084966804,5,mean,1,0.922143406546449,0.8494961176276227,0.9596864501679732,0.7620035566093657
