K,layers,hidden_channels,out_channels,norm,lr,treatment,dropout,ratio,seed,aggregation,model_type,batch_size,rate_pairs,clusters,sampling,num_epochs,anomaly_detector,accuracy,f1,recall,precision,losses,test_accuracy,test_f1,test_recall,test_precision
21,3,256,128,,0.005,removal,0,0.27043361236823543,654,mean,GCNConv,4096,10,50,sage,100,nearest_neighbors,nan,0.0,0.0,0.0,"[6.642212390899658, 7.021853923797607, 6.8293373584747314, 6.667255878448486, 6.717570543289185, 6.555753469467163, 6.64363431930542, 6.660507678985596, 6.614801406860352, 6.542748928070068, 6.339510917663574, 6.372266530990601, 6.417158603668213, 6.306671977043152, 6.250500202178955, 6.283168077468872, 6.241873264312744, 6.125319600105286, 6.071924686431885, 6.151780128479004, 6.077270984649658, 5.9984050989151, 5.92514431476593, 5.980087995529175, 5.905495882034302, 5.773516654968262, 5.857345700263977, 5.802887558937073, 5.729493737220764, 5.83909547328949, 5.695398926734924, 5.703191876411438, 5.599008798599243, 5.591486930847168, 5.557855606079102, 5.469729661941528, 5.587806463241577, 5.567186594009399, 5.406108736991882, 5.424358248710632, 5.298789978027344, 5.340395092964172, 5.372628450393677, 5.278630256652832, 5.287924528121948, 5.179159045219421, 5.205193042755127, 5.160167455673218, 5.197413086891174, 5.073428273200989, 5.1353349685668945, 5.118782997131348, 5.052820444107056, 5.019553065299988, 4.982787013053894, 4.931091070175171, 4.839903950691223, 4.889139533042908, 4.9122560024261475, 4.803090333938599, 4.805428862571716, 4.893547058105469, 4.7751264572143555, 4.688203811645508, 4.696784019470215, 4.695617198944092, 4.664275765419006, 4.656620502471924, 4.598764777183533, 4.612785458564758, 4.553020000457764, 4.516972541809082, 4.5500829219818115, 4.509148120880127, 4.502930402755737, 4.423127293586731, 4.445074796676636, 4.3919243812561035, 4.4034751653671265, 4.336918234825134, 4.312227845191956, 4.3037742376327515, 4.272933840751648, 4.210482954978943, 4.227554082870483, 4.211949944496155, 4.169252038002014, 4.13130795955658, 4.107683897018433, 4.107982873916626, 4.054107666015625, 4.039456486701965, 4.048109650611877, 4.012278914451599, 3.9804214239120483, 3.9200055599212646, 3.936939835548401, 3.9126118421554565, 3.883867025375366, 3.8305628299713135]",0.9272271016311167,0.7595663265306123,0.8894697535474234,0.662771285475793
