alpha,K,layers,hidden_channels,out_channels,norm,dropout,margin,lpl_weight,ratio,seed,aggregation,pos_weight,accuracy,f1,recall,precision
0.5,28,2,256,256,,0,0.5,0.3334620955149714,0.10926455182070413,1,mean,1,0.954704726091787,0.8951740506329114,0.8447181784247854,0.9520403870424905
0.5,28,2,256,256,,0,0.5,0.3334620955149714,0.10926455182070413,2,mean,1,0.9565849072728827,0.8996840442338072,0.8503172825681224,0.9551362683438155
0.5,28,2,256,256,,0,0.5,0.3334620955149714,0.10926455182070413,3,mean,1,0.9549611144346637,0.8964433090980546,0.8514371033967898,0.9464730290456431
0.5,28,2,256,256,,0,0.5,0.3334620955149714,0.10926455182070413,4,mean,1,0.9596615673874028,0.9071597167584579,0.8607689436356849,0.9588357588357589
0.5,28,2,256,256,,0,0.5,0.3334620955149714,0.10926455182070413,5,mean,1,0.9540210238441159,0.8929140127388535,0.8372527062336693,0.956503198294243
