alpha,K,layers,hidden_channels,out_channels,norm,dropout,margin,lpl_weight,ratio,seed,aggregation,pos_weight,accuracy,f1,recall,precision
0.5,29,1,256,256,,0,0.5,0.6498324969404055,0.12706868114882666,1,mean,1,0.9568412956157594,0.9019988356297303,0.8674878686076894,0.9393694421988682
0.5,29,1,256,256,,0,0.5,0.6498324969404055,0.12706868114882666,2,mean,1,0.9582087001111016,0.9056166763173132,0.8756998880179171,0.9376498800959233
0.5,29,1,256,256,,0,0.5,0.6498324969404055,0.12706868114882666,3,mean,1,0.9603452696350739,0.9102167182662538,0.8779395296752519,0.9449578143832864
0.5,29,1,256,256,,0,0.5,0.6498324969404055,0.12706868114882666,4,mean,1,0.960259806854115,0.9098662531498353,0.876073161627473,0.9463709677419355
0.5,29,1,256,256,,0,0.5,0.6498324969404055,0.12706868114882666,5,mean,1,0.9600888812921973,0.9096537047784872,0.8775662560656962,0.9441767068273093
