alpha,K,layers,hidden_channels,out_channels,norm,dropout,margin,lpl_weight,ratio,seed,aggregation,pos_weight,accuracy,f1,recall,precision
0.7951892960054192,28,2,128,128,layernorm,0.30941143645876645,0.6553717394505225,0.5073836592848766,0.2907919647306121,1,mean,1,0.9157336979745321,0.8389941214892227,0.9589399029488616,0.7457184325108853
0.7951892960054192,28,2,128,128,layernorm,0.30941143645876645,0.6553717394505225,0.5073836592848766,0.2907919647306121,2,mean,1,0.9164174002222032,0.8388797364085667,0.950354609929078,0.7508109702152758
0.7951892960054192,28,2,128,128,layernorm,0.30941143645876645,0.6553717394505225,0.5073836592848766,0.2907919647306121,3,mean,1,0.9133407401076831,0.834584013050571,0.9548338932437477,0.7412344248044045
0.7951892960054192,28,2,128,128,layernorm,0.30941143645876645,0.6553717394505225,0.5073836592848766,0.2907919647306121,4,mean,1,0.9176138791556278,0.8412384716732543,0.9533407988055245,0.7527262010020631
0.7951892960054192,28,2,128,128,layernorm,0.30941143645876645,0.6553717394505225,0.5073836592848766,0.2907919647306121,5,mean,1,0.9163319374412443,0.8390067423121197,0.952220977976857,0.7498530276308054
