alpha,K,layers,hidden_channels,out_channels,norm,dropout,margin,lpl_weight,ratio,seed,aggregation,pos_weight,accuracy,f1,recall,precision
0.21412920452847894,33,1,64,64,,0.3691499637281893,0.5766567041941985,0.21510877297185393,0.21470880369483636,1,sum,1,0.9258183061276813,0.8430379746835444,0.8701007838745801,0.8176078568923185
0.21412920452847894,33,1,64,64,,0.3691499637281893,0.5766567041941985,0.21510877297185393,0.21470880369483636,2,sum,1,0.9242799760704213,0.8403028118240807,0.8701007838745801,0.8124782154060648
0.21412920452847894,33,1,64,64,,0.3691499637281893,0.5766567041941985,0.21510877297185393,0.21470880369483636,3,sum,1,0.9211178531749423,0.8353256021409455,0.8738335199701381,0.8000683526999316
0.21412920452847894,33,1,64,64,,0.3691499637281893,0.5766567041941985,0.21510877297185393,0.21470880369483636,4,sum,1,0.9278694128706948,0.8473227206946454,0.8742067935796939,0.8220428220428221
0.21412920452847894,33,1,64,64,,0.3691499637281893,0.5766567041941985,0.21510877297185393,0.21470880369483636,5,sum,1,0.9200922998034357,0.8328267477203647,0.8693542366554684,0.799245024021963
