alpha,K,layers,hidden_channels,out_channels,norm,dropout,margin,lpl_weight,ratio,seed,aggregation,pos_weight,accuracy,f1,recall,precision
0.5,34,2,256,128,,0,0.5,0.8265352608525678,0.1982457627341727,1,sum,1,0.9274420989659004,0.8497611042293399,0.8962299365434864,0.8078734858681023
0.5,34,2,256,128,,0,0.5,0.8265352608525678,0.1982457627341727,2,sum,1,0.9272711734039826,0.8491402233646517,0.8939902948861516,0.8085752869682646
0.5,34,2,256,128,,0,0.5,0.8265352608525678,0.1982457627341727,3,sum,1,0.924536364413298,0.8453319320371343,0.900709219858156,0.7963696369636963
0.5,34,2,256,128,,0,0.5,0.8265352608525678,0.1982457627341727,4,sum,1,0.9271857106230237,0.8503162333099087,0.9033221351250467,0.8031861931629605
0.5,34,2,256,128,,0,0.5,0.8265352608525678,0.1982457627341727,5,sum,1,0.9265874711563115,0.8480990274093723,0.8951101157148189,0.8057795698924731
