alpha,K,layers,hidden_channels,out_channels,norm,dropout,margin,lpl_weight,ratio,seed,aggregation,pos_weight,accuracy,f1,recall,precision
0.5,28,1,256,128,,0,0.5,0.6146588883082879,0.2776032064114161,1,mean,1,0.9394068883001453,0.8768027801911381,0.9417693169092946,0.820221066319896
0.5,28,1,256,128,,0,0.5,0.6146588883082879,0.2776032064114161,2,mean,1,0.9377830954619263,0.8736549809094064,0.9395296752519597,0.8164125851443399
0.5,28,1,256,128,,0,0.5,0.6146588883082879,0.2776032064114161,3,mean,1,0.9363302281856252,0.870502346601773,0.9346771183277343,0.8145738451528952
0.5,28,1,256,128,,0,0.5,0.6146588883082879,0.2776032064114161,4,mean,1,0.9435091017861721,0.8838108630690806,0.9384098544232923,0.8352159468438538
0.5,28,1,256,128,,0,0.5,0.6146588883082879,0.2776032064114161,5,mean,1,0.9409452183574053,0.8792169201188603,0.938783128032848,0.826758711374096
