alpha,K,layers,hidden_channels,out_channels,norm,dropout,margin,lpl_weight,ratio,seed,aggregation,pos_weight,accuracy,f1,recall,precision
0.5,45,2,256,256,,0,0.5,0.9978192254686209,0.17378121098859883,1,mean,1,0.9542774121869926,0.9021759005302614,0.9208659947741694,0.8842293906810036
0.5,45,2,256,256,,0,0.5,0.9978192254686209,0.17378121098859883,2,mean,1,0.9548756516537048,0.9030124908155768,0.9175065322881673,0.8889692585895117
0.5,45,2,256,256,,0,0.5,0.9978192254686209,0.17378121098859883,3,mean,1,0.9535082471583626,0.900693683826214,0.9208659947741694,0.8813862093604858
0.5,45,2,256,256,,0,0.5,0.9978192254686209,0.17378121098859883,4,mean,1,0.956328518930006,0.9062901155327343,0.9223590892123927,0.8907714491708724
0.5,45,2,256,256,,0,0.5,0.9978192254686209,0.17378121098859883,5,mean,1,0.957097683958636,0.9082602339181286,0.927584919746174,0.8897243107769424
