alpha,K,layers,hidden_channels,out_channels,norm,dropout,margin,lpl_weight,ratio,seed,aggregation,pos_weight,accuracy,f1,recall,precision
0.5,36,2,256,256,,0,0.5,0.5379923702620704,0.17734551301048984,1,mean,1,0.924536364413298,0.8492402253713505,0.9283314669652856,0.7825676526117055
0.5,36,2,256,256,,0,0.5,0.5379923702620704,0.17734551301048984,2,mean,1,0.9185539697461755,0.8372887143588869,0.9152668906308324,0.7715544367526747
0.5,36,2,256,256,,0,0.5,0.5379923702620704,0.17734551301048984,3,mean,1,0.924536364413298,0.8492402253713505,0.9283314669652856,0.7825676526117055
0.5,36,2,256,256,,0,0.5,0.5379923702620704,0.17734551301048984,4,mean,1,0.9226561832322023,0.8454840361960048,0.9242254572601717,0.7791063561988673
0.5,36,2,256,256,,0,0.5,0.5379923702620704,0.17734551301048984,5,mean,1,0.9204341509272712,0.8410449035342326,0.9193729003359462,0.7750157331655129
